CÔNG TY TNHH GARAGE VẬN TẢI ĐẠI THÀNH CÔNG,913795978,,
,,,
CÔNG TY TNHH THƯƠNG MẠI GỖ HOÀNG NAM PHÁT,983590921,,
,,,
CÔNG TY TNHH GẠCH MEN TRUNG VŨ,987931805,,
,,,
CÔNG TY TNHH THƯƠNG MẠI DỊCH VỤ CORES,775124526,,
,,,
CÔNG TY TNHH KỸ THUẬT XÂY DỰNG & CƠ ĐIỆN LẠNH LONG GIANG,902414170,,
,,,
CÔNG TY TNHH ĐẠI LÝ NHẬT KHOA,932222440,,
,,,
CÔNG TY TNHH THƯƠNG MẠI ĐẮC VINH,386244261,,
,,,
CÔNG TY TNHH KIỆT PHONG BÙI,977086963,,
,,,
CÔNG TY TNHH XÂY DỰNG VÀ TM THIÊN LAM,349195113,,
,,,
CÔNG TY CỔ PHẦN LIÊN KẾT QUỐC TẾ,2.51E+20,,
,,,
CÔNG TY TNHH THANH VIÊN PHÁT,847532085,,
,,,
CÔNG TY TNHH TM DV NHẬT LAN,982980733,,
,,,
CÔNG TY TNHH VIETNAM ELITE MACHINERY,357574055,,
,,,
CÔNG TY TNHH THƯƠNG MẠI - DỊCH VỤ - SẢN XUẤT VÀ CUNG ỨNG VẬT TƯ ĐIỆN LẠNH BẢO NGỌC,986219148,,
,,,
CÔNG TY TNHH THƯƠNG MẠI DỊCH VỤ THÉP HÙNG ANH PHÁT,356216703,,
,,,
CÔNG TY TNHH BÁCH HOÁ KIM CHÂU,777660887,,
,,,
CÔNG TY TNHH LƯU THÀNH PHÁT RICE,349682180,,
,,,
CÔNG TY TNHH FRESH EGGS,911455288,,
,,,
CÔNG TY TNHH THƯƠNG MẠI DỊCH VỤ NAM LONG VIỆT,918834342,,
,,,
CÔNG TY TNHH TM TÂM NGỌC NHI,968214179,,
,,,
CÔNG TY TNHH MTV THƯƠNG MẠI DỊCH VỤ QUỲNH NHƯ,986572393,,
,,,
CÔNG TY TNHH SẢN XUẤT MAI HƯƠNG PHÁT,962300113,,
,,,
CÔNG TY TNHH SẢN XUẤT THƯƠNG MẠI XUẤT NHẬP KHẨU AN THÁI,981877851,,
,,,
CÔNG TY TNHH THƯƠNG MẠI VÀ DỊCH VỤ LAN ANH HẢI PHÁT,904591852,,
,,,
CÔNG TY TNHH ZHI ZHU,836150999,,
,,,
CÔNG TY TNHH THƯƠNG MẠI DỊCH VỤ T.M.T COSMETICA,582273381,,
,,,
CÔNG TY TNHH SÀI GÒN LÂM YẾN,943548345,,
,,,
TRƯỜNG MẦM NON THẾ GIỚI ÁNH DƯƠNG,,,
HỘI CỰU THANH NIÊN XUNG PHONG TỈNH ĐỒNG NAI,2513943512,,
,,,
CÔNG TY CỔ PHẦN ĐẦU TƯ DOVINA ĐỒNG NAI,919933358,,
,,,
CÔNG TY TNHH PHAN TUYỀN PHONG,936400455,,
,,,
CÔNG TY TNHH HÀ HON,985412881,,
,,,
CÔNG TY TNHH THƯƠNG MẠI THIẾT BỊ TỔNG HỢP HƯNG THỊNH,906783325,,
,,,
CÔNG TY TNHH ĐẦU TƯ VÀ PHÁT TRIỂN CHĂN NUÔI V.P VIỆT NAM,779822855,,
,,,
CÔNG TY TNHH THƯƠNG MẠI TRƯƠNG KIM TRƯƠNG,907824189,,
,,,
CÔNG TY TNHH SCM LK,909577187,,
,,,
CÔNG TY TNHH SẢN XUẤT THƯƠNG MẠI GẠCH THIÊN THÀNH,981298899,,
,,,
CÔNG TY TNHH PT TM DV ANH PHÁT,964556669,,
,,,
CÔNG TY TNHH DỊCH VỤ VẬN TẢI GIANG PHƯƠNG VỸ,933743387,,
,,,
CÔNG TY TNHH THƯƠNG MẠI DỊCH VỤ MINH ĐỒNG AN PHÁT,888156158,,
,,,
CÔNG TY TNHH TRUNG TÂM KỸ NĂNG XOGO,946255339,,
,,,
CÔNG TY TNHH AN NHẤT HY,916337122,,
,,,
CÔNG TY TNHH TIẾT Ú BAKERY,912345025,,
,,,
CÔNG TY TNHH MTV THƯƠNG MẠI DỊCH VỤ CHÂU KIM PHÁT,938834505,,
,,,
CÔNG TY TNHH MỘT THÀNH VIÊN XUẤT NHẬP KHẨU A MY LỘC PHÁT,334286864,,
,,,
CÔNG TY TNHH S-CONSUMER,969249345,,
,,,
CÔNG TY TNHH BẢO NAM TÂN PHÚ,913834056,,
,,,
CÔNG TY TNHH MIMALA,898879797,,
,,,
CÔNG TY TNHH VĨNH HƯNG ĐỒNG NAI,914618840,,
,,,
CÔNG TY TNHH GẠCH MEN TRUNG NGUYÊN,975506505,,
,,,
CÔNG TY TNHH THƯƠNG MẠI DỊCH VỤ SẢN XUẤT HUY HOÀNG NAM,395368246,,
,,,
CÔNG TY TNHH TMDV HOÀNG NAM DƯƠNG,382277044,,
,,,
CÔNG TY TNHH ÂN TRUNG NHÂN,915225279,,
,,,
CÔNG TY TNHH THƯƠNG MẠI SẢN XUẤT HOÀI PHÁT,948258608,,
,,,
CÔNG TY TNHH LABO HƯNG PHÁT,352585254,,
,,,
CÔNG TY TNHH THƯƠNG MẠI DỊCH VỤ XÂY DỰNG GIA ĐẠI PHÁT,938414034,,
,,,
CÔNG TY TNHH KINH DOANH THƯƠNG MẠI VẬN TẢI VÀ VLXD THIÊN ĐẠI PHÁT,869977994,,
,,,
CÔNG TY TNHH MTV TIẾN HÀ,383966245,,
,,,
CÔNG TY TNHH SX TM DV ĐỨC THÀNH PHÁT,931737730,,
,,,
CÔNG TY TNHH CƠ KHÍ LƯU GIA BẢO,398700987,,
,,,
CÔNG TY TNHH PHÂN PHỐI THỰC PHẨM MINH VY,938869264,,
,,,
CÔNG TY TNHH XÂY DỰNG VÀ CƠ GIỚI MIỀN ĐÔNG,973066750,,
,,,
CÔNG TY TNHH DỊCH VỤ CHUYỂN PHÁT TAPAO,962353270,,
,,,
CÔNG TY TNHH MOSAIC MEDIA,969427639,,
,,,
CÔNG TY TNHH QUẢNG CÁO THIẾT KẾ ANH ĐOÀN,868942766,,
,,,
CÔNG TY TNHH XÂY DỰNG CÔNG TRÌNH & SAN LẤP MĂT BẰNG HOÀNG YẾN NHƯ Ý,707993603,,
,,,
CÔNG TY TNHH NHA KHOA MINH KHÔI,379511449,,
,,,
CÔNG TY TNHH VLXD & TTNT TIẾN LÊN,972247926,,
,,,
CÔNG TY TNHH HÀ THỊNH PHÁT PLASTIC,935248838,,
,,,
CÔNG TY TNHH TM DV HIỆP VINH,908374708,,
,,,
CÔNG TY TNHH THƯƠNG MẠI MAY MẶC THỦY TIÊN,965664039,,
,,,
CÔNG TY TNHH BẤM ỐNG THỦY LỰC HOÀNG LINH ĐẠI PHÁT,938315682,,
,,,
CÔNG TY TNHH DVTM THIẾT BỊ ĐIỆN HOÀNG QUÂN,907123790,,
,,,
CÔNG TY TNHH THÀNH THẢO FARM,962005200,,
,,,
CÔNG TY CP DỊCH VỤ THỂ THAO PICKLECHIP,842444888,,
,,,
CÔNG TY TNHH THƯƠNG MẠI NGỌC ĐIỆP AGIA,926430430,,
,,,
CÔNG TY TNHH MỘT THÀNH VIÊN LAN ĐƯỜNG,915751545,,
,,,
CÔNG TY TNHH HÒA GIA HUY,909925360,,
,,,
CÔNG TY TNHH NGỌC PHỤNG PHÁT,916338676,,
,,,
CÔNG TY TNHH THƯƠNG MẠI MTV GIÁNG HƯƠNG,975400654,,
,,,
CÔNG TY TNHH MTV NƯỚC GIẢI KHÁT VÀ TẠP HÓA HOÀNG ANH,963256428,,
,,,
CÔNG TY TNHH GỖ THÀNH ĐẠI PHÁT,975206573,,
,,,
CÔNG TY TNHH THƯƠNG MẠI BULLSEYE,967680162,,
,,,
CÔNG TY TNHH NAM XANH VIỆT,968739439,,
,,,
CÔNG TY TNHH THƯƠNG MẠI KỸ THUẬT STB,939770001,,
,,,
CÔNG TY TNHH VIỄN THÔNG HOÀI THU,976719135,,
,,,
CÔNG TY TNHH KỸ THUẬT MỎ MIỀN NAM,902799345,,
,,,
CÔNG TY TNHH VIỆT NAM SHINKO,916998759,,
,,,
CÔNG TY TNHH DỊCH VỤ VIỄN THÔNG THẢO NGỌC,977227752,,
,,,
CÔNG TY TNHH HỨA HOÀNG PHÁT,902913848,,
,,,
CÔNG TY TNHH NGHIỆM ƯU HÁN PHÁT,876072283,,
,,,
CÔNG TY TNHH DỊCH VỤ XÂY DỰNG ANH DŨNG,943864353,,
,,,
CÔNG TY TNHH TMDV THIẾT KẾ XÂY DỰNG PHÚC AN,859582234,,
,,,
CÔNG TY TNHH SẢN XUẤT DVTM LAN THẢO,982716935,,
,,,
CÔNG TY TNHH ĐẶNG VĂN PHÚC,826114115,,
,,,
CÔNG TY TNHH TƯ VẤN VÀ THƯƠNG MẠI GIẢI PHÁP XÂY DỰNG ANH KHÔI,84922233868,,
,,,
CÔNG TY TNHH CÁNH ĐỒNG XANH LOGISTICS,335155431,,
,,,
CÔNG TY TNHH TẠP HÓA MAI LINH,976389197,,
,,,
CÔNG TY TNHH TM DV XD AN THỊNH PHÁT,908848876,,
,,,
CÔNG TY TNHH LAN NGHỀ,902109306,,
,,,
CÔNG TY TNHH GATE FURNITURE,388641299,,
,,,
CÔNG TY TNHH THANH PHƯƠNG SPA & NAIL,933446216,,
,,,
CÔNG TY TNHH THƯƠNG MẠI DỊCH VỤ ĐỖ KHẮC NHÂN,933070089,,
,,,
CÔNG TY TNHH SẢN XUẤT THƯƠNG MẠI KIM NHẬT PHƯỚC,931658839,,
,,,
CÔNG TY TRÁCH NHIỆM HỮU HẠN MỘT THÀNH VIÊN THIẾT BỊ ĐIỆN LỰC PHÁT,964239969,,
,,,
CÔNG TY TNHH MỘT THÀNH VIÊN THƯƠNG MẠI Ý AN KHANG,907666661,,
,,,
CÔNG TY TNHH MỘT THÀNH VIÊN VẬT LIỆU XÂY DỰNG VÀ TRANG TRÍ NỘI THẤT ĐỨC MINH PHÁT,933504877,,
,,,
CÔNG TY TNHH THƯƠNG MẠI DỊCH VỤ CƠ KHÍ XÂY DỰNG NHẬT DUY,943141728,,
,,,
CÔNG TY TNHH THANH MINH HUYỀN,907926486,,
,,,
CÔNG TY TNHH ĐIỆN TỬ RESUN,965132886,,
,,,
CÔNG TY CỔ PHẦN KHANG VIỆT GROUP,931999594,,
,,,
CÔNG TY TNHH NPP HẢI YẾN,389969120,,
,,,
CÔNG TY TNHH MTV VẬN TẢI NAM MY,918620962,,
,,,
CÔNG TY TNHH QUẢNG CÁO TƯ DUY,337777619,,
,,,
CÔNG TY TNHH XÂY DỰNG NHÀ SÀI GÒN LONG THÀNH,905299077,,
,,,
CÔNG TY TNHH LÝ KHIÊM PHÁT,779000755,,
,,,
CÔNG TY TNHH THIÊN MỸ FOODS,984733789,,
,,,
CÔNG TY TNHH NGỌC QUÂN FOOD & BEVERAGE,983942836,,
,,,
CÔNG TY TNHH CAO PHẨM HÓA LỘC,876072284,,
,,,
CÔNG TY TNHH TƯ VẤN KỸ THUẬT VÀ GIẢI PHÁP XÂY DỰNG PDN,2518601268,,
,,,
CÔNG TY TNHH TRÀ CHANH CƠM CHÁY,817620999,,
,,,
CÔNG TY TNHH MTV ĐỈNH PHONG,949103331,,
,,,
CÔNG TY TNHH GIẢI PHÁP NHÔM KÍNH AUSTRALIA,988897794,,
,,,
CÔNG TY TNHH MTV HỮU MỸ,963831060,,
,,,
CÔNG TY TNHH THỤY ĐỨC PHONG,334640554,,
,,,
CÔNG TY TNHH TM CƠ KHÍ XD ĐẠI THÀNH,914756568,,
,,,
CÔNG TY TNHH THƯƠNG MẠI DỊCH VỤ SẢN XUẤT SỐNG XANH,937973792,,
,,,
CÔNG TY TNHH MTV TM&DV SĂM LỐP BANKOS,946790079,,
,,,
CÔNG TY TNHH XD-TM HÙNG NHÂN CONS,909776474,,
,,,
HỢP TÁC XÃ LONG TIẾN PHÁT,798413036,,
,,,
CÔNG TY TNHH PHÂN PHỐI TIÊU DÙNG VĨNH LỘC PHÁT,911495455,,
,,,
CÔNG TY TNHH NGUYỄN LẬP T&L,933101440,,
,,,
CÔNG TY TNHH THƯƠNG MẠI DỊCH VỤ SỬA CHỮA Ô TÔ BẢO ANH,908484057,,
,,,
CÔNG TY LUẬT TNHH MTV HOÀNG DŨNG,943297282,,
,,,
CÔNG TY TNHH MTV PHÂN PHỐI MINH ANH,932142580,,
,,,
CÔNG TY TNHH IN NHANH KTS THANH HẢI,367916917,,
,,,
DOANH NGHIỆP TƯ NHÂN DỊCH VỤ ĐÓNG GÓI HOÀNG HUY,794568947,,
,,,
CÔNG TY TNHH CÔNG NGHỆ SỐ VIETLINK,363909999,,
,,,
BAN QUẢN LÝ KHU KINH TẾ,,,
CÔNG TY TNHH KHANG MY ANH,946583227,,
,,,
SỞ NGOẠI VỤ,,,
CÔNG TY TNHH THƯƠNG MẠI DỊCH VỤ HIẾU MINH PHÁT,907347678,,
,,,
CÔNG TY TNHH VẬT LIỆU XÂY DỰNG VÀ TRANG TRÍ NỘI THẤT VẠN THÀNH PHÁT,862572192,,
,,,
CÔNG TY TNHH HOA TƯƠI SỰ KIỆN TAD,795673303,,
,,,
CÔNG TY TNHH OSKA TOÀN CẦU,964830247,,
,,,
CÔNG TY TNHH THƯƠNG MẠI DỊCH VỤ KỸ THUẬT QUỲNH PHÁT,962637455,,
,,,
CÔNG TY TNHH THƯƠNG MẠI DỊCH VỤ TÂN THÀNH AGRI,967277564,,
,,,
CÔNG TY TNHH THẾ NỮ,989066600,,
,,,
CÔNG TY TNHH MTV NGUYÊN MINH ANH,906392639,,
,,,
CÔNG TY TNHH LAM ĐẠI ANH,915314139,,
,,,
CÔNG TY TNHH CÔNG NGHIỆP ZET MEGA,13923724936,,
,,,
CÔNG TY TNHH TMDV ĐIỆN MÁY HỒNG ĐỨC,944734880,,
,,,
CÔNG TY TNHH NHƯ VUI GIA ÂN,348961903,,
,,,
CÔNG TY TNHH TRUONG GIANG ENTERTAINIMENT,792778603,,
,,,
CÔNG TY TNHH MTV CÁCH NHIỆT PHÁT ĐẠT,931549494,,
,,,
CÔNG TY TNHH NHÀ HÀNG THIỆU PHÁT,918607858,,
,,,
CÔNG TY TNHH TÂM PHÚ LAND,385679139,,
,,,
CÔNG TY TNHH XUẤT NHẬP KHẨU VÀ THƯƠNG MẠI DỊCH VỤ NHƯ Ý,936416408,,
,,,
CÔNG TY TNHH THIÊN PHƯƠNG PHÁT,937179158,,
,,,
CÔNG TY TNHH MEXICO FASTFOOD,989679247,,
,,,
CÔNG TY TNHH SKYWORTH INTELLIGENT PRECISION (VIỆT NAM),913656469,,
,,,
CÔNG TY TNHH DỆT KIM JUNZU VIỆT NAM,,,
CÔNG TY TNHH KPX CHEMICAL VINA,933737758,,
,,,
CÔNG TY TNHH XẾP DỠ TIẾN DŨNG,987202884,,
,,,
CÔNG TY TNHH CHUYỂN PHÁT TAPAO,962353270,,
,,,
CÔNG TY LUẬT TNHH MTV AN NHIÊN,918620151,,
,,,
CÔNG TY TNHH PHÚ QUÝ PURID,876011206,,
,,,
CÔNG TY TNHH TIÊN THÀNH TÍN,933946220,,
,,,
CÔNG TY TNHH DVTM SONG MINH,937793729,,
,,,
CÔNG TY TNHH GIẢI PHÁP THƯƠNG MẠI ĐIỆN TỬ SUCCESSMART VIỆT NAM,708096666,,
,,,
CÔNG TY TNHH TM DV MTV PHAN TIẾN PHÁT,985555476,,
,,,
CÔNG TY TNHH HÓA NÔNG NAT AGRI,933956122,,
,,,
CÔNG TY TNHH PHÂN PHỐI TIÊU DÙNG VĨNH LỘC PHÁT,911495455,,
,,,
CÔNG TY TNHH THƯƠNG MẠI VÀ SẢN XUẤT VĂN THÀNH CÔNG,961279505,,
,,,
CÔNG TY TNHH NỘI THẤT PHÚ QUÝ VINH,932247263,,
,,,
CÔNG TY TNHH THƯƠNG MẠI TƯ HUY,916774046,,
,,,
CÔNG TY TNHH KERAMIC VTT,966432567,,
,,,
CÔNG TY TNHH MTV PHƯƠNG THỊNH,966712768,,
,,,
CÔNG TY TNHH LÊ CÔNG CHÍNH,987991236,,
,,,
CÔNG TY TNHH THU MUA NÔNG SẢN PHÁT ĐẠT,878119119,,
,,,
CÔNG TY TNHH LUTECO,933152167,,
,,,
CÔNG TY TNHH THƯƠNG MẠI VÀ DỊCH VỤ ĐỨC MẬU,977864171,,
,,,
CÔNG TY TNHH THƯƠNG MẠI DỊCH VỤ DUNG DUY,918393435,,
,,,
CÔNG TY TNHH SẮT THÉP MINH BẢO VN,343643603,,
,,,
CÔNG TY TNHH PHẠM ĐỨC CHÍNH,987438408,,
,,,
CÔNG TY TNHH GARAGE Ô TÔ VĂN HƯNG,382199799,,
,,,
CÔNG TY TNHH XE ĐIỆN HOÀNG ĐQ,917181914,,
,,,
CÔNG TY TNHH MTV TRÂN THÁI TUẤN,937544188,,
,,,
CÔNG TY TNHH MỘT THÀNH VIÊN TEN NOODLES,849485343,,
,,,
CÔNG TY TNHH PHƯƠNG MINH FAMILY,943985579,,
,,,
CÔNG TY TNHH THƯƠNG MẠI KIẾN TRÚC XÂY DỰNG LÂM SƠN PHÁT,904117257,,
,,,
CÔNG TY TNHH MỘT THÀNH VIÊN NÔNG SẢN PHẠM HÙNG FOOD,8155228218,,
,,,
CÔNG TY TNHH TM DV PP BÁCH QUÂN,395300290,,
,,,
CÔNG TY TNHH XÂY DỰNG VÀ SẢN XUẤT VẬT LIỆU XÂY DỰNG THANH NGUYÊN,945931931,,
,,,
CÔNG TY TNHH MTV VINH INOK,976983879,,
,,,
CÔNG TY TNHH QUỐC BẢO MINH,702636789,,
,,,
CÔNG TY TNHH NỘI THẤT GỖ TIẾN ĐẠT,908647917,,
,,,
CÔNG TY TNHH TM DV PP TUẤN TRANG,918186443,,
,,,
CÔNG TY TNHH VẬN TẢI DỊCH VỤ TRÚC VÂN,913884769,,
,,,
CÔNG TY TNHH SẢN XUẤT GIẤY THÁI AN,908051018,,
,,,
CÔNG TY TNHH NPP TÂM ANH,911055551,,
,,,
CÔNG TY TNHH CÁ LÓC NƯỚNG MIỀN TÂY,978331123,,
,,,
CÔNG TY TNHH AN YÊN FARM,904784370,,
,,,
CÔNG TY TNHH TM DIỄM THANH,972179168,,
,,,
CÔNG TY TNHH TM & DV NGUYỄN HOÀNG NAM,912151505,,
,,,
CÔNG TY TNHH YẾN SÀO LINH CHI,961125605,,
,,,
CÔNG TY TNHH THỰC PHẨM AN TÍN PHÁT,335856678,,
,,,
CÔNG TY TNHH XÂY DỰNG THƯƠNG MẠI VẬN TẢI LAM THÀNH,976251665,,
,,,
CÔNG TY TNHH NPP PHƯƠNG PHƯƠNG THẢO,933515828,,
,,,
CÔNG TY TNHH HT TELECOM,979203088,,
,,,
CÔNG TY TNHH PHẠM BÍCH TRÂM,933091384,,
,,,
CÔNG TY LUẬT TNHH MTV BYTL,935184082,,
,,,
UBND XÃ BOM BO,,,
UBND XÃ ĐAK NHAU,,,
UBND XÃ THỌ SƠN,,,
CÔNG TY TNHH VẬN TẢI DU LỊCH - VY THỊNH PHÁT,702686826,,
,,,
CÔNG TY TNHH GIA DỤNG LỘC LỘC,933678790,,
,,,
CÔNG TY TNHH ĐIỆN LẠNH NHẬT NAM PHÁT,906724929,,
,,,
CÔNG TY TNHH DỊCH VỤ ĐẦU TƯ PHÚC HƯNG THỊNH,937386336,,
,,,
CÔNG TY TNHH THƯƠNG MẠI PHẠM ĐẮC,968934148,,
,,,
CÔNG TY TNHH THƯƠNG MẠI KINH DOANH PHƯƠNG HUY,938955166,,
,,,
CÔNG TY CỔ PHẦN DONA LAW,966461268,,
,,,
CÔNG TY TNHH DANH HÀ PHÁT,963694374,,
,,,
CÔNG TY TNHH MTV CÔ BẢY,974725037,,
,,,
CÔNG TY TNHH THƯƠNG MẠI DỊCH VỤ SƠN HẢI TƯ,866271368,,
,,,
CÔNG TY TNHH WASH'N GO (TM),967244255,,
,,,
CÔNG TY TNHH THANG MÁY ALTIVA,946336855,,
,,,
UBND XÃ BÙ ĐĂNG,,,
UBND XÃ NGHĨA TRUNG,,,
UBND XÃ PHƯỚC SƠN,,,
UBND XÃ ĐỒNG PHÚ,,,
UBND XÃ TÂN LỢI,,,
UBND XÃ ĐỒNG TÂM,,,
UBND PHƯỜNG BÌNH PHƯỚC,,,
UBND XÃ THUẬN LỢI,,,
UBND PHƯỜNG ĐỒNG XOÀI,,,
UBND XÃ PHÚ TRUNG,,,
UBND XÃ PHÚ RIỀNG,,,
UBND XÃ LONG HÀ,,,
UBND XÃ BÌNH TÂN,,,
UBND PHƯỜNG PHƯỚC BÌNH,,,
UBND PHƯỜNG PHƯỚC LONG,,,
UBND XÃ ĐA KIA,,,
UBND XÃ PHÚ NGHĨA,,,
UBND XÃ ĐĂK Ơ,,,
UBND XÃ BÙ GIA MẬP,,,
UBND XÃ HƯNG PHƯỚC,,,
UBND XÃ THIỆN HƯNG,,,
UBND XÃ TÂN TIẾN,,,
UBND XÃ LỘC QUANG,,,
UBND XÃ LỘC THẠNH,,,
UBND XÃ LỘC TẤN,,,
UBND XÃ LỘC HƯNG,,,
UBND XÃ LỘC NINH,,,
UBND XÃ LỘC THÀNH,,,
UBND PHƯỜNG AN LỘC,,,
UBND PHƯỜNG BÌNH LONG,,,
UBND XÃ MINH ĐỨC,,,
UBND XÃ TÂN KHAI,,,
UBND XÃ TÂN HƯNG,,,
UBND XÃ TÂN QUAN,,,
UBND XÃ NHA BÍCH,,,
UBND PHƯỜNG CHƠN THÀNH,,,
UBND PHƯỜNG MINH HƯNG,,,
CÔNG TY TNHH BMC GROW,565546616,,
,,,
CÔNG TY TNHH HADI VIỆT NAM,902186968,,
,,,
CÔNG TY TNHH THƯƠNG MẠI VÀ DỊCH VỤ LẠC VIỆT EVENT,779821666,,
,,,
CÔNG TY TNHH CƠ KHÍ THỤC MINH,903730455,,
,,,
CÔNG TY TNHH THƯƠNG MẠI DỊCH VỤ GIA HUY XUÂN LỘC,932183316,,
,,,
CÔNG TY TNHH NỘI THẤT MỸ HẰNG,938970430,,
,,,
CÔNG TY TNHH DỊCH VỤ SARANG BINGSU,388743734,,
,,,
CÔNG TY TNHH TM KỸ THUẬT XÂY DỰNG THÀNH ĐẠT,388334494,,
,,,
CÔNG TY TNHH AN CHI THẢO,961911687,,
,,,
CÔNG TY TNHH XUÂN QUYẾN,962282502,,
,,,
CÔNG TY TNHH MTV BẢO BÌNH GOLD,976908663,,
,,,
CÔNG TY TRÁCH NHIỆM HỮU HẠN GOODSUN,931323218,,
,,,
CÔNG TY TNHH THƯƠNG MẠI ĐỊNH VƯƠNG PHÁT,372868234,,
,,,
CÔNG TY TNHH TM DV ĐẦU TƯ TỔNG HỢP TƯỜNG VY,784574155,,
,,,
CÔNG TY TNHH SẢN XUẤT THƯƠNG MẠI ĐẶNG TRƯỜNG PHÁT,949669623,,
,,,
CÔNG TY CP SAWA NUTRITION,909212657,,
,,,
CÔNG TY TNHH DỊCH VỤ VẬN TẢI TRƯỜNG THÀNH NHÂN,985445325,,
,,,
CÔNG TY TRÁCH NHIỆM HỮU HẠN NÔNG SẢN VIỆT - HUY,969684371,,
,,,
CÔNG TY TNHH QUÀ TẶNG MỘC BẢO YẾN,908956708,,
,,,
CÔNG TY TNHH SẢN PHẨM KHUÔN MẪU NHỰA WEI HANG,8.61E+12,,
,,,
CÔNG TY TNHH THƯƠNG MẠI HỮU T DUYÊN,918237823,,
,,,
CÔNG TY TNHH GIAO NHẬN QUỐC TẾ L&T,933444440,,
,,,
CÔNG TY TNHH GỐM MỸ THUẬT TÁM TIỀN,918860177,,
,,,
CÔNG TY TNHH THẠCH CAO HIỆP,338286515,,
,,,
CÔNG TY TNHH MỘNG KHA FASHION,379916784,,
,,,
CÔNG TY TNHH BẢO CHÂU MEDIA PRO,983435541,,
,,,
CÔNG TY TNHH DỊCH VỤ VẬN TẢI TRIỀU CHÂU,938266108,,
,,,
CÔNG TY TNHH THÀNH LÂM TOYS,937139290,,
,,,
CÔNG TY TNHH TM LINH HOÀNG PHÁT,906873398,,
,,,
CÔNG TY TNHH JENNIFER - ANNA PHAM,912694647,,
,,,
CÔNG TY TNHH SẢN XUẤT VẬT LIỆU MỚI VIỄN DƯƠNG,346928521,,
,,,
CÔNG TY TNHH DỊCH VỤ VẬN TẢI HOÀNG KIỆT,908458195,,
,,,
CÔNG TY TNHH ĐẠI THỔ PHÁT,96961379,,
,,,
CÔNG TY TNHH TRẦN MINH ĐỨC PHÁT,909940257,,
,,,
CÔNG TY TNHH TRƯƠNG PHÚC KHANG,379679779,,
,,,
CÔNG TY TNHH WORLD TRAVEL 24H.COM,376850136,,
,,,
HỢP TÁC XÃ SẢN XUẤT KINH DOANH DƯỢC LIỆU QUỐC TẾ,969096680,,
,,,
CÔNG TY TNHH TM DV PP NGUYÊN VY,961719289,,
,,,
CÔNG TY TNHH CƠ ĐIỆN NHẬT THIÊN,903903943,,
,,,
CÔNG TY TNHH CÔNG NGHỆ PHÒNG KHÁM CHỮA BỆNH,778879115,,
,,,
CÔNG TY TNHH THỰC PHẨM THS,706090982,,
,,,
CÔNG TY TNHH THÀNH ĐẠT XR,918708787,,
,,,
CÔNG TY TNHH TRÀ VÀ CÀ PHÊ NGUYÊN ANH,367476179,,
,,,
CÔNG TY TNHH TƯ VẤN XÂY DỰNG CƯỜNG KHANG,988898839,,
,,,
CÔNG TY TNHH MỘT THÀNH VIÊN DŨNG HIỀN DN,706536878,,
,,,
CÔNG TY TNHH TM VŨ PHÚC LONG,976170188,,
,,,
CÔNG TY TNHH THƯƠNG MẠI MAI NHƯ,987249392,,
,,,
CÔNG TY TNHH TÔN THÉP PHƯƠNG NAM,937111337,,
,,,
CÔNG TY TNHH SX TM DV HẢI ĐĂNG PHÁT,977646639,,
,,,
CÔNG TY TNHH SẢN XUẤT THƯƠNG MẠI DỊCH VỤ HAI ĐÀM,933371274,,
,,,
CÔNG TY CP DỊCH VỤ ĐIỆN NĂNG LƯỢNG XANH,937008479,,
,,,
CÔNG TY TNHH TM VẬN TẢI DƯƠNG GIA PHÚ,912308556,,
,,,
CÔNG TY TRÁCH NHIỆM HỮU HẠN THƯƠNG MẠI DỊCH VỤ PHÚC AN KHANG LONG THÀNH,333939904,,
,,,
CÔNG TY TNHH YẾN THỊNH FOOD,918607464,,
,,,
CÔNG TY TNHH THƯƠNG MẠI ĐỨC NHẬT NAM,964225282,,
,,,
CÔNG TY TNHH HƯNG THỊNH THƯỜNG TÂN,908323067,,
,,,
CÔNG TY TNHH XÂY LẮP THANH DIỆU,975379378,,
,,,
CÔNG TY TNHH THƯƠNG MẠI XUẤT NHẬP KHẨU QUỐC TẾ SƠN DƯƠNG,979492790,,
,,,
CÔNG TY TNHH ĐIỆN CƠ NHẬT TÂM ANH,968116552,,
,,,
CÔNG TY TRÁCH NHIỆM HỮU HẠN CÔNG NGHỆ SBH,388269212,,
,,,
CÔNG TY TNHH TM-DV LỰC AN PHÁT,765225335,,
,,,
CÔNG TY TNHH MTV TM VŨ GIA,569317634,,
,,,
CÔNG TY TNHH SẢN XUẤT TM DV ĐỒNG TIẾN PHÁT,946221299,,
,,,
CÔNG TY TNHH VẬN CHUYỂN TRẦN THẠCH ẨN,375984088,,
,,,
CÔNG TY TNHH NHA KHOA THIÊN NGỌC,706980616,,
,,,
CÔNG TY TNHH TM TÚ NHƯ,355232862,,
,,,
CÔNG TY TNHH TM TRẦN TAM,389298931,,
,,,
CÔNG TY TNHH LƯU TRÚ DL VNS,357295040,,
,,,
CÔNG TY TNHH H&H PLASTECH,909953273,,
,,,
CÔNG TY TNHH THƯƠNG MẠI DỊCH VỤ HOÀNG BÁCH PHÁT,785682397,,
,,,
CÔNG TY TNHH SẢN XUẤT THƯƠNG MẠI VÀ VẬT LIỆU BAO BÌ HÒA PHÁT ĐẠT,782345638,,
,,,
CÔNG TY TNHH QUALETE,919474998,,
,,,
CÔNG TY TNHH LAN ANH TUẤN,981605960,,
,,,
CÔNG TY TNHH DUNG - NA,909639048,,
,,,
CÔNG TY TNHH MTV THƯƠNG MẠI MINH HỒNG,936955323,,
,,,
CÔNG TY TNHH MTV TRƯỜNG TRINH PHÁT,912220919,,
,,,
CÔNG TY TNHH MTV OANH THANH NGÂN,987736343,,
,,,
CÔNG TY TNHH GIẢI PHÁP MÙI HƯƠNG HOÀNG GIA KIM,898901005,,
,,,
CÔNG TY TNHH MỘT THÀNH VIÊN THẢO PHÁT,828333335,,
,,,
CÔNG TY TNHH BÁCH HOÁ TỔNG HỢP TUẤN LIÊN,916758045,,
,,,
CÔNG TY TNHH TRÁI CÂY VINH QUANG,931881189,,
,,,
BAN QUẢN LÝ NGHĨA TRANG TỈNH ĐỒNG NAI,,,
CÔNG TY TNHH GIÁO DỤC NGOẠI NGỮ LEO,964087935,,
,,,
CÔNG TY TNHH THƯƠNG MẠI DỊCH VỤ IN NGUYỄN CẢNH,968376771,,
,,,
CÔNG TY TNHH MTV KIM PHƯỢNG PHÁT,9.19E+15,,
,,,
CÔNG TY TNHH NPP TUỆ ANH,919080985,,
,,,
CÔNG TY TNHH TM DV HOÀNG PHÚ THẢO,327846705,,
,,,
CÔNG TY TNHH ĐÀO TẠO & SÁT HẠCH LÁI XE THẢO THẮNG,877089789,,
,,,
CÔNG TY TNHH MẸ GUN GIFT & MORE,784621549,,
,,,
CÔNG TY TNHH MÁY TÍNH SONG ANH,869914995,,
,,,
CÔNG TY TNHH SẢN XUẤT THƯƠNG MẠI XÂY DỰNG TRƯỜNG AN,963290479,,
,,,
CÔNG TY TNHH TIỆM CỦA VÂN,333355299,,
,,,
CÔNG TY TNHH KINH DOANH PHÚC AN PHÁT,928411385,,
,,,
CÔNG TY TNHH THIẾT KẾ XÂY DỰNG ĐỨC HỒNG PHÚC PT18,972444418,,
,,,
CÔNG TY TNHH TM YAH,937837386,,
,,,
CÔNG TY TNHH MỘT THÀNH VIÊN HẠNH THÀNH PHÁT,933326216,,
,,,
CÔNG TY TNHH TM & DV NGUYỄN TUẤN KIỆT,392603177,,
,,,
CÔNG TY TNHH LINH HOÀNG KIM,979567838,,
,,,
CÔNG TY TNHH DỊCH VỤ TÌNH BẰNG HỮU,984664599,,
,,,
CÔNG TY TNHH LIÊN KẾT L & T,359529229,,
,,,
CÔNG TY TNHH BIA CƯỜNG THỊNH,919134543,,
,,,
CÔNG TY TNHH BÌNH SINH NEWS,973467547,,
,,,
CÔNG TY TNHH MỘT THÀNH VIÊN NHÀ HÀNG PHÚC VIỆT,974667599,,
,,,
CÔNG TY TNHH DVTM HOTEL LAM SON,704769400,,
,,,
CÔNG TY TNHH TM LÊ NGỌC,394241376,,
,,,
CÔNG TY TNHH TM - DV KIM NGỌC LAN,865341349,,
,,,
CÔNG TY CP ĐẦU TƯ & PHẦN MỀM CÔNG NGHỆ CAO TNQ,908616002,,
,,,
CÔNG TY TNHH CƠ KHÍ XÂY DỰNG CPH,974575602,,
,,,
CÔNG TY TNHH ĐẦU TƯ LY HOÀNG BẢO,359076027,,
,,,
CÔNG TY TNHH NHÀ HÀNG HƯƠNG QUỲNH TRANG,904761122,,
,,,
CÔNG TY HỮU HẠN CÔNG NGHIỆP KIẾN HẰNG,2513835788,,
,,,
CÔNG TY TNHH SHAIHAO VIỆT NAM,8.62E+12,,
,,,
CÔNG TY TNHH THƯƠNG MẠI DỊCH VỤ AN NHIÊN VN GROUP,937162259,,
,,,
CÔNG TY TNHH TM SỮA NGUYỄN HOA,2513840170,,
,,,
CÔNG TY TNHH TM DV DI LINH PHÁT,789298299,,
,,,
CÔNG TY TNHH TM DV SONG THANH,943480407,,
,,,
CÔNG TY TNHH VẬN TẢI LÂM TIẾN PHÁT,973837057,,
,,,
CÔNG TY TNHH ĐIỆN TỬ NIUFULAI (VIỆT NAM),57761367666,,
,,,
CÔNG TY TNHH LQT TECHNOLOGY,343532556,,
,,,
CÔNG TY TNHH VẬT TƯ NÔNG NGHIỆP TRẦN VĂN LẮM,972617688,,
,,,
CÔNG TY TNHH THƯƠNG MẠI DỊCH VỤ SẢN XUẤT NHẬP KHẨU LEGEND ROSE,869496886,,
,,,
CÔNG TY TNHH THƯƠNG MẠI - XỬ LÝ MÔI TRƯỜNG PHÚC KHANG THỊNH,966927243,,
,,,
CÔNG TY TNHH THƯƠNG MẠI DỊCH VỤ SANG PHÚ,909392272,,
,,,
CÔNG TY TNHH XNK HOÀNG KIM ĐAN,888882994,,
,,,
CÔNG TY TNHH NÔNG SẢN PHƯƠNG THẾ,907239363,,
,,,
CÔNG TY TNHH VỎ XE HÙNG CƯỜNG,90372199,,
,,,
CÔNG TY TNHH NẤM NAM SƠN LONG THÀNH,9620328130,,
,,,
CÔNG TY TNHH THƯƠNG MẠI DỊCH VỤ THÁI BÌNH LÊ,908696395,,
,,,
CÔNG TY TNHH ĐỖ TƯỜNG NHI,933390030,,
,,,
CÔNG TY TNHH TUYẾT BEDDING,901304050,,
,,,
CÔNG TY TNHH MTV VẬN TẢI PHƯƠNG TRINH,981776015,,
,,,
CÔNG TY TNHH PHÁT TRIỂN DỊCH VỤ VẬN TẢI PHÚC ĐĂNG,816233488,,
,,,
CÔNG TY TNHH RECELL ECO,822810811,,
,,,
CÔNG TY TNHH PHẢI NY,327029311,,
,,,
CÔNG TY TNHH TM HIẾU HÀ,904123336,,
,,,
CÔNG TY TNHH THƯƠNG MAI DỊCH VỤ HESED,974100021,,
,,,
CÔNG TY TNHH ĐỖ HOÀI NAM,919486681,,
,,,
CÔNG TY TNHH ẮC QUY TÂN BÌNH,985078029,,
,,,
CÔNG TY TNHH GỖ ĐỨC HUY PHÁT,933947831,,
,,,
CÔNG TY TNHH MTV THƯƠNG MẠI AMATA 60 NAM HẢI LAN,935778236,,
,,,
CÔNG TY TNHH XÂY DỰNG THƯƠNG MẠI BẢO KHANG TÍN,902722169,,
,,,
CÔNG TY TNHH ĐIỆN MÁY TRƯƠNG GIA,985245333,,
,,,
CÔNG TY TNHH DỊCH VỤ THƯƠNG MẠI PHÚ THỊNH PHÁT,937824951,,
,,,
CÔNG TY TNHH VÕ VĂN ĐẠI,975806122,,
,,,
CÔNG TY TNHH SẮT MƯỜI PHÁT,979212116,,
,,,
CÔNG TY TNHH THỰC PHẨM LÂM HẰNG,334719998,,
,,,
CÔNG TY TNHH THƯƠNG MẠI VÀ DỊCH VỤ VINA ECO SOURCES,977529361,,
,,,
CÔNG TY TNHH THIẾT KẾ KỸ THUẬT TÂM ĐỖ,937161739,,
,,,
CÔNG TY TNHH MTV TM DV PHÁT ĐẠT VINA,948511230,,
,,,
HỢP TÁC XÃ NÔNG LÂM THỦY SẢN ĐỊNH QUÁN,903045867,,
,,,
CÔNG TY TNHH CÔNG NGHỆ WEILIJIE VIỆT NAM,984761683,,
,,,
CÔNG TY TNHH MTV VẬT TƯ NÔNG NGHIỆP DUY SÁU,985356072,,
,,,
CÔNG TY TNHH THƯƠNG MẠI DỊCH VỤ LINH TRÂN,976404756,,
,,,
CÔNG TY TNHH MIHO TRADING VIỆT NAM,367857798,,
,,,
CÔNG TY TNHH QUỐC THANH PHÁT,939632159,,
,,,
CÔNG TY TNHH GUANGWEI OUTDOOR VIỆT NAM,387221602,,
,,,
CÔNG TY TNHH GIA CÔNG MAY MẶC HẢI VÂN,937635094,,
,,,
CÔNG TY TNHH LOGISTICS THỊNH VIỆT VIỆT NAM,989005325,,
,,,
CÔNG TY TNHH VẬT TƯ CÔNG NGHIỆP ĐẠI PHƯỚC,704488357,,
,,,
CÔNG TY TNHH XD TM DV TIẾN ĐẠT PHÁT,398746339,,
,,,
CÔNG TY TNHH THƯƠNG MẠI TH BÌNH AN PHÁT,988786586,,
,,,
CÔNG TY TNHH CƠ KHÍ YANQI VIỆT NAM,352256366,,
,,,
CÔNG TY TNHH MỘT THÀNH VIÊN F&B ORCA VIỆT NAM,932936786,,
,,,
CÔNG TY TNHH THƯƠNG MẠI THỰC PHẨM HẢI MINH,974750482,,
,,,
CÔNG TY TNHH SỮA PHƯỚC THÁI,935656668,,
,,,
CÔNG TY TNHH THƯƠNG MẠI DỊCH VỤ HUỲNH OANH,938480830,,
,,,
CÔNG TY TNHH MTV KIM HỒNG PHƯƠNG,905451258,,
,,,
CÔNG TY TNHH KINH DOANH DỊCH VỤ THƯƠNG MẠI PTN,918038926,,
,,,
CÔNG TY TNHH N.S AUTO,8.89E+15,,
,,,
CÔNG TY TNHH GIÁO DỤC VIỆN SÁNG TẠO,866683593,,
,,,
CÔNG TY TNHH THƯƠNG MẠI DỊCH VỤ TH HÙNG ANH,336955452,,
,,,
CÔNG TY TNHH YONGSHI ELECTRICAL VIỆT NAM,8.61E+12,,
,,,
CÔNG TY TNHH MTV THƯƠNG MẠI MỸ NHUNG,888070938,,
,,,
CÔNG TY TNHH TM VÀ DV KIM DUNG,945312379,,
,,,
CÔNG TY TNHH NPP TÀI THỊNH PHÁT,987541729,,
,,,
CÔNG TY TNHH DÊ CHUNG CƯ PHÚ THỊNH,972658883,,
,,,
CÔNG TY TNHH PHÁT TRIỂN THƯƠNG MẠI THIÊN PHƯƠNG,989401181,,
,,,
CÔNG TY TNHH THƯƠNG MẠI LỘC TIẾN AN,916279388,,
,,,
CÔNG TY TNHH KHÁNH NHƯ PHẠM,935114964,,
,,,
CÔNG TY TNHH HƯNG THỊNH RICE,862669779,,
,,,
CÔNG TY TNHH THƯƠNG MẠI DỊCH VỤ GIA BẢO TRẦN,919156476,,
,,,
CÔNG TY TNHH NHA KHOA HẠNH PHÚC ĐQ,918563939,,
,,,
CÔNG TY TNHH SVA SMILE,947722988,,
,,,
CÔNG TY TNHH MTV THƯƠNG MẠI XANH,967260850,,
,,,
CÔNG TY TNHH MOBILE NATIONWIDE,787977626,,
,,,
CÔNG TY TNHH TRÂM AN PHÁT,983430932,,
,,,
CÔNG TY TNHH GREENSHIFT,965946869,,
,,,
CÔNG TY TNHH MAXI FOOD,705632228,,
,,,
CÔNG TY TNHH MK MOLD,779941229,,
,,,
CÔNG TY TNHH THƯƠNG MẠI DỊCH VỤ THANH LỰC,937427844,,
,,,
CÔNG TY TNHH CHĂN NUÔI HÀ TRÂM ANH,869847585,,
,,,
CÔNG TY TNHH THƯƠNG MẠI DỊCH VỤ B&K ĐỒNG NAI,888366176,,
,,,
CÔNG TY TNHH LINH KIỆN PHẠM NGỌC,944787878,,
,,,
CÔNG TY TNHH MẠNH NHƯỜNG,978248535,,
,,,
CÔNG TY TNHH ĐIỆN CÔNG NGHIỆP ANH QUÂN,972641496,,
,,,
CÔNG TY TNHH HỌC VIỆN ĐÀO TẠO IGROW GROUP,937779181,,
,,,
CÔNG TY TNHH THƯƠNG MẠI QUANG THUỶ,913374040,,
,,,
CÔNG TY TNHH THƯƠNG MẠI PHÁT TRIỂN TỔNG HỢP THUỲ DƯƠNG,968551446,,
,,,
CÔNG TY TNHH TƯ VẤN SÀI GÒN LAND,775177979,,
,,,
CÔNG TY TNHH VN AN THỊNH PHÁT,918908882,,
,,,
CÔNG TY TNHH NGỌC ÁNH PHƯƠNG,399272772,,
,,,
CÔNG TY TNHH THƯƠNG MẠI DỊCH VỤ KỸ THUẬT LINH ANH PHÁT,973673773,,
,,,
CÔNG TY TNHH TM VÀ SẢN XUẤT XUẤT KHẨU GỖ XẺ SẤY JIN JIN SEN,979468948,,
,,,
CÔNG TY CP ĐẦU TƯ KHỞI NGHIỆP SÁNG TẠO & CÔNG NGHỆ CAO TNECOSYS,908616002,,
,,,
CÔNG TY TNHH TM & DV LÊ MINH PHÁT,919320327,,
,,,
CÔNG TY TNHH THƯƠNG MẠI XNK POK,982670522,,
,,,
CÔNG TY TNHH CHÂU ANH THÁI,972667139,,
,,,
CÔNG TY TNHH NGA HẠ LONG KHÁNH,961567433,,
,,,
CÔNG TY TNHH THỜI TRANG THANH DUNG,79256212,,
,,,
CÔNG TY CP ĐẦU TƯ KHỞI NGHIỆP SÁNG TẠO & CÔNG NGHỆ CAO QTECOSYS,905842464,,
,,,
CÔNG TY TNHH NGUYỄN MINH MATERIALS,901655150,,
,,,
CÔNG TY TNHH ANN'S FARM,903015544,,
,,,
CÔNG TY TNHH THƯƠNG MẠI DỊCH VỤ ĐỒNG QUỐC HƯNG,396451369,,
,,,
CÔNG TY TNHH TM DV NGỌC TRAI,793794242,,
,,,
CÔNG TY TNHH THANH THÚY DORI,778684333,,
,,,
CÔNG TY TNHH MTV GIÁO DỤC ZHEN HÁN NGỮ,938338032,,
,,,
CÔNG TY TNHH THÚY ANH PHÁT,977847105,,
,,,
CÔNG TY TNHH HẠT GIỐNG LẠC HỒNG,964998720,,
,,,
CÔNG TY TNHH THƯƠNG MẠI DỊCH VỤ VŨ ANH MINH,9.18E+15,,
,,,
CÔNG TY TNHH MỘT THÀNH VIÊN VTNN ÁNH DUNG,976983879,,
,,,
CÔNG TY TNHH TMDV VY PHI,933784584,,
,,,
CÔNG TY TNHH NGUYỄN HOÀNG LÂM GIA PHÁT,967965438,,
,,,
CÔNG TY TNHH THƯƠNG MẠI KHANG KHÔI,933800436,,
,,,
CÔNG TY TNHH THIÊN ĐƯỜNG BAKERY,984977223,,
,,,
CÔNG TY TNHH THẦY GIÁO DIỄN,918660122,,
,,,
CÔNG TY TNHH HOÀNG LÂM NHI,783435993,,
,,,
CÔNG TY TNHH TM DV MTV NGỌC LONG,968005537,,
,,,
CÔNG TY TNHH NPP NGỌC TRƯỜNG THỊNH,972317277,,
,,,
CÔNG TY TNHH TMDV PHÁT TUẤN KHÔI,708004917,,
,,,
CÔNG TY TNHH XÂY DỰNG PHÁT TRIỂN QUANG VINH,918745577,,
,,,
CÔNG TY TNHH DỊCH VỤ VIỆT ANH PHÁT,566339339,,
,,,
CÔNG TY TNHH MTV NHÂN NGHĨA PHÁT,705678307,,
,,,
CÔNG TY TNHH TMDV NGỌC KHÁNH AN,919359078,,
,,,
CÔNG TY TNHH TOÀN VẠN LỢI,901362356,,
,,,
CÔNG TY TNHH ĐẦU TƯ PHÁT TRIỂN XUẤT NHẬP KHẨU AN NGUYÊN,939904306,,
,,,
CÔNG TY TNHH THƯƠNG MẠI DỊCH VỤ XÂY DỰNG TÔN SẮT THÉP HOÀNG ANH PHÁT,988579485,,
,,,
CÔNG TY TNHH THÁI NHỰA,968921268,,
,,,
CÔNG TY TNHH SẦU RIÊNG BA CÔ TIÊN,969881189,,
,,,
VŨ THỊ XUYẾN,,,
PHAN THỊ THÚY THÀNH,,,
CÔNG TY TNHH MTV TMDV TRUNG VIỆT,797788289,,
,,,
CÔNG TY TNHH NGỌC LAN PHÁT 6868,818017925,,
,,,
CÔNG TY TNHH NHỰA TÙNG ANH,337329086,,
,,,
CÔNG TY TNHH THƯƠNG MẠI SẢN XUẤT KHƯU GIA,932023333,,
,,,
CÔNG TY TNHH SONG ANH TP,902878379,,
,,,
CHI NHÁNH CÔNG TY TNHH DAISHIN GLOBAL ASIA TẠI ĐỒNG NAI,2862556795,,
,,,
CÔNG TY TNHH HENGFENG TOP LEISURE (VIETNAM),901266023,,
,,,
CHI NHÁNH CÔNG TY TNHH JCEM VIỆT NAM - NHÀ MÁY NIKKAKI ĐỒNG NAI,332997072,,
,,,
CÔNG TY TNHH MTV TÂN THÁI MINH,798099555,,
,,,
CÔNG TY TNHH THƯƠNG MẠI DỊCH VỤ TRỊNH THẢO NGUYÊN,901042830,,
,,,
CÔNG TY TNHH THƯƠNG MẠI VÀ XÂY DỰNG KỸ THUẬT TÂN THUẬN PHÁT,978079279,,
,,,
CÔNG TY TNHH GÀ VỊT TƯỜNG VY,986080808,,
,,,
CÔNG TY TNHH MTV THÁI QUYÊN,339590514,,
,,,
CÔNG TY TNHH ĐỨC HIẾU TECH,773327198,,
,,,
CÔNG TY TNHH MTV NAM PHÁT TÀI,966008079,,
,,,
CÔNG TY TNHH TMDV NGỌC BỘI,2513996666,,
,,,
CÔNG TY TNHH ĐAN THANH (VIỆT NAM),919512336,,
,,,
CÔNG TY TNHH CHEIL VINA,84783402559,,
,,,
CÔNG TY TNHH THÀNH THÀNH TUYỀN,397002939,,
,,,
CÔNG TY TNHH CHẾ BIẾN GỖ WOODHOME,961320482,,
,,,
CÔNG TY TNHH ZEN NOVA,985649430,,
,,,
CÔNG TY TNHH PHÁT TRIỂN SẢN XUẤT THƯƠNG MẠI DUY PHÁT ĐẠT,976481371,,
,,,
CÔNG TY TNHH ASIA GOLDEN DRAGON LOGISTICS,93725004,,
,,,
CÔNG TY TNHH XE GẮN MÁY VÀ XE ĐIỆN LINH VŨ,933227504,,
,,,
CÔNG TY TNHH MTV THỰC PHẨM HƯNG PHÁT FOODS,938472139,,
,,,
CÔNG TY TNHH THẢO DƯƠNG PHÁT,972226161,,
,,,
CÔNG TY TNHH ĐIỆN TỬ HUIJIN (VIỆT NAM),8.61E+12,,
,,,
CÔNG TY TNHH SÀI GÒN XƯƠNG KHỚP,907856755,,
,,,
CÔNG TY TNHH UNRIVALED ADVANCED INDUSTRIAL VIỆT NAM,974128002,,
,,,
CÔNG TY TNHH XUẤT NHẬP KHẨU THƯƠNG MẠI DỊCH VỤ GIAO NHẬN VẬN TẢI PHÁT ĐẠT,975300166,,
,,,
CÔNG TY TNHH DỊCH VỤ VÀ THƯƠNG MẠI NGỌC QUÝ,966755099,,
,,,
CÔNG TY TNHH THÀNH CÔNG NGUYỄN,939860123,,
,,,
CÔNG TY CỔ PHẦN BỆNH VIỆN MẮT VIỆT BIÊN HÒA,776860056,,
,,,
CÔNG TY TNHH CNC TÂM ANH,942733889,,
,,,
CÔNG TY TNHH XNK CNC VIETSYN,91949141,,
,,,
CÔNG TY TNHH GỐM MỸ THUẬT BIÊN HÒA,908849383,,
,,,
CÔNG TY TNHH THƯƠNG MẠI DỊCH VỤ NAM HOÀNG TÂN,346792692,,
,,,
CÔNG TY TNHH SẢN XUẤT THƯƠNG MẠI DỊCH VỤ HOÀNG PHÚ LÂM,933397228,,
,,,
DOANH NGHIỆP TN TS&L.CO,909615614,,
,,,
CÔNG TY TNHH MTV HOÀNG LINH GIANG,932038998,,
,,,
CÔNG TY TNHH HÓA SINH MIỀN ĐÔNG,965024234,,
,,,
CÔNG TY TNHH PT DV TẤN ĐẠI PHÁT,528853309,,
,,,
CÔNG TY TNHH Y DƯỢC HIỀN TÂM,949083468,,
,,,
CÔNG TY TNHH DIỆP LINH TAX,983713266,,
,,,
CÔNG TY TNHH TM-DV PHÚC TOÀN THỊNH,948976076,,
,,,
CÔNG TY CỔ PHẦN GIAO NHẬN VẬN TẢI DOLPHIN MEKONG,2518601268,,
,,,
CÔNG TY CỔ PHẦN QUẢN LÝ KHAI THÁC SẢN XUẤT LÂM SẢN BẢO LÂM,979250186,,
,,,
CÔNG TY TNHH ĐÁ HOA CƯƠNG ĐỖ CƯỜNG,906302376,,
,,,
CÔNG TY TNHH XE MÁY HÙNG HỒNG,976767629,,
,,,
CÔNG TY TNHH THƯƠNG MẠI DỊCH VỤ KHẮC TỊNH,934696751,,
,,,
CÔNG TY TNHH EASYPLUG,972244726,,
,,,
CÔNG TY TNHH THƯƠNG MẠI DỊCH VỤ XÂY DỰNG MR YANG,909013632,,
,,,
CÔNG TY TNHH CƠ ĐIỆN LẠNH ANH EM,343160698,,
,,,
CÔNG TY TNHH COMBIZ ISRAEL,849334950,,
,,,
CÔNG TY TNHH MỘT THÀNH VIÊN GIA BẢO ANH,938700139,,
,,,
CÔNG TY TNHH DỊCH VỤ VẬN TẢI KIÊN ĐẶNG,339039173,,
,,,
CÔNG TY TNHH MINH HUY DƯƠNG,968938365,,
,,,
HỢP TÁC XÃ THƯƠNG MẠI DỊCH VỤ TỔNG HỢP MIỀN ĐÔNG,973200202,,
,,,
CÔNG TY TNHH THƯƠNG MẠI ĐĂNG QUANG G9,867127575,,
,,,
CÔNG TY TNHH GIÁO DỤC ANH NGỮ HAN,907357572,,
,,,
CÔNG TY TNHH TM-DV XÂY DỰNG THẢO HUYÊN,902302509,,
,,,
CÔNG TY TNHH THƯƠNG MẠI VÀ DỊCH VỤ THỊNH PHÁT LLC,907988407,,
,,,
CÔNG TY TNHH HƯƠNG VỊ TÌNH THÂN VIỆT NAM,985820865,,
,,,
CÔNG TY TNHH SX VÀ TM LÂM AN,898407056,,
,,,
CÔNG TY TNHH PHÒNG KHÁM ĐA KHOA Y DƯỢC SÀI GÒN LONG THÀNH,918605115,,
,,,
CÔNG TY TNHH NHIÊN AN PRO,935577587,,
,,,
CÔNG TY TNHH THƯƠNG MẠI DỊCH VỤ NAM KHƯƠNG,966772466,,
,,,
CÔNG TY TNHH THƯƠNG MẠI DỊCH VỤ THIÊN TUẤN PHÁT,909205981,,
,,,
CÔNG TY TNHH TM DV HẰNG NGA ĐẠT,395795583,,
,,,
CÔNG TY TNHH TMDV BIÊN HOÀ PHÁT,845009979,,
,,,
UBND XÃ XUÂN ĐƯỜNG,,,
CÔNG TY TNHH TECHNOLOGY JIAYIN (VIỆT NAM),8.61E+12,,
,,,
CÔNG TY TNHH JIAWEI HUATE,338162006,,
,,,
CÔNG TY TNHH ĐẦU TƯ THƯƠNG MẠI QUỐC TẾ THANH VIỆT,568390545,,
,,,
CÔNG TY TNHH TRUNG TÂM BỒI DƯỠNG TRI THỨC TRẺ ÁNH DƯƠNG,388445644,,
,,,
CÔNG TY TNHH TERRAFLUX,374053093,,
,,,
UBND XÃ DẦU GIÂY,,,
UBND XÃ GIA KIỆM,,,
UBND XÃ THỐNG NHẤT,,,
UBND XÃ HƯNG THỊNH,,,
UBND PHƯỜNG BÌNH LỘC,,,
UBND PHƯỜNG BẢO VINH,,,
UBND PHƯỜNG XUÂN LẬP,,,
UBND PHƯỜNG HÀNG GÒN,,,
UBND XÃ BÀU HÀM,,,
UBND XÃ TRẢNG BOM,,,
UBND PHƯỜNG LONG KHÁNH,,,
UBND XÃ BÌNH MINH,,,
UBND XÃ XUÂN QUẾ,,,
UBND XÃ AN VIỄN,,,
UBND XÃ AN PHƯỚC,,,
UBND XÃ CẨM MỸ,,,
CÔNG TY TNHH THƯƠNG MẠI DỊCH VỤ YẾN LAN HẢI,334343435,,
,,,
CÔNG TY TNHH LY SONG VY,907478193,,
,,,
CÔNG TY TNHH KINH DOANH THƯƠNG MẠI THYAN,862051338,,
,,,
CÔNG TY TNHH BRIGHTNEST,392321425,,
,,,
CÔNG TY TNHH THỜI TRANG CHU DU,365322109,,
,,,
CÔNG TY TNHH THƯƠNG MẠI DỊCH VỤ VẬN TẢI ĐÌNH KHÁNH,786636686,,
,,,
CÔNG TY TNHH CHÂU KHÁNH LINH,87911122,,
,,,
CÔNG TY TNHH THƯƠNG MẠI DỊCH VỤ KỸ THUẬT HUY AN KHÁNH,909904603,,
,,,
CÔNG TY TNHH THƯƠNG MẠI DỊCH VỤ MAVIN HOLDING,849867213,,
,,,
CÔNG TY TNHH PHÚC NGỌC QUANG LOGISTICS,986438120,,
,,,
CÔNG TY TNHH MỘT THÀNH VIÊN THIẾT BỊ ĐIỆN NGÔI SAO,9331321313,,
,,,
CÔNG TY TNHH VIETFROZEN DELIGHTS,907387675,,
,,,
DOANH NGHIỆP TƯ NHÂN VÀNG QUỐC BẢO VÂN,906545617,,
,,,
CÔNG TY TNHH DỊCH VỤ NHA KHOA ĐÔNG SÀI GÒN,365687368,,
,,,
CÔNG TY TNHH CP HUY HOÀNG,787201088,,
,,,
CÔNG TY TNHH THƯƠNG MẠI DỊCH VỤ HẠNH THIÊN AN,933786519,,
,,,
CÔNG TY TNHH HAI THÀNH VIÊN VẬN TẢI ĐAN HUY,932999278,,
,,,
CÔNG TY TNHH TM - DV ẮC QUY THÀNH BẢO PHÁT,917419139,,
,,,
CÔNG TY TNHH T.BELLA ACADEMY,868160560,,
,,,
CÔNG TY TNHH BÁCH HÓA TỔNG HỢP HẰNG SƠN,931108709,,
,,,
CÔNG TY TNHH THỰC PHẨM BÌNH LỘC PHÁT,876226868,,
,,,
CÔNG TY TNHH SẢN XUẤT THƯƠNG MẠI SẮT THÉP CHÁNH PHONG,908624472,,
,,,
CÔNG TY TNHH CÔNG NGHIỆP DỆT KIM PHƯƠNG ĐÔNG,963188166,,
,,,
CÔNG TY TNHH THƯƠNG MẠI DỊCH VỤ PHÂN PHỐI KHÁNH PHÁT,393954869,,
,,,
CÔNG TY TNHH TM DV TỔNG HỢP ĐẠI XUÂN PHÁT,901590594,,
,,,
CÔNG TY TNHH MINH DOUBLE,84318201,,
,,,
HỢP TÁC XÃ MÔI TRƯỜNG XANH ĐỒNG AN,918101681,,
,,,
CÔNG TY TNHH DV VẬN TẢI NHẬT NAM,973934655,,
,,,
CÔNG TY TNHH SƠN TUỆ,352831081,,
,,,
CÔNG TY TNHH PHÒNG KHÁM ĐA KHOA KIÊN KHANG,903850228,,
,,,
CÔNG TY TNHH SẢN XUẤT & DỊCH VỤ HUYỀN THỊNH,329492668,,
,,,
CÔNG TY TNHH NÔNG SẢN LAM NGUYỄN,70403180,,
,,,
CÔNG TY TNHH MTV LỘC THỊNH VƯỢNG,976405439,,
,,,
CÔNG TY TNHH TM DV YẾN SÀO THIÊN KIM,982200549,,
,,,
CÔNG TY TNHH O&J NGỌC PHÁT ĐỒNG NAI,2513824455,,
,,,
CÔNG TY TNHH DỊCH VỤ VẬN TẢI WEI PHÚ VIỆT NAM,8.66E+19,,
,,,
CÔNG TY TNHH CÀ PHÊ VÀ GIA VỊ KHANG LIÊM,918744490,,
,,,
CÔNG TY TNHH THƯƠNG MẠI DỊCH VỤ Ô TÔ AN VIÊN,919906060,,
,,,
CÔNG TY TNHH NƯỚC KHOÁNG THÀNH THỊNH,896122212,,
,,,
CÔNG TY TNHH THƯƠNG MẠI MTV BÁ LINH,373198665,,
,,,
CÔNG TY TNHH ĐAN VY NGUYỄN,918797038,,
,,,
CÔNG TY TNHH ĐĂNG THÀNH DONA,388319121,,
,,,
CÔNG TY TNHH TM DV HUÂN HÙNG,329691484,,
,,,
CÔNG TY TNHH TƯ VẤN ĐẦU TƯ XÂY DỰNG MÔI TRƯỜNG HƯNG THỊNH,907068728,,
,,,
CÔNG TY TNHH DU LỊCH VN VNPAY,376850136,,
,,,
UBND PHƯỜNG TAM HIỆP,,,
CÔNG TY TNHH MTV CƠ KHÍ THƯƠNG MẠI THÀNH VINH,979257737,,
,,,
CÔNG TY TNHH THƯƠNG MẠI DỊCH VỤ ANH QUÂN THỊNH PHÁT,937654659,,
,,,
CÔNG TY TNHH THƯƠNG MẠI SẢN XUẤT PHƯỚC HẰNG,937997710,,
,,,
UBND XÃ PHƯỚC THÁI,,,
UBND XÃ SÔNG RAY,,,
UBND XÃ LONG THÀNH,,,
UBND XÃ XUÂN ĐÔNG,,,
UBND XÃ XUÂN ĐỊNH,,,
UBND XÃ BÌNH AN,,,
UBND XÃ XUÂN PHÚ,,,
UBND XÃ LONG PHƯỚC,,,
UBND XÃ XUÂN LỘC,,,
UBND XÃ XUÂN HÒA,,,
UBND XÃ PHƯỚC AN,,,
UBND XÃ XUÂN THÀNH,,,
UBND XÃ NHƠN TRẠCH,,,
UBND XÃ XUÂN BẮC,,,
UBND XÃ ĐẠI PHƯỚC,,,
UBND XÃ LA NGÀ,,,
UBND XÃ ĐỊNH QUÁN,,,
UBND PHƯỜNG TÂN TRIỀU,,,
UBND XÃ PHÚ VINH,,,
UBND PHƯỜNG LONG HƯNG,,,
UBND XÃ PHÚ HÒA,,,
UBND XÃ TÀ LÀI,,,
UBND PHƯỜNG HỐ NAI,,,
UBND XÃ NAM CÁT TIÊN,,,
UBND XÃ TÂN PHÚ,,,
UBND XÃ PHÚ LÂM,,,
UBND PHƯỜNG TRẢNG DÀI,,,
UBND XÃ TRỊ AN,,,
UBND PHƯỜNG LONG BÌNH,,,
UBND XÃ TÂN AN,,,
UBND PHƯỜNG PHƯỚC TÂN,,,
UBND PHƯỜNG TAM PHƯỚC,,,
UBND XÃ THANH SƠN,,,
UBND XÃ ĐAK LUA,,,
UBND XÃ PHÚ LÝ,,,
UBND PHƯỜNG TRẤN BIÊN,,,
UBND PHƯỜNG BIÊN HÒA,,,
CÔNG TY TNHH THƯƠNG MẠI DỊCH VỤ CHIP BABY,982622224,,
,,,
CÔNG TY TNHH CÔNG NGHỆ TATA (VIỆT NAM),977002808,,
,,,
VĂN PHÒNG ĐẠI DIỆN MAXWOOD FURNITURE, INC. TẠI VIỆT NAM,,
CÔNG TY TNHH DỊCH VỤ PHÂN PHỐI GIA KHANG,832509705,,
,,,
CÔNG TY TNHH THƯƠNG MẠI XÂY DỰNG DỊCH VỤ HÀO GIA,933767374,,
,,,
CÔNG TY TNHH THƯƠNG MẠI DỊCH VỤ PHÚ LỘC T2T,765029118,,
,,,
CÔNG TY TNHH ĐẦU TƯ THƯƠNG MẠI DỊCH VỤ HIỆP HƯNG PHÁT,933184695,,
,,,
CÔNG TY TNHH CN - SH CAO NGUYÊN,944960222,,
,,,
CÔNG TY TNHH THƯƠNG MẠI SẮT THÉP Á CHÂU,369150150,,
,,,
CÔNG TY TNHH THƯƠNG MẠI XÂY DỰNG NHẤT PHÁT,938449279,,
,,,
CÔNG TY TNHH NÔNG NGHIỆP NGỌC MINH TIẾN,946252440,,
,,,
CÔNG TY TNHH TM DV HUY PHÁT FAMILY,879061,,
,,,
CÔNG TY CP CUNG CẤP DỊCH VỤ VÀ CỐ VẤN KỸ THUẬT TRANG TRẠI TRANSFARM,868904563,,
,,,
CÔNG TY TNHH SẢN XUẤT THƯƠNG MẠI T.B.M,377819177,,
,,,
CÔNG TY TNHH THƯƠNG MẠI BẢO SANG,908252374,,
,,,
CÔNG TY CỔ PHẦN NGHĨA TRANG VĨNH THANH,987729222,,
,,,
CÔNG TY TNHH DONA MART FOODS,939742337,,
,,,
CÔNG TY TNHH THƯƠNG MẠI GAODAQIANG,922101868,,
,,,
CÔNG TY TNHH DV QUẢNG CÁO THIÊN ÂN DESIGN,948626968,,
,,,
CÔNG TY TNHH AZ FASHION GARMENT,966344278,,
,,,
CÔNG TY TNHH DV EDEN GARDEN,779999597,,
,,,
CÔNG TY TNHH TM DV TÂN THUẬN AN 2,908540777,,
,,,
CÔNG TY TNHH KIM NGA FURNITURE,988088720,,
,,,
CÔNG TY TNHH THƯƠNG MẠI - XÂY DỰNG LƯƠNG DUY,962569113,,
,,,
CÔNG TY CỔ PHẦN XUÂN LỘC PHÁT TÀI,987729222,,
,,,
CÔNG TY TNHH MÔI TRƯỜNG ĐẠI TIẾN PHÁT,965293904,,
,,,
CÔNG TY TNHH PHÁT TRIỂN SẢN XUẤT THƯƠNG MẠI DUY PHÁT ĐẠT,976481371,,
,,,
CÔNG TY TNHH IN ẤN ANDA,989815244,,
,,,
CÔNG TY TNHH THƯƠNG MẠI DỊCH VỤ VẬN TẢI TTS,937033779,,
,,,
CÔNG TY TNHH QUẢNG CÁO PHẠM CHIẾN,934296898,,
,,,
CÔNG TY TNHH TM DV CHÂU HÂN,987047162,,
,,,
CÔNG TY TNHH GIẢI PHÁP CÔNG NGHỆ ZYN DATA,817737340,,
,,,
CÔNG TY TNHH THƯƠNG MẠI ĐẦU TƯ LÊ QUÂN,964800888,,
,,,
CÔNG TY TNHH JCH (VN),8.86E+12,,
,,,
CÔNG TY TNHH TM DV PHÚC ANH KHÔI,836135222,,
,,,
CÔNG TY TNHH LOGISTIC GREEN CHEETAH,906718807,,
,,,
CÔNG TY TNHH ĐẦU TƯ THƯƠNG MẠI THIÊN MINH LONG,344345905,,
,,,
CÔNG TY TNHH GARAGE CƯỜNG THUẬN,382839849,,
,,,
CÔNG TY TNHH THƯƠNG MẠI DỊCH VỤ HOÀNG BÁCH FOOD,358467622,,
,,,
CÔNG TY TNHH ĐỊA ỐC TRƯỜNG TẤN,979221545,,
,,,
CÔNG TY TNHH THƯƠNG MẠI DỊCH VỤ ĐỒNG PHÁT HƯNG,937234397,,
,,,
CÔNG TY TNHH TMDV NHÔM KÍNH NHẬT NAM,932260603,,
,,,
CÔNG TY TNHH UYÊN HOÀNG KIM,934943579,,
,,,
CÔNG TY TNHH TÁI CHẾ HOÀNG LÂM,382190096,,
,,,
CÔNG TY TNHH NPP BẢO NGỌC,906898017,,
,,,
CÔNG TY TNHH NEXPAK,903033274,,
,,,
CÔNG TY TNHH PHÁT TRIỂN ĐẦU TƯ THƯƠNG MẠI PHÚ CƯỜNG,942393955,,
,,,
CÔNG TY TNHH MTV SIEU THI BABY KIDS,921230672,,
,,,
CÔNG TY TNHH THƯƠNG MẠI DỊCH VỤ KHÁNH BẢO SƠN,909946668,,
,,,
CÔNG TY TNHH XÂY DỰNG NHÔM KÍNH QUANG ĐỨC,975056935,,
,,,
CÔNG TY TNHH VẬT TƯ NÔNG NGHIỆP TIẾN TRINH,913897933,,
,,,
CÔNG TY TNHH VẬT TƯ XÂY DỰNG HOÀNG THIÊN,866583848,,
,,,
CÔNG TY TNHH TM DV VẬN TẢI TRỊNH GIA,865599923,,
,,,
CÔNG TY TNHH ĐIỆN YOWASUN-CQP,372753979,,
,,,
CÔNG TY TNHH KINH DOANH THƯƠNG MẠI VẬN TẢI QUỐC UY,383469286,,
,,,
CÔNG TY TNHH XÂY DỰNG VƯỢNG TẤN PHÁT,986069586,,
,,,
CÔNG TY TNHH TƯ VẤN THIẾT KẾ XÂY DỰNG ĐINH PHÚC THỊNH,9.10E+15,,
,,,
CÔNG TY TNHH CƠ KHÍ & XÂY DỰNG DŨNG ĐẠT,971218466,,
,,,
CÔNG TY TNHH GIA CÔNG PHÁT THÀNH CÔNG,938873004,,
,,,
CÔNG TY TNHH MHN DOCTOR MAGIC,921639851,,
,,,
CÔNG TY TNHH TIAN YI,386100587,,
,,,
CÔNG TY TNHH THIÊN ÂN FRUIT & BEER 20,898035901,,
,,,
CÔNG TY TNHH MUNHOUSE,909107678,,
,,,
CÔNG TY TNHH MTV PHẠM HẰNG,912124006,,
,,,
CÔNG TY TNHH TM PHÚ HỮU LỘC,962419920,,
,,,
CÔNG TY TNHH CẦM ĐỒ TRANG ANH,332202339,,
,,,
CÔNG TY TNHH DỊCH VỤ THƯƠNG MẠI HOÀNG VỸ,987506506,,
,,,
CÔNG TY TNHH N.K.H.G,943976138,,
,,,
CÔNG TY TNHH KD THIÊN HỒNG PHÁT,973785823,,
,,,
CÔNG TY TNHH TRẦN LÊ FOODS,932610881,,
,,,
CÔNG TY TNHH TRÁI CÂY NHẬP KHẨU HẰNG MÈO,916309700,,
,,,
CÔNG TY TNHH TM VÀ SX KIM HOA NAM,852925285,,
,,,
CÔNG TY TNHH ĐIỆN LẠNH CÔNG NGHIỆP GIA HUY,344700150,,
,,,
CÔNG TY TNHH HỮU MÃO,976004881,,
,,,
CÔNG TY TNHH HOÀNG PHÁT VN,838608379,,
,,,
CÔNG TY TNHH MỘT THÀNH VIÊN VĂN THANH TÙNG,327597908,,
,,,
CÔNG TY TNHH THƯƠNG MẠI DỊCH VỤ HA NA SUN,969525598,,
,,,
CÔNG TY TNHH THƯƠNG MẠI NỘI THẤT ĐỨC HUY HOÀN,983599806,,
,,,
CÔNG TY TNHH & DỊCH VỤ THÀNH LONG PHÁT,983435541,,
,,,
CÔNG TY TNHH THƯƠNG MẠI DỊCH VỤ VÀ TỔ CHỨC SỰ KIỆN NGỌC PHÚC NGHI,836095095,,
,,,
CÔNG TY TNHH KD TM DV GIANG THANH PHÁT,784475418,,
,,,
CÔNG TY TNHH THƯƠNG MẠI XÂY DỰNG VÀ VẬN TẢI QUỐC HUY,975505559,,
,,,
CÔNG TY TNHH THƯƠNG MẠI DỊCH VỤ NHỰT TRUNG PHÁT,948636770,,
,,,
CÔNG TY TNHH SẢN XUẤT DỆT MAY SUNSHINE,8148551,,
,,,
CÔNG TY TNHH TẬP ĐOÀN NAM NGỌC PHÁT,986406028,,
,,,
CÔNG TY TNHH KOZEN FOODS VIỆT NAM,2513201032,,
,,,
CÔNG TY TNHH DONGWON & PEOPLE VIỆT NAM,,,
CÔNG TY TNHH ZT VINA,785140128,,
,,,
CÔNG TY TNHH KIẾN TRÚC VÀ XÂY DỰNG TRUNG ANH,929738678,,
,,,
HỢP TÁC XÃ DƯỢC LIỆU TỔNG HỢP VIỆT NAM,977333663,,
,,,
CÔNG TY LUẬT TNHH MTV NGUYỄN HIẾU,924924222,,
,,,
CÔNG TY TNHH PHÂN PHỐI VÕ GIA PHÁT,906830168,,
,,,
CÔNG TY TNHH CHUYỂN PHÁT NHANH TOÀN CẦU THIỆN NHÂN,908492696,,
,,,
CÔNG TY TNHH DESIGN & MACHINING CNC UK,932220683,,
,,,
CÔNG TY TNHH ĐIỆN TỬ DEEPERLAND,963902797,,
,,,
CÔNG TY TNHH ONE REFRACTORIES ASIA,2.51E+21,,
,,,
CÔNG TY TNHH DỊCH VỤ XNK HATTO,889826789,,
,,,
CÔNG TY TNHH THIẾT BỊ CÔNG NGHIỆP KHANG MINH,908795975,,
,,,
CÔNG TY TNHH MTV TÂM PHƯỚC,9080329660,,
,,,
CÔNG TY TNHH THIẾT KẾ & CHẾ TẠO MÁY TOKUMA VIỆT NAM,964648184,,
,,,
CÔNG TY TNHH THƯƠNG MẠI DỊCH VỤ HOÀNG ĐỊNH FOODS,915685760,,
,,,
CÔNG TY TNHH GIÁO DỤC & ĐÀO TẠO LONG KHÁNH,947229129,,
,,,
CÔNG TY TNHH ĐÀO TẠO NGHỀ NGỌC BẢO CHÂU,9024381,,
,,,
CÔNG TY TNHH XÂY DỰNG THƯƠNG MẠI NGỌC HOÀNG PHÁT,938566535,,
,,,
CÔNG TY TNHH SAFETY NOW,909961768,,
,,,
CÔNG TY TNHH BỐC XẾP SĨ DŨNG SÀI GÒN,377733042,,
,,,
CÔNG TY TNHH TM DV XUẤT NHẬP KHẨU HIẾU THÀNH ĐẠT,918013763,,
,,,
CÔNG TY TNHH THƯƠNG MẠI DỊCH VỤ KỸ THUẬT DTA-TECH,916977551,,
,,,
CÔNG TY TNHH VẬT LIỆU XÂY DỰNG LÊ HOÀNG,933769080,,
,,,
CÔNG TY TNHH NGA TIN MAI,937896299,,
,,,
CÔNG TY TNHH TM KỸ THUẬT HOÀNG LONG,945523790,,
,,,
CÔNG TY TNHH SẢN XUẤT THƯƠNG MẠI UB SOLUTIONS,901180092,,
,,,
CÔNG TY TNHH HÀ NHẤT PHÁT,982428239,,
,,,
CÔNG TY TNHH HOÀNG THỤY ANH,918615518,,
,,,
CÔNG TY TNHH ĐẦU TƯ XÂY DỰNG VÀ THƯƠNG MẠI DỊCH VỤ AN LỘC PHÁT,968859633,,
,,,
CÔNG TY TNHH MTV KHẢI ĐĂNG,917454625,,
,,,
CÔNG TY TNHH NÔNG SẢN THỰC PHẨM NHẬT MINH,928481111,,
,,,
CÔNG TY TNHH XUẤT NHẬP KHẨU HOA QUẢ THIÊN PHÁT,388898358,,
,,,
CÔNG TY TNHH VINBRIGHT VIỆT NAM,379180699,,
,,,
CÔNG TY TNHH MTV THƯƠNG MẠI DV VẬN TẢI VÀ KINH DOANH TRẠM SẠC XE ĐIỆN NĂNG LƯỢNG XANH,931534234,,
,,,
CÔNG TY TNHH THƯƠNG MẠI VÀ DỊCH VỤ XUẤT NHẬP KHẨU GIANG LAM,969527979,,
,,,
CÔNG TY TNHH XÂY DỰNG THƯƠNG MẠI DỊCH VỤ NADICON,985202078,,
,,,
CÔNG TY TNHH TBKT CÔNG NGHIỆP ANH HIẾU,9.16E+15,,
,,,
CÔNG TY TNHH PHAN SINH TECH,3786511,,
,,,
CÔNG TY TNHH XÂY DỰNG TÍN THỊNH PHÁT,931561646,,
,,,
CÔNG TY TNHH VIỄN THÔNG BAO BAO,972090606,,
,,,
CÔNG TY TNHH TM DV GIA BẢO ANH,368861494,,
,,,
CÔNG TY TNHH TMDV & ĐTPT NHƯ Ý CÁT TƯỜNG,927979979,,
,,,
CÔNG TY TNHH MTV THUỐC THÚ Y NGỌC HÀ,918638140,,
,,,
CÔNG TY TNHH & DỊCH VỤ TRUNG HIẾU PHÁT,36342021,,
,,,
CÔNG TY TNHH VN THIÊN TẤN PHÁT,938333077,,
,,,
CÔNG TY TNHH LE WINE,559400177,,
,,,
CÔNG TY TNHH VÁN GỖ THIÊN Ý ĐẠT,332722898,,
,,,
CÔNG TY TNHH SMILE LIFE DENTAL LAB,967456459,,
,,,
CÔNG TY TNHH TRẦN NHƯ TÂM,909294979,,
,,,
CÔNG TY TNHH CUNG ỨNG NHÂN LỰC QUỐC TẾ VIỆT ĐỨC,978447580,,
,,,
CÔNG TY TNHH XÂY DỰNG VÀ ĐẦU TƯ PHÚ MỸ,387635082,,
,,,
CÔNG TY TNHH THƯƠNG MẠI DỊCH VỤ XÂY DỰNG HÀ MINH PHƯƠNG,901042830,,
,,,
CÔNG TY TNHH VIETNAM RUBBER PLYWOOD,353114451,,
,,,
CÔNG TY TNHH TM DV HỒNG GIA HÂN,909770102,,
,,,
CÔNG TY TNHH KERUIDA,946294153,,
,,,
CÔNG TY TNHH THƯƠNG MẠI DỊCH VỤ MỘT THÀNH VIÊN XNK TH,865026976,,
,,,
CÔNG TY TNHH THƯƠNG MẠI DỊCH VỤ NỘI THẤT NGUYÊN GIA,902821159,,
,,,
CÔNG TY TNHH THỰC PHẨM NGUỒN SỐNG,345626828,,
,,,
CÔNG TY TNHH VY GIA VƯỢNG,388159526,,
,,,
CÔNG TY TNHH TM VT DUYÊN TRỊNH TRANSPORT,399041158,,
,,,
CÔNG TY TNHH MTV ĐẦU TƯ NGỌC THIÊN KIM,938399310,,
,,,
CÔNG TY TNHH TM DV TỔNG HỢP HUYỀN VINH,946397788,,
,,,
CÔNG TY TNHH THIẾT KẾ VÀ XÂY DỰNG ĐẠI VIỆT SANH,902020806,,
,,,
CÔNG TY TNHH XÂY DỰNG THƯƠNG MẠI DỊCH VỤ TIỀN TUYẾN,915154610,,
,,,
CÔNG TY TNHH THƯƠNG MẠI DAYSUN,705836788,,
,,,
CÔNG TY TNHH THƯƠNG MẠI DỊCH VỤ VẬN CHUYỂN TRUNG NGHĨA,943496989,,
,,,
CÔNG TY TNHH MÁY LỌC NƯỚC HÒA PHÁT,799388633,,
,,,
CÔNG TY TNHH BĐS HÙNG VƯƠNG,974319136,,
,,,
CÔNG TY TNHH TMDV CÔNG NGHỆ PHONG VÂN,984595563,,
,,,
CÔNG TY TNHH THƯƠNG MẠI DỊCH VỤ NHÂN ANH PHÁT,937840140,,
,,,
CÔNG TY TNHH TM DV TƯ VẤN ĐÓN ĐẦU,912307940,,
,,,
CÔNG TY TNHH ĐT VÀ PT DV FUTUREPLAN,762214756,,
,,,
CÔNG TY TNHH THƯƠNG MẠI XÂY DỰNG ĐẠI BÌNH SƠN,969795139,,
,,,
CÔNG TY TNHH DV DLKS NC,386893703,,
,,,
CÔNG TY TNHH TM DV TƯ VẤN MAI ĐỨC NAM,334576912,,
,,,
CÔNG TY TNHH HD HORIZON,357345807,,
,,,
CÔNG TY TNHH TM - DV HẠNH NHƯ,973172735,,
,,,
CÔNG TY TNHH TM DV QC TRÂU VÀNG,973451126,,
,,,
CÔNG TY TNHH VETALIS,938664468,,
,,,
CÔNG TY TNHH SẢN XUẤT SVVIFT,988906733,,
,,,
CÔNG TY TNHH THƯƠNG MẠI & DỊCH VỤ VẬN TẢI TÍN TIẾN PHÁT,967773554,,
,,,
CÔNG TY TNHH SẢN XUẤT ĐỒ GỖ THẢO MY,986046990,,
,,,
CÔNG TY TNHH MỘT THÀNH VIÊN Ô TÔ THÀNH NGỌC PHÁT,972004508,,
,,,
CÔNG TY CỔ PHẦN DINH DƯỠNG VINAUS VIỆT NAM,981654888,,
,,,
CÔNG TY TNHH THƯƠNG MẠI SẢN XUẤT DỊCH VỤ & XÂY DỰNG AN LỘC PHÁT,908270739,,
,,,
CÔNG TY TNHH THƯƠNG MẠI DỊCH VỤ KHO XƯỞNG HỒ NAM,933893189,,
,,,
CÔNG TY TNHH NỘI THẤT SANXILIN,375084766,,
,,,
CÔNG TY TNHH MTV ĐỒNG ĐỘI,876979415,,
,,,
CÔNG TY TNHH CHỈNH LÝ VÀ SỐ HÓA ĐỒNG NAI,911152515,,
,,,
CÔNG TY TNHH BRONCO HOUSEWARE VIỆT NAM,347145745,,
,,,
CÔNG TY TNHH DỊCH VỤ VÀ ĐẦU TƯ VNM,914556470,,
,,,
CÔNG TY TNHH MTV ĐẠI THIÊN ÂN,901295648,,
,,,
CÔNG TY TRÁCH NHIỆM HỮU HẠN MỘT THÀNH VIÊN KỸ THUẬT CÔNG NGHIỆP NGUYỄN VŨ,344668889,,
,,,
CÔNG TY TNHH NỘI THẤT HUA XIU,862018808,,
,,,
CÔNG TY TNHH CÔNG NGHỆ Y DƯỢC QHH,969052208,,
,,,
CÔNG TY TNHH MỘT THÀNH VIÊN HẠT CÁT VIỆT,797103365,,
,,,
CÔNG TY TNHH NỘI THẤT GỖ DA FANG,913941899,,
,,,
CÔNG TY CỔ PHẦN KCN BIÊN HÒA,348522506,,
,,,
CÔNG TY TNHH XÂY DỰNG THƯƠNG MẠI DỊCH VỤ HOÀNG HUY ĐỒNG NAI,906678789,,
,,,
CÔNG TY TNHH HOLICGROUP,931552662,,
,,,
CÔNG TY CP CÔNG NGHỆ & TRUYỀN THÔNG INNOSTACK,908616002,,
,,,
CÔNG TY TNHH THẨM MỸ ÁNH HỒNG,862954468,,
,,,
CÔNG TY TNHH THƯƠNG MẠI DỊCH VỤ VẬN TẢI HDK CARGO LOGISTIC,899522017,,
,,,
CÔNG TY TNHH ASOIL,866082578,,
,,,
CÔNG TY TNHH GIẢI TRÍ VÀ DU LỊCH VNN,901893472,,
,,,
CÔNG TY TNHH GLOBAL JPM OPPORTUNITIES CLASS A,947657836,,
,,,
CÔNG TY TNHH OANH BĐP,945428906,,
,,,
CÔNG TY TNHH THƯƠNG MẠI CENTRAL VN,908516610,,
,,,
CÔNG TY TNHH DVTM VIN PEARLVN,343242717,,
,,,
CÔNG TY TNHH DONGJIN TOTAL MOTOR SOLUTIONS,2513992007,,
,,,
VĂN PHÒNG LUẬT SƯ ĐẶNG MINH QUÂN,834066966,,
,,,
CÔNG TY TNHH SẮT THIÊN KIM,919544375,,
,,,
CÔNG TY TNHH EVIKO FORKLIFT,849526786,,
,,,
CÔNG TY TNHH THƯƠNG MẠI DỊCH VỤ NHÔM HƯNG THỊNH,985440141,,
,,,
CÔNG TY TNHH MỘT THÀNH VIÊN XE GIA HOÀ,388124779,,
,,,
CÔNG TY TNHH TMĐT TIẾN ĐẠT,967766351,,
,,,
CÔNG TY TNHH KD BẤT ĐỘNG SẢN ĐẠT PHÁT,937476668,,
,,,
CÔNG TY TNHH MẠNH HẰNG PHÁT,385064481,,
,,,
CÔNG TY TNHH THƯƠNG MẠI VÀ DỊCH VỤ NHẬT NAM SST,978563970,,
,,,
CÔNG TY TNHH SẢN XUẤT - THƯƠNG MẠI PHƯƠNG HOÀNG PHÁT,908268625,,
,,,
CÔNG TY CỔ PHẦN KÍNH XÂY DỰNG TRƯỜNG THỊNH,912106879,,
,,,
CÔNG TY TNHH TM DV HẰNG HẢI PHÁT,909543732,,
,,,
CÔNG TY TNHH TM DV KIM LOẠI MÀU A PHÁT,339596157,,
,,,
CÔNG TY TNHH TRUYỀN THÔNG LÊ THÀNH,947081144,,
,,,
CÔNG TY TNHH DỊCH VỤ NHÔM KÍNH PHƯƠNG ĐÔNG,9312639832,,
,,,
CÔNG TY TNHH ZENLYTICS,899496569,,
,,,
CÔNG TY TNHH PHẾ LIỆU HOÀNG ANH PHÚ,90177817,,
,,,
CÔNG TY TNHH CÂY XANH CÔNG TRÌNH ĐỒNG NAI,961500537,,
,,,
CÔNG TY TNHH THƯƠNG MẠI LINH NHI PK,838094094,,
,,,
CÔNG TY TNHH HYUN SEO VINA,799925655,,
,,,
CÔNG TY TNHH THƯƠNG MẠI VÀ DỊCH VỤ THẾ KIM MEDIA,902249243,,
,,,
CÔNG TY TNHH MTV THI CÔNG XÂY DỰNG HOÀNG PHÁT,988803707,,
,,,
CÔNG TY TNHH PHÚ THỊNH PHÁT LK,974976266,,
,,,
CÔNG TY TNHH SẢN XUẤT TMDV AUTOENGI,833537703,,
,,,
CÔNG TY CỔ PHẦN DÉLICHI VODKA VIỆT NAM,945484177,,
,,,
CÔNG TY TNHH CƠ KHÍ VẬN TẢI NTC,932124939,,
,,,
CÔNG TY TNHH GIÁO DỤC LONG VÂN,984757417,,
,,,
CÔNG TY TNHH ĐÀO TẠO NGOẠI NGỮ FAMKIDS,986643826,,
,,,
CÔNG TY TNHH XÂY DỰNG CẦU ĐƯỜNG HOÀNG LONG,972287878,,
,,,
CÔNG TY TNHH ROY MOTOR (VIỆT NAM) MANUFACTURING,907001356,,
,,,
CÔNG TY TNHH GREENOVATION PACKAGING,,,
CÔNG TY CỔ PHẦN THƯƠNG MẠI DỊCH VỤ XÂY DỰNG NHÂN LỰC TMT,902373006,,
,,,
CÔNG TY TNHH ỐNG SILICONE PERFECT VIỆT NAM,965830382,,
,,,
CÔNG TY TNHH NGÂN TOÀN THẮNG,911218998,,
,,,
CÔNG TY TNHH VẬN TẢI THÀNH TIẾN PHÁT,832305858,,
,,,
CÔNG TY TNHH M&E AN TÂM,901699646,,
,,,
CÔNG TY TNHH MTV THƯƠNG MẠI DỊCH VỤ XÂY DỰNG BÌNH AN,937973481,,
,,,
CÔNG TY TNHH ĐÀO TẠO NGOẠI NGỮ DUY HÀ,768777303,,
,,,
CÔNG TY TNHH DỊCH VỤ BẤT ĐỘNG SẢN ZINHOMES,971281831,,
,,,
CÔNG TY TNHH SẢN XUẤT VÀ THƯƠNG MẠI THIÊN PHÚC P&D,344337138,,
,,,
CÔNG TY TNHH PHÚC MINH FOOD,933092211,,
,,,
CÔNG TY TNHH SXTM VÀ DV ĐIỆN LONG MINH,9.49E+12,,
,,,
CÔNG TY TNHH TM-DV TỔNG HỢP HOÀNG VÂN,989344135,,
,,,
CÔNG TY TNHH DỊCH VỤ THƯƠNG MẠI XỬ LÝ PHẾ LIỆU MÔI TRƯỜNG XANH TÂM HIỀN,989364468,,
,,,
CÔNG TY TNHH TMDV SÓNG NHẠC 1 VĨNH AN,919923224,,
,,,
CÔNG TY TNHH HÓA MỸ PHẨM TNK,933999418,,
,,,
CÔNG TY TNHH VẬN CHUYỂN AN VƯỢNG PHÁT,978682179,,
,,,
CÔNG TY TNHH TƯ VẤN THIẾT KẾ VÀ DỊCH VỤ CẢNH QUAN ĐỒNG NAI,865409879,,
,,,
CÔNG TY TNHH NPP ĐẠI THÀNH CÔNG,918521699,,
,,,
CÔNG TY TNHH KANAHO,865941470,,
,,,
CÔNG TY TNHH THƯƠNG MẠI DỊCH VỤ PHAN HOÀNG MINH QUÂN,983778778,,
,,,
CÔNG TY CỔ PHẦN ĐẦU TƯ & CÔNG NGHỆ CAO TNHIGHTECH,908616002,,
,,,
CÔNG TY TNHH DỊCH VỤ VẬN TẢI ANH THẮNG,9.38E+16,,
,,,
CÔNG TY TNHH VẬN TẢI HỒNG NHẬT PHÁT,906853366,,
,,,
CÔNG TY TNHH ỨNG DỤNG CÔNG NGHỆ CHĂM SÓC SỨC KHỎE THẢO NGUYÊN,917661279,,
,,,
CÔNG TY TNHH MTV XNK NÔNG SẢN ÁI LIÊM,366462439,,
,,,
CÔNG TY TNHH CƠ KHÍ XÂY DỰNG THÉP ĐẠI PHONG,909248332,,
,,,
CÔNG TY TNHH DỆT MAY SÁNG TẠO KINH VĨ,379735587,,
,,,
TOKURA CORPORATION - THẦU CHÍNH THIẾT KẾ VÀ THI CÔNG DỰ ÁN NHÀ MÁY YAMAHACHI DENTAL MATERIALS VN,2432045070,,
,,,
CÔNG TY TNHH SX TM VÀ DỊCH VỤ THỊNH PHÁT,909525660,,
,,,
CÔNG TY TNHH BÔNG SEN AG,78374140,,
,,,
CÔNG TY TNHH PHẾ LIỆU MÔI TRƯỜNG ĐỨC HIẾU ĐỒNG NAI,962742280,,
,,,
CÔNG TY TNHH THƯƠNG MẠI ĐẦU TƯ LÊ QUÂN,964800888,,
,,,
CÔNG TY TNHH TMDV QUỐC KHANH ĐN,584413345,,
,,,
CÔNG TY TNHH SÁNG PARAPEN PHÁT,776575472,,
,,,
CÔNG TY TNHH THƯƠNG MẠI DỊCH VỤ TIỆM HOA 3366,925393366,,
,,,
CÔNG TY TNHH BẤT ĐỘNG SẢN HEAVEN HOÀNG PHÁT,909090987,,
,,,
CÔNG TY CỔ PHẦN NHÀ HÀNG ẨM THỰC SÔNG TRÀM,905252656,,
,,,
CÔNG TY TNHH TRUNG TÂM TIỆC CƯỚI KIM TÂM,964255119,,
,,,
CÔNG TY TNHH THƯƠNG MẠI VÀ XÂY DỰNG TÍNH NGHĨA VN,988535525,,
,,,
CÔNG TY TNHH CƠ KHÍ XD TM CƯỜNG THỊNH PHÁT,977474999,,
,,,
CÔNG TY TNHH LÊ TRỊNH MOTOR,356049261,,
,,,
CÔNG TY TNHH THƯƠNG MẠI DỊCH VỤ NHÀ HÀNG GHITA,918234646,,
,,,
CÔNG TY TNHH TMDV SX PHƯỚC HIỀN,399655116,,
,,,
CÔNG TY TNHH TƯ VẤN DỊCH VỤ THƯƠNG MẠI VĂN GIA,969875558,,
,,,
CÔNG TY TNHH BRIANBROWS,777058350,,
,,,
CÔNG TY TNHH THƯƠNG MẠI NHÔM TRƯỜNG AN,829990928,,
,,,
CÔNG TY TNHH VTNN THU,866822955,,
,,,
CÔNG TY TNHH THỰC PHẨM LIÊM NGUYỄN,975803489,,
,,,
CÔNG TY TNHH THƯƠNG MẠI DỊCH VỤ ĐẦU TƯ XÂY DỰNG THÁI SƠN,378970265,,
,,,
CÔNG TY TNHH KHÁCH SẠN DU LỊCH THANH TÂM,961994804,,
,,,
CÔNG TY TNHH CÔNG NGHỆ CHÍNH XÁC MENGXIN,985829437,,
,,,
CÔNG TY TNHH SẢN XUẤT THƯƠNG MẠI TÂN HƯNG VƯỢNG,368678684,,
,,,
CÔNG TY TNHH THƯƠNG MẠI VÀ DỊCH VỤ TỔNG HỢP GIA GIA PHÁT,399014079,,
,,,
CÔNG TY CỔ PHẦN GIẢI PHÁP PHẦN MỀM MIN,947996239,,
,,,
CÔNG TY TNHH CÂU CÁ THỂ THAO CÓ THƯỞNG BIÊN HÒA,939077769,,
,,,
CÔNG TY TNHH CARBORI MOLDS VIỆT NAM,84352465581,,
,,,
CÔNG TY TNHH TMDV VẬN TẢI LOTUS,921268379,,
,,,
CÔNG TY TNHH TOÀN ĐỈNH BÌNH,908746349,,
,,,
CÔNG TY TNHH LOAN NHƯ,987249392,,
,,,
CÔNG TY TNHH TM XNK PEFORMANCE,878782323,,
,,,
CÔNG TY TNHH TM DV AN THỊNH PHÁT ĐỒNG NAI,908103126,,
,,,
CÔNG TY TNHH CƠ SỞ GIÁO DỤC THIÊN THỨC,932696266,,
,,,
CÔNG TY TNHH TM DV NGUYÊN DUY,937416989,,
,,,
CÔNG TY TNHH THÉP TRƯỜNG HƯNG PHÁT,868741020,,
,,,
CÔNG TY TNHH SẢN XUẤT VÀ THƯƠNG MẠI TRIỆU KHANG,869676887,,
,,,
CÔNG TY TNHH TƯ VẤN ĐÀO TẠO NGOẠI NGỮ HUỲNH GIA,903365422,,
,,,
CÔNG TY TNHH THẾ HÒA PHÚ,,,
CÔNG TY CỔ PHẦN MV PCB,,,
CÔNG TY TNHH XÂY DỰNG VIỄN THÔNG CNTT THÁI BÌNH,971222279,,
,,,
CÔNG TY TNHH DẦU KHÍ BÌNH HÒA,947909090,,
,,,
CÔNG TY TNHH GIẤY HÂN PHÁT ĐN,916999852,,
,,,
CÔNG TY CỔ PHẦN PHÒNG KHÁM ĐA KHOA Y ĐỨC TRẢNG BOM,989763532,,
,,,
CÔNG TY TNHH TM DV AN THU PHÁT,933924586,,
,,,
CÔNG TY TNHH THƯƠNG MẠI DỊCH VỤ VẬN TẢI HÂN VY,988581842,,
,,,
CÔNG TY TNHH TOLKYNNEFTEGAZ LLP,395108523,,
,,,
CÔNG TY TNHH GỖ WING ON,905211089,,
,,,
CÔNG TY TNHH XÂY DỰNG VÀ CƠ ĐIỆN KHANG MINH,389069302,,
,,,
CÔNG TY TNHH SẢN XUẤT NÔNG SẢN XUẤT NHẬP KHẨU HÙNG PHÁT FOOD,92771197177,,
,,,
CÔNG TY TNHH THƯƠNG MẠI DỊCH VỤ ĐẮC HƯNG,938323878,,
,,,
CÔNG TY TNHH SẢN XUẤT THƯƠNG MẠI THỤY THĂNG,915989995,,
,,,
CÔNG TY TNHH TẬP ĐOÀN GIÁO DỤC GIA ĐÌNH VIỆT,918121525,,
,,,
CÔNG TY TNHH PHÁT TRIỂN VÕ THUẬT FUMIDO,868936964,,
,,,
CÔNG TY TNHH GIẢI PHÁP VÀ DỊCH VỤ AN THIÊN NHIÊN,792736868,,
,,,
CÔNG TY TNHH CÔNG NGHỆ URA,968607025,,
,,,
CÔNG TY TNHH MONGKOK,942545457,,
,,,
CÔNG TY TNHH VẬN TẢI CƠ GIỚI TUẤN LOAN,974518133,,
,,,
CÔNG TY TNHH DỊCH VỤ THƯƠNG MẠI BẠN ĐỒNG HÀNH,888790990,,
,,,
CÔNG TY TNHH HẢI VÂN LINKS VN,948586289,,
,,,
CÔNG TY TNHH THIẾT KẾ XÂY DỰNG PHƯƠNG TRẦN,965720820,,
,,,
CÔNG TY TNHH XÂY DỰNG SƠN MINH,901937357,,
,,,
CÔNG TY TNHH ĐIỆN - ĐIỆN LẠNH TRẦN TUẤN MINH,702126969,,
,,,
CÔNG TY TNHH KIM HƯNG LAND,325878986,,
,,,
CÔNG TY TNHH TMDV MỸ LAN ĐN,588446700,,
,,,
CÔNG TY TNHH TM-DV GIA CÔNG CƠ KHÍ LÊ HUY,916715115,,
,,,
CÔNG TY TNHH PHÂN PHỐI THÀNH TÍN,988417984,,
,,,
CÔNG TY CỔ PHẦN ĐẦU TƯ - TRUYỀN THÔNG - CÔNG NGHỆ CAO QTHIGHTECH,905842464,,
,,,
CÔNG TY TNHH PHẾ LIỆU VÒNG TRÒN XANH,938446536,,
,,,
CÔNG TY TNHH DỊCH VỤ ĐAN ANH LONG KHÁNH,969553308,,
,,,
CÔNG TY TNHH NHA KHOA THÀNH SANG,913181274,,
,,,
CÔNG TY CỔ PHẦN CHĂN NUÔI DNT VIỆT NAM,838093979,,
,,,
CÔNG TY TNHH KINH DOANH SẢN XUẤT THƯƠNG MẠI NỘI THẤT TÙNG THU,964283260,,
,,,
CÔNG TY TNHH MAY MẶC QUYẾT TIẾN,989716063,,
,,,
CÔNG TY TNHH GIÁO DỤC VÀ ĐÀO TẠO NHÓM TRẺ THIÊN THẦN NHỎ,366696114,,
,,,
CÔNG TY TNHH CK & XD PHÚC PHÁT ĐẠT,989786063,,
,,,
CÔNG TY TNHH TUYẾT NGỌC ANH,976362730,,
,,,
CÔNG TY TNHH MTV THỰC PHẨM TÂM PHÁT,913586822,,
,,,
CÔNG TY TNHH TM DV AN PHÁT TAP,984308060,,
,,,
CÔNG TY TNHH TM DV XÂY DỰNG MẠNH TÙNG PHÁT,969254077,,
,,,
CÔNG TY TNHH TƯỜNG VI PHÁT,963071918,,
,,,
CÔNG TY CỔ PHẦN ĐÀO TẠO VÀ PHÁT TRIỂN NHÂN LỰC SANHO,868050080,,
,,,
CÔNG TY TNHH TNHH NL ECOGROW,868719698,,
,,,
CÔNG TY TNHH THÊM AN PHÁT,376034278,,
,,,
CÔNG TY TNHH XUẤT NHẬP KHẨU NÔNG SẢN VÀ KHOÁNG SẢN THÁI HÀO,9.63E+14,,
,,,
CÔNG TY TNHH SIKACHI,937216738,,
,,,
CÔNG TY TNHH XÂY DỰNG PHONG NGÔ,937602643,,
,,,
CÔNG TY TNHH HỒNG HƯNG ĐỒNG NAI,932171652,,
,,,
CÔNG TY TNHH SẢN XUẤT THƯƠNG MẠI HN FOOD,706337169,,
,,,
CÔNG TY TNHH MTV VLXD HOÀNG PHÚC,919275544,,
,,,
CÔNG TY TNHH XD NGUYỄN QUỐC CƯỜNG,7977573713,,
,,,
CÔNG TY TNHH MÔI GIỚI BĐS PIVILAND,912110786,,
,,,
CÔNG TY TNHH TM DU LỊCH LỮ HÀNH STAR,865557920,,
,,,
CÔNG TY TNHH MINH TUẤN HOME,866163249,,
,,,
CÔNG TY TNHH DTPT QUY XSPACE,775696824,,
,,,
CÔNG TY TNHH MTV DV TM NHƯ Ý,982809723,,
,,,
CÔNG TY TNHH DƯƠNG AN PHÁT,938585319,,
,,,
CÔNG TY TNHH VẬN TẢI NGỌC AN LOGISTICS,965555166,,
,,,
CÔNG TY TNHH TÂM RẠNG ĐÔNG,393870161,,
,,,
CÔNG TY TNHH TENGYUE ELECTRIC APPLIANCE,797840890,,
,,,
CÔNG TY TNHH NITEX VINA,2513566018,,
,,,
CÔNG TY TNHH LEADERSHIP ELECTRIC APPLIANCE VIET NAM,2513940555,,
,,,
CÔNG TY TNHH THỦY SẢN HOÀNG AQUA,336737839,,
,,,
HỢP TÁC XÃ CUNG CẤP GIỐNG THỦY SẢN MI.CH.EL VIỆT,988188156,,
,,,
CÔNG TY TNHH HJ TECHNOLOGY.,901041811,,
,,,
CÔNG TY TNHH TM PHÚ HỮU THẮNG,961842175,,
,,,
CÔNG TY TNHH ĐẦU TƯ GIẢI TRÍ DAFA,705576117,,
,,,
CÔNG TY TNHH MTV THƯƠNG MẠI DỊCH VỤ AN CƯỜNG,973487819,,
,,,
CÔNG TY TNHH THỐNG ĐẠT LOGISTICS,938187628,,
,,,
CÔNG TY TNHH TÂN SƠN ĐỒNG NAI,915250285,,
,,,
CÔNG TY TNHH PCCC VÀ BẢO HỘ LAO ĐỘNG ĐỒNG PHÁT,911595979,,
,,,
CÔNG TY CỔ PHẦN TUỆ HÂN GROUP,979090560,,
,,,
CÔNG TY TNHH CƠ KHÍ ĐIỆN MÁY GIA CƯƠNG,978329946,,
,,,
CÔNG TY TNHH ACE THIÊN ÂN,978413232,,
,,,
CÔNG TY TNHH TMDV XD VŨ QUANG 39,345572136,,
,,,
CÔNG TY TNHH TM DV VẬN TẢI CHÍNH TRẦN,909933986,,
,,,
CÔNG TY TNHH MTV VIỄN THÔNG LINH NHẬT,964652939,,
,,,
CÔNG TY TNHH TM-DV ĐẦU TƯ BÌNH ANH PHÁT,967939533,,
,,,
CÔNG TY TNHH TMDV KỸ THUẬT NAM VIỆT STAR,967506580,,
,,,
CÔNG TY TNHH ĐIỆN CÔNG NGHIỆP TRƯƠNG GIA BẢO,357257211,,
,,,
CÔNG TY TNHH TMDV THANH TÂM VINA,919195670,,
,,,
CÔNG TY TNHH THÉP KHUÔN MẪU CHUANG JIA,374017193,,
,,,
CÔNG TY TNHH VẬN TẢI VÀ DU LỊCH NHẬT LONG,765550555,,
,,,
CÔNG TY TNHH NÔNG SẢN TRẦN VĂN ĐỨC,911194720,,
,,,
CÔNG TY TNHH SHINKWANG CF VINA,352385225,,
,,,
CÔNG TY TNHH THƯƠNG MẠI DỊCH VỤ MÔI TRƯỜNG NAM TIẾN PHÁT,376984322,,
,,,
CÔNG TY TNHH MTV DV VT MINH THÔNG,969956978,,
,,,
CÔNG TY TNHH KIM Ý PHÁT,902798798,,
,,,
CÔNG TY TNHH PHỤ LIỆU MAY MẶC HBG,984888563,,
,,,
CÔNG TY TNHH THIẾT BỊ ĐIỆN CHÂU ANH HUY,932737965,,
,,,
CÔNG TY TNHH KỸ THUẬT THƯƠNG MẠI KIM NGÂN PHÁT,982491351,,
,,,
CÔNG TY TNHH PK NINA NGUYỄN,967114799,,
,,,
CÔNG TY TNHH CÂU LẠC BỘ THỂ DỤC THỂ THAO HOA PHƯỢNG,937371674,,
,,,
CÔNG TY TNHH SX TM XNK PHÁT ĐẠI PHÁT,773736868,,
,,,
CÔNG TY TNHH ĐẦU TƯ GIÁO DỤC VÀ HỢP TÁC QUỐC TẾ THANG CONNECT,867759917,,
,,,
CÔNG TY TNHH THU MUA SẦU RIÊNG XUẤT KHẨU CUNG ĐƯỜNG,768739682,,
,,,
CÔNG TY TNHH MAGNIS INDUSTRIES,896546939,,
,,,
CÔNG TY TNHH MỘT THÀNH VIÊN DNT VIỆT NAM,838093979,,
,,,
DOANH NGHIỆP TƯ NHÂN ẨM THỰC VƯỜN NHO,905877988,,
,,,
CÔNG TY TNHH TM NGỌC BẢO TÍN,977625303,,
,,,
CÔNG TY TNHH PHÒNG KHÁM ĐA KHOA HỒNG PHƯỚC,909466039,,
,,,
CÔNG TY TNHH VĂN PHÒNG PHẨM SƠN HOA,916274190,,
,,,
CÔNG TY TNHH VŨ GIA - SỮA CHUA GIA TRUYỀN NHÀ HỌ VŨ,855865568,,
,,,
CÔNG TY TNHH CÔNG NGHỆ STOREVPS,328224161,,
,,,
CÔNG TY TNHH MỘT THÀNH VIÊN NHÂN THÀNH PHÁT,327915314,,
,,,
CÔNG TY TNHH MTV TƯƠNG LAI TƯƠI SÁNG,903814990,,
,,,
CÔNG TY TNHH MTV DV VẬN TẢI HUỲNH GIA,792999136,,
,,,
CÔNG TY TNHH ANH NGỮ VACC,915011220,,
,,,
CÔNG TY TNHH ĐẦU TƯ PHÁT TRIỂN VÀ THƯƠNG MẠI TÂN MINH PHÁT,335610779,,
,,,
CÔNG TY TNHH DỊCH VỤ THƯƠNG MẠI VẬN TẢI MINH HIẾU,899995949,,
,,,
CÔNG TY TNHH TAHATECH,898338286,,
,,,
DOANH NGHIỆP TƯ NHÂN GIẢI TRÍ NGUYỄN VĂN HOÀNG,329589329,,
,,,
CÔNG TY CỔ PHẦN CHÂN BỒN NƯỚC ĐẠI PHƯƠNG ĐÔNG,9069328898,,
,,,
CÔNG TY TNHH SX VÀ TM BẢO PHÁT VIỆT NAM,978292158,,
,,,
CÔNG TY TNHH CÔNG NGHIỆP RONG XIN,368731073,,
,,,
CÔNG TY TNHH ĐÓA PHÁT,989016514,,
,,,
CÔNG TY TNHH ĐẦU TƯ GIÁO DỤC THẾ HỆ VÀNG,906995587,,
,,,
CÔNG TY TNHH XÂY DỰNG THỦY HOÀNG KIM,973945922,,
,,,
CÔNG TY TNHH SẢN XUẤT VÀ THƯƠNG MẠI KHẢI HI,354252318,,
,,,
CÔNG TY TNHH MTV PHÚC LÂM NGUYÊN,977111670,,
,,,
CÔNG TY TNHH THƯƠNG MẠI VÀ DỊCH VỤ ĐỨC THIỆN PHÁT,382747104,,
,,,
CÔNG TY TNHH PHÒNG CHÁY CHỮA CHÁY MINH THỊNH PHÁT,337382221,,
,,,
CÔNG TY TNHH SX &TM DV TRẦN ANH KHÔI,941768046,,
,,,
CÔNG TY TNHH CƠM NIÊU QUANG NGUYỄN,966557889,,
,,,
CÔNG TY TNHH DƯƠNG HƯƠNG HK,349717579,,
,,,
CÔNG TY TNHH THIÊN QUANG VN,909215932,,
,,,
CÔNG TY TNHH MTV HÀO GIA HÂN,913850499,,
,,,
CÔNG TY TNHH BCT ENERGY,976005113,,
,,,
CÔNG TY TNHH SẢN XUẤT THƯƠNG MẠI DỊCH VỤ LƯU LỘC PHÁT,966379479,,
,,,
CÔNG TY TNHH TỰ ĐỘNG HÓA P.H.A,947502781,,
,,,
CÔNG TY TNHH MAI ANH NGUYỄN GROUP,903799838,,
,,,
CÔNG TY TNHH LN PREMIUM BEAUTY CENTER,934228499,,
,,,
CÔNG TY TNHH THIẾT BỊ CƠ GIỚI PHƯỢNG HOÀNG,933584598,,
,,,
CÔNG TY TNHH SẢN XUẤT THƯƠNG MẠI CHÂU HOÀNG HÀ,335506051,,
,,,
CÔNG TY TNHH THƯƠNG MẠI DỊCH VỤ VẬN TẢI HOÀNG GIA BẢO,9.39E+15,,
,,,
CÔNG TY TNHH DV VẬN TẢI MINH THIỆN,987633599,,
,,,
CÔNG TY TNHH JAYBEE CHEMTECH,977094710,,
,,,
CÔNG TY TNHH THƯƠNG MẠI DỊCH VỤ LÂM VI PHÁT,8.34E+13,,
,,,
CÔNG TY TNHH GIÁO DỤC ĐÀO TẠO DIARK,388764939,,
,,,
CÔNG TY TNHH MTV NINE SAIGON,963399099,,
,,,
CÔNG TY TNHH THƯƠNG MẠI DỊCH VỤ CÔNG NGHỆ LT,344805850,,
,,,
CÔNG TY TNHH NHỮNG NGƯỜI BẠN BIÊN HÒA,908747272,,
,,,
CÔNG TY TNHH CÔNG NGHỆ TL-MOLD,774953513,,
,,,
CÔNG TY TNHH TMDV PHÁT LỘC T&T,332151521,,
,,,
CÔNG TY CỔ PHẦN NGHĨA TRUNG NGUYÊN,368657979,,
,,,
CÔNG TY TNHH STOCK VN,705585991,,
,,,
CÔNG TY TNHH THƯƠNG MẠI DỊCH VỤ VẬN TẢI LÊ TUẤN,375407357,,
,,,
CÔNG TY TNHH MTV ĐÌNH PHONG PHÁT,975771507,,
,,,
CÔNG TY TNHH XÂY DỰNG NHẬT ĐỨC PHÁT,868843529,,
,,,
CÔNG TY TNHH ANH THỊNH CNC TECHNOLOGY TRADING & SERVICE,818555284,,
,,,
CÔNG TY TNHH ĐẦU TƯ VÀ KINH DOANH ĐẠI LỢI LAND,832204204,,
,,,
TRƯỜNG TIỂU HỌC Á CHÂU LONG THÀNH,2516296999,,
,,,
TRƯỜNG MẦM NON Á CHÂU LONG THÀNH,2516299666,,
,,,
CÔNG TY CỔ PHẦN KINH DOANH VẬN TẢI TRI THỨC,933321513,,
,,,
CÔNG TY TNHH CÔNG NGHỆ HENGSHUO VIỆT NAM,392775750,,
,,,
CÔNG TY CỔ PHẦN THƯƠNG MẠI NỘI THẤT & THI CÔNG XÂY DỰNG THẾ MINH,568560123,,
,,,
CÔNG TY TNHH SẢN XUẤT GIÀY DÉP PHI VIỆT,902364714,,
,,,
CÔNG TY TNHH THANH THANH THÁI,793978250,,
,,,
CÔNG TY TNHH DỊCH VỤ NHÀ HÀNG HOÀ THÀNH,937738872,,
,,,
CÔNG TY TNHH MỘT THÀNH VIÊN TRÍ VIỆT JAPAN,855582829,,
,,,
DOANH NGHIỆP TƯ NHÂN THƯƠNG MẠI DỊCH VỤ SONG TỴ,363232879,,
,,,
CÔNG TY TNHH CONVENIENCE CENTER,837000115,,
,,,
CÔNG TY TNHH PHƯƠNG KHANH FURNITURE,367093969,,
,,,
CÔNG TY TNHH TMDV TUYẾT NGA SMILE,899777599,,
,,,
CÔNG TY TNHH THƯƠNG MẠI VÀ DỊCH VỤ XÂY DỰNG TÔ GIA,985315737,,
,,,
CÔNG TY TNHH SẢN XUẤT THƯƠNG MẠI THIẾT KẾ XÂY DỰNG BẢO HOÀNG,905811679,,
,,,
CÔNG TY TNHH TRUNG TÂM BỒI DƯỠNG KỸ NĂNG EDU CƯỜNG THUẬN,984317247,,
,,,
CÔNG TY TNHH XD HOÀNG ĐỨC PHÁT,816997778,,
,,,
CÔNG TY TNHH THƯƠNG MẠI DỊCH VỤ TTM,979318142,,
,,,
CÔNG TY TNHH MTV VINACO 14,982347014,,
,,,
CÔNG TY TNHH DL KHÁCH SẠN VIỆT NAM,566915206,,
,,,
CÔNG TY TNHH SAMKWANG CF VINA,352385225,,
,,,
CÔNG TY TNHH ĐT TM DV TOÀN THẮNG PHÁT,365017171,,
,,,
CÔNG TY TNHH TH TÁI SINH,913712772,,
,,,
CÔNG TY TNHH GIX VN,794186152,,
,,,
CÔNG TY TNHH THƯƠNG MẠI THÉP TÂM ĐỨC PHÁT,988175899,,
,,,
CÔNG TY TNHH MTV DU LỊCH VẬN TẢI TRANG ANH,902839176,,
,,,
CÔNG TY TNHH ĐIỆN CƠ HOÀNG HUY,798011530,,
,,,
CÔNG TY TNHH ĐẠI NAM HOA,938622889,,
,,,
CÔNG TY TNHH TM DV SX SENFOR VIỆT NAM,919102379,,
,,,
CÔNG TY TNHH THƯƠNG MẠI DỊCH VỤ HOÀNG KIM HƯƠNG,3632107612,,
,,,
CÔNG TY TNHH CƠ KHÍ XÂY DỰNG GIANG HỢP PHÁT,988188453,,
,,,
CÔNG TY TNHH KIM MINH KIÊN,988685841,,
,,,
CÔNG TY TNHH WELLINS VIỆT NAM,2513940222,,
,,,
CÔNG TY TNHH GIÁO DỤC DƯƠNG KHÔI NGUYÊN,918537316,,
,,,
CÔNG TY TNHH LONG TIÊN PHÁT,972898766,,
,,,
CÔNG TY TNHH KVX,982556800,,
,,,
CÔNG TY TNHH THƯƠNG MẠI DỊCH VỤ KIM KHÍ DIỆP TIẾN,936133357,,
,,,
CÔNG TY TNHH THƯƠNG MẠI DỊCH VỤ IN ẤN TÚ ANH,377620630,,
,,,
CÔNG TY TNHH PHÚ KIM NGỌC,906807080,,
,,,
CÔNG TY TNHH FUTUREX,383870174,,
,,,
CÔNG TY TNHH TM&DV KHÁNH PHÁT TTA,363201454,,
,,,
CÔNG TY TNHH CÔNG NGHIỆP DONA TRẦN,908309859,,
,,,
CÔNG TY TNHH TMDV TÂM AN GROUP,908559039,,
,,,
CÔNG TY TNHH CÔNG NGHỆ ĐIỆN TỬ TÍN HUY,965132886,,
,,,
CÔNG TY TNHH THƯƠNG MẠI - DỊCH VỤ - XUẤT NHẬP KHẨU KB VIỆT NAM,984553880,,
,,,
CÔNG TY CỔ PHẦN DƯỢC LIỆU HỒ CẦU MỚI ĐỒNG NAI,961097111,,
,,,
CÔNG TY TNHH TAILOR INTERNATIONAL,902672269,,
,,,
CÔNG TY TNHH MAY MẶC QUYẾT TIẾN,989716063,,
,,,
CÔNG TY TNHH NAM DƯỢC ĐỀN TRẦN,933114860,,
,,,
CÔNG TY TNHH TRUNG TÂM HUỲNH NHƯ,966907858,,
,,,
CÔNG TY CỔ PHẦN TUỆ HÂN GROUP,979090560,,
,,,
CÔNG TY TNHH TIỆN ÍCH NHANH,939739668,,
,,,
CÔNG TY TNHH PHÁT THẢO KHÍ,779285309,,
,,,
CÔNG TY TNHH CƠ ĐIỆN LẠNH NGUYỄN HẬU,961957127,,
,,,
CÔNG TY TNHH TM DẦU KHÍ HOÀNG ANH,335987039,,
,,,
CÔNG TY TNHH THƯƠNG MẠI VÀ DỊCH VỤ VẬN TẢI THUẬN THIÊN VƯƠNG,965741118,,
,,,
CÔNG TY TNHH XÂY DỰNG SHAPEMOON,935235734,,
,,,
CÔNG TY TNHH DƯỢC PHẨM LÝ NGỌC HÂN,966777616,,
,,,
CÔNG TY TNHH DỊCH VỤ QUẢNG CÁO THIÊN KIỆT PHÁT,944750568,,
,,,
CÔNG TY TNHH NẦY TRUNG,7.85E+12,,
,,,
CÔNG TY TNHH TM DV PP CÁT TƯỜNG,985253044,,
,,,
CÔNG TY TNHH TRƯỜNG HOÀNG KHÁNH,963842920,,
,,,
CÔNG TY TNHH NGỌC TÚ FOOD,786794931,,
,,,
CÔNG TY TNHH BIOMASS CHẤN PHONG,903973337,,
,,,
CÔNG TY TNHH MỘT THÀNH VIÊN TM DV TOÀN GIA THỊNH,908011251,,
,,,
CÔNG TY TNHH MTV KHANG VỸ,972042266,,
,,,
CÔNG TY TNHH THƯƠNG MẠI DỊCH VỤ LS NEW,908233879,,
,,,
CÔNG TY TNHH SẮT THÉP MƯỜI PHÁT,979822989,,
,,,
CÔNG TY TNHH KHUÊ SHORT PLUS,779129762,,
,,,
CÔNG TY TNHH XÂY DỰNG PC HOÀNG PHƯƠNG,392787984,,
,,,
CÔNG TY TNHH ĐIỆN LẠNH GPT,392345253,,
,,,
CÔNG TY TNHH KIẾN TRÚC VÀ NỘI THẤT KIẾN AN DESIGN,911662612,,
,,,
CÔNG TY TNHH NƯỚC UỐNG ĐẠI QUÊN,776877268,,
,,,
CÔNG TY TNHH XÂY DỰNG VÀ THIẾT KẾ DC,788888077,,
,,,
CÔNG TY TNHH BIGCHICK VIỆT NAM,833338168,,
,,,
CÔNG TY TNHH THƯƠNG MẠI DỊCH VỤ VẬN TẢI ÁI VY,372422110,,
,,,
CÔNG TY TNHH NGỌC TÂM ĐỒNG NAI,943964595,,
,,,
CÔNG TY TNHH XÂY DỰNG TOÀN CHUNG BLUE,918880627,,
,,,
CÔNG TY TNHH HOÀNG GIANG FOOD,941983979,,
,,,
CÔNG TY TNHH GEM ENTERTAINMENT,886688890,,
,,,
CÔNG TY TNHH HỌC VIỆN KIẾN THỨC VIỆT,9.34E+15,,
,,,
CÔNG TY TNHH KOKOSA,398915555,,
,,,
CÔNG TY TNHH XÂY DỰNG MỸ THUẬT THANH BÌNH,978456479,,
,,,
CÔNG TY TNHH XE MÁY GIA KHANG,862393960,,
,,,
CÔNG TY TNHH HẠ HẢI NGÂN,896149878,,
,,,
CÔNG TY TNHH BÁNH TÂY NGON,787263992,,
,,,
CÔNG TY TNHH ERA VIỆT NAM VĨNH THỊNH,389861986,,
,,,
CÔNG TY TNHH NHỰA TALI VIỆT NAM,2513683758,,
,,,
CÔNG TY TNHH REAK VIỆT NAM,,,
CÔNG TY TNHH VISUAL COMFORT VIỆT NAM,,,
CÔNG TY LUẬT TNHH ÁNH VIỆT,977865759,,
,,,
VĂN PHÒNG ĐẠI DIỆN FORIMPEX INC. TẠI TỈNH ĐỒNG NAI,909993212,,
,,,
CÔNG TY TNHH THƯƠNG MẠI CHẤT ĐỐT XANH CÔNG NGHIỆP,964555569,,
,,,
ĐỒN CÔNG AN KHU CÔNG NGHIỆP NHƠN TRẠCH,2513569700,,
,,,
CÔNG TY TNHH THƯƠNG MẠI DỊCH VỤ Ô TÔ CÔNG THÀNH,334644924,,
,,,
CÔNG TY CỔ PHẦN THƯƠNG MẠI DỊCH VỤ NHÂN TÀI ĐỨC,912522133,,
,,,
CÔNG TY TNHH THÚ Y ANV,349175654,,
,,,
CÔNG TY TNHH MTV CÂY XANH CẢNH QUAN HIỆP PHÁT,974242579,,
,,,
CÔNG TY TNHH GIÁO DỤC NAM TRUNG ĐÔNG,834567399,,
,,,
CÔNG TY TNHH NGŨ KIM BẢO THẮNG,903631819,,
,,,
CÔNG TY TNHH TM SINH THÁI ECO VIỆT NAM,938302666,,
,,,
CÔNG TY CỔ PHẦN KIỂM ĐỊNH ĐO LƯỜNG KHU VỰC 3,398770114,,
,,,
CÔNG TY TNHH THƯƠNG MẠI DỊCH VỤ THÀNH YÊN CHI,862878717,,
,,,
CÔNG TY TNHH KIẾN TRÚC NỘI THẤT XÂY DỰNG AN GIA PHÁT,911196979,,
,,,
CÔNG TY TNHH VẬN TẢI LOGISTIC LONG THÀNH TÂN,976769936,,
,,,
CÔNG TY TNHH TÂM AN PAPER,777730887,,
,,,
CÔNG TY TNHH VẬN TẢI VĨNH BẢO,838036738,,
,,,
CÔNG TY TNHH P.N PHAN NGỌC,909856449,,
,,,
CÔNG TY CỔ PHẦN DOSA ĐẠI PHƯỚC GROUP,3787711,,
,,,
CÔNG TY TNHH XUẤT NHẬP KHẨU THƯƠNG MẠI VÀ DỊCH VỤ ANH PHÁT,937647668,,
,,,
CÔNG TY TNHH MTV NGÔ XUÂN VINH,988775908,,
,,,
CÔNG TY TNHH TM DV BÌNH MINH ĐẠI PHÁT,984441331,,
,,,
CÔNG TY TNHH VẬN TẢI SƠN HÙNG PHÁT,966373426,,
,,,
CÔNG TY TNHH D.I. CERA VN,,,
CÔNG TY TNHH RVN FIBERS,907402501,,
,,,
CÔNG TY TNHH POWER MIC,949852231,,
,,,
CÔNG TY TNHH ĐẦU TƯ PHÁT TRIỂN THÁC TRỜI,939977959,,
,,,
CÔNG TY TNHH ĐC FOOD,913608473,,
,,,
CÔNG TY TNHH KỸ THUẬT HOÀNH LONG,918616365,,
,,,
HỢP TÁC XÃ NHƠN TRẠCH,913007777,,
,,,
CÔNG TY TNHH THƯƠNG MẠI DỊCH VỤ PHÁT TRIỂN PHƯƠNG HOA,981624241,,
,,,
CÔNG TY TNHH THƯƠNG MẠI DỊCH VỤ VÀ XUẤT KHẨU NAM ANH,876477673,,
,,,
CÔNG TY TNHH MỘT THÀNH VIÊN DNT VIỆT NAM,838093979,,
,,,
CÔNG TY TNHH TRẮC ĐỊA TÙNG LÂM,978470614,,
,,,
CÔNG TY TNHH Y TẾ GIÁO DỤC NGUYỄN HOÀNG,97278179,,
,,,
CÔNG TY TNHH ENTER VINA,896145635,,
,,,
CÔNG TY TNHH XNK NÔNG SẢN THẢO THỌ,932801919,,
,,,
CÔNG TY TNHH ĐẦU TƯ VÀ DỊCH VỤ HATTO,941554901,,
,,,
CÔNG TY TNHH GREEN GARDEN VN,839437868,,
,,,
CÔNG TY TNHH THƯƠNG MẠI DỊCH VỤ PHÁT TRIỂN LÂM NHIÊN,966644685,,
,,,
CÔNG TY TNHH DV & TM HƯNG THỊNH PHÁT AUTO,978129394,,
,,,
CÔNG TY TNHH MAI CƯỜNG PHÁT,9.08E+17,,
,,,
CÔNG TY TNHH DV BỐC XẾP TRUNG HIẾU,825725527,,
,,,
,,,
,,,
,,,
,,,
,,,
,,,
,,,
,,,
,,,
,,,
,,,
,,,
,,,
,,,
,,,
,,,
,,,
,,,
,,,
,,,
,,,
,,,
,,,
,,,
,,,
,,,
,,,
,,,
,,,
,,,
,,,
,,,
,,,
,,,
,,,
,,,
,,,
,,,
,,,
CÔNG TY TNHH TH TÁI SINH,913712772,,
,,,
CÔNG TY TNHH GIX VN,794186152,,
,,,
CÔNG TY TNHH THƯƠNG MẠI THÉP TÂM ĐỨC PHÁT,988175899,,
,,,
CÔNG TY TNHH MTV DU LỊCH VẬN TẢI TRANG ANH,902839176,,
,,,
CÔNG TY TNHH ĐIỆN CƠ HOÀNG HUY,798011530,,
,,,
CÔNG TY TNHH ĐẠI NAM HOA,938622889,,
,,,
CÔNG TY TNHH TM DV SX SENFOR VIỆT NAM,919102379,,
,,,
CÔNG TY TNHH THƯƠNG MẠI DỊCH VỤ HOÀNG KIM HƯƠNG,3632107612,,
,,,
CÔNG TY TNHH CƠ KHÍ XÂY DỰNG GIANG HỢP PHÁT,988188453,,
,,,
CÔNG TY TNHH KIM MINH KIÊN,988685841,,
,,,
CÔNG TY TNHH WELLINS VIỆT NAM,2513940222,,
,,,
CÔNG TY TNHH GIÁO DỤC DƯƠNG KHÔI NGUYÊN,918537316,,
,,,
CÔNG TY TNHH LONG TIÊN PHÁT,972898766,,
,,,
CÔNG TY TNHH KVX,982556800,,
,,,
CÔNG TY TNHH THƯƠNG MẠI DỊCH VỤ KIM KHÍ DIỆP TIẾN,936133357,,
,,,
CÔNG TY TNHH THƯƠNG MẠI DỊCH VỤ IN ẤN TÚ ANH,377620630,,
,,,
CÔNG TY TNHH PHÚ KIM NGỌC,906807080,,
,,,
CÔNG TY TNHH FUTUREX,383870174,,
,,,
CÔNG TY TNHH TM&DV KHÁNH PHÁT TTA,363201454,,
,,,
CÔNG TY TNHH CÔNG NGHIỆP DONA TRẦN,908309859,,
,,,
CÔNG TY TNHH TMDV TÂM AN GROUP,908559039,,
,,,
CÔNG TY TNHH CÔNG NGHỆ ĐIỆN TỬ TÍN HUY,965132886,,
,,,
CÔNG TY TNHH THƯƠNG MẠI - DỊCH VỤ - XUẤT NHẬP KHẨU KB VIỆT NAM,984553880,,
,,,
CÔNG TY CỔ PHẦN DƯỢC LIỆU HỒ CẦU MỚI ĐỒNG NAI,961097111,,
,,,
CÔNG TY TNHH TAILOR INTERNATIONAL,902672269,,
,,,
CÔNG TY TNHH MAY MẶC QUYẾT TIẾN,989716063,,
,,,
CÔNG TY TNHH NAM DƯỢC ĐỀN TRẦN,933114860,,
,,,
CÔNG TY TNHH TRUNG TÂM HUỲNH NHƯ,966907858,,
,,,
CÔNG TY CỔ PHẦN TUỆ HÂN GROUP,979090560,,
,,,
CÔNG TY TNHH TIỆN ÍCH NHANH,939739668,,
,,,
CÔNG TY TNHH PHÁT THẢO KHÍ,779285309,,
,,,
CÔNG TY TNHH CƠ ĐIỆN LẠNH NGUYỄN HẬU,961957127,,
,,,
CÔNG TY TNHH TM DẦU KHÍ HOÀNG ANH,335987039,,
,,,
CÔNG TY TNHH THƯƠNG MẠI VÀ DỊCH VỤ VẬN TẢI THUẬN THIÊN VƯƠNG,965741118,,
,,,
CÔNG TY TNHH XÂY DỰNG SHAPEMOON,935235734,,
,,,
CÔNG TY TNHH DƯỢC PHẨM LÝ NGỌC HÂN,966777616,,
,,,
CÔNG TY TNHH DỊCH VỤ QUẢNG CÁO THIÊN KIỆT PHÁT,944750568,,
,,,
CÔNG TY TNHH NẦY TRUNG,7.85E+12,,
,,,
CÔNG TY TNHH TM DV PP CÁT TƯỜNG,985253044,,
,,,
CÔNG TY TNHH TRƯỜNG HOÀNG KHÁNH,963842920,,
,,,
CÔNG TY TNHH NGỌC TÚ FOOD,786794931,,
,,,
CÔNG TY TNHH BIOMASS CHẤN PHONG,903973337,,
,,,
CÔNG TY TNHH MỘT THÀNH VIÊN TM DV TOÀN GIA THỊNH,908011251,,
,,,
CÔNG TY TNHH MTV KHANG VỸ,972042266,,
,,,
CÔNG TY TNHH THƯƠNG MẠI DỊCH VỤ LS NEW,908233879,,
,,,
CÔNG TY TNHH SẮT THÉP MƯỜI PHÁT,979822989,,
,,,
CÔNG TY TNHH KHUÊ SHORT PLUS,779129762,,
,,,
CÔNG TY TNHH XÂY DỰNG PC HOÀNG PHƯƠNG,392787984,,
,,,
CÔNG TY TNHH ĐIỆN LẠNH GPT,392345253,,
,,,
CÔNG TY TNHH KIẾN TRÚC VÀ NỘI THẤT KIẾN AN DESIGN,911662612,,
,,,
CÔNG TY TNHH NƯỚC UỐNG ĐẠI QUÊN,776877268,,
,,,
CÔNG TY TNHH XÂY DỰNG VÀ THIẾT KẾ DC,788888077,,
,,,
CÔNG TY TNHH BIGCHICK VIỆT NAM,833338168,,
,,,
CÔNG TY TNHH THƯƠNG MẠI DỊCH VỤ VẬN TẢI ÁI VY,372422110,,
,,,
CÔNG TY TNHH NGỌC TÂM ĐỒNG NAI,943964595,,
,,,
CÔNG TY TNHH XÂY DỰNG TOÀN CHUNG BLUE,918880627,,
,,,
CÔNG TY TNHH HOÀNG GIANG FOOD,941983979,,
,,,
CÔNG TY TNHH GEM ENTERTAINMENT,886688890,,
,,,
CÔNG TY TNHH HỌC VIỆN KIẾN THỨC VIỆT,9.34E+15,,
,,,
CÔNG TY TNHH KOKOSA,398915555,,
,,,
CÔNG TY TNHH XÂY DỰNG MỸ THUẬT THANH BÌNH,978456479,,
,,,
CÔNG TY TNHH XE MÁY GIA KHANG,862393960,,
,,,
CÔNG TY TNHH HẠ HẢI NGÂN,896149878,,
,,,
CÔNG TY TNHH BÁNH TÂY NGON,787263992,,
,,,
CÔNG TY TNHH ERA VIỆT NAM VĨNH THỊNH,389861986,,
,,,
CÔNG TY TNHH NHỰA TALI VIỆT NAM,2513683758,,
,,,
CÔNG TY TNHH REAK VIỆT NAM,,,
CÔNG TY TNHH VISUAL COMFORT VIỆT NAM,,,
CÔNG TY LUẬT TNHH ÁNH VIỆT,977865759,,
,,,
VĂN PHÒNG ĐẠI DIỆN FORIMPEX INC. TẠI TỈNH ĐỒNG NAI,909993212,,
,,,
CÔNG TY TNHH THƯƠNG MẠI CHẤT ĐỐT XANH CÔNG NGHIỆP,964555569,,
,,,
ĐỒN CÔNG AN KHU CÔNG NGHIỆP NHƠN TRẠCH,2513569700,,
,,,
CÔNG TY TNHH THƯƠNG MẠI DỊCH VỤ Ô TÔ CÔNG THÀNH,334644924,,
,,,
CÔNG TY CỔ PHẦN THƯƠNG MẠI DỊCH VỤ NHÂN TÀI ĐỨC,912522133,,
,,,
CÔNG TY TNHH THÚ Y ANV,349175654,,
,,,
CÔNG TY TNHH MTV CÂY XANH CẢNH QUAN HIỆP PHÁT,974242579,,
,,,
CÔNG TY TNHH GIÁO DỤC NAM TRUNG ĐÔNG,834567399,,
,,,
CÔNG TY TNHH NGŨ KIM BẢO THẮNG,903631819,,
,,,
CÔNG TY TNHH TM SINH THÁI ECO VIỆT NAM,938302666,,
,,,
CÔNG TY CỔ PHẦN KIỂM ĐỊNH ĐO LƯỜNG KHU VỰC 3,398770114,,
,,,
CÔNG TY TNHH THƯƠNG MẠI DỊCH VỤ THÀNH YÊN CHI,862878717,,
,,,
CÔNG TY TNHH KIẾN TRÚC NỘI THẤT XÂY DỰNG AN GIA PHÁT,911196979,,
,,,
CÔNG TY TNHH VẬN TẢI LOGISTIC LONG THÀNH TÂN,976769936,,
,,,
CÔNG TY TNHH TÂM AN PAPER,777730887,,
,,,
CÔNG TY TNHH VẬN TẢI VĨNH BẢO,838036738,,
,,,
CÔNG TY TNHH P.N PHAN NGỌC,909856449,,
,,,
CÔNG TY CỔ PHẦN DOSA ĐẠI PHƯỚC GROUP,3787711,,
,,,
CÔNG TY TNHH XUẤT NHẬP KHẨU THƯƠNG MẠI VÀ DỊCH VỤ ANH PHÁT,937647668,,
,,,
CÔNG TY TNHH MTV NGÔ XUÂN VINH,988775908,,
,,,
CÔNG TY TNHH TM DV BÌNH MINH ĐẠI PHÁT,984441331,,
,,,
CÔNG TY TNHH VẬN TẢI SƠN HÙNG PHÁT,966373426,,
,,,
CÔNG TY TNHH D.I. CERA VN,,,
CÔNG TY TNHH RVN FIBERS,907402501,,
,,,
CÔNG TY TNHH POWER MIC,949852231,,
,,,
CÔNG TY TNHH ĐẦU TƯ PHÁT TRIỂN THÁC TRỜI,939977959,,
,,,
CÔNG TY TNHH ĐC FOOD,913608473,,
,,,
CÔNG TY TNHH KỸ THUẬT HOÀNH LONG,918616365,,
,,,
HỢP TÁC XÃ NHƠN TRẠCH,913007777,,
,,,
CÔNG TY TNHH THƯƠNG MẠI DỊCH VỤ PHÁT TRIỂN PHƯƠNG HOA,981624241,,
,,,
CÔNG TY TNHH THƯƠNG MẠI DỊCH VỤ VÀ XUẤT KHẨU NAM ANH,876477673,,
,,,
CÔNG TY TNHH MỘT THÀNH VIÊN DNT VIỆT NAM,838093979,,
,,,
CÔNG TY TNHH TRẮC ĐỊA TÙNG LÂM,978470614,,
,,,
CÔNG TY TNHH Y TẾ GIÁO DỤC NGUYỄN HOÀNG,97278179,,
,,,
CÔNG TY TNHH ENTER VINA,896145635,,
,,,
CÔNG TY TNHH XNK NÔNG SẢN THẢO THỌ,932801919,,
,,,
CÔNG TY TNHH ĐẦU TƯ VÀ DỊCH VỤ HATTO,941554901,,
,,,
CÔNG TY TNHH GREEN GARDEN VN,839437868,,
,,,
CÔNG TY TNHH THƯƠNG MẠI DỊCH VỤ PHÁT TRIỂN LÂM NHIÊN,966644685,,
,,,
CÔNG TY TNHH DV & TM HƯNG THỊNH PHÁT AUTO,978129394,,
,,,
CÔNG TY TNHH MAI CƯỜNG PHÁT,9.08E+17,,
,,,
CÔNG TY TNHH DV BỐC XẾP TRUNG HIẾU,825725527,,
,,,
CÔNG TY TNHH DENVER GARMENT MANUFACTURING,901662216,,
,,,
CÔNG TY TNHH VẬN TẢI VÀ XÂY DỰNG HL GROUP,702970070,,
,,,
CÔNG TY CP ĐẦU TƯ PHÁT TRIỂN VÀ DỊCH VỤ TAM THÀNH PHÁT,934890957,,
,,,
CÔNG TY TNHH BẤT ĐỘNG SẢN NHÀ ĐẤT LONG KHÁNH -THIỆN,838958585,,
,,,
CÔNG TY TNHH DV & TM NATURAL HEALTH,938953774,,
,,,
CÔNG TY TNHH LƯƠNG THỰC THỰC PHẨM THÀNH NHƯ,972266751,,
,,,
CÔNG TY TNHH NHÂN HOÀ STAFFING,879897368,,
,,,
CÔNG TY TNHH THƯƠNG MẠI DỊCH VỤ STRONG & SAFE,975345224,,
,,,
CÔNG TY TNHH NHA KHOA THẨM MỸ NỤ CƯỜI XINH,974474735,,
,,,
CÔNG TY TNHH PHÁT TRIỂN HẠ TẦNG VIỄN THÔNG THUẬN ĐỨC,946624666,,
,,,
CÔNG TY TNHH LN LINH NGUYỄN,888678713,,
,,,
CÔNG TY TNHH THỊNH TIÊN NHI,985834821,,
,,,
CÔNG TY TNHH XÂY DỰNG THƯƠNG MẠI NAM KIM PHÁT,977075452,,
,,,
CÔNG TY TNHH MÁY TÍNH HÀ GIA PHÁT,703039145,,
,,,
CÔNG TY TNHH SẢN XUẤT VÀ THƯƠNG MẠI TRƯỜNG KIM,965275357,,
,,,
CÔNG TY TNHH HOÀ BÌNH FURNITURE,977835584,,
,,,
CÔNG TY TNHH TMDV DƯƠNG KHANG PHÁT,7.06E+17,,
,,,
CÔNG TY CỔ PHẦN ĐẦU TƯ AC.CONS VN,974066879,,
,,,
CÔNG TY TNHH VIỆT NAM MERATECH ADVANCED MATERIAL,88635513223,,
,,,
CÔNG TY TNHH CÔNG NGHỆ SHENJIE VIỆT NAM,975238190,,
,,,
CÔNG TY TNHH NEWENVICO,933192333,,
,,,
CÔNG TY TNHH PHỤ TÙNG XE MÁY NGUYỄN ANH,2513985212,,
,,,
CÔNG TY TNHH TMDV SẢN XUẤT HUỲNH PHƯỚC,328366163,,
,,,
CÔNG TY TNHH CK BÁCH KHOA VN,347431583,,
,,,
CÔNG TY TNHH THƯƠNG MẠI PHÂN PHỐI HEO VÀNG,915685760,,
,,,
CÔNG TY TNHH THƯƠNG MẠI DỊCH VỤ FARM VŨ,865979179,,
,,,
CÔNG TY TNHH DR.HOME HN,399783494,,
,,,
CÔNG TY TNHH NAM LINH NHI,965512709,,
,,,
CÔNG TY TNHH TM-DV THANH PHÚC HẬU,987794478,,
,,,
CÔNG TY TNHH MTV VÀNG BẠC ĐÁ QUÝ KIM TÂN PHÁT LUXURY,938023686,,
,,,
CÔNG TY TNHH THƯƠNG MẠI DỊCH VỤ DƯƠNG GIA DIGITAL,919069683,,
,,,
CÔNG TY TNHH ĐẦU TƯ VÀ PHÁT TRIỂN NÔNG NGHIỆP THỊNH VƯỢNG,97817741,,
,,,
CÔNG TY TNHH TƯ VẤN ĐẦU TƯ XD ĐỨC HÀ,964594999,,
,,,
CÔNG TY TNHH THÁI MỸ VNP,918820182,,
,,,
CÔNG TY TNHH THIẾT KẾ XÂY DỰNG THƯƠNG MẠI DỊCH VỤ NGUYÊN SƠN FURNITURE,937238078,,
,,,
CÔNG TY CP XÂY DỰNG VÀ PHÁT TRIỂN BẤT ĐỘNG SẢN HKT,945171987,,
,,,
CÔNG TY TNHH MỘT THÀNH VIÊN DẦU KHÍ ĐỨC PHÁT,398578567,,
,,,
CÔNG TY TNHH PALLET GIA BẢO,937098783,,
,,,
CÔNG TY TNHH XÂY DỰNG NHÀ XINH TÂM ĐỨC,399958258,,
,,,
CÔNG TY TNHH THƯƠNG MẠI DỊCH VỤ MAY MẶC A&H,9329807399,,
,,,
CÔNG TY TNHH GỐM TRUYỀN THỐNG BIÊN HOÀ,936143772,,
,,,
CÔNG TY TNHH TM DEV VN,936895323,,
,,,
CÔNG TY TNHH DV VẬN TẢI TÂN MINH KHÔI,918004466,,
,,,
CÔNG TY TNHH YOUTONG (VIỆT NAM),967105716,,
,,,
CÔNG TY TNHH SẢN PHẨM CAO SU CHÍNH XÁC VIETNAM-YEDA,8.10E+11,,
,,,
CÔNG TY TNHH WANHE INTERNATIONAL,862585863,,
,,,
CÔNG TY TNHH VMD TECH,9112603205,,
,,,
CÔNG TY TNHH MỘT THÀNH VIÊN THÀNH ĐẠT ĐỒNG NAI,913675928,,
,,,
CÔNG TY TNHH TM DV Ô TÔ HD,909395521,,
,,,
CÔNG TY TNHH SẢN XUẤT - XÂY DỰNG & VÀNG BẠC ĐÁ QUÝ LIÊM,566797979,,
,,,
CÔNG TY TNHH MỘC NHÂN PHÁT,392054639,,
,,,
CÔNG TY TNHH THƯƠNG MẠI DV VẬN TẢI THIÊN PHÁT PHÁT,907361729,,
,,,
CÔNG TY TNHH CHO THUÊ VÀ VẬN CHUYỂN XE CƠ GIỚI ĐỨC HUY,979555492,,
,,,
CÔNG TY CỔ PHẦN TRABO GROUP,961449451,,
,,,
CÔNG TY TNHH HÓA CHẤT JINLIDA QINGDAO,824235453,,
,,,
CÔNG TY TNHH THƯƠNG MẠI DỊCH VỤ SẢN XUẤT TH79,963970279,,
,,,
CÔNG TY TNHH TƯ VẤN THIẾT KẾ XÂY DỰNG CÔNG TRÌNH MAI LÂM,899038287,,
,,,
CÔNG TY TNHH MTV THIẾT KẾ XÂY DỰNG KIÊN CƯỜNG,915751308,,
,,,
CÔNG TY TNHH TM DV VẬN TẢI NHẬT DUY,392477779,,
,,,
CÔNG TY TNHH MỘT THÀNH VIÊN VẬN TẢI ĐÌNH CƯỜNG,945150707,,
,,,
CÔNG TY TNHH DỊCH VỤ XÂY DỰNG 239,971013275,,
,,,
CÔNG TY TNHH SẢN XUẤT VÀ THƯƠNG MẠI BẢO SANG,785852584,,
,,,
CÔNG TY TNHH VẬN TẢI HUY THÀNH PHÁT,815668368,,
,,,
CÔNG TY TNHH NGOẠI NGỮ HOA VĂN BẢO BÌNH,909405379,,
,,,
CÔNG TY TNHH SHAF MUHAMMAD,814272474,,
,,,
CÔNG TY CỔ PHẦN QUỐC THẮNG FOOD,911148093,,
,,,
CÔNG TY TNHH CÔNG NGHỆ SẢN XUẤT LỘC NAM PHÁT,911712068,,
,,,
CÔNG TY TNHH LỘC KHÁNH VY,909122966,,
,,,
CÔNG TY TNHH SẢN XUẤT THƯƠNG MẠI HỒNG ANH PHÁT,902850414,,
,,,
CÔNG TY TNHH TM DV VẬN TẢI QUANG VINH THỊNH,907362859,,
,,,
CÔNG TY TNHH NHUNG NHỰA,389749372,,
,,,
CÔNG TY TNHH GIÁO DỤC VÀ ĐÀO TẠO ANH NGỮ HOÀNG KIM,963231752,,
,,,
CÔNG TY TNHH CƠ KHÍ KỸ THUẬT CÔNG NGHIỆP HOÀNG NHIÊN,938650234,,
,,,
CÔNG TY TNHH THỦ CÔNG Y HỌC,373331691,,
,,,
CÔNG TY TNHH CƠ KHÍ XÂY DỰNG ANH MINH PHÁT,989132075,,
,,,
CÔNG TY TNHH ĐT TM-DV TRÍ THÀNH,994345979,,
,,,
CÔNG TY TNHH DV TM HOÀNG LÂM,865986878,,
,,,
CÔNG TY TNHH OTO NHẬP KHẨU ĐÌNH DŨNG,522296164,,
,,,
CÔNG TY TNHH THANH TRÚC LK,908581205,,
,,,
CÔNG TY TNHH GỖ AN THÀNH,372387955,,
,,,
CÔNG TY TNHH SẢN PHẨM KIM LOẠI TONGSHUN (VIỆT NAM),8.65E+12,,
,,,
CÔNG TY TNHH DỊCH VỤ THƯƠNG MẠI KỸ THUẬT THIÊN KIM,933947558,,
,,,
CÔNG TY TNHH AUTO VĂN LONG,522292539,,
,,,
CÔNG TY TNHH OGRANGEFAP,986123523,,
,,,
CÔNG TY TNHH VẬN CHUYỂN PHẠM THY,792887297,,
,,,
CÔNG TY TNHH TM XNK GIA THÀNH,786499899,,
,,,
CÔNG TY TNHH BẾN THỦY NỘI ĐỊA THANH THẢO,797939229,,
,,,
CÔNG TY TNHH NÔNG SẢN TRIỀU CHÂU,901666588,,
,,,
CÔNG TY TNHH EVOSPHERE SOLUTIONS,966166456,,
,,,
CÔNG TY TNHH MỘT THÀNH VIÊN LĐ EXPRESS,907309994,,
,,,
DOANH NGHIỆP TƯ NHÂN KINH DOANH VÀNG KIM LÝ,932092585,,
,,,
CÔNG TY TNHH CƠ KHÍ XÂY DỰNG GH E&C,9.71E+15,,
,,,
CÔNG TY TNHH ĐIỆN HUY HOÀNG,898993412,,
,,,
CÔNG TY TNHH THIẾT KẾ XÂY DỰNG NỘI THẤT KỲ ANH,388388770,,
,,,
CÔNG TY TNHH GỖ ĐẠI PHÚ MINH,907332330,,
,,,
CÔNG TY TNHH THƯƠNG MẠI ĐÌNH THIÊN PHÚC,906365121,,
,,,
CÔNG TY TNHH TMDV MỘC TÙNG LÂM,908048092,,
,,,
CÔNG TY TNHH VINVET,931121287,,
,,,
CÔNG TY TNHH SẢN XUẤT THƯƠNG MẠI CƠ KHÍ LINH KHANG PHÁT,947566296,,
,,,
CÔNG TY TNHH DẦU GIÂY SKY,902006736,,
,,,
CÔNG TY TNHH XÂY DỰNG CƠ ĐIỆN PHÁT HUY,918528901,,
,,,
CÔNG TY TNHH THƯƠNG MẠI VÀ DỊCH VỤ BÌNH AN NÔNG,9.88E+13,,
,,,
CÔNG TY TNHH GIÁO DỤC ANH NGỮ VIỆT ANH,86647913,,
,,,
CÔNG TY TNHH TMDV & SX TÂY NGUYÊN XANH,397655659,,
,,,
CÔNG TY TNHH THƯƠNG MẠI DỊCH VỤ KHÁNH HÒA VIỆT FOODS NEST,963486878,,
,,,
CÔNG TY TNHH SẢN XUẤT THƯƠNG MẠI VÀ DỊCH VỤ ĐÔNG PHƯƠNG VN,973759379,,
,,,
CÔNG TY TNHH TƯ VẤN DỊCH VỤ PHÁP LÝ TÂM VIỆT,948399150,,
,,,
CÔNG TY TNHH PHÁT TRIỂN NHÂN LỰC TIỀM NĂNG VIỆT,935234685,,
,,,
CÔNG TY TNHH XD AN LỘC PHÁT,969867982,,
,,,
CÔNG TY TNHH SẢN XUẤT THƯƠNG MẠI PHONG TRẦN FOOD,898397606,,
,,,
CÔNG TY TNHH CHÍNH XÁC JINGZHI,2518966189,,
,,,
CÔNG TY TNHH THANH HƯNG ĐỒNG NAI,985229516,,
,,,
CÔNG TY TNHH SẢN XUẤT VÀ DỊCH VỤ TÔN NGUYỄN,961725774,,
,,,
CÔNG TY TNHH XPLUS HOLDING,943160584,,
,,,
CÔNG TY TNHH THUẬN VƯỢNG,961618775,,
,,,
CÔNG TY TNHH ĐẦU TƯ XÂY DỰNG CƠ ĐIỆN ANH QUÂN,989515114,,
,,,
CÔNG TY TNHH MỘT THÀNH VIÊN XUẤT NHẬP KHẨU HỢP NHẤT,251837199,,
,,,
CÔNG TY TNHH NAM YANG,818879869,,
,,,
CÔNG TY TNHH TM DV Ô TÔ MINH HIẾU,966392926,,
,,,
CÔNG TY TNHH GREENIE TOWN,911194212,,
,,,
CÔNG TY TNHH ĐÔ THỊ XANH DONA,946100884,,
,,,
CÔNG TY TNHH TMDV KIM BẢO PHÁT,913790511,,
,,,
CÔNG TY TNHH MỘT THÀNH VIÊN CƠ KHÍ AN BÌNH PHÁT,918691123,,
,,,
CÔNG TY TNHH NAKANO PRECISION VIỆT NAM,337991885,,
,,,
CÔNG TY TNHH PHƯƠNG BẢO NHI,918361535,,
,,,
CÔNG TY TNHH TM, KỸ THUẬT GIA PHÁT,989594879,
,,,
CÔNG TY TNHH THƯƠNG MẠI VÀ XÂY DỰNG HOÀNG ANH THẮNG,355507502,,
,,,
CÔNG TY TNHH XÂY DỰNG VÀ THƯƠNG MẠI ĐĂNG VŨ,326646338,,
,,,
CÔNG TY TRÁCH NHIỆM HỮU HẠN PHÚ QUANG DANH,933117234,,
,,,
CÔNG TY TNHH THƯƠNG MẠI XUẤT NHẬP KHẨU GIANG NAM PHÁT,342998887,,
,,,
CÔNG TY TNHH LT AN NHÂN,702928559,,
,,,
CÔNG TY TNHH SẢN XUẤT THƯƠNG MẠI LÊ VI,775943953,,
,,,
CÔNG TY TNHH XÂY DỰNG ĐÔ THỊ ĐỒNG NAI,918740356,,
,,,
CÔNG TY TNHH THƯƠNG MẠI SẢN XUẤT LỘC KHANG PHÁT,388433142,,
,,,
CÔNG TY TNHH MTV HƯNG NGUYỄN,903114422,,
,,,
CÔNG TY TNHH NOKKI FARM GROUP,973851005,,
,,,
CÔNG TY TNHH ANH QUÂN PHÁT FURNIMETAL,972368439,,
,,,
CÔNG TY TNHH TMDV ĐẠI HƯNG,368874738,,
,,,
CÔNG TY TNHH MINH BẢO AUTO,908368604,,
,,,
CÔNG TY TNHH THƯƠNG MẠI DỊCH VỤ CƠ ĐIỆN ĐỨC AN,966110770,,
,,,
CÔNG TY TNHH MTV BEST EXPRESS DẦU GIÂY,964725426,,
,,,
CÔNG TY TNHH PHÚC ĐẠI HẢI,918035785,,
,,,
CÔNG TY TNHH PHÚC NGỌC HẢI,938733545,,
,,,
CÔNG TY TNHH RIEDLBERGER GMBH,374436138,,
,,,
CÔNG TY TNHH TMDV HUỲNH HƯƠNG,933226470,,
,,,
CÔNG TY CỔ PHẦN NỀN TẢNG XANH,349162304,,
,,,
CÔNG TY TNHH THIẾT KẾ XÂY DỰNG HTH XUÂN HIẾU,919629649,,
,,,
CÔNG TY TNHH VT CHARGING ĐỒNG NAI,777160292,,
,,,
CÔNG TY TNHH VẬN TẢI THANH HẰNG PHÁT,359029379,,
,,,
CÔNG TY TNHH THƯƠNG MẠI DỊCH VỤ PHÚ CƯỜNG PLUS,928479779,,
,,,
CÔNG TY TNHH THIẾT BỊ ĐIỆN VÀ XÂY DỰNG AN VINH,963213317,,
,,,
CÔNG TY TNHH NHƯ HỒNG PHÁT,332500350,,
,,,
CÔNG TY TNHH TM DV CƠ KHÍ QUANG DŨNG,869954579,,
,,,
CÔNG TY TNHH ĐẦU TƯ MUA BÁN NỢ NAM SƠN 68,523446789,,
,,,
CÔNG TY TNHH NGŨ KIM KIM HUY VIỆT NAM,786649482,,
,,,
CÔNG TY TNHH TM - SX CƠ KHÍ CAO GIA PHÁT,918926897,,
,,,
CÔNG TY TNHH GIÁO DỤC KHẢI ĐĂNG,933555109,,
,,,
CÔNG TY CỔ PHẦN KỸ NGHỆ THƯƠNG MẠI WSP,846339579,,
,,,
CÔNG TY TNHH GARAGE Ô TÔ TÂN HOÀNG PHÁT,979655542,,
,,,
CÔNG TY TNHH LUẬT VŨ HUỲNH,918419499,,
,,,
CÔNG TY TNHH NƯỚC TINH KHIẾT HAI YAN,975507598,,
,,,
CÔNG TY TNHH THƯƠNG MẠI DỊCH VỤ THÁI KHANG TIRES,982594567,,
,,,
CÔNG TY TNHH XÂY DỰNG THƯƠNG MẠI DỊCH VỤ AN ĐỨC PHÁT,974004779,,
,,,
CÔNG TY TNHH KHÔI NGUYÊN AGRI,968995821,,
,,,
CÔNG TY TNHH NGÔI NHÀ SỨC KHỎE THIÊN HƯƠNG ĐƯỜNG ĐỒNG NAI,379926234,,
,,,
CÔNG TY TNHH KỸ THUẬT CÔNG NGHIỆP ĐỨC TIẾN,389680201,,
,,,
CÔNG TY TNHH VÀNG TRANG SỨC BẢO NGỌC BNJ,974411808,,
,,,
CÔNG TY TNHH THƯƠNG MẠI DỊCH VỤ VÀ XÂY DỰNG ĐỒNG TIẾN DŨNG,909909333,,
,,,
CÔNG TY TNHH TMDV XUẤT NHẬP KHẨU KIM ĐỨC,935630758,,
,,,
CÔNG TY TNHH GREEN STK,326332316,,
,,,
CÔNG TY TNHH MTV METRICS HONG KONG PVT,937626762,,
,,,
CÔNG TY TNHH SẢN XUẤT LVHA,913942544,,
,,,
CÔNG TY TNHH TỔ CHỨC SỰ KIỆN GIẢI TRÍ DÂN GIAN THIẾU NHI MINH TRỰC,336419838,,
,,,
CÔNG TY TNHH TUẤN NAM SƠN,978543657,,
,,,
CÔNG TY TNHH SX TM DV MTV PHÚC VINH PHÁT,839680069,,
,,,
CÔNG TY TNHH THẢO NGUYÊN LONG THÀNH,938453567,,
,,,
CÔNG TY TNHH TM & DV TRÍ THÀNH LOGISTICS,935070718,,
,,,
CÔNG TY TNHH TRANG PHƯƠNG AGRI,931260347,,
,,,
CÔNG TY TNHH GIAO NHẬN THIÊN BẢO,937467336,,
,,,
CÔNG TY TNHH KHOA HỌC THÔNG MINH FU BING KANG VIỆT NAM,359281592,,
,,,
CÔNG TY TNHH HOÀNG THẢO VY,964064023,,
,,,
CÔNG TY TNHH THƯƠNG MẠI DỊCH VỤ SỬA CHỮA GIA LẠC PHÁT,385039300,,
,,,
CÔNG TY TNHH CƠ KHÍ NGUYỄN GIA PHÁT,943585292,,
,,,
CÔNG TY TNHH ĐẦU TƯ KIẾN TRÚC XÂY DỰNG TÁ PHAN,9.09E+12,,
,,,
CÔNG TY TNHH NL IEC,762214756,,
,,,
CÔNG TY TNHH THIÊN BẢO NGUYÊN INTERNATIONAL,912290221,,
,,,
CÔNG TY TNHH XÂY DỰNG MỸ THUẬT HUẾ,946552938,,
,,,
CÔNG TY TNHH TM SÔNG LAM,986639993,,
,,,
CÔNG TY TNHH PALLET PHI HÙNG,933143191,,
,,,
CÔNG TY TNHH THÀNH THÀNH KÝ,908504052,,
,,,
CÔNG TY TNHH SƠN ĐỒNG THỊNH,913102472,,
,,,
CÔNG TY TNHH KN DENTAL GROUP,325047375,,
,,,
CÔNG TY TNHH XÂY DỰNG VÀ THƯƠNG MẠI NAM ANH ĐỒNG NAI,906868099,,
,,,
CÔNG TY TNHH KINH DOANH THT EDUCATION,932526283,,
,,,
CÔNG TY TNHH TM VẬT LIỆU XÂY DỰNG TỔNG HỢP ĐÔNG HOÀ,8993219915,,
,,,
CÔNG TY CỔ PHẦN TẬP ĐOÀN QUỐC PHƯƠNG VIỆT NAM,768391349,,
,,,
CÔNG TY TNHH THƯƠNG MẠI ĐẦU TƯ XÂY DỰNG SƠN VINH,937974902,,
,,,
CÔNG TY TNHH MTV GENLY,917241153,,
,,,
CÔNG TY TNHH LÂM HIỆP MACHINERY,982220138,,
,,,
CÔNG TY TNHH MTV LUÂN MINH PHÁT,327276627,,
,,,
CÔNG TY TNHH NGOẠI NGỮ MS NHUNG,349231190,,
,,,
CÔNG TY CỔ PHẦN THƯƠNG MẠI XÂY DỰNG BLB LONG THÀNH,966669466,,
,,,
CÔNG TY TNHH XUÂN VŨ PHÁT,973888726,,
,,,
CÔNG TY TNHH THƯƠNG MẠI DỊCH VỤ KIM TÍN AN,911280589,,
,,,
CÔNG TY TNHH THƯƠNG MẠI DỊCH VỤ 820,918970820,,
,,,
CÔNG TY TNHH THƯƠNG MẠI BẢO PHÚC FOOD,965256364,,
,,,
CÔNG TY CỔ PHẦN ĐẦU TƯ VÀ QUẢN TRỊ DỊCH VỤ CÔNG NGHIỆP HKT,945171987,,
,,,
CÔNG TY TNHH MTV TRÍ TRƯỜNG,906858216,,
,,,
CÔNG TY TNHH ƯƠM MẦM NHỮNG ƯỚC MƠ,984396698,,
,,,
CÔNG TY TNHH XÂY DỰNG & DỊCH VỤ THƯƠNG MẠI, KHOÁNG SẢN, XUẤT NHẬP KHẨU UNIVERSE,984106784
,,,
CÔNG TY TNHH LANEWOOD INDUSTRY VIỆT NAM,365071268,,
,,,
CÔNG TY TNHH QUẢN LÝ NHIỆT ATHERM (VIỆT NAM),369919939,,
,,,
CÔNG TY TNHH WINWAY DEVELOP VIỆT NAM,9770957121,,
,,,
CÔNG TY TRÁCH NHIỆM HỮU HẠN TRANG THIẾT BỊ VẬT TƯ Y TẾ SOLUMED,396981547,,
,,,
CÔNG TY TNHH MTV TÂM AN NHI,847876666,,
,,,
CÔNG TY TNHH TM DV VẬN TẢI MAI TIẾN ĐẠT,984822032,,
,,,
CÔNG TY TNHH PHÁT TRIỂN VẬN TẢI KIM NGÂN PHÁT,943840840,,
,,,
CÔNG TY TNHH SINH THÁI VÀ MÔI TRƯỜNG NEVAK,707276595,,
,,,
CÔNG TY TNHH THƯƠNG MẠI DỊCH VỤ XÂY DỰNG VTK,969439635,,
,,,
CÔNG TY TNHH SẢN XUẤT BAO BÌ HVT,356252623,,
,,,
CÔNG TY TNHH HOÀNG DUNG BIOMASS,944145986,,
,,,
CÔNG TY TNHH VẬN TẢI PHÚC BẢO KHANG,937415438,,
,,,
CÔNG TY TNHH THÉP NAM LONG PHÁT,902007913,,
,,,
CÔNG TY TNHH KIM HOÀNG PHÁT HY,387551209,,
,,,
CÔNG TY CỔ PHẦN CƠ KHÍ MẠNH TRƯỜNG,773110387,,
,,,
CÔNG TY TNHH KIM LONG PHÁT GROUP,789387888,,
,,,
CÔNG TY TNHH SẢN XUẤT THƯƠNG MẠI SƠN ÁNH DƯƠNG,986419360,,
,,,
CÔNG TY TNHH CÔNG NGHỆ VÀ SỰ KIỆN VPA,908793793,,
,,,
CÔNG TY TNHH CƠ KHÍ XÂY DỰNG NGUYÊN BẢO,9.33E+12,,
,,,
CÔNG TY TNHH SƠN THUẬN NHIÊN,945889686,,
,,,
CÔNG TY TNHH NEXSOURCE,989963704,,
,,,
CÔNG TY TNHH LUYỆN CHỮ ĐẸP CÔ THẮM,908469814,,
,,,
CÔNG TY TNHH THƯƠNG MẠI DỊCH VỤ SANDS NAM VIỆT,908329076,,
,,,
CÔNG TY TNHH CÔNG NGHIỆP GỖ HENGSHENG,982258846,,
,,,
CÔNG TY TNHH THƯƠNG MẠI BẾP NHÀ KHƠ,981992785,,
,,,
CÔNG TY TNHH MTV ĐIỆN LẠNH THANH THẾ,981786407,,
,,,
CÔNG TY TNHH CƠ ĐIỆN HÙNG ANH,937697095,,
,,,
CÔNG TY TNHH THƯƠNG MẠI SẢN XUẤT KANGNAMVINA,329755443,,
,,,
CÔNG TY TNHH THIÊN ÂN LÝ,983751536,,
,,,
DNTN KINH DOANH VÀNG BẠC ĐÁ QUÝ KIM TÂM,345355330,,
,,,
CÔNG TY TNHH TM DV CHÂU LỘC AN,399606879,,
,,,
CÔNG TY TNHH SX TM TAKA,979735757,,
,,,
CÔNG TY TNHH TM DV VẬN CHUYỂN TUYẾN SN,899006820,,
,,,
CÔNG TY TNHH THƯƠNG MẠI DỊCH VỤ Ô TÔ TÂN MINH PHÁT,937017607,,
,,,
CÔNG TY CỔ PHẦN MÔI TRƯỜNG ECOTECHVINA,2513952595,,
,,,
CÔNG TY TNHH DỊCH VỤ DU LỊCH ANH LONG THÀNH CAR,9.09E+15,,
,,,
CÔNG TY TNHH IN ẤN SONG BIẾT,843456868,,
,,,
CÔNG TY TNHH MTV ANH NGUYÊN,359359549,,
,,,
CÔNG TY TNHH XUẤT NHẬP KHẨU LOGISTICS THUẬN HÒA,593939696,,
,,,
CÔNG TY TNHH TCCIC VN,937524078,,
,,,
CÔNG TY TNHH DỊCH VỤ VÀ ĐẦU TƯ 5S LAND,968143646,,
,,,
CÔNG TY TNHH THƯƠNG MẠI - XÂY DỰNG - THIẾT KẾ GIA PHÚC,588855599,,
,,,
CÔNG TY TNHH VẠN HỮU THỊNH,,,
CÔNG TY TNHH XNK TÀI NGUYÊN,933500029,,
,,,
CÔNG TY TNHH THƯƠNG MẠI DỊCH VỤ TRƯỜNG THỊNH PHÁT PETRO,793463144,,
,,,
CÔNG TY TNHH MTV TIẾP VẬN SKY AIR ĐỒNG NAI,786578131,,
,,,
CÔNG TY TNHH HƯNG LONG CRANES,966408467,,
,,,
CÔNG TY TNHH GIÁO DỤC PHÚC LỘC,961490497,,
,,,
CÔNG TY TNHH XÂY DỰNG THƯƠNG MẠI DỊCH VỤ KIỆT VŨ PHÁT,706394988,,
,,,
CÔNG TY TNHH SX TM DV HẢI GIANG,343448216,,
,,,
CÔNG TY TNHH DỊCH VỤ QUẢNG CÁO TRẦN DŨNG,933733954,,
,,,
CÔNG TY TNHH THƯƠNG MẠI DỊCH VỤ SẢN XUẤT NAM THÀNH,778560888,,
,,,
CÔNG TY TNHH SẢN XUẤT THƯƠNG MẠI DỊCH VỤ HUY KIÊN PHÁT,353920068,,
,,,
CÔNG TY TNHH MTV MORNING KEBAB,792808186,,
,,,
CÔNG TY TNHH DỊCH VỤ LOGISTICS MEKONG VIỆT NAM,983571648,,
,,,
HỢP TÁC XÃ THƯƠNG MẠI DỊCH VỤ - VỆ SINH MÔI TRƯỜNG BẢO HÒA,937290406,,
,,,
CÔNG TY TNHH BĐS TÂN TOÀN PHÁT,975988107,,
,,,
CÔNG TY TNHH YSY VIỆT NAM,908802462,,
,,,
CÔNG TY TNHH SẢN XUẤT VÀ THƯƠNG MẠI PHÚ NGUYỄN,385195519,,
,,,
CÔNG TY TNHH TM - DV HỒNG MINH PHÚC,394997268,,
,,,
CÔNG TY TNHH VNUNIVERSITY,849759863,,
,,,
CÔNG TY TNHH Y TẾ MINH PHƯỚC - PHÒNG KHÁM ĐA KHOA BÁC SĨ HÙNG,915634000,,
,,,
CÔNG TY CỔ PHẦN ĐẦU TƯ THIẾT KẾ XÂY DỰNG NAM TIẾN PHÁT,966767629,,
,,,
CÔNG TY TNHH TM DV DDGVN,987219542,,
,,,
CÔNG TY TNHH XÂY DỰNG & LẮP MÁY NGỌC CHÂU,9.03E+17,,
,,,
CÔNG TY TNHH MỘT THÀNH VIÊN VẬN TẢI VÀ DU LỊCH PHÚC THẮNG,914049878,,
,,,
CÔNG TY TNHH MAI PHƯƠNG THẢO FOOD,946184164,,
,,,
CÔNG TY TNHH TM DV BÌNH MY,941336440,,
,,,
CÔNG TY TNHH THƯƠNG MẠI XUẤT NHẬP KHẨU HẢI THỦY,792713367,,
,,,
CÔNG TY TNHH THƯƠNG MẠI DỊCH VỤ XUẤT NHẬP KHẨU KHÁNH HẠ,334052372,,
,,,
CÔNG TY TNHH TM DV XM TIẾN THÀNH,979352577,,
,,,
CÔNG TY TNHH TMDV NHẬT LINH,899651914,,
,,,
NGÂN HÀNG NHÀ NƯỚC CHI NHÁNH KHU VỰC 12,2513822586,,
,,,
CÔNG TY TNHH TƯ VẤN THIẾT KẾ & XÂY DỰNG - ĐT - TM- DV - SX THIÊN LỘC PHÁT,903482177,,
,,,
CÔNG TY TNHH THƯƠNG MẠI DV NGUYÊN KHANG,973011397,,
,,,
CÔNG TY TNHH MTV TM XNK TÂN NGỌC THỊNH,932143632,,
,,,
CÔNG TY CỔ PHẦN CHEMNOVA FACTORY,913184004,,
,,,
CÔNG TY TNHH THIẾT BỊ VẬT TƯ Y TẾ GLX,13844753560,,
,,,
CÔNG TY TNHH THƯƠNG MẠI VÀ DỊCH VỤ ANH PHONG PHÚ,888666411,,
,,,
CÔNG TY TNHH SẢN XUẤT THANH BÌNH PHÁT,949604872,,
,,,
CÔNG TY TNHH SẢN XUẤT & THƯƠNG MẠI VĨNH NGUYÊN PHÁT,383634234,,
,,,
CÔNG TY TNHH DỊCH VỤ DU LỊCH HIỆP HÒA,935713543,,
,,,
CÔNG TY TNHH PHÁT TRIỂN THƯƠNG MẠI DỊCH VỤ VIỆT HÙNG,988853650,,
,,,
CÔNG TY TNHH XÂY DỰNG VÀ PHÁT TRIỂN ĐẠI ĐÔNG PHƯƠNG,963084778,,
,,,
CÔNG TY TNHH PHONG THỦY LINH SƠN,987915131,,
,,,
CÔNG TY TNHH MTV TMDV TRẦN LINH,345390008,,
,,,
CÔNG TY TNHH THƯƠNG MẠI DỊCH VỤ TRẦN TIẾN 24H,921787616,,
,,,
CÔNG TY TNHH SX TM DỊCH VỤ HOÀNG SƠN LÂM LONG THÀNH,868191727,,
,,,
CÔNG TY TNHH MTV VOXELNC,986591421,,
,,,
CÔNG TY TNHH F.Q.C VIỆT NAM,343962239,,
,,,
CÔNG TY TNHH THƯƠNG MẠI - DỊCH VỤ - TỔNG HỢP HÒA PHÁT LỘC PHÁT,904166007,,
,,,
CÔNG TY TNHH MỘT THÀNH VIÊN GARA ÔTÔ ĐỊNH QUÁN,933157615,,
,,,
CÔNG TY TNHH KỸ THUẬT CÔNG NGHỆ KIM YẾN,938759124,,
,,,
CÔNG TY TNHH HT DEVELOPMENTS,919474073,,
,,,
PHÒNG DÂN TỘC VÀ TÔN GIÁO HUYỆN CẨM MỸ,988504662,,
,,,
CÔNG TY TNHH THIẾT BỊ VẬT TƯ PHÚ XUÂN,898697185,,
,,,
CÔNG TY TNHH SẢN XUẤT MỸ PHẨM MỘC KIM OANH,929868968,,
,,,
TRUNG TÂM CÔNG NGHỆ THÔNG TIN,2518823352,,
,,,
CÔNG TY TNHH PHỤ LIỆU QUỐC TẾ REMMINGTON,978659749,,
,,,
CÔNG TY LUẬT TNHH ALOHA LAW,799876848,,
,,,
CÔNG TY TNHH FREUDENBERG & VILENE INTERNATIONAL VIỆT NAM Ẵ CHI NHÁNH LONG THÀNH,907483783,,
,,,
CÔNG TY TNHH HOÀNG HÀ PHƯƠNG,826542739,,
,,,
CÔNG TY CỔ PHẦN AINGHIAHEALTH+,979857440,,
,,,
CÔNG TY TNHH 89G ACADEMY,906433573,,
,,,
CÔNG TY TNHH THƯƠNG MẠI DỊCH VỤ VẠN AN KHÁNH,707462725,,
,,,
CÔNG TY TNHH DỊCH VỤ CẢNH QUAN MỘC LONG CTL,368120687,,
,,,
CÔNG TY TNHH CƠ KHÍ XÂY DỰNG CÔNG NGHIỆP AIC E&C,816119779,,
,,,
CÔNG TY TNHH DỊCH VỤ NẤU ĂN PHƯƠNG TUYỀN,798646946,,
,,,
CÔNG TY TNHH TRƯƠNG DƯƠNG LONG KHÁNH,918645444,,
,,,
CÔNG TY TNHH SAFEBRICK ĐỒNG NAI,896997096,,
,,,
CÔNG TY CỔ PHẦN NÔNG NGHIỆP XANH PHƯỚC THỊNH,397888581,,
,,,
CÔNG TY TNHH GOLF BIÊN HÒA,968509999,,
,,,
CÔNG TY TNHH ĐT TM DV PHÚC ĐIỀN,913851414,,
,,,
CÔNG TY TNHH MTV TM-DV-SX VLNG VIETNAM WOOD,889563939,,
,,,
PHÒNG VĂN HÓA KHOA HỌC VÀ THÔNG TIN,347191780,,
,,,
BAN TUYÊN GIÁO VÀ DÂN VẬN TỈNH ỦY ĐỒNG NAI,,,
CÔNG TY TNHH ĐẦU TƯ XÂY DỰNG NHÀ PHƯỚC THUẬN,907364858,,
,,,
CÔNG TY TNHH ACC HOÀNG HÀ,979838087,,
,,,
CÔNG TY TNHH TMDV QUYỀN LÝ,987871991,,
,,,
CÔNG TY CỔ PHẦN QUỐC TẾ AMERICAN GROUP,823632323,,
,,,
CÔNG TY TNHH TM DV TỔNG HỢP ĐỒNG NAI,979670026,,
,,,
CÔNG TY TNHH PHÁT TRIỂN GIÁO DỤC LUYỆN CHỮ ĐẸP PHẠM QUỲNH CHI,909847997,,
,,,
CÔNG TY TNHH XNK PHONG ĐIỀN,788747006,,
,,,
CÔNG TY TNHH XÂY DỰNG ĐẠI PHƯƠNG NAM,983009963,,
,,,
CÔNG TY TNHH XÂY DỰNG QUỐC THÁI AN,932154023,,
,,,
CÔNG TY TNHH MTV LỘC TÍN,863526886,,
,,,
CÔNG TY TNHH SẢN XUẤT THƯƠNG MẠI CHẾ TẠO CƠ KHÍ THẮNG ĐẠI PHÁT,962556155,,
,,,
PHÒNG DÂN TỘC VÀ TÔN GIÁO,2513670076,,
,,,
PHÒNG NÔNG NGHIỆP VÀ MÔI TRƯỜNG,2513676076,,
,,,
PHÒNG VĂN HÓA, KHOA HỌC VÀ THÔNG TIN,916706001,
,,,
PHÒNG NÔNG NGHIỆP VÀ MÔI TRƯỜNG HUYỆN TÂN PHÚ,918265872,,
,,,
CÔNG TY CỔ PHẦN ĐẦU TƯ THƯƠNG MẠI DỊCH VỤ CHIẾU XẠ LƯU TRỮ ĐÓNG GÓI & VẬN CHUYỂN THIÊN KIM,938809986,,
,,,
CÔNG TY CỔ PHẦN CÔNG NGHỆ SBOT,948822866,,
,,,
DOANH NGHIỆP TƯ NHÂN HY LẠC TRIẾT,7.78E+12,,
,,,
CÔNG TY TNHH GD THIÊN ANH,918016374,,
,,,
CÔNG TY TNHH PHÁT TRIỂN GIÁO DỤC THÁI GIANG,983608578,,
,,,
CÔNG TY TNHH VOCALIS PRO,813670133,,
,,,
CÔNG TY TNHH CƠ KHÍ CHẾ TẠO ZENMEC,812387540,,
,,,
CÔNG TY TNHH GIẢI PHÁP NĂNG LƯỢNG DTTECH,329717575,,
,,,
CÔNG TY TNHH THƯƠNG MẠI DỊCH VỤ M&T GROUP,9.02E+15,,
,,,
CÔNG TY TNHH THÀNH KIM ĐẠT,983349889,,
,,,
CÔNG TY TNHH TỨ AN BIÊN HÒA,909345555,,
,,,
CÔNG TY TNHH THIẾT KẾ THI CÔNG XÂY DỰNG HẢI NAM,987479528,,
,,,
CÔNG TY TNHH KINH DOANH NHỰA VÀ BAO BÌ THÀNH AN,788927053,,
,,,
CÔNG TY TNHH VẬT LIỆU GỖ MẠNH QUÂN,919181120,,
,,,
CÔNG TY TNHH SX TMDV PHÁT KHANG,979896878,,
,,,
CÔNG TY TNHH XÂY DỰNG CHÍN TIẾN,899004405,,
,,,
CÔNG TY TNHH AN TRÚC PHONG,943547232,,
,,,
CÔNG TY TNHH THƯƠNG MẠI DỊCH VỤ KỲ NGUYỆN HƯƠNG,967121568,,
,,,
CÔNG TY TNHH THỰC PHẨM VIỆT ANH THY,918455600,,
,,,
CÔNG TY TNHH THƯƠNG MẠI DỊCH VỤ PRIME INFINITY,902934926,,
,,,
CÔNG TY CỔ PHẦN TUỆ AN PHÁT,379025496,,
,,,
CÔNG TY TNHH NHÂN PHỤC HƯNG,964215789,,
,,,
CÔNG TY TNHH SẢN XUẤT GIA CÔNG CƠ KHÍ NGHIỆP PHÁT THÀNH,938295522,,
,,,
CÔNG TY TNHH XÂY DỰNG - VẬN TẢI - DỊCH VỤ - THƯƠNG MẠI NGỌC THANH TÂM,703333222,,
,,,
CÔNG TY TNHH TMDV AURUM,911092727,,
,,,
CÔNG TY TNHH DỊCH VỤ AN TOÀN LAO ĐỘNG BẮC TRUNG NAM,388907968,,
,,,
CÔNG TY TNHH VẠN BÌNH THÀNH,786749886,,
,,,
CÔNG TY TNHH DỊCH VỤ BẢO VỆ AN NINH 4/10,9.38E+15,,
,,,
CÔNG TY TNHH SAN LẤP MẶT BẰNG VÀ VẬT LIỆU XÂY DỰNG HOÀNG TÂN SƠN,905975787,,
,,,
CÔNG TY TNHH MTV GỖ HOÀNG TRÂM ANH,913985267,,
,,,
CÔNG TY TNHH XÂY DỰNG YẾN LINH,919477289,,
,,,
CÔNG TY TNHH TM VÀ CP DỊCH VỤ NGOẠI NGỮ VN,794691895,,
,,,
CÔNG TY TNHH GIÁO DỤC ĐÀO PHƯƠNG,399909979,,
,,,
CÔNG TY TNHH PHÚC ANH THỌ,2518603999,,
,,,
CÔNG TY CỔ PHẦN ĐÀO TẠO LÁI XE SONG HÀNH TH,2513952595,,
,,,
CÔNG TY TNHH HOÀNG LONG COMMODITIES,969050939,,
,,,
CÔNG TY TNHH THƯƠNG MẠI DỊCH VỤ GIAO NHẬN ANH LỢI,961250819,,
,,,
CÔNG TY CỔ PHẦN TMDV VÀ ĐẦU TƯ XÂY DỰNG THÀNH THỊNH,968421762,,
,,,
CÔNG TY TNHH TƯ VẤN VP & ASSOCIATES,919154718,,
,,,
CÔNG TY TNHH THIÊN PHONG THUỶ,938074568,,
,,,
CÔNG TY TNHH ĐÀO TẠO VÀ GIÁO DỤC HOMIES,928639586,,
,,,
CÔNG TY TNHH THƯƠNG MẠI - DỊCH VỤ - KỸ THUẬT AN TÂM PHÁT,978162279,,
,,,
CÔNG TY TNHH PHÚC NGÂN KIM,918275656,,
,,,
CÔNG TY TNHH BẠN ĐỒNG HÀNH ĐỒNG NAI,782567878,,
,,,
CÔNG TY TNHH TM DV HOÀNG LIÊN SƠN,916397928,,
,,,
CÔNG TY TNHH KỸ THUẬT- THƯƠNG MẠI VÀ SẢN XUẤT VIỆT TRUNG ĐỨC,937559286,,
,,,
CÔNG TY TNHH GIÁO DỤC MEA,767060717,,
,,,
CÔNG TY TNHH VẬN TẢI HỒNG SINH,909589457,,
,,,
CÔNG TY TNHH BIỂN VÀNG LOGISTICS,988837589,,
,,,
CÔNG TY TNHH NĂNG LƯỢNG XANH MO,967714823,,
,,,
CÔNG TY TNHH TMDV XD VÀ VẬN CHUYỂN HÀ THANH,768872259,,
,,,
CÔNG TY TNHH ADAPTECH,909430968,,
,,,
CÔNG TY TNHH TƯ VẤN GIÁO DỤC THÀNH ĐẠT,938773575,,
,,,
CÔNG TY TNHH KINH DOANH THƯƠNG MẠI PHAN HIỀN,353693034,,
,,,
CÔNG TY TNHH SX-TM NÔNG SẢN ĐẤT VIỆT,965979988,,
,,,
CÔNG TY TNHH THƯƠNG MẠI DỊCH VỤ QUẢNG CÁO QUÂN BẢO,792627619,,
,,,
CÔNG TY TNHH MỘT THÀNH VIÊN THƯƠNG MẠI BẢO AN PHÁT,344167586,,
,,,
CÔNG TY TNHH THƯƠNG MẠI DỊCH VỤ ĐỨC ANH LOGISITCS,937983786,,
,,,
CÔNG TY TNHH THỰC PHẨM CƠM VIỆT,967619679,,
,,,
CÔNG TY TNHH LAM SON LUAT,357295040,,
,,,
CÔNG TY TNHH KTS.PAINT,916429439,,
,,,
CÔNG TY TNHH MTV THUẤN PHÁT,989479090,,
,,,
CÔNG TY TNHH PHỤC VỤ MẶT ĐẤT SÀI GÒN - LONG THÀNH,908414641,,
,,,
CÔNG TY TNHH BAO BÌ LONGBAO,825670999,,
,,,
CÔNG TY TNHH NÔNG SẢN GIAO NHANH,823251958,,
,,,
CÔNG TY TNHH THƯƠNG MẠI DỊCH VỤ VÀ SẢN XUẤT MHV,2513851389,,
,,,
CÔNG TY TNHH XNK NÔNG SẢN SẠCH VŨ COFFEE,937752255,,
,,,
CÔNG TY TNHH XNK CÔNG THÀNH NUTS,374600979,,
,,,
CÔNG TY TNHH A.T FURNITURE,983305767,,
,,,
CÔNG TY TNHH JM HEALTH KOREA,772436347,,
,,,
CÔNG TY TNHH PHÁT TRIỂN GIÁO DỤC TRẦN VY,984242719,,
,,,
CÔNG TY TNHH Ý KHANG AN,974300258,,
,,,
CÔNG TY TNHH LINH DƯƠNG DONA,593939696,,
,,,
CÔNG TY TNHH TMDV PHONG HÂN,938129678,,
,,,
CÔNG TY TNHH XÂY DỰNG HOÀNG VŨ D&C,908884719,,
,,,
HỢP TÁC XÃ CÂY CẢNH ĐỊNH QUÁN,983750701,,
,,,
HỢP TÁC XÃ THƯƠNG MẠI VÀ DỊCH VỤ CHỢ PHÚ LỢI,395223277,,
,,,
CÔNG TY TNHH VẬN TẢI VÀ DỊCH VỤ DU LỊCH MINH CHÂU,888046016,,
,,,
CÔNG TY TNHH THƯƠNG MẠI SẢN XUẤT THIẾT KẾ CÔNG NGHỆ LT,356843698,,
,,,
CÔNG TY TNHH NHÂN LỰC QUỐC TẾ HANEI VIỆT NAM,352511796,,
,,,
CÔNG TY TNHH TRẦN THIÊN ÂN,365538135,,
,,,
CÔNG TY TNHH DỊCH VỤ TIẾN KHOA,934233997,,
,,,
CÔNG TY TNHH NHU ANH PROCESSING,916334493,,
,,,
CÔNG TY TNHH THI CÔNG XÂY DỰNG NGUYỄN TRƯỜNG,985121408,,
,,,
CÔNG TY TNHH ĐT TM VẬN TẢI TUẤN MINH,777421782,,
,,,
CÔNG TY TNHH MTV TMDV PHƯỚC THỊNH,988171443,,
,,,
CÔNG TY TNHH DV KỸ NGHỆ ĐÔNG NAM BỘ,969872059,,
,,,
CÔNG TY TNHH ĐÀO TẠO QUỐC TẾ AMBER DƯƠNG,979723273,,
,,,
CÔNG TY TNHH TM DV TIN HỌC LONG KHÁNH,983801330,,
,,,
CÔNG TY TNHH KIM THÁI WOOD,948494979,,
,,,
CÔNG TY TNHH DV TM THANH NHÀN,924033566,,
,,,
CÔNG TY TNHH KIẾN TRÚC XÂY DỰNG VÀ NỘI THẤT HUỲNH GIA,931845170,,
,,,
CÔNG TY TNHH THƯƠNG MẠI VẬT LIỆU & XÂY DỰNG PHÚ QUÝ,365275989,,
,,,
CÔNG TY TNHH TM - DV HỢP TÁC - CHIA SẺ,985304080,,
,,,
CÔNG TY TNHH HOTEL VÀ DU LỊCH BOOKING,968502048,,
,,,
CÔNG TY TNHH THÔNG VIỆT ĐỒNG NAI,9160105832,,
,,,
CÔNG TY TNHH VĂN PHÒNG PHẨM NGUYỄN TRÚC,867065099,,
,,,
CÔNG TY TNHH THƯƠNG MẠI DỊCH VỤ LONG TÍN PHÁT,947639639,,
,,,
CÔNG TY TNHH XỬ LÝ MÔI TRƯỜNG LIÊN VIỆT,975718228,,
,,,
CÔNG TY TNHH DỊCH VỤ VẬN TẢI VÀ XUYÊN VIỆT TRAVEL,975658913,,
,,,
CÔNG TY TNHH NỘI THẤT GỖ LONG PHÁT,918790186,,
,,,
CÔNG TY TNHH NGOẠI NGỮ MS. LOAN,339631035,,
,,,
CÔNG TY CỔ PHẦN NHỰA ĐƯỜNG NGUYỄN ĐÌNH 79,922079779,,
,,,
CÔNG TY TNHH NHŨ TƯƠNG NHỰA ĐƯỜNG TRUNG LINH,902090759,,
,,,
CÔNG TY TNHH THƯƠNG MẠI VẬT LIỆU LONGCHENG HEIMAO,906668418,,
,,,
CÔNG TY TNHH ENGLISH VICTORY,766647674,,
,,,
CÔNG TY TNHH HƯNG THỊNH HPT,877254659,,
,,,
CÔNG TY TNHH DỊCH VỤ ẮC QUY ĐỨC LUYẾN,908068639,,
,,,
PHÒNG NÔNG NGHIỆP VÀ MÔI TRƯỜNG,919358098,,
,,,
PHÒNG DÂN TỘC VÀ TÔN GIÁO HUYỆN THỐNG NHẤT,,,
CÔNG TY TNHH SẢN XUẤT THƯƠNG MẠI ĐỒ GỖ NGHĨA SƠN,916668086,,
,,,
CÔNG TY TNHH SẢN XUẤT THƯƠNG MẠI PHÁT ĐỈNH,812139683,,
,,,
CÔNG TY TNHH NỘI THẤT - VẬN TẢI - XÂY DỰNG TIẾN PHÁT,899582336,,
,,,
CÔNG TY TNHH SX TM DV BẢO NGÂN,909362862,,
,,,
CÔNG TY TNHH CƠ KHÍ XÂY DỰNG THÀNH TRUNG CONSTRUCTION,853886888,,
,,,
CÔNG TY TNHH DỊCH VỤ NHÀ HÀNG THIÊN CHIẾU,903663327,,
,,,
CÔNG TY TNHH NĂNG LƯỢNG ĐIỀN PHÁT,838666939,,
,,,
CÔNG TY TNHH TRƯỜNG KIM CMG,329399113,,
,,,
CÔNG TY TNHH NERISSA,958558489,,
,,,
CÔNG TY TNHH PHAN ĐẠT ĐẠI LỘC,869515650,,
,,,
CÔNG TY CỔ PHẦN NÔNG NGHIỆP XANH NGUYÊN LỘC,906777970,,
,,,
PHÒNG KINH TẾ, HẠ TẦNG VÀ ĐÔ THỊ,988866658,
,,,
PHÒNG NÔNG NGHIỆP VÀ MÔI TRƯỜNG HUYỆN XUÂN LỘC,,,
PHÒNG DÂN TỘC VÀ TÔN GIÁO HUYỆN XUÂN LỘC,919403071,,
,,,
CÔNG TY TNHH ZUTII,973929247,,
,,,
CÔNG TY TNHH THƯƠNG MẠI DỊCH VỤ ĐẦU TƯ PLD,528002689,,
,,,
PHÒNG KINH TẾ, HẠ TẦNG VÀ ĐÔ THỊ HUYỆN LONG THÀNH,906640339,
,,,
CÔNG TY TNHH KHUÔN MẪU VIỆT TN,907442669,,
,,,
CÔNG TY TNHH THƯƠNG MẠI DỤNG CỤ CƠ KHÍ AUTOHITEK,937298072,,
,,,
CÔNG TY CỔ PHẦN HB OIL,707859997,,
,,,
CÔNG TY TNHH TM DV BẢO THỊNH VƯỢNG,945631414,,
,,,
CÔNG TY TNHH HAO HAO,942336409,,
,,,
CÔNG TY TNHH THƯƠNG MẠI VÀ DỊCH VỤ DƯƠNG DIỆP ĐAN,768797389,,
,,,
CÔNG TY TNHH THƯƠNG MẠI DỊCH VỤ THIẾT BỊ TRANG TRẠI CHĂN NUÔI HÀO KIỆT PHÁT,902697567,,
,,,
CÔNG TY TNHH SẢN XUẤT THƯƠNG MẠI SONG THÔNG PHÁT,816894213,,
,,,
CÔNG TY TNHH PHÚC KHANG AN HÒA,812786978,,
,,,
CÔNG TY TNHH NT NAM TRƯỜNG QUÂN,976939508,,
,,,
CÔNG TY TNHH SEA AUTOTECH,888270370,,
,,,
CÔNG TY TNHH LƯƠNG THẮNG THUẬN,906123426,,
,,,
CÔNG TY TNHH TƯ VẤN THIẾT KẾ XÂY DỰNG VÀ CƠ KHÍ THANH HÀ,933164958,,
,,,
CÔNG TY TNHH SX TM XNK GỖ TIẾN PHÁT,969282917,,
,,,
CÔNG TY TNHH GIÁO DỤC HAPPY ACADEMY,375698024,,
,,,
CÔNG TY TNHH LINH NHI LANGUAGES,904329861,,
,,,
CÔNG TY TNHH MTV NGOẠI NGỮ PHẠM HOÀNG GIA,938635250,,
,,,
CÔNG TY TNHH TM H&C HOÀN CẦU,352382742,,
,,,
CÔNG TY TNHH TMDV VÀ XÂY DỰNG DK HOME,83678799,,
,,,
CÔNG TY TNHH TDLINK,902379659,,
,,,
CÔNG TY TNHH MTV SẢN XUẤT HOÀNG MINH,91163506,,
,,,
CÔNG TY TNHH ANN GENARAL,799989179,,
,,,
CÔNG TY TNHH TRUYỀN THÔNG GIẢI TRÍ ÁNH SAO,965704438,,
,,,
CÔNG TY TNHH ĐẦU TƯ TM & DV HOÀNG DŨNG,936738982,,
,,,
CÔNG TY TNHH THƯƠNG MẠI DỊCH VỤ THU TIẾN PHÁT,896157336,,
,,,
CÔNG TY TNHH THƯƠNG MẠI CAO SU TUẤN,937209914,,
,,,
CÔNG TY CỔ PHẦN AC-CONS,902100672,,
,,,
CÔNG TY TNHH NHÔM KÍNH PHƯƠNG ANH,982848054,,
,,,
CÔNG TY TNHH THƯƠNG MẠI VÀ DỊCH VỤ SEN VIỆT FOOD,987004037,,
,,,
CÔNG TY TNHH MỘT THÀNH VIÊN NAM THUYẾT,919162773,,
,,,
CÔNG TY TNHH MTV NGOẠI NGỮ HAPPY,823974541,,
,,,
CÔNG TY TNHH TƯ VẤN THIẾT KẾ XÂY DỰNG TÔ GIA PHÁT,988337273,,
,,,
CÔNG TY TNHH ĐẦU TƯ VÀ XÂY DỰNG TRƯỜNG ĐẠI PHÁT,9312551,,
,,,
CÔNG TY TNHH HY VINA,792015266,,
,,,
CÔNG TY TNHH MTV TMDV PHƯƠNG ANH,965360443,,
,,,
PHÒNG NÔNG NGHIỆP VÀ MÔI TRƯỜNG HUYỆN LONG THÀNH,3.89E+19,,
,,,
PHÒNG DÂN TỘC VÀ TÔN GIÁO HUYỆN LONG THÀNH,976098101,,
,,,
PHÒNG VĂN HÓA, KHOA HỌC VÀ THÔNG TIN HUYÊÊN LONG THÀNH,9.07E+20,
,,,
KIRIN ENGINEERING CO.,LTD-THAU CHINH CAI TAO NHA XUONG & XAY MOI NHA KHO NGUYEN LIEU CTY KOIKEYA VN,2838218600,
,,,
CÔNG TY TNHH VẬN TẢI TRÍ HÙNG,961972023,,
,,,
CÔNG TY TNHH MỘT THÀNH VIÊN NHỰT CHÁNH,898394886,,
,,,
CÔNG TY TNHH XÂY DỰNG THƯƠNG MẠI DỊCH VỤ ĐẠI PHÁT CÁT TƯỜNG,903317778,,
,,,
CÔNG TY TNHH XỐP ĐỨC PHÁT,913777904,,
,,,
CÔNG TY TNHH KAIBO ELECTRICAL APPLIANCES VIỆT NAM,359826376,,
,,,
CÔNG TY TNHH TM DV PHÁT TIẾN TRIỂN,888553288,,
,,,
PHÒNG Y TẾ HUYỆN TÂN PHÚ,9757575717,,
,,,
PHÒNG NÔNG NGHIỆP VÀ MÔI TRƯỜNG HUYỆN ĐỊNH QUÁN,9.19E+17,,
,,,
CÔNG TY TNHH PHÒNG KHÁM ĐA KHOA Y ĐỨC TRẢNG DÀI,935378504,,
,,,
CÔNG TY TNHH THƯƠNG MẠI DỊCH VỤ NHUNG HỒNG PHÁT,9028032996,,
,,,
CÔNG TY TNHH MỘT THÀNH VIÊN MINH NGUYÊN HR,799999976,,
,,,
CÔNG TY TNHH GIẢI PHÁP NHÂN LỰC TRÍ MINH,934551930,,
,,,
CÔNG TY TNHH TM DV CN NEW,563743629,,
,,,
CÔNG TY TNHH SẢN XUẤT THƯƠNG MẠI DẦU ĐIỀU LỘC PHÁT,968876139,,
,,,
CÔNG TY TNHH ONG MẬT ĐÔNG TÂY,938689559,,
,,,
CÔNG TY TNHH NGŨ KIM LTP,766508418,,
,,,
CÔNG TY TNHH THƯƠNG MẠI VÀ DỊCH VỤ PHÚC HÀO,9221993468,,
,,,
CÔNG TY TNHH THỰC PHẨM MINH PHÚ,987274,,
,,,
CÔNG TY TNHH THẠCH VIỆT AN PHƯỚC,2513686998,,
,,,
CÔNG TY TNHH NGÔ KỲ,981101041,,
,,,
CÔNG TY TNHH TM DV XD GIA HÂN GH,986444292,,
,,,
CÔNG TY TNHH K.E CERAMICS VINA,937748468,,
,,,
CÔNG TY TNHH GỖ KHÔI GIA PHÁT,902689027,,
,,,
CÔNG TY TNHH MTV PHÚ TÂM PHÁT,977221850,,
,,,
CÔNG TY CỔ PHẦN CÔNG NGHỆ BÁCH DIỆP MIỀN ĐÔNG,947018334,,
,,,
CÔNG TY TNHH THƯƠNG MẠI HÙNG PHÚC,936753040,,
,,,
CÔNG TY TNHH XÂY DỰNG VÀ KỸ THUẬT B CONS,911114699,,
,,,
CÔNG TY TNHH GIÁO DỤC PHÚC YẾN TÂM,911896253,,
,,,
CÔNG TY TNHH THỜI PHÁT LINH QT,933187354,,
,,,
CÔNG TY TNHH GIÁO DỤC KỸ NĂNG SỐNG KHAI TRÍ,969731506,,
,,,
CÔNG TY TNHH THÀNH VINH FOOD,898105179,,
,,,
PHÒNG DÂN TỘC VÀ TÔN GIÁO HUYỆN NHƠN TRẠCH,919473838,,
,,,
PHÒNG DÂN TỘC VÀ TÔN GIÁO,,,
CÔNG TY TNHH XÂY DỰNG GIAO THÔNG THÁI AN,775090007,,
,,,
CÔNG TY TNHH GIÁO DỤC THIÊN PHÚC,937115722,,
,,,
CÔNG TY TNHH TH FEED GROUP,976027824,,
,,,
CÔNG TY TNHH CƠ KHÍ KIM LOẠI HUỲNH TẤN PHÁT,799878461,,
,,,
CÔNG TY TNHH MTV HAPPY HOUSE,972985982,,
,,,
CÔNG TY TNHH TMDV Ô TÔ BIÊN HÒA,2515558822,,
,,,
CÔNG TY TNHH THIẾT KẾ XÂY DỰNG MR.TÌNH,933600218,,
,,,
CÔNG TY TNHH THỰC PHẨM HÙNG CƯỜNG PHÁT,961333379,,
,,,
CÔNG TY TNHH THANG MÁY THIẾT BỊ KỸ THUẬT ĐIỆN HOÀNG LONG,901655161,,
,,,
CÔNG TY TNHH HOÁ DẦU BIỂN ĐÔNG SUN,965711572,,
,,,
CÔNG TY TNHH THƯƠNG MẠI - SẢN XUẤT D&G VIỆT NAM,914449969,,
,,,
CÔNG TY TNHH TM DV THẾ HIỂN,987505311,,
,,,
CÔNG TY TNHH ĐIỆN MÁY - ĐIỆN LẠNH HUỲNH GIA,945625050,,
,,,
ĐẢNG ỦY ỦY BAN NHÂN DÂN TỈNH ĐỒNG NAI,989679965,,
,,,
CÔNG TY TNHH SX VÀ TM NỘI THẤT TOÀN CẦU VĨNH PHÁT,962813923,,
,,,
CÔNG TY TNHH MỘT THÀNH VIÊN BIA CAO TRÍ 2,965044538,,
,,,
CÔNG TY TNHH THIÊN LỘC SEAFOOD,372547179,,
,,,
CÔNG TY TNHH DRAGON CITY LOGISTICS,2513559968,,
,,,
ĐẢNG ỦY CÁC CƠ QUAN ĐẢNG TỈNH ĐỒNG NAI,,,
CÔNG TY TNHH DỊCH VỤ THƯƠNG MẠI XÂY DỰNG CƠ KHÍ VẠN PHƯỚC HƯNG,3.79E+12,,
,,,
CÔNG TY TNHH TM DV NÔNG SẢN NGỌC LIÊM,398871411,,
,,,
CÔNG TY TNHH QUỐC TẾ RBS SDN BHD,777715595,,
,,,
CÔNG TY TNHH ĐẦU TƯ XÂY DỰNG CƯỜNG ĐẠI PHÁT,903461886,,
,,,
CÔNG TY TNHH SX TM DV BẢO MINH,847970677,,
,,,
CÔNG TY TRÁCH NHIỆM HỮU HẠN GIAO NHẬN VẬN TẢI PHÚC HỮU,9.03E+12,,
,,,
CÔNG TY TNHH ALPHATHETA TECHNOLOGY VIỆT NAM,2513201032,,
,,,
CÔNG TY TNHH XÂY DỰNG NỘI THẤT VIHOME,989113788,,
,,,
CÔNG TY TNHH THƯƠNG MẠI HAIXING,338168551,,
,,,
CÔNG TY TNHH TM - DV QUANG CHÁNH,988420789,,
,,,
CÔNG TY TNHH IN ẤN KỸ THUẬT SỐ SAO VÀNG,908769222,,
,,,
CÔNG TY TNHH DỊCH VỤ VẬN TẢI THIÊN SÁNG,707134234,,
,,,
CÔNG TY TNHH BEE CAO ĐẠT THẮNG,933568230,,
,,,
CÔNG TY TNHH XÂY DỰNG CƠ ĐIỆN PHÚ THÀNH,906291701,,
,,,
CÔNG TY TNHH TM DV SX ĐÀO PHƯƠNG TRINH,902524234,,
,,,
CÔNG TY TNHH CAMPING ZONE,919192000,,
,,,
CÔNG TY TNHH THƯƠNG MẠI DỊCH VỤ VINASHIP,385595400,,
,,,
CÔNG TY TNHH CHẾ BIẾN XNK ĐÁ BAZAN,918655655,,
,,,
CÔNG TY TNHH KHOMES VIỆT NAM,908257874,,
,,,
CÔNG TY CỔ PHẦN ĐẦU TƯ VÀ PHÁT TRIỂN KIM OANH REALTY,945044910,,
,,,
CÔNG TY TNHH DỊCH VỤ TƯ VẤN PHÚC THÀNH ĐẠT,989369845,,
,,,
CÔNG TY TNHH TMDV NHƯ SANG PHÁT,989276872,,
,,,
CÔNG TY TNHH SƠN HÀ XANH ĐỒNG NAI,985120064,,
,,,
CÔNG TY TNHH ANH NGỮ NEW STAR ĐỒNG NAI,988496829,,
,,,
CÔNG TY TNHH THƯƠNG MẠI DỊCH VỤ GIAO NHẬN VẬN TẢI MAI ÚT,9.05E+12,,
,,,
CÔNG TY TNHH TMDV NÔNG SẢN HƯNG THỊNH,947318523,,
,,,
CÔNG TY TNHH MTV KINH DOANH VÀNG TIỆM VÀNG KIM CƯỜNG,3.80E+15,,
,,,
CÔNG TY TNHH MTV KIẾN THỨC TRẺ,385681234,,
,,,
PHÒNG DÂN TỘC VÀ TÔN GIÁO,,,
CÔNG TY LUẬT TNHH NITI LAW,962593309,,
,,,
CÔNG TY TNHH YUEDA ELECTRIC APPLIANCE,986978630,,
,,,
CÔNG TY CỔ PHẦN QUỐC TẾ TM GROW,2.52E+14,,
,,,
CÔNG TY TNHH THỰC NGHIỆP ĐẠT KIẾN,2513984933,,
,,,
CÔNG TY CỔ PHẦN THỨC ĂN CHĂN NUÔI RICO ĐỒNG NAI,2513772414,,
,,,
CÔNG TY TNHH VIAGOGO,933060382,,
,,,
CÔNG TY TNHH HÌNH ẢNH Y KHOA HUỲNH TẤN PHÁT,985651112,,
,,,
CÔNG TY TNHH VĨNH LỘC SOLAR,946392439,,
,,,
CÔNG TY TNHH THƯƠNG MẠI DỊCH VỤ XUẤT NHẬP KHẨU KỲ KHANG,937683636,,
,,,
CÔNG TY TNHH NGUYÊN THANH ĐẠT,358294648,,
,,,
CÔNG TY TNHH THIẾT KẾ XÂY DỰNG LAGI HOUSE,888882479,,
,,,
CÔNG TY TNHH DỊCH VỤ KHOAN THIỆN PHÁT,966544626,,
,,,
CÔNG TY TNHH SHIPSIEUSAO,392999132,,
,,,
CÔNG TY TNHH DỆT KIM HOA LONG,839462944,,
,,,
CÔNG TY TNHH THƯƠNG MẠI PHÁT TRIỂN VT THUẬN HẢI,926453453,,
,,,
CÔNG TY TNHH CÔNG NGHỆ XÂY LẮP ĐÔNG NAM,943931611,,
,,,
HỢP TÁC XÃ LỘC PHÁT THANH SƠN,988192618,,
,,,
CÔNG TY TNHH HOÀNG NGUYÊN NHÂN,937357104,,
,,,
CÔNG TY TNHH HƯƠNG VỊ FOOD,904784370,,
,,,
CÔNG TY TNHH CÔNG NGHỆ TRUYỀN THÔNG LÊ TÀI,977736728,,
,,,
CÔNG TY TNHH XÂY DỰNG ĐẦU TƯ QUỲNH SANG,974282963,,
,,,
CÔNG TY TNHH THƯƠNG MẠI VIỄN NGỌC,982255490,,
,,,
PHÒNG KINH TẾ, HẠ TẦNG VÀ ĐÔ THỊ HUYỆN VĨNH CỬU,972283824,
,,,
PHÒNG NÔNG NGHIỆP VÀ MÔI TRƯỜNG,2513521911,,
,,,
PHÒNG KINH TẾ, HẠ TẦNG VÀ ĐÔ THỊ HUYỆN NHƠN TRẠCH,2513561260,
,,,
PHÒNG VĂN HÓA, KHOA HỌC VÀ THÔNG TIN HUYÊÊN NHƠN TRAÊCH,2513521139,
,,,
CÔNG TY TNHH GIÁO DỤC UY KHÔI,919477146,,
,,,
CÔNG TY TNHH THIẾT BỊ CÔNG NGHỆ PHƯỚC MINH,981662642,,
,,,
CÔNG TY TNHH PHÁT TRIỂN SẢN XUẤT DỊCH VỤ THƯƠNG MẠI TÂM AN,367193886,,
,,,
CÔNG TY TNHH QUÂN ĐỨC PHÁT,908935928,,
,,,
CÔNG TY TNHH DTPT AOSOOD ACV,705805859,,
,,,
CÔNG TY TNHH THƯƠNG MẠI DỊCH VỤ MỸ PHẨM SU MI O VINA,948258608,,
,,,
CÔNG TY TNHH TDA GLOBAL,395555091,,
,,,
PHÒNG NÔNG NGHIỆP VÀ MÔI TRƯỜNG HUYỆN VĨNH CỬU,2513861294,,
,,,
CÔNG TY TNHH SẢN XUẤT THƯƠNG MẠI DỊCH VỤ AN THÚY,9.36E+12,,
,,,
CÔNG TY TNHH YOUGI VIỆT NAM,8.61E+12,,
,,,
CÔNG TY TNHH MIỀN NAM THỊNH VƯỢNG LAND,946768851,,
,,,
CÔNG TY TNHH ANH NGỮ BẢO AN,915333839,,
,,,
CÔNG TY TNHH TM DV PURI VIỆT NAM,908525579,,
,,,
CÔNG TY CỔ PHẦN TRUNG TÂM BỒI DƯỠNG TÀI NĂNG VIỆT,941887413,,
,,,
CÔNG TY TNHH ĐẦU TƯ PHÁT TRIỂN DL VN,899826118,,
,,,
CÔNG TY TNHH TM - DV XNK NGỌC NHƯ Ý,961345609,,
,,,
,,,
,,,
,,,
,,,
,,,
,,,
,,,
,,,
,,,
CÔNG AN XÃ PHÚ HỮU,913728879,,
,,,
CÔNG AN XÃ TÀ LÀI,,,
CÔNG AN XÃ PHÚ THANH,2513856189,,
,,,
CÔNG TY TNHH XE NÂNG HANGCHA VIỆT NAM,8.66E+12,,
,,,
CÔNG TY TNHH NGỌC NGUYÊN ANH GROUP,931244029,,
,,,
CÔNG TY TNHH SẢN XUẤT CƠ KHÍ KIM ANH PHÁT,9161507664,,
,,,
CÔNG TY TNHH TUYẾT SNOW DANCE ACADEMY,904877005,,
,,,
CÔNG TY TNHH TMDV CƠ GIỚI ĐẠI NAM,398151594,,
,,,
CÔNG TY TNHH ĐÀO TẠO GIÁO DỤC BÁN TRÚ NGUYÊN NGỌC,903311445,,
,,,
CÔNG TY TNHH GIÁO DỤC & ĐÀO TẠO HỒNG BÀNG,914521262,,
,,,
CÔNG TY TNHH DỊCH VỤ THƯƠNG MẠI VẬN TẢI NGỌC GIA PHÁT,865511443,,
,,,
CÔNG TY TNHH MỘT THÀNH VIÊN HOTEL GIANG ĐIỀN,982158979,,
,,,
CÔNG TY TNHH CẢI TẠO Ô TÔ ĐỒNG NAI,767670202,,
,,,
CÔNG TY TNHH AMY EDUCATION,333789252,,
,,,
CÔNG TY TNHH CHÍNH XÁC RUIJIA,799769579,,
,,,
CÔNG TY TNHH MTV ĐỒNG KHÁNH PHÁT,946917986,,
,,,
CÔNG TY TNHH XÂY DỰNG THƯƠNG MẠI DỊCH VỤ TÂM ANH,961017172,,
,,,
CÔNG TY TNHH MTV TMDV XÂY DỰNG DUY KHÁNH,938568552,,
,,,
CÔNG TY TNHH TRẠM SẠC MINH PHƯỚC,913851749,,
,,,
CÔNG TY TNHH TM DV NAM ANH PHÁT,908783938,,
,,,
CÔNG TY TNHH TM DV NGUYỄN QUÂN,972452783,,
,,,
CÔNG AN PHƯỜNG TÂN PHONG,,,
CÔNG AN PHƯỜNG TÂN MAI,,,
CÔNG AN PHƯỜNG AN HÒA,,,
CÔNG AN XÃ ĐỒI 61,2513538187,,
,,,
CÔNG AN XÃ SÔNG THAO,963217729,,
,,,
CÔNG AN XÃ BẮC SƠN,2513869045,,
,,,
CÔNG AN XÃ TÂY HÒA,2513678663,,
,,,
CÔNG AN XÃ BÌNH MINH,2513866502,,
,,,
CÔNG AN XÃ GIANG ĐIỀN,2513685836,,
,,,
CÔNG AN XÃ TRUNG HÒA,2513678558,,
,,,
CÔNG AN XÃ AN VIỄN,2513538833,,
,,,
CÔNG AN PHƯỜNG TÂN BIÊN,,,
CÔNG AN XÃ PHÚ XUÂN,2513856263,,
,,,
CÔNG AN PHƯỜNG TAM PHƯỚC,,,
CÔNG AN THỊ TRẤN TÂN PHÚ,2513856059,,
,,,
CÔNG AN PHƯỜNG BỬU LONG,,,
CÔNG AN PHƯỜNG AN BÌNH,,,
CÔNG AN XÃ PHÚ LỘC,2513690505,,
,,,
CÔNG AN PHƯỜNG HỐ NAI,,,
CÔNG AN PHƯỜNG TÂN HIỆP,,,
CÔNG AN XÃ PHƯỚC KHÁNH,2513519345,,
,,,
CÔNG AN PHƯỜNG TÂN HÒA,,,
CÔNG AN PHƯỜNG LONG BÌNH,,,
CÔNG AN XÃ PHÚ AN,2513668016,,
,,,
CÔNG AN XÃ DAK LUA,2.63E+17,,
,,,
CÔNG AN XÃ TRÀ CỔ,2513846582,,
,,,
CÔNG AN PHƯỜNG THỐNG NHẤT,,,
CÔNG AN XÃ NAM CÁT TIÊN,2513669087,,
,,,
CÔNG AN XÃ PHÚ BÌNH,2513858281,,
,,,
CÔNG AN XÃ PHÚ THỊNH,2513690259,,
,,,
CÔNG AN XÃ PHÚ ĐIỀN,2513629045,,
,,,
CÔNG AN XÃ PHÚ LẬP,2513791028,,
,,,
ĐOÀN MINH TRUNG,919468864,,
,,,
CÔNG AN XÃ PHÚ CƯỜNG,918538468,,
,,,
CÔNG AN XÃ PHÚ TÚC,25136329969,,
,,,
CÔNG AN XÃ GIA CANH,2513626017,,
,,,
CÔNG AN XÃ TÚC TRƯNG,987708080,,
,,,
CÔNG AN THỊ TRẤN ĐỊNH QUÁN,2513851113,,
,,,
CÔNG TY TNHH XNK HƯƠNG LỘC PHÁT,919090916,,
,,,
CÔNG TY TNHH DỊCH VỤ GIA SƯ TÀI NĂNG,909975617,,
,,,
CÔNG AN XÃ PHÚ TÂN,2513615432,,
,,,
CÔNG AN THỊ TRẤN HIỆP PHƯỚC,2513540335,,
,,,
CÔNG TY TNHH THƯƠNG MẠI - DỊCH VỤ HÓA CHẤT VÀ MÔI TRƯỜNG PHÚC HỒNG ĐỨC,913685685,,
,,,
CÔNG AN XÃ SÔNG TRẦU,2513922114,,
,,,
CÔNG AN THỊ TRẤN TRẢNG BOM,2513866617,,
,,,
CÔNG AN XÃ QUẢNG TIẾN,2513921367,,
,,,
CÔNG AN XÃ CÂY GÁO,2513925044,,
,,,
CÔNG AN XÃ THANH BÌNH,2512925089,,
,,,
CÔNG AN XÃ ĐÔNG HÒA,2513768108,,
,,,
CÔNG AN XÃ BÀU HÀM,2513760853,,
,,,
CÔNG AN XÃ HƯNG THỊNH,2513768284,,
,,,
CÔNG TY TNHH MÔI TRƯỜNG THANH LÂM PHÁT,932746082,,
,,,
CÔNG TY TNHH TM & SX KÍNH Á CHÂU,932663666,,
,,,
CÔNG AN XÃ HỐ NAI 3,2513673123,,
,,,
CÔNG TY TNHH DỊCH VỤ GIỚI THIỆU HÔN NHÂN QUỐC TẾ VIỆT NAM CẦU Ô THƯỚC,819280000,,
,,,
CÔNG AN XÃ ĐẠI PHƯỚC,2513518562,,
,,,
CÔNG AN XÃ PHƯỚC THIỀN,2513848585,,
,,,
CÔNG TY TNHH NHÀ HÀNG MAILISA,792029435,,
,,,
CÔNG TY TNHH DEYISHI (VIỆT NAM),8.61E+12,,
,,,
CÔNG TY TNHH ĐẦU TƯ ĐIỆN THÀNH PHÁT,2513566789,,
,,,
CÔNG TY TNHH TM DV THUẦN ĐẠI PHÁT,373560478,,
,,,
CÔNG TY TNHH MAY MẶC XUẤT NHẬP KHẨU H&V,973459560,,
,,,
CÔNG TY TNHH GIÁO DỤC THANH LONG PHÁT,937230636,,
,,,
CÔNG TY TNHH SÂN KHẤU CA NHẠC HỘI CHỢ THƯƠNG MẠI LOTO SHOW PHẠM NGỌC THÚY,908070325,,
,,,
CÔNG TY TRÁCH NHIỆM HỮU HẠN HOTUNG,528811808,,
,,,
CÔNG TY TNHH DƯỢC LONG,918848086,,
,,,
CÔNG TY TNHH TMDV KỸ THUẬT ĐIỆN LẠNH VÀ ĐIỆN CÔNG NGHIỆP T-Q-H VN,934249507,,
,,,
CÔNG TY TNHH KỸ THUẬT SUNZO VIỆT NAM,985849757,,
,,,
CÔNG TY TNHH CƠ KHÍ NAGA VINA,328001468,,
,,,
CÔNG TY TNHH NASWEET,937153220,,
,,,
CÔNG TY TNHH VIỆT HÙNG VINA,977474056,,
,,,
CÔNG TY TNHH THƯƠNG MẠI DỊCH VỤ ĐẦU TƯ THANH SƠN PHÁT,877242760,,
,,,
CÔNG TY TNHH XD VÀ DV BÌNH AN,843369379,,
,,,
CÔNG TY TNHH REJINARIA GABRIEL PASSOS (REGAP),388416505,,
,,,
CÔNG AN XÃ LỘ 25,,,
CÔNG AN XÃ QUANG TRUNG,,,
CÔNG AN XÃ GIA KIỆM,,,
CÔNG AN XÃ GIA TÂN 3,,,
CÔNG AN XÃ GIA TÂN 1,,,
CÔNG TY TNHH TƯ VẤN PHÁT TRIỂN NHÀ ĐẤT NNV,363255153,,
,,,
CÔNG TY TNHH SG EVN VN,327256429,,
,,,
CÔNG AN THỊ TRẤN DẦU GIÂY,,,
CÔNG TY TNHH XÂY DỰNG VCH,379178871,,
,,,
CÔNG TY TNHH DỊCH VỤ THƯƠNG MẠI VẬN TẢI PHẠM HOÀNG,907883553,,
,,,
CÔNG TY TNHH ĐẦU TƯ VÀ KINH DOANH PHỤ TÙNG Ô TÔ TUẤN SANG,979608686,,
,,,
CÔNG TY TNHH XÂY DỰNG THƯƠNG MẠI DỊCH VỤ ĐẠT NGHĨA,914613177,,
,,,
CÔNG TY TNHH NÔNG SẢN CAO PHÁT,792792217,,
,,,
CÔNG AN XÃ PHÚ HỘI,2513521284,,
,,,
CÔNG TY TNHH DNY PLASTIC,2513201032,,
,,,
CÔNG TY TNHH THIẾT KẾ VÀ XÂY DỰNG NHÀ HOME,336337394,,
,,,
CÔNG AN XÃ VĨNH THANH,983990007,,
,,,
CÔNG AN XÃ PHÚ THẠNH,939083868,,
,,,
CÔNG TY TNHH THƯƠNG MẠI DỊCH VỤ MINH TUYẾT LT,919019899,,
,,,
CÔNG AN XÃ LONG TÂN,2513521463,,
,,,
CÔNG TY CỔ PHẦN TẬP ĐOÀN KINH TÀI,853456798,,
,,,
CÔNG AN XÃ BÀU HÀM 2,,,
CÔNG AN XÃ XUÂN THIỆN,,,
CÔNG AN XÃ HƯNG LỘC,,,
KIRIN ENGINEERING NHẬT BẢN-THẦU CHÍNH DỰ ÁN CẢI TẠO NHÀ XƯỞNG VÀ XÂY MỚI NHÀ KHO CTCP THỰC PHẨM QT,2838218600,,
,,,
CÔNG TY TNHH THƯƠNG MẠI DỊCH VỤ TUẤN YẾN PHÁT,919825297,,
,,,
CÔNG TY TNHH PHỤ TÙNG Ô TÔ BẢO KHANG AUTO,779145369,,
,,,
CÔNG TY TNHH SẢN XUẤT THƯƠNG MẠI TRƯỜNG YÊN PHÁT,983308307,,
,,,
CÔNG TY TNHH NEW FOR LAND INTERNATIONAL TRADING (VIỆT NAM),936013816,,
,,,
CÔNG TY TNHH CƠ KHÍ THIÊN AN PHÁT,858257437,,
,,,
,,,
,,,
,,,
,,,
,,,
CÔNG TY TNHH DỊCH VỤ ĐẦU TƯ VÀ THƯƠNG MẠI TOÀN THẮNG,336962855,,
,,,
CÔNG TY TNHH TMDV WINFOOD,969702337,,
,,,
CÔNG TY TNHH LEADERSHIP ELECTRIC APPLIANCE VIỆT NAM,2513940555,,
,,,
CÔNG TY TNHH THƯƠNG MẠI DỊCH VỤ NHÀ NÔNG,852607825,,
,,,
CÔNG TY TNHH KINH DOANH TỔNG HỢP TRỌNG TÚ,768937217,,
,,,
CÔNG TY TNHH VLXD KIM ĐÔNG PHƯƠNG,965574959,,
,,,
CÔNG TY TNHH DẦU NHỚT HOÀNG DỰNG,974723972,,
,,,
CÔNG TY TNHH TMDV PHƯỚC HẢI,76314879,,
,,,
CÔNG TY TNHH SỮA VINAMILK HN VIET NAM,941456760,,
,,,
CÔNG TY TNHH DỊCH VỤ BẢO VỆ AN NINH BA MIỀN,934024368,,
,,,
CÔNG TY TNHH MTV TMDV NGUYỄN YÊN,375956657,,
,,,
CÔNG TY TNHH DIVIVU TRAVEL,384409820,,
,,,
CÔNG TY TNHH MTV VẬT LIỆU XÂY DỰNG MINH HƯNG,965029287,,
,,,
CÔNG TY TNHH XÂY DỰNG DỊCH VỤ ANH NAM PHÁT,9.84E+13,,
,,,
CÔNG TY TNHH ÁNH DƯƠNG AQUAVET,566917179,,
,,,
CÔNG TY TNHH MTV SOFTBANK CORP,916558215,,
,,,
CÔNG TY TNHH SẢN XUẤT THƯƠNG MẠI DỊCH VỤ PHƯƠNG ANH HÂN,914450170,,
,,,
CÔNG TY TNHH BEGYNCRYPTO SSI,985081026,,
,,,
CÔNG TY TNHH KIẾN TRÚC XANH CỬU LONG,9032175859,,
,,,
CÔNG TY TNHH ATAI FUJI ELECTRIC VIỆT NAM,88633213030,,
,,,
CÔNG TY TNHH TRANG TRÍ NỘI THẤT PHÚC GIA AN,944282626,,
,,,
CÔNG TY TNHH TMDV VẬN TẢI PHƯƠNG TUỆ LÂM,792255268,,
,,,
CÔNG TY TNHH ĐẦU TƯ TMDV CHÍ CÔNG,769350406,,
,,,
CÔNG TY TNHH KIM PHỤNG PHÁT,908624107,,
,,,
CÔNG TY TNHH HỆ THỐNG PC,907368018,,
,,,
CÔNG TY TNHH MASSAGE HẢI ĐƯỜNG,345244339,,
,,,
CÔNG TY TNHH QUANG HIẾU ĐẠI PHÁT,944207017,,
,,,
CÔNG TY TNHH TM PHẠM MINH NHẬT,826280379,,
,,,
CÔNG TY TNHH TM DV SX MỘT THÀNH VIÊN PHAN LỘC,906083664,,
,,,
CÔNG TY TNHH DỊCH VỤ THANH TOÁN TRỰC TUYẾN TOÀN CẦU,705580673,,
,,,
CÔNG TY TNHH NỘI THẤT PHÚ THIÊN PHÁT,986183055,,
,,,
CÔNG TY CỔ PHẦN THỰC PHẨM GREENERA,388994676,,
,,,
CÔNG TY TRÁCH NHIỆM HỮU HẠN CƠ KHÍ VÀ KINH DOANH SẮT THÉP PHONG THI,9.35E+12,,
,,,
CÔNG TY TNHH SẢN XUẤT THƯƠNG MẠI VÀ BÁN BUÔN HÓA CHẤT PHÁP HUỆ,9.32E+12,,
,,,
CÔNG TY TNHH 86 HUYỀN NGUYỄN,949118446,,
,,,
CÔNG TY TNHH THỰC PHẨM VỊ NGON,777096828,,
,,,
CÔNG TY TNHH DU LỊCH MAILISA VN,705805859,,
,,,
CÔNG TY TNHH BĐS LONG THÀNH-NHƠN TRẠCH,944614444,,
,,,
CÔNG TY TNHH GỖ LÂM PHÁT TÀI,898822949,,
,,,
CÔNG TY TNHH XUẤT NHẬP KHẨU HẠO NGUYÊN,981776246,,
,,,
CÔNG TY TNHH MINH NAM TIẾN,702007228,,
,,,
CÔNG TY CỔ PHẦN VƯƠNG GIA HƯNG THỊNH GLOBAL,933708739,,
,,,
CÔNG TY TNHH TM DV LƯU TUẤN PHÁT,899250759,,
,,,
CÔNG TY TNHH TMDV XÂY DỰNG THÀNH CHÂU,898485674,,
,,,
CÔNG TY TNHH INOX THIÊN PHÁT,9032973015,,
,,,
CÔNG TY TNHH SẢN XUẤT THƯƠNG MẠI TRẦN THANH TÙNG,964348490,,
,,,
CÔNG TY CỔ PHẦN GIA CÔNG CƠ KHÍ VÀ SƠN PHỦ DTP,90730131,,
,,,
CÔNG TY TNHH THƯƠNG MẠI VÀ VẬN TẢI HIỆP MINH ĐỨC,383787632,,
,,,
CÔNG TY TNHH T&T SOUND LIGHTNING,913365635,,
,,,
CÔNG TY TNHH NHỰA MINH HÂN,978395978,,
,,,
CÔNG TY TNHH THƯƠNG MẠI WEI YI,907786696,,
,,,
CÔNG TY TNHH THƯƠNG MẠI BẢO VỆ VIỆT AN 24/7,372026769,,
,,,
CÔNG TY TNHH DỊCH VỤ QUỐC TẾ LUCKY STAR,985757684,,
,,,
CÔNG TY TNHH DU LỊCH VÀ DỊCH VỤ HOTEL QUỐC TẾ,964117040,,
,,,
CÔNG TY TNHH ASX PHÁT TRIỂN,978590171,,
,,,
CÔNG TY TNHH THƯƠNG MẠI DỊCH VỤ & VẬN TẢI TÂM TRUNG HIẾU,824535779,,
,,,
CÔNG TY TNHH TRUNG TÂM VĂN HÓA HẢI YẾN,787770817,,
,,,
CÔNG TY TNHH THƯƠNG MẠI DŨNG NAM MỸ,949607172,,
,,,
CÔNG TY TNHH THIÊN HOÀNG SERVICE,2.51E+13,,
,,,
CÔNG TY TNHH PHƯƠC'DECOR,798680868,,
,,,
CÔNG TY TNHH MỘT THÀNH VIÊN XÂY DỰNG GIÁO DỤC VÀ MÔI TRƯỜNG VIỆT NAM,848291345,,
,,,
CÔNG TY TNHH DỊCH VỤ KỸ THUẬT CÁCH NHIỆT TUẤN 75,914288146,,
,,,
CÔNG TY TNHH TMDV TRUNG LẬP ĐN,565815663,,
,,,
CÔNG TY TNHH VẬN CHUYỂN ĐA DẠNG VÀ NĂNG ĐỘNG,972344043,,
,,,
CÔNG TY TNHH HD SSS86,971851769,,
,,,
CÔNG TY TNHH TƯ VẤN ĐÀO TẠO NGHỀ PHAN CHÂU,942083099,,
,,,
CÔNG TY TNHH TƯ VẤN ĐÀO TẠO NGHỀ PHẠM TUẤN ANH,978341414,,
,,,
CÔNG TY TNHH SẢN XUẤT THƯƠNG MẠI GỖ ĐẠI PHÚ PHÁT,916323502,,
,,,
CÔNG TY TNHH TMDV ĐT XÂY DỰNG HUỆ TRÂN,899018760,,
,,,
CÔNG TY TNHH KIẾN TRÚC XÂY DỰNG TAS,987287467,,
,,,
CÔNG TY TNHH TM DV TÂN PHÁT THỊNH,899175053,,
,,,
CÔNG TY TNHH MỘT THÀNH VIÊN SAN HI,776536467,,
,,,
CÔNG TY TNHH FALCON ELECTRIC,332024986,,
,,,
CÔNG TY TNHH KẾT CẤU THÉP CƠ KHÍ XÂY DỰNG HẢI HƯNG,937588696,,
,,,
CÔNG TY TNHH NHỰA JINGGUANG ĐỒNG NAI VIỆT NAM,2512891038,,
,,,
,,,
,,,
,,,
,,,
,,,
CÔNG TY TNHH CƠ KHÍ VÀ TỰ ĐỘNG HOÁ CHÍ NHẬT TỪ,898918962,,
,,,
CÔNG TY TNHH THE LOVER AGENCY,938391129,,
,,,
CÔNG TY TNHH THÁI HOÀNG KHÔI,388878988,,
,,,
CÔNG TY TNHH TT HẰNG DU MỤC,948887472,,
,,,
CÔNG TY TNHH LILY EDUCATION,366750537,,
,,,
CÔNG TY TNHH SX -TM - DV NGỌC KIỆT,792816013,,
,,,
CÔNG TY TNHH PHÁT TRIỂN THƯƠNG MẠI DỊCH VỤ SẢN XUẤT TÍN THÀNH,2513662666,,
,,,
CÔNG TY TNHH NHỰA BAO BÌ XANH,914461279,,
,,,
CÔNG TY TNHH PHÁT TRIỂN KỸ NĂNG HAPPY KIDS,937518000,,
,,,
CÔNG TY TNHH THƯƠNG MẠI XÂY DỰNG VẬN TẢI THUẬN ĐẠT THÀNH,932167372,,
,,,
CÔNG TY TNHH THƯƠNG MẠI DỊCH VỤ XUẤT NHẬP KHẨU HẢI ANH PHÁT,866476486,,
,,,
CÔNG TY TNHH THIẾT KẾ & XÂY DỰNG NGUYỄN TÂM,909555001,,
,,,
CÔNG TY TNHH MASSAGE THIÊN AN,345244339,,
,,,
CÔNG TY TNHH TMDV MAI TRANG,898041182,,
,,,
CÔNG TY TNHH MINH ĐỨC NGỌC,938987869,,
,,,
CÔNG TY TNHH ĐẦU TƯ TM DV ANH TUẤN PHÁT,896539020,,
,,,
CÔNG TY TNHH ĐỒNG PHỤC KIM ANH,976846377,,
,,,
CÔNG TY TNHH YUYUAN MACHINERY (VIETNAM),8.61E+12,,
,,,
CÔNG TY TNHH TM DV KT ĐIỆN LẠNH TÚ PHƯƠNG,972974874,,
,,,
CÔNG TY TNHH TMDV THÌN THỊ,522571810,,
,,,
CÔNG TY TNHH PHÚC ÂN PHÁT,986050104,,
,,,
CÔNG TY TNHH TMDV TRUNG ANH MAILISA,927880921,,
,,,
CÔNG TY TNHH TMDV VẠN TÙNG,896451764,,
,,,
CÔNG TY TNHH KT XD TM VÀ DV PHÚC THÀNH TÂM,937699558,,
,,,
CÔNG TY TNHH TRUNG TÂM NGOẠI NGỮ QUỐC TẾ TIMY,777100800,,
,,,
CÔNG TY TNHH ĐẦU TƯ TM DV HÙNG PHƯỚC,964392510,,
,,,
CÔNG TY TNHH TMDV VIẾT HÙNG,899564161,,
,,,
CÔNG TY TNHH VẬN TẢI VẬT LIỆU XÂY DỰNG ĐẠT GIA PHÁT,969239779,,
,,,
CÔNG TY TNHH TMDV THÀNH PHÁT ĐẠT LONG KHÁNH,911629778,,
,,,
CÔNG TY TNHH COMFORT SOFA,977603669,,
,,,
CÔNG TY TNHH GIA VŨ PHẠM,784936359,,
,,,
CÔNG TY TNHH WECCAN (VIETNAM) TECHNOLOGY,979302070,,
,,,
CÔNG TY TNHH CÔNG NGHỆ LAISAI (VIỆT NAM),342998887,,
,,,
CÔNG TY TNHH ĐÀO TẠO NGOẠI NGỮ ORCHID,372397073,,
,,,
CÔNG TY TNHH DỊCH VỤ VẬN TẢI NGỌC ÂN,945404479,,
,,,
CÔNG TY TNHH PHẾ LIỆU THẮNG THƯƠNG,978557079,,
,,,
CÔNG TY TNHH TM XD THÀNH NHÂN PHÁT,987677637,,
,,,
CÔNG TY TNHH CƠ KHÍ XÂY DỰNG THƯƠNG MẠI TUẤN TÚ,985560228,,
,,,
CÔNG TY TNHH KOREA TRƯỜNG GIANG GROUP,934200300,,
,,,
CÔNG TY TNHH LUYỆN CHỮ ĐẸP CÔ THÚY,915036667,,
,,,
CÔNG TY TNHH - T.D.T - 6789,976787950,,
,,,
CÔNG TY TNHH MTV DV THĂNG LONG,985690797,,
,,,
CÔNG TY TNHH THƯƠNG MẠI DỊCH VỤ TRÍ NHẬT,935783214,,
,,,
CÔNG TY TNHH ĐÀO TẠO PHÁT TRIỂN KỸ NĂNG TƯ DUY VIỆT,989195659,,
,,,
CÔNG TY TNHH SJ LEATHER BANK,2513784370,,
,,,
CÔNG TY TNHH DUY THỊNH TÍN,904521916,,
,,,
CÔNG TY CỔ PHẦN SẢN XUẤT THƯƠNG MẠI DỊCH VỤ ECO GREEN,918099820,,
,,,
CÔNG TY TNHH KIM CHI VIỆT NAM,827762711,,
,,,
CÔNG TY TNHH DYNAMIC ACE GLOBAL VIETNAM,792787867,,
,,,
CÔNG TY TNHH NÔNG CƠ MINH TUẤN,9.34E+14,,
,,,
CÔNG TY TNHH NGOẠI NGỮ HẢI ĐĂNG,913832939,,
,,,
CÔNG TY TNHH BẤT ĐỘNG SẢN NGỌC MAI,899759181,,
,,,
CÔNG TY TNHH THƯƠNG MẠI XÂY DỰNG HOÀNG MINH CÁT,866600095,,
,,,
CÔNG TY TNHH THƯƠNG MẠI DỊCH VỤ THIẾT BỊ Y TẾ HDA,948822801,,
,,,
CÔNG TY TNHH MỘT THÀNH VIÊN SẢN XUẤT THƯƠNG MẠI CƠ KHÍ HIỆP LỰC,922930930,,
,,,
CÔNG TY TNHH CÔNG NGHỆ THƯƠNG MẠI VÀ DỊCH VỤ HƯNG PHÚC LỘC,975799115,,
,,,
CÔNG TY TNHH SYSTEM CON CƯNG,567967248,,
,,,
CÔNG TY TNHH MTV BOT 768,2518860788,,
,,,
CÔNG TY CỔ PHẦN BẤT ĐỘNG SẢN NKT,902515140,,
,,,
CÔNG TY TNHH GIỐNG TƯƠNG LAI,901440010,,
,,,
CÔNG TY TNHH H&S EASY,938508911,,
,,,
CÔNG TY TRÁCH NHIỆM HỮU HẠN THIỆN PHÁT LỘC,983300939,,
,,,
TRƯỜNG MẦM NON HOÀNG YẾN,,,
CÔNG TY TNHH DỊCH VỤ VẬN TẢI KHÔI NGUYỄN,767549821,,
,,,
CÔNG TY TNHH FIT STEEL VIỆT NAM,908424095,,
,,,
CÔNG TY TNHH GIÁO DỤC & ĐÀO TẠO CAO BÁ PHÁN,834007968,,
,,,
CÔNG TY TNHH TM DV MINH THANH HÙNG,899175053,,
,,,
CÔNG TY TNHH TM DV PHÚ CƯỜNG ĐẠT,896596764,,
,,,
CÔNG TY TNHH KHANG KIM PHƯƠNG,9167519,,
,,,
CÔNG TY TNHH TỰ ĐỘNG HÓA SIC,326575564,,
,,,
CÔNG TY TNHH DỊCH VỤ VẬN TẢI TRUNG ANH QUÂN,988652465,,
,,,
CÔNG TY TNHH TM PHƯỚC ANH,949340438,,
,,,
CÔNG TY TNHH ĐẦU TƯ JBC,937287789,,
,,,
CÔNG TY TNHH HAPPY WORLD TOUR,931214918,,
,,,
CÔNG TY TNHH TM DV BÁ THIÊN,933343169,,
,,,
CÔNG TY TNHH DỊCH VỤ KẾ TOÁN AN AN NHI,916786707,,
,,,
CÔNG TY TNHH CHENGUANG ELECTRICAL APPLIANCES VIỆT NAM,797840890,,
,,,
CÔNG TY CỔ PHẦN BỆNH VIỆN MẮT ÁNH SÁNG ĐỒNG NAI,917244380,,
,,,
CÔNG TY TNHH POWER WORK,943200126,,
,,,
CÔNG TY TNHH NGUỒN NHÂN LỰC THÁI TUẤN,967642462,,
,,,
CÔNG TY TNHH VẬN TẢI HOÀNG BẢO KHÁNH,767999239,,
,,,
CÔNG TY TNHH JEIL LOGISTIC 2,,,
CÔNG TY TNHH ĐỨC TÍN THỊNH,374053093,,
,,,
CÔNG TY TNHH HOME DESIGN GROUP,985970670,,
,,,
CÔNG TY TNHH SX TMDV MINH ĐẠT VN,767602195,,
,,,
CÔNG TY CỔ PHẦN KCN LONG THÀNH GATEWAY,2838403898,,
,,,
CÔNG TY TNHH MTV CƠ KHÍ XÂY DỰNG HOÀNG NAM PHÁT,376237768,,
,,,
CÔNG TY TNHH XOÀI SẤY KHANG KHÔI,989794123,,
,,,
CÔNG TY TNHH TRUNG TÂM NGOẠI NGỮ CÁNH DIỀU,937380630,,
,,,
CÔNG TY TNHH DEEPSEEK,985757684,,
,,,
CÔNG TY TNHH DỊCH VỤ-THƯƠNG MẠI VÀ ĐẦU TƯ KỲ ANH,917287580,,
,,,
CÔNG TY TNHH TỰ ĐỘNG HÓA NAM VIỆT PHÁT,938108246,,
,,,
CÔNG TY TNHH TOYS CON CƯNG,357510906,,
,,,
CÔNG TY TNHH VẬN TẢI AN TÂM TÍN PHÁT,909171016,,
,,,
CÔNG TY TNHH HÂN MINH ANH,842872898,,
,,,
,,,
,,,
,,,
,,,
,,,
,,,
,,,
,,,
,,,
,,,
,,,
,,,
CÔNG TY TNHH GIẢI PHÁP THÔNG MINH M&E,971848525,,
,,,
CÔNG TY TNHH GIÁO DỤC VÀ PHÁT TRIỂN KĨ NĂNG NGOẠI NGỮ MINH NHẬT,908281680,,
,,,
CÔNG TY TNHH VIN AGRITECH,987274867,,
,,,
CÔNG TY TNHH TÂN HÒA 1,915450789,,
,,,
CÔNG TY TNHH CƠ KHÍ KAO-MENG (VIỆT NAM),363783276,,
,,,
CÔNG TY TNHH FOOTHILLS ROCKWORKS SR,906154144,,
,,,
CÔNG TY TNHH TMDV THÚY ĐN,768937217,,
,,,
CÔNG TY TNHH KIẾN TRÚC XÂY DỰNG TAC,963832945,,
,,,
CÔNG TY TNHH ĐÔNG PHƯƠNG THANH ĐẾ,834367685,,
,,,
CÔNG TY TNHH TM DV LÊ TRUNG HIẾU,896539020,,
,,,
CÔNG TY TNHH MTV SHENZHEN SKYWORTH DIGITAL TECHNOLOGY,916644136,,
,,,
CÔNG TY TNHH CƠ KHÍ THỊNH THÁI,352644237,,
,,,
CÔNG TY TNHH MỘT THÀNH VIÊN XUẤT NHẬP KHẨU TRÍ LÂM,937293925,,
,,,
CÔNG TY TNHH THƯƠNG MẠI DỊCH VỤ GỖ VĂN THUẬN,933988705,,
,,,
CÔNG TY TNHH THƯƠNG MẠI DỊCH VỤ LONG NGỌC VIỆT,348942930,,
,,,
CÔNG TY TNHH XÂY DỰNG VÀ BẢO TRÌ NHÀ XƯỞNG TOÀN TÂM,909411468,,
,,,
CÔNG TY TNHH SX TM DV HỮU TÂN,767602195,,
,,,
CÔNG TY TNHH FORE INTELLIGENCE (VIỆT NAM),8.64E+11,,
,,,
CÔNG TY TNHH DỊCH VỤ GIẢI TRÍ DU LỊCH THE 9,978999989,,
,,,
CÔNG TY TNHH THƯƠNG MẠI VÀ DỊCH VỤ TRÚC ĐAN,817777799,,
,,,
CÔNG TY TNHH TM DV TUÂN NGUYỄN,983753537,,
,,,
CÔNG TY TNHH ĐIỆN TỬ EVERON,899572321,,
,,,
CÔNG TY TNHH ĐTXD ĐÌNH KHẢI,964392510,,
,,,
CÔNG TY TNHH CÔNG NGHỆ MẠNG VPS VN,779045647,,
,,,
CÔNG TY TNHH CÔNG TRÌNH VẬN TẢI ĐẠI LỢI,983554249,,
,,,
CÔNG TY TNHH TM DV XNK LÂM GIA,917586889,,
,,,
CÔNG TY TNHH TMDV KIM GIÀU,379739920,,
,,,
CÔNG TY TNHH SẢN XUẤT VÀ KINH DOANH BÁ ĐỈNH,908105220,,
,,,
CÔNG TY TNHH XĂNG DẦU QUANG PHƯỢNG,772334455,,
,,,
CÔNG TY TNHH THANH PHƯỢNG HOÀNG,988476706,,
,,,
CÔNG TY TNHH QUANG LINH OFFICIAL,567967248,,
,,,
CÔNG TY TNHH MT KHANG VIỆT,787536045,,
,,,
CÔNG TY TNHH THIÊN ĐỊNH LỘC PHÁT,909821500,,
,,,
CÔNG TY TNHH PHÁT TRIỂN CÔNG NGHỆ DTBM,978806508,,
,,,
CÔNG TY TNHH XÂY DỰNG DƯƠNG NGỌC LINH,988500076,,
,,,
CÔNG TY TNHH XDTM DV THANH LAM,933912995,,
,,,
CÔNG TY TNHH THƯƠNG MẠI VÀ CƠ KHÍ THIÊN LONG PHÁT,934575239,,
,,,
CÔNG TY TNHH KINH DOANH MÁY MÓC THIẾT BỊ VÀ XÂY DỰNG HM,779889075,,
,,,
DOANH NGHIỆP TƯ NHÂN H&L,963300048,,
,,,
CÔNG TY TNHH THƯƠNG MẠI CƠ KHÍ ANH ĐẢO,9.36E+15,,
,,,
CÔNG TY TNHH TAM AN LOGISTICS PARK 1 (VIỆT NAM),2743543688,,
,,,
CÔNG TY TNHH PHOENIX VISION,387060644,,
,,,
CÔNG TY TNHH XÂY DỰNG NGỌC VY GROUP,898501224,,
,,,
CÔNG TY TNHH DỊCH VỤ VÀ XÚC TIẾN THƯƠNG MẠI KIM TOÀN THỊNH,908647475,,
,,,
CÔNG TY TNHH MINH AN CPT,962684545,,
,,,
CÔNG TY TNHH 1 TV TÂM THỊNH PHÁT,934142993,,
,,,
CÔNG TY TNHH TƯ VẤN DỊCH VỤ KIÊN ĐỨC,393447738,,
,,,
CÔNG TY CỔ PHẦN AZOVAC VIỆT NAM,986212145,,
,,,
CÔNG TY TNHH DREAMLIGHT TECHNOLOGY,85226873198,,
,,,
CÔNG TY TNHH DỆT KIM JIAN SHENG,373800618,,
,,,
CÔNG TY TNHH THƯƠNG MẠI KINH DOANH SẮT THÉP VĂN LIÊM,9.03E+15,,
,,,
CÔNG TY TNHH SẢN XUẤT THƯƠNG MẠI PHƯỚC VŨ HƯƠNG,9.05E+15,,
,,,
CÔNG TY TNHH THƯƠNG MAI DỊCH VỤ AN THÀNH,865806080,,
,,,
CHI NHÁNH NHÀ MÁY NHƠN TRẠCH - CÔNG TY TNHH KUMKANG KIND VIỆT NAM,,,
CÔNG TY TNHH TMDV THANH CHIỂU,935383128,,
,,,
CÔNG TY TNHH TM - DV - SX THÀNH NAM,909687788,,
,,,
CÔNG TY TNHH TỔ CHỨC SỰ KIỆN XÚC TIẾN THƯƠNG MẠI HỘI CHỢ TỨ XUYÊN,918009535,,
,,,
CÔNG TY TNHH AN HÒA WOOD,969723653,,
,,,
CÔNG TY TNHH TTSHOP IMEXPORT,898834293,,
,,,
CÔNG TY TNHH SX DV VINFAST,703958813,,
,,,
CÔNG TY TNHH CÔNG NGHIỆP VĨNH TÂN,372564575,,
,,,
CÔNG TY TNHH PHÁT TRIỂN XÂY DỰNG 75,971827054,,
,,,
CÔNG TY TRÁCH NHIỆM HỮU HẠN DỊCH VỤ TƯ VẤN LS TIẾN THÀNH,934693096,,
,,,
CÔNG TY TNHH MÁY MÓC THIẾT BỊ VÀ CƠ KHÍ QUÁCH THẮNG,9.05E+15,,
,,,
CÔNG TY TNHH ĐẦU TƯ THƯƠNG MẠI XÂY DỰNG TẠ NHIÊN,9.06E+15,,
,,,
CÔNG TY TNHH THƯƠNG MẠI DỊCH VỤ KHA GIÀU,9.36E+15,,
,,,
,,,
,,,
CÔNG TY TNHH MTV PHÚ TÀI LỘC,913616578,,
,,,
CÔNG TY TNHH DỊCH VỤ THIẾT KẾ XÂY DỰNG HOÀNG MINH,906060178,,
,,,
CÔNG TY TNHH TM DV N&N BLUE,833008679,,
,,,
CÔNG TY TNHH ẨM THỰC KHU B,932711327,,
,,,
CÔNG TY TNHH DTTM TTSHOP TRADING,973963899,,
,,,
CÔNG TY TNHH DỊCH VỤ VÀ DU LỊCH HOÀI NAM,933308812,,
,,,
CÔNG TY TNHH SNB SOLUTION VIỆT NAM,888188879,,
,,,
CÔNG TY TRÁCH NHIỆM HỮU HẠN THIẾT KẾ VÀ XÂY DỰNG TIẾN VY,974028000,,
,,,
CÔNG TY TNHH VẬN TẢI MINH HƯNG THỊNH,944902907,,
,,,
CÔNG TY TNHH LÊ ÂN AUTO,937790246,,
,,,
CÔNG TY TNHH SẢN XUẤT THƯƠNG MẠI NGỌC ANH TÚ,2837268328,,
,,,
CÔNG TY CỔ PHẦN SUẤT ĂN CÔNG NGHIỆP HẠNH PHÚC,908648505,,
,,,
CÔNG TY TNHH TM DV XUẤT NHẬP KHẨU GADEN,928000055,,
,,,
CÔNG TY CỔ PHẦN VICTOR SOLUTION,385933686,,
,,,
CÔNG TY TNHH CÔNG NGHỆ SINH HỌC DONA TECHNO,2513722777,,
,,,
CÔNG TY TNHH TM DV SX WIN ENGINEERING,335194980,,
,,,
CÔNG TY TNHH SẢN XUẤT THƯƠNG MẠI DỊCH VỤ QUỐC SƠN NAM,966085343,,
,,,
CÔNG TY TNHH TM&DV TAM AN,326374318,,
,,,
CÔNG TY TNHH 2 SNAILS TC,909346201,,
,,,
CÔNG TY TNHH SẢN XUẤT GỖ AN TRUNG SƠN,941622039,,
,,,
CÔNG TY TNHH THƯƠNG MẠI DỊCH VỤ DIỆP KHANH,93871110,,
,,,
CÔNG TY TNHH THƯƠNG MẠI PHÁT TRIỂN QUỐC KHANH,334900075,,
,,,
CÔNG TY TNHH MTV VẬT LIỆU XÂY DỰNG HUY VIỆT PHÁT,966196989,,
,,,
CÔNG TY TNHH XÂY DỰNG THƯƠNG MẠI ĐẠI TRƯỜNG AN,984973657,,
,,,
CÔNG TY TNHH TMDV ANH PHẠM,978302301,,
,,,
CÔNG TY TNHH GỖ HUY PHÁT ĐẠT,908046436,,
,,,
CÔNG TY TNHH SẢN XUẤT THƯƠNG MẠI THỰC PHẨM HOLIFOOD,399090988,,
,,,
CÔNG TY TNHH XÂY DỰNG NGÂN VY,976687368,,
,,,
CÔNG TY TNHH TƯ VẤN THIẾT KẾ VÀ XÂY DỰNG HỒ LÊ GIA,984576316,,
,,,
CÔNG TY TNHH THƯƠNG MẠI DỊCH VỤ LA HOA,388393779,,
,,,
CÔNG TY TNHH XÂY DỰNG THƯƠNG MẠI DỊCH VỤ QUỐC LIỄU,9.05E+15,,
,,,
CÔNG TY TNHH XÂY DỰNG PHÙNG XUYÊN,9.02E+15,,
,,,
CÔNG TY TRÁCH NHIỆM HỮU HẠN THƯƠNG MẠI DỊCH VỤ SẢN XUẤT TUYÊN BÌNH,9.35E+15,,
,,,
CÔNG TY TNHH THƯƠNG MẠI TRẦN GIA TUẤN,978605539,,
,,,
CÔNG TY TNHH PRIME TRANG TOÁN,911818385,,
,,,
CÔNG TY TNHH XUẤT NHẬP KHẨU TRƯƠNG GIA BẢO,908457170,,
,,,
CÔNG TY TNHH THƯƠNG MẠI DỊCH VỤ ĐẠT CẢNH,9.36E+15,,
,,,
CÔNG TY TNHH SẢN XUẤT ÂM NHẠC & PHIM NGẮN ATG,932729279,,
,,,
CÔNG TY TNHH THƯƠNG MẠI - DỊCH VỤ VIỆT CƯỜNG PHÁT,916419009,,
,,,
CÔNG TY TNHH THƯƠNG MẠI THIẾT BỊ TIN HỌC TIÊN PHONG,339915899,,
,,,
CÔNG TY TNHH THƯƠNG MẠI NÔNG SẢN TOÀN THẮNG,907392858,,
,,,
CÔNG TY TNHH VÀNG BẠC ĐÁ QUÝ HOÀNG XUÂN,986317777,,
,,,
CÔNG TY CỔ PHẦN PHÁT TRIỂN TÁI TẠO E-GREEN,907090999,,
,,,
CÔNG TY TNHH CƠ KHÍ VÀ XÂY DỰNG LÊ QUANG,909447148,,
,,,
CÔNG TY TNHH TIẾP VẬN VIETLINK,982648739,,
,,,
CÔNG TY TNHH HÙNG ĐĂNG ĐẠT,915694912,,
,,,
CÔNG TY TNHH NỘI THẤT NGUYỄN TRIỀU,971475678,,
,,,
CÔNG TY TNHH TƯ VẤN VÀ DỊCH VỤ NÔNG NGHIỆP BÌNH MINH,326123246,,
,,,
CÔNG TY TNHH ĐIỆN MÁY MINH VIỆT,984706870,,
,,,
CÔNG TY TNHH DV TM XÂY DỰNG VẬN TẢI VƯƠNG TRUNG,982847999,,
,,,
CÔNG TY TNHH XÂY DỰNG CẦU ĐƯỜNG HƯNG ĐẠT,355138038,,
,,,
TRƯỜNG TRUNG CẤP KỸ THUẬT TĂNG THIẾT GIÁP - PHÂN HIỆU MIỀN NAM,,,
CÔNG TY TNHH CÔNG NGHỆ TỰ ĐỘNG HÓA VIỆT HẢI,776776781,,
,,,
CÔNG TY TNHH THƯƠNG MẠI DỊCH VỤ DÂN CẨM,9.36E+15,,
,,,
CÔNG TY TRÁCH NHIỆM HỮU HẠN DỊCH VỤ THƯƠNG MẠI XÂY DỰNG PHƯỚC LY,9.05E+15,,
,,,
CÔNG TY TNHH ĐỖ THỊ KIỀU UYÊN,907695202,,
,,,
CÔNG TY TNHH MINH LONG ML,971670257,,
,,,
CÔNG TY TNHH MỘT THÀNH VIÊN THƯƠNG MẠI DỊCH VỤ GARAGE Ô TÔ HUY NAM,983666103,,
,,,
CÔNG TY TNHH PHẦN MỀM HOÀNG VŨ,908985374,,
,,,
CÔNG TY TNHH NHẬT HẠ MIÊN,911229509,,
,,,
CÔNG TY TNHH THƯƠNG MẠI VÀ DỊCH VỤ MÔI TRƯỜNG NHƯ Ý,972499933,,
,,,
CÔNG TY TNHH THƯƠNG MẠI VẬT TƯ XÂY DỰNG TÂN TIẾN,968643512,,
,,,
CÔNG TY TNHH NGUYÊN LIỆU PHA CHẾ THANH HƯNG,904270325,,
,,,
CÔNG TY TNHH CÔNG NGHỆ MOSLA,949517430,,
,,,
CÔNG TY TNHH TƯ VẤN DU HỌC ĐẦU TƯ ĐỊNH CƯ QUỐC TẾ GOLDEN PATHWAY,911092727,,
,,,
CÔNG TY TNHH DỊCH VỤ VẬN TẢI TTL,945000162,,
,,,
CÔNG TY TNHH QUỐC TẾ IEC,938924525,,
,,,
CÔNG TY TNHH THƯƠNG MẠI DỊCH VỤ VẬN TẢI MẠNH PHÁT,372076540,,
,,,
CÔNG TY TNHH KỸ THUẬT IN LONG GIANG,919046006,,
,,,
CÔNG TY TRÁCH NHIỆM HỮU HẠN SẢN XUẤT DỊCH VỤ THƯƠNG MẠI MAY MẶC TÚ TUYẾT,9.32E+15,,
,,,
CÔNG TY TNHH SẢN XUẤT THƯƠNG MẠI DỊCH VỤ BẢO QUẾ,9.09E+15,,
,,,
CÔNG TY TNHH THƯƠNG MẠI DỊCH VỤ SẮT THÉP HỒNG TÙNG,9.02E+16,,
,,,
CÔNG TY TNHH MÔI TRƯỜNG TUẤN PHÁT,979651000,,
,,,
CÔNG TY TNHH NGỌC THÀNH NGÂN 79,339600422,,
,,,
CÔNG TY TNHH CÔNG NGHIỆP TBD NHƠN TRẠCH,,,
CÔNG TY TNHH H.N.K VIỆT NAM,798966339,,
,,,
CÔNG TY TNHH PHÒNG CHẨN TRỊ YHCT TRUNG Y,329463639,,
,,,
CÔNG TY LUẬT TNHH NGUYỄN NAM VÀ CỘNG SỰ,982971055,,
,,,
CÔNG TY TNHH TM DV ĐẠI LỘC PHÁT 68,975357770,,
,,,
CÔNG TY TNHH KHUÔN MẪU KK VINA,393772461,,
,,,
CÔNG TY TNHH PHÁT THÁI BÌNH,855052905,,
,,,
CÔNG TY TNHH PHÒNG KHÁM ĐA KHOA VẠN PHÚC SÀI GÒN,58561161,,
,,,
CÔNG TY TNHH KOREA EXECLLENT FOODSERVICE (KEF RETAIL),384850688,,
,,,
CÔNG TY TNHH KỸ THUẬT VÀ XÂY DỰNG TÂN HOÀNG PHÁT,931613053,,
,,,
CÔNG TY TNHH Y-PACK VIỆT NAM,901090169,,
,,,
CÔNG TY TNHH MẬU DỊCH LIXING VIỆT NAM,333977638,,
,,,
CÔNG TY TNHH THƯƠNG MẠI DỊCH VỤ THIÊN MINH KỲ,938379489,,
,,,
CÔNG TY TNHH WHOLE FOOD LAND,973757614,,
,,,
CÔNG TY CỔ PHẦN ĐẦU TƯ XÂY DỰNG PVQ,913732992,,
,,,
CÔNG TY TNHH HUỲNH KHANG THỊNH PHÁT,828393839,,
,,,
CÔNG TY TNHH NHẤT TÂM FOODS,394416822,,
,,,
CÔNG TY TNHH ĐẦU TƯ SẢN XUẤT THƯƠNG MẠI DỊCH VỤ CHIẾN NGỌC,9.03E+15,,
,,,
CÔNG TY TNHH SKAN VIỆT NAM,862147676,,
,,,
CÔNG TY CỔ PHẦN THƯƠNG MẠI XÂY DỰNG VY HÙNG,9.06E+14,,
,,,
CÔNG TY TNHH HUY MAI HƯNG,909463478,,
,,,
CÔNG TY TNHH FIT METAL VIỆT NAM,908424095,,
,,,
CÔNG TY TNHH GIA CÔNG LẮP ĐẶT KẾT CẤU THÉP TUẤN DŨNG,398341679,,
,,,
CÔNG TY TNHH TM DV VẬN TẢI VŨ THÀNH PHÁT,904798279,,
,,,
CÔNG TY CỔ PHẦN VẬN TẢI VÀ DỊCH VỤ 911 GROUP FUTURE,9459191,,
,,,
CÔNG TY TNHH THƯƠNG MẠI DỊCH VỤ YUONGHSIN,972954012,,
,,,
CÔNG TY TNHH PHỤ TÙNG VÀ MÁY MÓC TÂM DIỆP,9.33E+15,,
,,,
CÔNG TY TNHH THƯƠNG MẠI DỊCH VỤ BẤT ĐỘNG SẢN PHƯỚC THIỆN,912116529,,
,,,
CÔNG TY TNHH THƯƠNG MẠI NÔNG SẢN TUẤN KIỆT,387985722,,
,,,
CÔNG TY TNHH CƠ KHÍ CHÍNH XÁC THẢO HÂN,908422871,,
,,,
CÔNG TY TNHH KINH DOANH Ô TÔ KHÁNH BÌNH,971251753,,
,,,
CÔNG TY TNHH TƯ VẤN DOANH NGHIỆP PHÚ VINH,825778456,,
,,,
CÔNG TY TNHH 3AM CONSULTING,328128989,,
,,,
CÔNG TY TNHH PHOTOMONG ĐỒNG NAI 1,769833688,,
,,,
CÔNG TY TNHH KỸ THUẬT CƠ ĐIỆN WINTECH,919137327,,
,,,
CÔNG TY TNHH F&B PHÚC MINH ANH,888182345,,
,,,
CÔNG TY TNHH THƯƠNG MẠI DỊCH VỤ VSS,968292195,,
,,,
CÔNG TY TRÁCH NHIỆM HỮU HẠN DÂY CÓI MINH PHƯƠNG,383141274,,
,,,
CÔNG TY TNHH DỊCH VỤ TM PHÁT TRIỂN DT VN,332579142,,
,,,
CÔNG TY TNHH ÚT HƯƠNG NHƠN TRẠCH,7030777716,,
,,,
CÔNG TY TNHH KIẾN TRÚC XÂY DỰNG ĐẠI HOÀN NAM,9.40E+12,,
,,,
CÔNG TY TNHH XÂY DỰNG ĐẦU TƯ PHÁT TRIỂN VCONS,964600988,,
,,,
CÔNG TY TNHH MẠNG CÔNG NGHỆ PHẦN MỀM MINH HẢI,778891714,,
,,,
CÔNG TY TNHH QUEST COMPOSITE TECHNOLOGY VIỆT NAM,85239054588,,
,,,
CÔNG TY TNHH TNHH KINH DOANH VÀNG THIỆT PHI VŨ,918524477,,
,,,
CÔNG TY TNHH KINH DOANH VÀNG THIỆT QUỲNH LOAN,984696363,,
,,,
CÔNG TY TNHH KINH DOANH VÀNG THIỆT PHI HẢI,975777199,,
,,,
CÔNG TY TNHH KINH DOANH VÀNG THIỆT PHI BẰNG,989507508,,
,,,
CÔNG TY TNHH TMDV XUẤT NHẬP KHẨU CÔNG NGHỆ DỆT MAY BLANCHE VN,776776781,,
,,,
CÔNG TY CỔ PHẦN THƯƠNG MẠI SẢN XUẤT MAY MẶC ÚT THÀNH,9.05E+15,,
,,,
CÔNG TY TNHH D.I. CERA VN,386309504,,
,,,
CÔNG TY TNHH TM DV CƠ GIỚI CƠ KHÍ THANH HIẾU,903618363,,
,,,
CÔNG TY TNHH SẢN XUẤT THƯƠNG MẠI ĐÀO THÀNH ĐẠT,916616139,,
,,,
CÔNG TY TRÁCH NHIỆM HỮU HẠN SẢN XUẤT THƯƠNG MẠI TÂM CHÂU,909839474,,
,,,
CÔNG TY CỔ PHẦN THƯƠNG MẠI DỊCH VỤ ĐỊA ỐC REVIEW,937828499,,
,,,
CÔNG TY TNHH GỖ PHÚ HÙNG,388799177,,
,,,
CÔNG TY TNHH TMDV MAY MẶC VÀ SẢN XUẤT GIÀY DA AN LÂM,779148170,,
,,,
CÔNG TY TNHH XÂY DỰNG HUY ANH ĐỒNG NAI,937013989,,
,,,
CÔNG TY TNHH THƯƠNG MẠI DỊCH VỤ MANCHINES GROUP,779881552,,
,,,
CÔNG TY TNHH THƯƠNG MẠI DỊCH VỤ ANH PHƯƠNG BÙI,898789779,,
,,,
CÔNG TY TNHH XD TM DV NHẬT MẠNH JVN,332867092,,
,,,
CÔNG TY TNHH MTV QUỐC KHÁNH VIỆT NAM,984233648,,
,,,
CÔNG TY TNHH MINH PHÁT TOÀN THẮNG,941372244,,
,,,
CÔNG TY TNHH GIA CÔNG MỘC NHẬT LINH,961079279,,
,,,
CÔNG TY TNHH TMDV XÂY DỰNG & XNK TÂN NGUYỄN,779744731,,
,,,
CÔNG TY LUẬT TNHH MTV SAO KIM TV,919789536,,
,,,
CÔNG TY TNHH TÂN SONG PHÁT LỘC,945780744,,
,,,
CÔNG TY TNHH MS VAN,77555201,,
,,,
CÔNG TY TNHH SẢN XUẤT THƯƠNG MẠI XÂY DỰNG ĐIỆN KHẢI PHÁT,9.34E+15,,
,,,
CÔNG TY TNHH HOÀNG MINH PS,582816969,,
,,,
CÔNG TY TNHH KIỂM ĐỊNH 6 ĐỒNG NAI,907567888,,
,,,
CÔNG TY TNHH MTV THƯƠNG MẠI VÀ SẢN XUẤT AN ANH PHÁT,972958711,,
,,,
CÔNG TY TNHH ĐẦU TƯ PHÁT TRIỂN BẢO NAM PHÁT,367380746,,
,,,
CÔNG TY TNHH LOGISTICS TRỌNG QUÂN.,972261810,,
,,,
CÔNG TY TNHH KHÁCH SẠN THU HƯƠNG GOLD,986569606,,
,,,
CÔNG TY TNHH KINGCLEAN VIỆT NAM,,,
CÔNG TY TNHH DV HÒA PHÁT FOOD,364062442,,
,,,
CÔNG TY TNHH THƯƠNG MẠI DỊCH VỤ TỔNG HỢP TRUNG PHÁT,915460295,,
,,,
CÔNG TY TNHH HALAMAN,918853416,,
,,,
CÔNG TY TNHH XÂY DỰNG CHÍNH DANH,899379879,,
,,,
CÔNG TY TNHH MÚT XỐP HOÀNG HUY LINH,908314558,,
,,,
CÔNG TY TNHH TMDV CÔNG NGHIỆP THĂNG LONG,933225450,,
,,,
CÔNG TY TNHH MTV DOÃN QUANG,901551001,,
,,,
CÔNG TY TNHH MTV VIỆN DƯỠNG LÃO THIỆN TÂN,374148101,,
,,,
CÔNG TY TNHH SẢN XUẤT CÀ PHÊ ĐẠI PHÁT LỘC,966000986,,
,,,
CÔNG TY TNHH THƯƠNG MẠI DỊCH VỤ XUẤT NHẬP KHẨU NIKKYO VIỆT NAM,939296243,,
,,,
CÔNG TY TNHH LY PHƯỢNG HOÀNG,914763765,,
,,,
CÔNG TY TNHH TMDV XD THANH BÌNH PHÁT,909025789,,
,,,
CÔNG TY TNHH MTV ĐÌNH NGUYỄN BH,974060959,,
,,,
CÔNG TY TNHH THƯƠNG MẠI DỊCH VỤ VẬN TẢI & DU LỊCH VIỆT NHÂN,933103949,,
,,,
CÔNG TY TNHH TUỆ DƯƠNG VIỆT NAM,332011995,,
,,,
CÔNG TY TNHH MTV NAM HƯNG PHÁT,908527769,,
,,,
CÔNG TY TNHH XÂY DỰNG THƯƠNG MẠI VÀ DỊCH VỤ PHƯƠNG NAM PHÁT,982463637,,
,,,
CÔNG TY TNHH ỐNG CÔNG NGHỆ TẤN PHÁT VÀ DỊCH VỤ THƯƠNG MẠI,918260581,,
,,,
CÔNG TY TNHH THƯƠNG MẠI DỊCH VỤ VẬN TẢI KHẢI VẬN,918719991,,
,,,
CÔNG TY LUẬT TNHH MTV PHIÊN AN,939926333,,
,,,
CÔNG TY TNHH ĐẦU TƯ XUẤT NHẬP KHẨU TRIỆU ĐÔ HOME,938903568,,
,,,
CÔNG TY TNHH CÔNG NGHỆ KÍNH SDG,908627687,,
,,,
CÔNG TY TNHH ĐẦU TƯ CÔNG NGHỆ TÍN ĐẠT,778689113,,
,,,
CÔNG TY TNHH THƯƠNG MẠI DỊCH VỤ ĐIỀU GIA VIÊN,908280094,,
,,,
CÔNG TY TRÁCH NHIỆM HỮU HẠN DAUN,764145736,,
,,,
CÔNG TY CỔ PHẦN TRUYỀN THÔNG VÀ QUẢNG CÁO MINH CẨN,9.09E+15,,
,,,
CÔNG TY TNHH XNK HÓA NÔNG VINAGAP,977542542,,
,,,
CÔNG TY TNHH MINH BÌNH PHÁT VN,865752725,,
,,,
CÔNG TY TNHH MỘT THÀNH VIÊN CƠ KHÍ XÂY DỰNG CAO ĐỨC PHÁT,916894679,,
,,,
CÔNG TY TNHH AN PHÁT SECURITY,942506179,,
,,,
CÔNG TY TNHH MAY MẶC VIỆT TUẤN,914292529,,
,,,
CÔNG TY TNHH MAILISA FASHION,906833400,,
,,,
CÔNG TY TNHH BẢO ANH CAPITAL,949313765,,
,,,
CÔNG TY TNHH THIẾT BỊ XÂY DỰNG HOA BIỂN,941863135,,
,,,
DOANH NGHIỆP TƯ NHÂN TIỆM VÀNG KIM MỸ THÊU,342682167,,
,,,
CÔNG TY TNHH TRÁI CÂY TRUNG NAM,972027538,,
,,,
CÔNG TY TNHH NƯỚC GIẢI KHÁT THIÊN Ý,909899220,,
,,,
CÔNG TY TNHH AMG TECH VINA,919188112,,
,,,
CÔNG TY TNHH MTV THƯƠNG MẠI DỊCH VỤ KIM THI,779692507,,
,,,
CÔNG TY TNHH CƠ KHÍ CHẾ TẠO TRẦN KHƯƠNG,867040490,,
,,,
CÔNG TY TNHH MỘT THÀNH VIÊN TƯỜNG ĐAN,779123093,,
,,,
CÔNG TY TNHH THƯƠNG MẠI XUẤT NHẬP KHẨU LỘC VẠN PHÁT,933305896,,
,,,
CÔNG TY TNHH TMDV SEN BÌNH MINH,768925232,,
,,,
CÔNG TY TNHH TM&SX CƠ KHÍ BÌNH AN,937191381,,
,,,
CÔNG TY CP VIỆN ĐÀO TẠO NHÂN LỰC VIỆT NAM,908157568,,
,,,
CÔNG TY TNHH THƯƠNG MẠI VÀ DỊCH VỤ KỸ THUẬT CƠ ĐIỆN HD,977073203,,
,,,
CÔNG TY TNHH DỊCH VỤ TƯ VẤN LÂM NGHIỆP XANH,333633402,,
,,,
CÔNG TY TNHH TM DV THÀNH TRINH,792699090,,
,,,
CÔNG TY TNHH TOÀN TÂM EDUCATION,797545133,,
,,,
CÔNG TY TNHH MTV CHUYỂN PHÁT NHANH PHƯỚC THIỀN,982506258,,
,,,
CÔNG TY TNHH TMDV THIÊN QUAN,902177580,,
,,,
CÔNG TY TNHH NGUYỄN VÂN PHƯƠNG,972994322,,
,,,
CÔNG TY TNHH THƯƠNG MẠI MAY MẶC THẢO UYÊN,988749688,,
,,,
CÔNG TY TNHH XĂNG DẦU LAN THÁI,772334455,,
,,,
CÔNG TY TNHH AOSOOD ACV,563564918,,
,,,
TỔ HỢP TÁC LỘC PHÁT THANH SƠN,988193618,,
,,,
CÔNG TY TNHH GỖ ĐẠI HƯNG THỊNH,907061917,,
,,,
CÔNG TY TNHH PHÁT TRIỂN GIÁO DỤC VÀ ĐÀO TẠO KỸ NĂNG TIỀN TIỂU HỌC THẢO CHI,949055252,,
,,,
CÔNG TY TNHH THƯƠNG MẠI DỊCH VỤ VẬN TẢI ĐN,961038079,,
,,,
CÔNG TY TNHH DỊCH VỤ CÔNG NGHỆ MIỀN NAM,942354262,,
,,,
CÔNG TY TNHH GIA CÔNG CƠ KHÍ VÀ SẮT THÉP PHÚ LẬP,768594144,,
,,,
CÔNG TY TNHH FUJI PRECISION VIỆT NAM,938247708,,
,,,
CÔNG TY TNHH TM-DV KỸ THUẬT THIẾT BỊ THÀNH CÔNG,916242639,,
,,,
CÔNG TY TNHH DỊCH VỤ VẬN TẢI CAO PHƯỚC ĐIỀN,918524742,,
,,,
CÔNG TY TNHH XÂY DỰNG VŨ KHÔI,989221512,,
,,,
CÔNG TY CỔ PHẦN GMT SKA,967658119,,
,,,
CÔNG TY TNHH NỘI THẤT NĐV FUTURE,85377630,,
,,,
CÔNG TY TNHH NAM TUẤN QUỲNH,986246759,,
,,,
CÔNG TY TNHH CÔNG NGHỆ YONGCHUN,852403989,,
,,,
CÔNG TY TNHH TÂN VIỆT BÁT,329669382,,
,,,
CÔNG TY TNHH XNK NÔNG SẢN PHƯƠNG LINH,908633525,,
,,,
CÔNG TY TNHH MỘT THÀNH VIÊN DỊCH VỤ - THƯƠNG MẠI CƠ KHÍ XÂY DỰNG ĐỒNG NAI,937286931,,
,,,
CÔNG TY TNHH KỸ THUẬT & XÂY DỰNG HƯNG NGUYÊN,779632748,,
,,,
CÔNG TY TNHH SẢN XUẤT VÀ THƯƠNG MẠI THIÊN BÔI TỬU,918171597,,
,,,
CÔNG TY TNHH DỊCH VỤ VẬN TẢI XE CẨU NGUYỄN TÂN,932219208,,
,,,
CÔNG TY TNHH THƯƠNG MẠI THỰC PHẨM THÀNH TRUNG,369035341,,
,,,
CÔNG TY TNHH TM DV ÂN ĐAN,908996274,,
,,,
CÔNG TY TNHH SX-TM ĐẦU TƯ HOÀNG HUY,909080400,,
,,,
CÔNG TY TNHH THƯƠNG MẠI XÂY DỰNG HIỆP BÌNH PHÁT,388722757,,
,,,
CÔNG TY TNHH SUẤT ĂN CÔNG NGHIỆP 2T FOOD,937392904,,
,,,
CÔNG TY TNHH THIẾT BỊ CÔNG NGHIỆP NHẬT KHÁNH,901619077,,
,,,
CÔNG TY TNHH THƯƠNG MẠI CƠ KHÍ XÂY DỰNG ĐỨC NHÂN,329670725,,
,,,
CÔNG TY TNHH THƯƠNG MẠI DỊCH VỤ ROLLING B.F,976396726,,
,,,
CÔNG TY TNHH HANGDUMUC INTERNATIONAL,896410726,,
,,,
CÔNG TY TNHH HUỲNH HOÀNG MINH,336675155,,
,,,
CÔNG TY TNHH THƯƠNG MẠI MTV BÍCH THỦY,2512214565,,
,,,
CÔNG TY TNHH THƯƠNG MẠI TÊ GIÁC XÁM,964592222,,
,,,
CÔNG TY TNHH DV TM MÔI TRƯỜNG TRÍ THÀNH ĐẠT,968465494,,
,,,
CÔNG TY TNHH FTFIRE VIỆT NAM,908226057,,
,,,
CÔNG TY TNHH SẢN XUẤT VÀ DỊCH VỤ LÊ GIA HƯNG,982605151,,
,,,
CÔNG TY TNHH BỐC XẾP LVT,974842692,,
,,,
CÔNG TY TNHH MTV SẢN XUẤT - THƯƠNG MẠI MINH THUẬN LỘC,919837836,,
,,,
CÔNG TY TNHH REXCONS,377203815,,
,,,
CÔNG TY TNHH CÔNG NGHỆ VÀ TRUYỀN THÔNG TRƯỜNG THÀNH,357866366,,
,,,
CÔNG TY TNHH HẢI SAPA TV,766578062,,
,,,
CÔNG TY TNHH ĐÁ BAZAN BÌNH PHƯỚC,902868272,,
,,,
CÔNG TY TNHH ĐAN PHÚC MTI,919474998,,
,,,
CÔNG TY TNHH ĐPK,987655795,,
,,,
CÔNG TY TNHH TM Ô TÔ VĨNH XƯƠNG,971251753,,
,,,
CÔNG TY TNHH ĐỒNG PHỤC ANH KHÔI,379922794,,
,,,
CÔNG TY TNHH CƠ KHÍ XÂY DỰNG TRỌNG VÕ,369225531,,
,,,
CÔNG TY TNHH TMDV DÂN TRÍ,788633397,,
,,,
DOANH NGHIỆP TƯ NHÂN KIM NGUYÊN VINH,975590134,,
,,,
CÔNG TY TNHH THƯƠNG MẠI - DỊCH VỤ MÔI TRƯỜNG HỒNG HÀ,903676921,,
,,,
CÔNG TY TNHH GIA AN PHÁT FOOD,355385389,,
,,,
CÔNG TY TNHH TMDV HOÀNG GIANG ĐN,984606837,,
,,,
CÔNG TY TNHH THƯƠNG MẠI VÀ DỊCH VỤ SÂN BAY LONG THÀNH,326351705,,
,,,
CÔNG TY TNHH THỂ DỤC THỂ THAO HẢI ÂU SPORTS,964851149,,
,,,
CÔNG TY TNHH TMDV BẢO HỘ LAO ĐỘNG KHÁNH,937692359,,
,,,
CÔNG TY TNHH TMDV THÂN THIỆN,934548214,,
,,,
CÔNG TY TNHH LÔNG VŨ QUANG MINH,982651843,,
,,,
CÔNG TY TNHH THƯƠNG MẠI DỊCH VỤ KINH DOANH VANG TECHOLOGY,768937217,,
,,,
CÔNG TY TNHH THƯƠNG MẠI VÀ CÔNG NGHIỆP BẢO LINH,983645885,,
,,,
CÔNG TY TRÁCH NHIỆM HỮU HẠN ĐẦU TƯ THƯƠNG MẠI DỊCH VỤ TRIỀU THUẬN,9.05E+15,,
,,,
CÔNG TY TNHH THƯƠNG MẠI DỊCH VỤ THANH THÁI,9.07E+15,,
,,,
CÔNG TY TNHH VÁN ÉP THẮNG ĐẠI PHÁT,974309715,,
,,,
CÔNG TY TNHH TMDV CK MIỀN NAM PHÁT,792662668,,
,,,
CÔNG TY TNHH DV GIAO NHẬN VẬN TẢI ĐĂNG KHOA,938869966,,
,,,
CÔNG TY TNHH THUẬN KHANH NGỌC,909927939,,
,,,
CÔNG TY TNHH VY FAST VN,938338808,,
,,,
CÔNG TY TNHH THƯƠNG MẠI TỔNG HỢP TÂN XUÂN PHÚC,911429068,,
,,,
CÔNG TY TNHH TMDV VẬN TẢI LONG THÀNH,779146024,,
,,,
CÔNG TY TNHH TMDV CÔNG NGHỆ HBC VIỆT NAM,908516593,,
,,,
TRUNG TÂM PHÁT TRIỂN QUỸ ĐẤT TỈNH ĐỒNG NAI,2513684284,,
,,,
VĂN PHÒNG LUẬT SƯ MINH HẢI OFFICE,961052165,,
,,,
CÔNG TY TNHH TM-DV-SX HOÀNG QUÂN ĐỒNG NAI,9.11E+12,,
,,,
CÔNG TY TNHH MTV TM DV DANH THU,787087878,,
,,,
CÔNG TY CỔ PHẦN AN NINH DŨNG ĐẠI PHÁT,963016079,,
,,,
CÔNG TY TNHH NGỌC THIỆN THÀNH ĐẠT,989767655,,
,,,
CÔNG TY TNHH MERRY FARMER,9088321867,,
,,,
CÔNG TY TNHH XUẤT NHẬP KHẨU AL SOLIMANIA,388416505,,
,,,
CÔNG TY TRÁCH NHIỆM HỮU HẠN TỔ CHỨC SỰ KIỆN KHANG SK,564464443,,
,,,
CÔNG TY TNHH VITA TAX,972276638,,
,,,
CÔNG TY TNHH DỊCH THUẬT TCN,914551163,,
,,,
CÔNG TY TNHH ĐẦU TƯ PHÁT TRIỂN TRUYỀN THÔNG 24/7,944716363,,
,,,
CÔNG TY TNHH XÂY DỰNG THƯƠNG MẠI DỊCH VỤ GIA LỘC,796797992,,
,,,
CÔNG TY TNHH VẬN TẢI CHƯƠNG DẾNH HÀU,973479308,,
,,,
CÔNG TY TRÁCH NHIỆM HỮU HẠN XÂY DỰNG DỊCH VỤ VẬN TẢI PHÚC HÙNG,9.05E+15,,
,,,
CÔNG TY TNHH TRANS FUTURE,764092812,,
,,,
CÔNG TY TNHH XÂY DỰNG VẠN PHÁT THÀNH,919832255,,
,,,
CÔNG TY TNHH SƠN DIỆP LÂM,918136686,,
,,,
CÔNG TY TNHH MTV XÂY DỰNG - THƯƠNG MẠI - DỊCH VỤ - VẬN TẢI ĐÔNG NGHI,939859595,,
,,,
CÔNG TY TNHH MTV LINH NHI GROUP,977112257,,
,,,
CÔNG TY TNHH MẮT KÍNH NGUỒN SÁNG,949796666,,
,,,
CÔNG TY TNHH KỸ THUẬT VÀ THƯƠNG MẠI HIỂU AN PHÁT,911608183,,
,,,
CÔNG TY TNHH CHẾ TẠO MÁY ANH ĐỨC,9193725320,,
,,,
CÔNG TY TNHH KIM THƯỢNG WOOD,369717481,,
,,,
CÔNG TY TNHH VTNNRE,929129029,,
,,,
CÔNG TY TNHH TMDV NHÀ HÀNG VÀ KHÁCH SẠN HOA MAI,939734512,,
,,,
CÔNG TY TNHH DỊCH VỤ GIẢI TRÍ LQN,528811808,,
,,,
CÔNG TY TNHH SẢN XUẤT MAY MẶC SẢN PHẨM XANH,963887730,,
,,,
CÔNG TY TNHH MTV TM XNK KIM LAN,913600351,,
,,,
CÔNG TY TNHH THƯƠNG MẠI DỊCH VỤ XÂY DỰNG CƯỜNG DŨNG SMART HOME,977885244,,
,,,
CÔNG TY TNHH CUNG ỨNG - ĐÀO TẠO NGUỒN NHÂN LỰC THIÊN ÂN,342300400,,
,,,
CÔNG TY TNHH TM DV VẬN TẢI NHẬT TUẤN PHÁT,389144968,,
,,,
CÔNG TY TNHH MTV KIẾN TRÚC MỚI,837068889,,
,,,
CÔNG TY TNHH CƠ ĐIỆN VŨ PHONG,979434858,,
,,,
CÔNG TY TNHH GỖ LÂM BẢO NGUYÊN,904527680,,
,,,
CÔNG TY TNHH VỆ SINH MÔI TRƯỜNG XÃ GIA TÂN 3,919684290,,
,,,
CÔNG TY TNHH NHỰA TNC ĐỨC TÍN PHÁT,896157736,,
,,,
CÔNG TY TNHH SẢN XUẤT MAY MẶC GẤU ĐỒNG PHỤC,368667686,,
,,,
CÔNG TY TNHH DỊCH VỤ BẢO VỆ ĐÔNG SÀI GÒN,935070938,,
,,,
CÔNG TY TNHH MTV ĐẦU TƯ THANH HẢI DRAGON VITALITY,822441460,,
,,,
CÔNG TY TNHH NHÀ MÁY XAY ĐÁ PHƯỚC TÂN,908295285,,
,,,
CÔNG TY TNHH TASUKIJA,763022078,,
,,,
CÔNG TY TNHH THIÊN BÌNH BH,909077997,,
,,,
CÔNG TY TNHH VLXD YẾN NHI,386793011,,
,,,
CÔNG TY TNHH CÔNG NGHỆ SỨC KHOẺ TUẤN PHÁT,903757958,,
,,,
CÔNG TY TNHH THƯƠNG MẠI ĐẠT PHÁT THÀNH,886341428,,
,,,
CÔNG TY TNHH XUÂN HÒA T&H,708080101,,
,,,
CÔNG TY TNHH SUNRISE NATURAL,763022079,,
,,,
CÔNG TY TNHH SƠN AN ĐỨC PHÁT,902546028,,
,,,
CÔNG TY TNHH TM DV XD THỊNH VƯỢNG PHÁT,853776390,,
,,,
CÔNG TY TNHH DVDTTM MASTERTRADER,776955480,,
,,,
CÔNG TY TNHH HABIMEC ĐỒNG NAI,918236611,,
,,,
CÔNG TY TNHH NÔNG SẢN KHÁNH VY,908304801,,
,,,
CÔNG TY TNHH TAI LI,918035790,,
,,,
CÔNG TY TNHH DT DỊCH VỤ TM GD VN,776826469,,
,,,
CÔNG TY TNHH THƯƠNG MẠI DỊCH VỤ MINH TÚ ĐỨC,966896661,,
,,,
CÔNG TY TNHH TRUST SWIFT,9020693263,,
,,,
CÔNG TY TNHH THƯƠNG MẠI VÀ ĐẦU TƯ HÀ LỘC PHÁT,814141461,,
,,,
CÔNG TY TNHH TM DV KIM NGÂN PHÁT,9193888320,,
,,,
CÔNG TY TNHH TUẤN VI NHẬT KOI FARM,981556008,,
,,,
CÔNG TY TNHH SẢN XUẤT THƯƠNG MẠI DỊCH VỤ CANG ÂN,9.35E+15,,
,,,
CÔNG TY TNHH THƯƠNG MẠI FLAWLESS,348188079,,
,,,
CÔNG TY TNHH PHÁT TRIỂN PHẦN MỀM HƯNG THỊNH,868932589,,
,,,
CÔNG TY TNHH PHƯƠNG NHƯ HUY,916230042,,
,,,
CÔNG TY TNHH ĐỊNH CƯ VINPEARL COMMUNITY,982817809,,
,,,
CÔNG TY TNHH ĐẠI LÝ VÉ MÁY BAY AIRLINES,776939750,,
,,,
CÔNG AN PHƯỜNG PHÚ BÌNH,2513785044,,
,,,
CÔNG TY TNHH METAL& PLASTIC INTELLECT BINCHENG VIỆT NAM,785187739,,
,,,
CÔNG TY TNHH THƯƠNG MẠI NHÔM DUY KHÁNH,829960922,,
,,,
CÔNG TY TRÁCH NHIỆM HỮU HẠN THÉP PHÚC ĐẠI PHÁT,372067865,,
,,,
CÔNG TY TNHH MTV XÂY DỰNG VÀ BDS TRÍ TUỆ VN,9067320209,,
,,,
CÔNG TY TNHH THƯƠNG MẠI DỊCH VỤ ÁNH DƯƠNG TOÀN CẦU,902100035,,
,,,
CÔNG TY TNHH THƯƠNG MẠI DỊCH VỤ ĐẠI THÀNH VƯỢNG,902100035,,
,,,
CÔNG TY TNHH XUẤT NHẬP KHẨU GIA HƯNG VN,932840888,,
,,,
CÔNG TY TNHH K-UPA VINA,977984690,,
,,,
CÔNG TY TNHH HA DI FOOD,798999100,,
,,,
CÔNG TY LUẬT TNHH MTV THIÊN LONG,973324331,,
,,,
CÔNG TY TNHH MTV PHƯƠNG THẢO PHÁT,933594998,,
,,,
CÔNG TY TNHH THƯƠNG MẠI XÂY DỰNG PHAN PHÁT ĐẠT,902140138,,
,,,
CÔNG TY TNHH THƯƠNG MẠI VÀ CHẾ BIẾN GỖ THÀNH THÀNH PHÁT,776793325,,
,,,
CÔNG TY TNHH THƯƠNG MẠI SẢN XUẤT ĐỨC MINH PHÁT,967392939,,
,,,
CÔNG TY TNHH THÀNH DŨNG VŨNG TÀU,932121656,,
,,,
CÔNG TY TNHH THƯƠNG MẠI DỊCH VỤ VISTACOMMERCE,9021001035,,
,,,
CÔNG TY TNHH GIẤY PHƯỚC LONG,964343817,,
,,,
HỢP TÁC XÃ THƯƠNG MẠI - DỊCH VỤ - NÔNG NGHIỆP VÀ DU LỊCH HÀNG GÒN,792113883,,
,,,
CÔNG TY TNHH TCCP TINVIET,925611923,,
,,,
CÔNG TY TNHH BỆNH VIỆN MẮT BÌNH MINH,982422446,,
,,,
CÔNG TY TNHH TIETEX VIỆT NAM,972471009,,
,,,
CÔNG TY TNHH THƯƠNG MẠI DỊCH VỤ VẬN TẢI QUỐC TẾ VICTORY,763022070,,
,,,
CÔNG TY TNHH AD SMART SOLUTION,376758697,,
,,,
CÔNG TY TNHH THƯƠNG MẠI VÀ KỸ THUẬT ĐỨC PHƯỚC,986379652,,
,,,
CÔNG TY TNHH NAM TIẾN THUẬN PHÁT TÀI,966839979,,
,,,
CÔNG TY TNHH MỘC TRÀ SOFT,907205894,,
,,,
CÔNG TY TNHH TMDT MEDIA AIA LYLY COMPUTER,896474801,,
,,,
CÔNG TY TNHH CPTM TILK TOCK,899049076,,
,,,
CÔNG TY TNHH NÔNG SẢN BẢO DUY,984770779,,
,,,
HỢP TÁC XÃ NÔNG NGHIỆP THƯƠNG MẠI DỊCH VỤ PHƯỚC LINH,352756095,,
,,,
CÔNG TY TNHH BAO BÌ - HÓA CHẤT KIM NGÂN,367682456,,
,,,
CÔNG TY TNHH TMDV XUẤT NHẬP KHẨU ĐẠI PHÁT ĐỒNG NAI,909502032,,
,,,
CÔNG TY TNHH THỰC PHẨM VÀ SACN THUẬN PHÁT,328647417,,
,,,
TRƯỜNG MẦM NON ĐÔ RÊ MÍ,,,
CÔNG TY CỔ PHẦN DU LỊCH SINH THÁI DRAGON BAY,777796888,,
,,,
CÔNG TY TNHH MTV LOGI TECH AN PHƯỚC,918800538,,
,,,
CÔNG TY TNHH VLXD SẮT THÉP ANH VŨ,901383551,,
,,,
CÔNG TY TNHH TIN HỌC NGOẠI NGỮ VIỆT ÚC.ST,981292669,,
,,,
CÔNG TY CỔ PHẦN BH CÔNG NGHỆ SỐ THỜI ĐẠI MỚI,971753975,,
,,,
CÔNG TY TNHH MTV THƯƠNG MẠI DỊCH VỤ VẬT LIỆU XÂY DỰNG AN AN PHÁT,769355823,,
,,,
CÔNG TY TNHH BAO BÌ AMORY,965546596,,
,,,
CÔNG TY TNHH VIỆT NAM GLOBAL OUTREACH RENTAL,9.08E+16,,
,,,
CÔNG TY TNHH VẬN TẢI TỔNG HỢP PHƯƠNG HUYỀN,983012979,,
,,,
CÔNG TY TNHH MÔI TRƯỜNG THANH BÌNH PHÁT,978733999,,
,,,
CÔNG TY TNHH ELITELABOUR,934871568,,
,,,
CÔNG TY TNHH MỘT THÀNH VIÊN XÂY DỰNG THÀNH KIM NGÂN,3.73E+14,,
,,,
CÔNG TY CỔ PHẦN ĐẦU TƯ XÂY DỰNG - SẢN XUẤT THƯƠNG MẠI DỊCH VỤ TÂN LỘC,2513877181,,
,,,
CÔNG TY TNHH NHẤT THIÊN THƯ,889066631,,
,,,
CÔNG TY TNHH FAST FOOD TIẾN HẢI,988155616,,
,,,
CÔNG TY TNHH ANH MINH LƯU,7.86E+16,,
,,,
CÔNG TY TNHH PHÁT TRIỂN THƯƠNG MẠI DỊCH VỤ VẬN TẢI ANH THƯ,986977946,,
,,,
CÔNG TY TNHH SẢN XUẤT VÀ THƯƠNG MẠI THÁI KHANG,933000998,,
,,,
CÔNG TY TNHH THƯƠNG MẠI VÀ DỊCH VỤ LÂM KIM ÁNH,944208898,,
,,,
CÔNG TY TNHH TM DỊCH VỤ GD VN,898576001,,
,,,
CÔNG TY TNHH TM DV VINTECH VIỆT NAM,345833816,,
,,,
CÔNG TY TNHH MỘT THÀNH VIÊN VIỆT WICKER,903001830,,
,,,
CÔNG TY TNHH CÔ NGỌC,963399100,,
,,,
CÔNG TY TNHH VÀNG BẠC KIM UY,368975800,,
,,,
CÔNG TY TNHH TM-DV PHÁT THÀNH TÀI,914814514,,
,,,
CÔNG TY TNHH XUẤT NHẬP KHẨU NÔNG SẢN VINH ANH,966806801,,
,,,
CÔNG TY TNHH TD ĐT CK NASDAQ VN,898126696,,
,,,
CÔNG TY TNHH YRD VIỆT NAM,962350700,,
,,,
CÔNG TY TNHH TMDV NGUYỄN VĂN,925866097,,
,,,
CÔNG TY TNHH TM DV XNK NÔNG SẢN LÊ VI,379961668,,
,,,
CÔNG TY TNHH THƯƠNG MẠI DV XNK VN,896361798,,
,,,
CÔNG TY TNHH VẬN TẢI GIA LÂM PHÁT,842581058,,
,,,
CÔNG TY TNHH MTV NUÔI TRỒNG & THƯƠNG MẠI XUÂN NGHI,937577828,,
,,,
CÔNG TY TNHH CƠ KHÍ & XÂY DỰNG HOA PHÁT,974279459,,
,,,
CÔNG TY TNHH XÂY DỰNG VINH TOÀN,911208352,,
,,,
CÔNG TY CỔ PHẦN TÍN HOÀNG PHÚC,793831552,,
,,,
CÔNG TY CỔ PHẦN TAVIWOOD,2513888100,,
,,,
CÔNG TY TNHH MAY NGỌC TRÂM,933226390,,
,,,
CÔNG TY TNHH SẢN XUẤT THƯƠNG MẠI DỊCH VỤ LỘC KHÁNH,868947078,,
,,,
CÔNG TY TNHH XÂY DỰNG CƠ ĐIỆN LÂM ANH,938534585,,
,,,
CÔNG TY TNHH XÂY DỰNG PHÚC THỊNH THÀNH,338000449,,
,,,
CÔNG TY TNHH DICITINARY GOLD,397734530,,
,,,
CÔNG TY TNHH TƯ VẤN THIẾT KẾ XÂY DỰNG HOÀNG LỘC PHÁT,565066050,,
,,,
CÔNG TY TNHH MTV SẢN XUẤT CƠ KHÍ TRUNG NAM,975440212,,
,,,
CÔNG TY TNHH THƯƠNG HIỆU VIETNAMESE FAMILY,933157859,,
,,,
CÔNG TY TNHH VẬN TẢI HH THIÊN AN,905990303,,
,,,
CÔNG TY TNHH GIỐNG VẬT NUÔI VIỆT NHẬT,977204568,,
,,,
CÔNG TY TNHH EBAY MARKET VN,931877459,,
,,,
CÔNG TY TNHH TM DV THI CÔNG NHÀ TRANH MÁI LÁ ĐÔNG NAM,528811808,,
,,,
CÔNG TY TNHH THƯƠNG MẠI DỊCH VỤ KI TI,382673437,,
,,,
CÔNG TY TNHH THIẾT KẾ XÂY DỰNG ĐĂNG HUY,974095552,,
,,,
CÔNG TY TNHH MTV CƠ KHÍ QUỐC KHẢI THẮNG,387697023,,
,,,
CÔNG TY TNHH DU LỊCH SINH THÁI RYANLAND,909311459,,
,,,
CÔNG TY TNHH DỊCH VỤ THƯƠNG MẠI XNK TÂM ĐỨC PHÁT,967143668,,
,,,
CÔNG TY TNHH NỘI THẤT NHÀ VUI,2518836088,,
,,,
CÔNG TY TNHH NÔNG SẢN NGỌC DUNG,972529553,,
,,,
CÔNG TY TNHH ĐẦU TƯ & THƯƠNG MẠI ĐẠI QUANG KHANG,904593936,,
,,,
CÔNG TY TNHH ANH NGỮ PHÚC HUỲNH,396312533,,
,,,
CÔNG TY TNHH TMDV XNK SONG HÀNH,708822866,,
,,,
CÔNG TY TNHH TƯ VẤN XÂY DỰNG VÀ PHÁT TRIỂN AN PHÚ,936141979,,
,,,
CÔNG TY TNHH THƯƠNG MẠI DỊCH VỤ SẮT THÉP TRUNG SANG,9.04E+15,,
,,,
TỔ HỢP TÁC SINH THÁI VƯỜN GIA RAY,915246867,,
,,,
CÔNG TY CỔ PHẦN ĐẦU TƯ & XÂY DỰNG BẤT ĐỘNG SẢN VIỆT HƯNG,984147412,,
,,,
CÔNG TY TNHH MỘT THÀNH VIÊN DỊCH VỤ THƯƠNG MẠI THIÊN NGỌC PHÁT,767394046,,
,,,
CÔNG TY TNHH ELECTRONIC TELECOM,377203815,,
,,,
CÔNG TY TNHH PHÂN PHỐI VĂN PHÒNG PHẨM PHƯƠNG NAM,839422831,,
,,,
CÔNG TY CỔ PHẦN BẤT ĐỘNG SẢN HOÀNG PHÚC THỊNH,812233232,,
,,,
CÔNG TY TNHH HUY HOÀNG GREEN FOODS,988184014,,
,,,
CÔNG TY TNHH NHÀ NGHỈ QUỲNH HƯƠNG,918630721,,
,,,
CÔNG TY TNHH TM-DV DIGITECH,965520950,,
,,,
CÔNG TY TNHH 136 INVEST,977316235,,
,,,
CÔNG TY TNHH TM THIẾT BỊ PHỤ TÙNG PHƯƠNG ĐẠT,901263147,,
,,,
CÔNG TY TNHH THIÊN NGỌC MỸ,9680326159,,
,,,
CÔNG TY TNHH STAR SKY HOTEL,907505984,,
,,,
CÔNG TY TNHH INTEPRO,2516268268,,
,,,
CÔNG TY TNHH SẢN XUẤT THƯƠNG MẠI XUẤT NHẬP KHẨU VIETCHOICE,775095589,,
,,,
CÔNG TY TNHH NYSE VIỆT NAM,355157326,,
,,,
CÔNG TY TNHH ASIHOME,328472161,,
,,,
CÔNG TY TNHH ĐẦU TƯ VÀ PHÁT TRIỂN INTERNATIONAL,97952029,,
,,,
CÔNG TY TNHH DỊCH VỤ VẬN TẢI VÀ THƯƠNG MẠI XÂY LẮP ĐIỆN TRƯỜNG GIANG,973058485,,
,,,
CÔNG TY TNHH VENUS THỊNH VƯỢNG,357947596,,
,,,
CÔNG TY TNHH SẢN XUẤT KINH DOANH THƯƠNG MẠI AN LỘC PHÁT,938232117,,
,,,
CÔNG TY TNHH SẢN XUẤT HOÁ PHẨM TỔNG HỢP DONA,8.45E+15,,
,,,
CÔNG TY TNHH CÔNG LỘ,2513501234,,
,,,
CÔNG TY TNHH TM DV XUẤT NHẬP KHẨU C&C FINEFOODS,977065667,,
,,,
CÔNG TY TNHH SẢN XUẤT CHÍNH XÁC FLUIDYNE,369637747,,
,,,
CÔNG TY TNHH CGH TECHNOLOGY (VIETNAM),2513678899,,
,,,
CÔNG TY TNHH THƯƠNG MẠI DỊCH VỤ PINNACLE TRADE,962222496,,
,,,
CÔNG TY TNHH DỊCH VỤ SÁNG TẠO QUẢNG CÁO HƯỚNG DƯƠNG,949121665,,
,,,
CÔNG TY TNHH THƯƠNG MẠI DỊCH VỤ XUẤT NHẬP KHẨU LÊ GIA BẢO,918395538,,
,,,
CÔNG TY TNHH SUẤT ĂN HÀNG KHÔNG VINACS LONG THÀNH,913201520,,
,,,
CÔNG TY TNHH A PHỆ & PHƯƠNG NGUYỄN,906365735,,
,,,
CÔNG TY TNHH DỊCH VỤ VẬN TẢI HOÀNG HIỀN,937630228,,
,,,
CÔNG TY TNHH THƯƠNG MẠI DỊCH VỤ SKYLINE VENTURES,962222496,,
,,,
CÔNG TY TNHH MÔI TRƯỜNG DONA,902388652,,
,,,
CÔNG TY TNHH TODAY FURNITURE,389575055,,
,,,
CÔNG TY TNHH TƯ VẤN TM DV MỸ NGHĨA,949853868,,
,,,
CÔNG TY TNHH DUC HANH BIO FARM,988424277,,
,,,
CÔNG TY TNHH KHOA HỌC KỸ THUẬT NEW HANKE,865278609,,
,,,
CÔNG TY CỔ PHẦN THƯƠNG MẠI XÂY DỰNG LONG KHA,9.10E+12,,
,,,
CÔNG TY CP DỊCH VỤ THƯƠNG MẠI ĐẦU TƯ XÂY DỰNG MDT,976980498,,
,,,
CHI NHÁNH CÔNG TY TNHH DAEYOUNG ONE,,,
CÔNG TY TNHH CƠ KHÍ KHUÔN MẪU TÂN HỒNG THỊNH,982630582,,
,,,
CÔNG TY TNHH THƯƠNG MẠI HUỲNH CAO PHÁT,348603401,,
,,,
CÔNG TY TNHH EPOXY VN,363471375,,
,,,
CÔNG TY TNHH TMDV SX ĐỨC SINH LỘC 79,374079639,,
,,,
CÔNG TY TNHH VC GHNVN,934637165,,
,,,
CÔNG TY TNHH TM DV NÔNG NGHIỆP MINH THÔNG,772726275,,
,,,
CÔNG TY TNHH INVESTMENT CONSULTING RUBY,962670935,,
,,,
CÔNG TY TNHH CÔNG NGHỆ DATALO,934637165,,
,,,
CÔNG TY TNHH TMDV SX GOLD MEDAL PALACE,943766666,,
,,,
CÔNG TY TNHH XD VINAMISU,396146355,,
,,,
CÔNG TY CỔ PHẦN PHÂN BÓN VÀ HÓA CHẤT GLOBAL NUTRIENTS,914610686,,
,,,
CÔNG TY TNHH KISMET VIỆT NAM,932689102,,
,,,
CÔNG TY TNHH MAY PHÚ THANH,924298473,,
,,,
CÔNG TY TNHH THẠCH LỰU MỘC,906244244,,
,,,
TRƯỜNG MẦM NON NGÔI SAO,,,
CÔNG TY TNHH THƯƠNG MẠI DỊCH VỤ ĐẠI PHÚC KHANG,7920708,,
,,,
CÔNG TY TNHH CÔNG NGHỆ HUYỀN ANH,824444932,,
,,,
CÔNG TY TNHH NĂNG LƯỢNG TÁI SINH ALUVINA P&T,909190666,,
,,,
CÔNG TY TNHH HANGDUMUC ENTERTAINMENT,778285245,,
,,,
CÔNG TY TNHH TMDV BÁCH HÓA ÁNH DƯƠNG DONA,915767376,,
,,,
CÔNG TY TNHH DỊCH VỤ THƯƠNG MẠI TÂN TRÍ PHÁT,815888884,,
,,,
CÔNG TY TNHH TMDV CHÚC THƯ,909837428,,
,,,
CÔNG TY TNHH TIẾN MINH AN,937189688,,
,,,
CÔNG TY TNHH THƯƠNG MẠI DỊCH VỤ QUỐC TẾ THỊNH PHÁT,989284042,,
,,,
CÔNG TY TNHH MTV SX-TM-DV BĂNG KEO MÀNG PE ANH HẢI,9.39E+15,,
,,,
CÔNG TY TNHH VẬN TẢI TRƯỜNG THÀNH NHÂN,939555578,,
,,,
CÔNG TY TNHH THƯƠNG MẠI - DỊCH VỤ - NHẬP KHẨU KIM THANH,359972474,,
,,,
CÔNG TY TNHH QUỐC TẾ YOURCHANG (VIỆT NAM),8.62E+12,,
,,,
CÔNG TY TNHH TMDV VÀ VẬN CHUYỂN TRÀNG HƯNG SCT,879376043,,
,,,
CÔNG TY TNHH THƯƠNG MẠI DỊCH VỤ XÂY DỰNG HUY VŨ TTCONS,879376549,,
,,,
CÔNG TY TNHH THƯƠNG MẠI XUẤT NHẬP KHẨU ĐOÀN GIA,898999482,,
,,,
CÔNG TY TNHH TÙNG HUY PHÁT,768565813,,
,,,
CÔNG TY TNHH 3F PRODUCE,938154227,,
,,,
CÔNG TY TNHH DONA AGRI,983678540,,
,,,
CÔNG TY TNHH AGRICONNECT,769881839,,
,,,
CÔNG TY TNHH THƯƠNG MẠI DỊCH VỤ HÙNG HIẾU PHÁT,886734144,,
,,,
CÔNG TY TNHH DỊCH VỤ TƯ VẤN VÀ CUNG ỨNG THIẾT BỊ MÁY MÓC KỸ THUẬT HƯNG THỊNH,332139555,,
,,,
CÔNG TY TNHH CÔNG NGHỆ SHG MOTOR VIỆT NAM,989284042,,
,,,
CÔNG TY TNHH ĐIỀN MINH PHÁT,908838779,,
,,,
CÔNG TY TNHH THƯƠNG MẠI DỊCH VỤ KIM HOA THẢO,822593172,,
,,,
CÔNG TY TNHH THƯƠNG MẠI DỊCH VỤ HÒA GIANG PHÁT,886734283,,
,,,
CÔNG TY TNHH HONG ZAN,356194539,,
,,,
CÔNG TY TNHH ĐẦU TƯ PHÁT TRIỂN XÂY DỰNG LÊ KHANG,961760052,,
,,,
CÔNG TY TNHH SẢN XUẤT VÀ THƯƠNG MẠI DAH - 30,833006222,,
,,,
CÔNG TY TNHH HÓA MỸ PHẨM DEVERLOP,967624122,,
,,,
CÔNG TY TNHH YSS,866334663,,
,,,
CÔNG TY TNHH THƯƠNG MẠI VÀ DỊCH VỤ DEMETER VIỆT NAM,886654654,,
,,,
CÔNG TY TNHH ĐẦU TƯ - XÂY DỰNG HOÀNG SƠN PHÁT GROUP,983204887,,
,,,
CÔNG TY TNHH XE MÁY CƯỜNG THỊNH PHÁT,973032853,,
,,,
CÔNG TY TNHH THƯƠNG MẠI DỊCH VỤ GLOBAL VISION,9021001035,,
,,,
CÔNG TY TNHH DƯƠNG TÂM ANH,919896255,,
,,,
CÔNG TY TNHH DỊCH VỤ VÀ THƯƠNG MẠI KỸ THUẬT ANH TÚ,794627637,,
,,,
CÔNG TY TNHH SX - TM - DV MINH AN VN,962138878,,
,,,
CÔNG TY TNHH GREEN FARM LONG KHÁNH,977559926,,
,,,
CÔNG TY TNHH TMDV KIM MÃ 1,972975333,,
,,,
CÔNG TY TNHH NHA KHOA NHÂN ĐỨC FAMILY,972272220,,
,,,
CÔNG TY TNHH TMDV ĐẦU TƯ KIM LONG,906251542,,
,,,
CÔNG TY TNHH THƯƠNG MẠI DỊCH VỤ ECOSPHERE,962222496,,
,,,
CÔNG TY CỔ PHẦN VIET NAM FABRIC,942509796,,
,,,
CÔNG TY TNHH SẢN XUẤT THƯƠNG MẠI DỊCH VỤ PHÚ BÌNH MINH,772570603,,
,,,
CÔNG TY TNHH SẢN XUẤT THƯƠNG MẠI DỊCH VỤ NỘI THẤT HÀ HOÀNG THỊNH,337111088,,
,,,
CÔNG TY TNHH ĐẦU TƯ VÀ XÂY DỰNG TRÂM ANH PHÁT,963110783,,
,,,
CÔNG TY TNHH ĐẦU TƯ THƯƠNG MẠI XÂY DỰNG TPA,964952102,,
,,,
CÔNG TY TNHH CÔNG NGHỆ SHUANG YU VIỆT NAM,933482248,,
,,,
CÔNG TY TNHH THƯƠNG MẠI DỊCH VỤ THỰC PHẨM ÁNH SÁNG,985769546,,
,,,
CÔNG TY TNHH MTS HƯƠNG HUY PHÁT,845533245,,
,,,
CÔNG TY TNHH TM CƠ KHÍ LÂM THỊNH PHÁT,815188881,,
,,,
CÔNG TY TNHH XÂY DỰNG THƯƠNG MẠI ĐẦU TƯ ĐỨC QUÂN,869323779,,
,,,
CÔNG TY TNHH XD GIANG VŨ CONS,982031290,,
,,,
CÔNG TY TNHH MỘT THÀNH VIÊN TRƯỜNG THỊNH MOLD,395119679,,
,,,
CÔNG TY TNHH THƯƠNG MẠI DỊCH VỤ VÀ SẢN XUẤT PALLET HOÀNG LONG,933472829,,
,,,
CÔNG TY TNHH MTV TMDV THÀNH SONG LONG GROUP,3.37E+16,,
,,,
CÔNG TY TNHH CAN THIỆP SỚM VÀ PHÁT TRIỂN NGÔN NGỮ HAPPY KIDS,388364789,,
,,,
CÔNG TY TNHH MỘT THÀNH VIÊN XE PHÁT TIẾN,853978779,,
,,,
CÔNG TY TNHH CHAMATEX ASIA,968012386,,
,,,
CÔNG TY TNHH XUẤT NHẬP KHẨU NÔNG SẢN VINH ANH,966806801,,
,,,
CÔNG TY TNHH GREENOVATION PACKAGING,982150880,,
,,,
CÔNG TY TNHH SX - TMDV HƯNG PHÁT ĐẠT,907123213,,
,,,
CÔNG TY TNHH SẢN PHẨM THỂ THAO T&L VIỆT NAM,354832871,,
,,,
CÔNG TY TNHH ĐẦU TƯ THƯƠNG MẠI DỊCH VỤ HỮU THỂ,9.35E+15,,
,,,
CÔNG TY TNHH THƯƠNG MẠI NÔNG NGHIỆP THỰC PHẨM NAGA,909655550,,
,,,
CÔNG TY TNHH THƯƠNG MẠI XUẤT NHẬP KHẨU CÔNG THÀNH CÔNG,93884531,,
,,,
CÔNG TY CỔ PHẦN SBL LONG THÀNH,2513559225,,
,,,
CÔNG TY TNHH MTV ĐẦU TƯ HOA MỘC LAN,909107586,,
,,,
CÔNG TY TNHH STARTRADER,8627347,,
,,,
CÔNG TY TNHH TM DV ĐẠT THỊNH PHÁT,799719756,,
,,,
CÔNG TY TNHH THƯƠNG MẠI AN PHÚ LỘC THỊNH,386615609,,
,,,
CÔNG TY TNHH VẬN TẢI NGÔ VINH,962301665,,
,,,
CÔNG TY TNHH TMDV CHÂU KIM NGÂN,347611618,,
,,,
CÔNG TY TNHH THƯƠNG MẠI HIỆP QUÝ,976333580,,
,,,
CÔNG TY TNHH THIÊN PHÚC KIM PHÁT TÀI,968882568,,
,,,
CÔNG TY TNHH TM VẬN CHUYỂN LÂM THẠNH,764238693,,
,,,
CÔNG TY TNHH PHÁT TRIỂN TÂN DƯƠNG,94567899,,
,,,
CÔNG TY TNHH HẠ TẦNG VIỄN THÔNG NHẬT AN,9.48E+16,,
,,,
CÔNG TY TNHH MP OLALA VN,778285245,,
,,,
CÔNG TY TNHH SX - TM - DV QUẢNG CÁO NGỌC LÂM,909506500,,
,,,
CÔNG TY TNHH DỊCH VỤ SỬA CHỬA Ô TÔ & DU LỊCH VẬN CHUYỂN HƯNG VƯỢNG,896217563,,
,,,
CÔNG TY TNHH CHẾ BIẾN NÔNG SẢN HOÀNG KIM,888882994,,
,,,
CÔNG TY TNHH ĐẦU TƯ XÂY DỰNG XUẤT NHẬP KHẨU MỘC THIÊN PHÚ,905126886,,
,,,
CÔNG TY TNHH XUẤT NHẬP KHẨU MINH CHÍ PHÁT,979839636,,
,,,
CÔNG TY TNHH THƯƠNG MẠI DỊCH VỤ NGUYỄN THÀNH VŨ,776387424,,
,,,
CÔNG TY TNHH DỊCH VỤ XÂY DỰNG HIẾU THẢO PHÁT,976800482,,
,,,
CÔNG TY TNHH XUÂN PHÚ LAYER,392546565,,
,,,
CÔNG TY TNHH XÂY DỰNG ĐẦU TƯ THƯƠNG MẠI TRÍ VIỆT,903636982,,
,,,
CÔNG TY TNHH ĐẦU TƯ DỊCH VỤ THƯƠNG MẠI TỔNG HỢP PHÁT TÀI,896157868,,
,,,
CÔNG TY TNHH THỜI TRANG THS,912813854,,
,,,
CÔNG TY TNHH NIDTECH,9.47E+15,,
,,,
CÔNG TY TNHH MTV CƠ KHÍ XÂY DỰNG LAM SƠN,937279806,,
,,,
CÔNG TY TNHH SẢN XUẤT THƯƠNG MẠI GỖ NGUYÊN THỊNH,769612222,,
,,,
CÔNG TY TNHH YOGRISHI KULAM VN,914788600,,
,,,
CÔNG TY TNHH VẬN TẢI THANH THỦY PHÁT,931266713,,
,,,
CÔNG TY TNHH MTV SX TM DV TRẦN LÊ PHÚ,908691978,,
,,,
CÔNG TY TNHH SẢN XUẤT THƯƠNG MẠI PHƯƠNG THẾ,977530250,,
,,,
CÔNG TY TNHH MTV AN KHANG BB,855999909,,
,,,
CÔNG TY TNHH CHĂM SÓC SỨC KHOẺ DƯỠNG SINH QUANG THUẬN,914612228,,
,,,
CÔNG TY TNHH TRUE BLUE CONSTRUCTION,356043658,,
,,,
CÔNG TY TNHH OEM TEM NHÃN XANH,909902047,,
,,,
CÔNG TY TNHH THIẾT BỊ CÔNG NGHIỆP VŨ AN PHÁT,975616872,,
,,,
CÔNG TY TNHH ĐẦU TƯ THƯƠNG MẠI ĐOÀN KẾT,962986238,,
,,,
CÔNG TY TNHH VẬN TẢI HIỆP THUẬN PHÁT,395651086,,
,,,
CÔNG TY TNHH XUẤT NHẬP KHẨU LÊ BÁ,972822804,,
,,,
CÔNG TY TNHH TM DV MINH ANH DŨNG,974095552,,
,,,
CÔNG TY TNHH CƠ KHÍ XD AN GIA PHÁT,905637416,,
,,,
CÔNG TY TNHH THƯƠNG MẠI DỊCH VỤ THÀNH NGUYỄN PHÁT,962943737,,
,,,
CÔNG TY TNHH TM DV PHÁT TÂN LỘC,901383551,,
,,,
CÔNG TY TNHH TM-DV TRẦN ĐÌNH DINH,362849937,,
,,,
CÔNG TY TNHH VẬN TẢI ĐẶNG PHÚC THIÊN,908811841,,
,,,
CÔNG TY TNHH STV CRAFT VIỆT NAM,2284531,,
,,,
CÔNG TY TNHH SX TM DV PHẠM THỦY,907279959,,
,,,
CÔNG TY TNHH NHÀ HÀNG PHÚ AO ĐÔI,585789999,,
,,,
CÔNG TY TNHH NHÀ HÀNG TIỆC CƯỚI HOA PHƯỢNG,933123750,,
,,,
CÔNG TY TNHH PHÒNG KHÁM QUỐC TẾ RĂNG HÀM MẶT LAZA BIÊN HOÀ,854977977,,
,,,
CÔNG TY TNHH HỌC VIỆN FIRST STEP,342920786,,
,,,
CÔNG TY TNHH THV HD SS 79,961280258,,
,,,
CÔNG TY TNHH QUỐC TẾ HẠO VŨ,794678839,,
,,,
CÔNG TY TNHH GỐM HOÀNG GH,909271239,,
,,,
CÔNG TY TNHH KỸ THUẬT CƠ KHÍ LINH NGUYÊN,349523690,,
,,,
CÔNG TY TNHH HỢP NHẤT TIẾN TỚI 01,942790768,,
,,,
CÔNG TY TNHH THỰC PHẨM XUÂN HÙNG,8.40E+13,,
,,,
CÔNG TY TNHH DỊCH VỤ THU GOM CHẤT THẢI RẮN HUYNH HIỀN,989893603,,
,,,
CÔNG TY TNHH GỖ MỘC PHƯƠNG,387168339,,
,,,
CÔNG TY TNHH DƯỢC MỸ PHẨM QUỐC TẾ AN LỘC PHÁT,343293589,,
,,,
CÔNG TY TNHH SX TM GỖ Ý CHÍ VIỆT,975222517,,
,,,
CÔNG TY TNHH VẬT LIỆU XÂY DỰNG PHÚ CƯỜNG THỊNH,776150618,,
,,,
CÔNG TY TNHH DỊCH VỤ VẬN TẢI MAI HIỀN,347310456,,
,,,
CÔNG TY TNHH DONGIL WELDING VIỆT NAM,902798989,,
,,,
CÔNG TY TNHH NHƯ Ý E&C,903041808,,
,,,
CÔNG TY TNHH TƯ VẤN THIẾT KẾ & GIÁM SÁT XÂY DỰNG N.Đ.P,788800063,,
,,,
CÔNG TY TNHH TƯ VẤN XÂY LẮP XÂY DỰNG CÔNG TRÌNH SÔNG LAM,899143748,,
,,,
CÔNG TY TNHH QUỐC TẾ VIỄN TRÍ VIỆT NAM,973404679,,
,,,
CÔNG TY CỔ PHẦN CHĂN NUÔI GÀ HẬU BỊ MINH QUÂN,983224972,,
,,,
CÔNG TY TNHH PHÂN BÓN VÀ VẬN TẢI LƯƠNG GIA PHÁT,908029035,,
,,,
CÔNG TY CỔ PHẦN TẬP ĐOÀN ĐẦU TƯ ƯỚC MƠ VIỆT NAM,989499148,,
,,,
CÔNG TY TNHH XÂY DỰNG VÀ THƯƠNG MẠI TIẾN TIẾN PHÁT,988475980,,
,,,
CÔNG TY TNHH SXTM THU TRANG,372389020,,
,,,
CÔNG TY TNHH ẨM THỰC VƯỜN QUÊ GIANG ĐIỀN,909259198,,
,,,
CÔNG TY TNHH DYNAMIC TÂM AN,933714706,,
,,,
CÔNG TY TNHH MTV THƯƠNG MẠI DỊCH VỤ MAILISA,862526888,,
,,,
CÔNG TY TNHH XÂY DỰNG NỘI THẤT LVG,943615540,,
,,,
CÔNG TY TNHH MTV DỊCH VỤ BẮC TRUNG NAM,367064866,,
,,,
CÔNG TY TNHH GIA CÔNG CƠ KHÍ BẢO NHI,372378316,,
,,,
CÔNG TY TNHH XĂNG DẦU TÂN HƯNG PHÁT VINA,775905817,,
,,,
CÔNG TY TNHH HAPPY BABY PLUS,943250547,,
,,,
CÔNG TY TNHH NĂNG LƯỢNG XANH ĐỒNG NAI,2513882508,,
,,,
CÔNG TY TNHH TMDV ĐỨC SINH LỘC 79,374079639,,
,,,
CÔNG TY TNHH THY ANH PHÁT,972280234,,
,,,
CÔNG TY TNHH DỊCH VỤ VẬN TẢI MINH MINH,985937351,,
,,,
CÔNG TY TNHH THƯƠNG MẠI DỊCH VỤ THIẾT KẾ NGỌC ÁNH,968453559,,
,,,
CÔNG TY TNHH TMDV VƯƠNG ANH,813582218,,
,,,
CÔNG TY CỔ PHẦN NHA KHOA 5 CHÂU,974835055,,
,,,
CÔNG TY TNHH DỊCH VỤ THƯƠNG MẠI TRẠM SẠC BÀU XÉO,977485225,,
,,,
CÔNG TY TNHH CÂY XANH ĐỨC PHÚC COOL GREEN,937280456,,
,,,
CÔNG TY TNHH XÂY DỰNG THƯƠNG MẠI THANH SƠN PHÁT,842977779,,
,,,
CÔNG TY TNHH QUÝ TRỌNG GIA PHÁT,377523674,,
,,,
CÔNG TY TNHH TM DV TOÀN CẦU LOGISTICS,908627657,,
,,,
CÔNG TY TNHH TMDV SẢN XUẤT MINH THÀNH,813582821,,
,,,
CÔNG TY TNHH NGA KHÁNH PRO,908332830,,
,,,
CÔNG TY TNHH TMDV THÀNH TÂM HIẾU,935266426,,
,,,
CÔNG TY TNHH TM DV XNK DNMEX,936391638,,
,,,
CÔNG TY TNHH THƯƠNG MẠI DỊCH VỤ LƯU LIÊN,918644402,,
,,,
CÔNG TY TNHH ENZARA VIỆT NAM,792083868,,
,,,
CÔNG TY TNHH CƠ KHÍ SHL ĐỐI TÁC CỦA MÔI TRƯỜNG XANH,945444688,,
,,,
CÔNG TY TNHH TMDV THANH ĐOÀI,909837428,,
,,,
CÔNG TY TNHH THƯƠNG MẠI DỊCH VỤ XÂY DỰNG KH ĐẠI VIỆT,788657685,,
,,,
CÔNG TY TNHH VẬN CHUYỂN BÌNH ĐÔNG,909489806,,
,,,
CÔNG TY TNHH BVDK ÂN TÂM,915927341,,
,,,
CÔNG TY TNHH THIẾT BỊ ĐIỆN LONG THÀNH,978683905,,
,,,
CÔNG TY CỔ PHẦN XÂY DỰNG CẢNH QUAN MÔI TRƯỜNG ĐẠI NAM,389909539,,
,,,
CÔNG TY TNHH BẤT ĐỘNG SẢN GIA PHÚC THỊNH,949208422,,
,,,
CÔNG TY CỔ PHẦN ĐẦU TƯ - XÂY DỰNG - THƯƠNG MẠI VÀ DỊCH VỤ HOÀNG AN PHÁT,966273749,,
,,,
CÔNG TY TNHH DỊCH VỤ DƯƠNG HỌ TRAVEL,329685608,,
,,,
CÔNG TY TNHH NỘI THẤT ĐỨC THẮNG BRAND,906338957,,
,,,
CÔNG TY TNHH VINH PHẠM PHÁT,979966309,,
,,,
CÔNG TY TNHH TM SX HỒNG THỊNH PHÁT,909325815,,
,,,
CÔNG TY TNHH THIEN KIM BIO ENERGY,943210488,,
,,,
CÔNG TY TNHH KỸ THUẬT KAMINT VIỆT NAM,945240767,,
,,,
CÔNG TY TNHH DONG MYUNG VINA,251368329,,
,,,
CÔNG TY TNHH FILLON TECHNOLOGIES VIỆT NAM,986586793,,
,,,
CÔNG TY TNHH JHONSIN VIỆT NAM,2513683742,,
,,,
LỮ ĐOÀN 87 - BINH CHỦNG HÓA HỌC,,,
CÔNG TY TNHH THƯƠNG MẠI LÂM UYÊN LAM,898934268,,
,,,
CÔNG TY TNHH XÂY DỰNG HOA ĐẠI VIỆT,966240741,,
,,,
CÔNG TY TNHH GOLD PHOENIX VINA,908879301,,
,,,
CÔNG TY TNHH VẬT LIỆU XÂY DỰNG DUY ANH PHÁT,373260469,,
,,,
CÔNG TY TNHH VÀNG ĐÁ QUÝ KIM HOÀNG PHÚC,942295569,,
,,,
CÔNG TY TNHH QUỐC YÊN,2349848488,,
,,,
CÔNG TY TNHH ACTION RUBBER & PLASTIC TECHNOLOGY VIỆT NAM,337632569,,
,,,
CÔNG TY TNHH NÔNG NGHIỆP KHANG AN ĐỒNG NAI,977096776,,
,,,
CÔNG TY TNHH GREENBASE,919679299,,
,,,
CÔNG TY TNHH MTV CHÂU CÁT,989275158,,
,,,
CÔNG TY TNHH KAL BALI,901684081,,
,,,
CÔNG TY TNHH CƠ KHÍ CHÍNH XÁC TMT,339642584,,
,,,
CÔNG TY TNHH DỊCH VỤ THƯƠNG MẠI VÀ SẢN XUẤT NHẬT NHẬT MINH,962609121,,
,,,
CÔNG TY TNHH THIẾT KẾ XÂY DỰNG TƯỜNG PHONG,965540922,,
,,,
CÔNG TY TNHH TM DV HUỲNH GIA TECHNOLOGY,378469113,,
,,,
CÔNG TY TNHH DXTM NĂNG LƯỢNG HOÀNG THIÊN XANH,987545148,,
,,,
CÔNG TY TNHH MTV THƯƠNG MẠI DỊCH VỤ HÀ PHẠM,937914541,,
,,,
CÔNG TY TNHH PHƯƠNG DIỆP ANH,982125630,,
,,,
CÔNG TY TRÁCH NHIỆM HỮU HẠN XUẤT NHẬP KHẨU BIO FARM VIỆT NAM,908712486,,
,,,
CÔNG TY TNHH WO WI,918719425,,
,,,
CÔNG TY TNHH THƯƠNG MẠI DỊCH VỤ XÂY DỰNG TIẾN ĐẠT TÍN,778997383,,
,,,
CÔNG TY TNHH THƯƠNG MẠI DỊCH VỤ LÊ ĐĂNG KHANH,776714475,,
,,,
CÔNG TY TNHH 10 STAR,978002894,,
,,,
CÔNG TY TNHH XUẤT NHẬP KHẨU CROCODILE LEATHER,972237789,,
,,,
CÔNG TY TNHH THƯƠNG MẠI DỊCH VỤ THÀNH THẮNG XUÂN LỘC,901399331,,
,,,
CÔNG TY TNHH THƯƠNG MẠI PHÁT TRIỂN THÀNH PHÁT 86,337700418,,
,,,
CÔNG TY TNHH DỊCH VỤ PHÁT TRIỂN CN TGM,388675435,,
,,,
CÔNG TY TNHH HIỆP ĐỒNG NAI LAND,969170190,,
,,,
CÔNG TY TNHH XÂY DỰNG THƯƠNG MẠI AH ĐỒNG TIẾN,908031672,,
,,,
CÔNG TY TNHH DỊCH VỤ VŨ ĐẠT,909012586,,
,,,
CÔNG TY TNHH CƠ KHÍ THUẤN PHONG,986778710,,
,,,
CÔNG TY TNHH DƯỢC MỸ PHẨM HOÀN MỸ,931131939,,
,,,
CÔNG TY TNHH THỰC PHẨM NGỌC AN LINH,946977995,,
,,,
CÔNG TY TNHH NHA KHOA THIỆN NHÂN,964790000,,
,,,
CÔNG TY TNHH THIẾT KẾ XÂY DỰNG KIẾN TRÚC IQ500,926300366,,
,,,
CÔNG TY TNHH XD TM DV TĂNG HỒNG PHÁT,909691567,,
,,,
CÔNG TY CỔ PHẦN ĐẦU TƯ BẤT ĐỘNG SẢN ĐIỀN PHÚC THỊNH,934310050,,
,,,
CÔNG TY TNHH TM DV MINH LŨY,985937351,,
,,,
CÔNG TY TNHH BIOMASS THL,909445390,,
,,,
CÔNG TY TNHH THƯƠNG MAI DỊCH VỤ HẰNG HÂN,356492198,,
,,,
CÔNG TY TNHH DASHUN GROUP,918458329,,
,,,
CÔNG TY TNHH SAM MATERIALS VIỆT NAM,988830670,,
,,,
CÔNG TY TNHH XUẤT NHẬP KHẨU DƯỢC MỸ PHẨM HOLIN,379379405,,
,,,
CÔNG TY TNHH INTERNATIONAL FOREIGN EXCHANGE,989697614,,
,,,
CÔNG TY TNHH THƯƠNG MẠI QUỐC TẾ OMF,852036119,,
,,,
CÔNG TY TNHH TM DV TƯ VẤN MẠNH PHƯỚC,908834839,,
,,,
CÔNG TY TNHH CÔNG NGHỆ TRUNG HIẾU,90710652,,
,,,
CÔNG TY CỔ PHẦN CÔNG NGHỆ XANH PHÚC TIỆP,977499266,,
,,,
CÔNG TY TNHH THƯƠNG MẠI DỊCH VỤ XÂY DỰNG THANH TOÀN TCT,349329068,,
,,,
CÔNG TY TNHH DAE DUK BAND VIETNAM,,,
CÔNG TY TNHH ADACAT,9.39E+17,,
,,,
CÔNG TY CỔ PHẦN NEW LIFE FURNITURE,,,
CÔNG TY TNHH XUẤT NHẬP KHẨU PERFECT LIFE,946272286,,
,,,
CÔNG TY TNHH BDS ANKHANG,915920854,,
,,,
CÔNG TY CỔ PHẦN ĐẦU TƯ VÀ PHÁT TRIỂN ECO BEAUTY,359690939,,
,,,
CÔNG TY TNHH THIẾT BỊ CÔNG NGHIỆP ĐỒNG NAI,918308269,,
,,,
CÔNG TY TNHH DỊCH VỤ VẬN TẢI PHÚC NHẬT MINH,984581580,,
,,,
CÔNG TY TNHH XUẤT NHẬP KHẨU LỘC THIÊN PHÚ,813392079,,
,,,
CÔNG TY TNHH CƠ GIỚI BIÊN HOÀ ĐỨC TRUNG,974129989,,
,,,
CÔNG TY TNHH SẢN XUẤT VÀ THƯƠNG MẠI LONG THÀNH STRAPPING,362476486,,
,,,
CÔNG TY TNHH KỸ THUẬT CƠ KHÍ - XÂY DỰNG KIÊN DƯƠNG THỊNH PHÁT,949600007,,
,,,
CÔNG TY TNHH XÂY DỰNG DỊCH VỤ PHÚC ĐIỀN PHÁT,946108484,,
,,,
CÔNG TY TNHH DỊCH VỤ MÔI TRƯỜNG ANH LÊ,326326873,,
,,,
CÔNG TY TNHH CÔNG NGHỆ HASAKI,934179803,,
,,,
CÔNG TY TNHH HOA PHƯỢNG FLORENCE,919990779,,
,,,
CÔNG TY TNHH HH NEW CENTERY,588482682,,
,,,
CÔNG TY TNHH THƯƠNG MẠI DỊCH VỤ ĐẦU TƯ XD LÊ DŨNG,921146541,,
,,,
CÔNG TY TNHH WOOD AND VENEER KHẢI ANH,966353497,,
,,,
CÔNG TY CỔ PHẦN THƯƠNG MẠI SẢN XUẤT NHỰA NGUYÊN HƯƠNG,974066181,,
,,,
CÔNG TY TNHH TNHH THƯƠNG MẠI DỊCH VỤ KD PHÁT HOÀNG DUY,921146541,,
,,,
CÔNG TY TNHH GIA HƯNG PHÁT VINA,937455377,,
,,,
CÔNG TY TNHH QUANG BỪNG SÁNG,933197529,,
,,,
CÔNG TY TNHH XÂY DỰNG TUYẾT TRẦN,945678968,,
,,,
CÔNG TY TNHH NÔNG NGHIỆP BỀN VỮNG ĐỨC QUÂN,976603847,,
,,,
CÔNG TY TNHH TM DV SX TÂN PHÚC MINH,932376736,,
,,,
CÔNG TY TNHH PHẦN MỀM VIETPRODEV,916789680,,
,,,
CÔNG TY TNHH XUẤT NHẬP KHẨU GLOBAL PLASTIC,935249316,,
,,,
CÔNG TY TNHH ĐẦU TƯ XÂY DỰNG BẤT ĐỘNG SẢN PHƯƠNG AN,909458854,,
,,,
CÔNG TY TNHH TMDV KIM NGÂN PHÁT,988533505,,
,,,
CÔNG TY TNHH MỘT THÀNH VIÊN THỰC PHẨM THƯƠNG CƯỜNG,868035607,,
,,,
CÔNG TY TNHH THƯƠNG MẠI DỊCH VỤ VẬN TẢI VŨ LÊ PHÁT,969118428,,
,,,
CÔNG TY TNHH TM DV PHÚC HÙNG PHÁT,932109777,,
,,,
CÔNG TY TNHH THƯƠNG MẠI DỊCH VỤ PHÚC PHÁT THỊNH,342557786,,
,,,
CÔNG TY TNHH PHÚC LIÊN PHÁT,8232310832,,
,,,
CÔNG TY TNHH TƯ VẤN ĐẦU TƯ VÀ XÂY DỰNG HOÀ HIẾU,353431133,,
,,,
CÔNG TY CỔ PHẦN ĐẦU TƯ BẤT ĐỘNG SẢN PHÚ GIA KHANG,941988817,,
,,,
CÔNG TY TNHH THƯƠNG MẠI VÀ SẢN XUẤT AN VĨNH CỬU,968380406,,
,,,
HỢP TÁC XÃ ĐẠI ĐỒNG TIẾN,913913138,,
,,,
CÔNG TY TNHH THIẾT KẾ KIẾN TRÚC VÀ XÂY DỰNG A.N.A,905351283,,
,,,
CÔNG TY CỔ PHẦN SẢN XUẤT - ĐẦU TƯ - XÂY DỰNG - PHÁT TRIỂN HẠ TẦNG 55,979133731,,
,,,
CÔNG TY TNHH THƯƠNG MẠI DỊCH VỤ ĐẦU TƯ Ô TÔ BÌNH MINH,909690381,,
,,,
CÔNG TY TNHH THƯƠNG MẠI MTV BÍCH DIỆP,337545783,,
,,,
CÔNG TY TNHH THƯƠNG MẠI DỊCH VỤ QUẢNG CÁO TRUYỀN THÔNG SƠN TÙNG,904168135,,
,,,
CÔNG TY TNHH TMXD VIỄN THÔNG PHÚ THỊNH,399358931,,
,,,
CÔNG TY TNHH DIGITAL TECHNOLOGY RISE,326459570,,
,,,
CÔNG TY TNHH TM DV PHONG ĐẠI PHÁT,785693313,,
,,,
CÔNG TY TNHH MAY MẶC XUẤT NHẬP KHẨU CƯỜNG THỊNH PHÁT,366979040,,
,,,
CÔNG TY CỔ PHẦN BẤT ĐỘNG SẢN HDC GROUP,919479446,,
,,,
CÔNG TY TNHH THƯƠNG MẠI DỊCH VỤ THANH XUÂN CƯỜNG,842330768,,
,,,
HỢP TÁC XÃ THƯƠNG MẠI DỊCH VỤ NÔNG NGHIỆP Ý HỒNG,906733832,,
,,,
CÔNG TY TNHH KIM HIỀN PHÁT,376128784,,
,,,
CÔNG TY TNHH ĐẦU TƯ NOTAS,705367666,,
,,,
CÔNG TY TNHH PHÁT TRIỂN & ĐẦU TƯ HƯNG VIỆT,356835989,,
,,,
CÔNG TY TNHH MTV TM2,913851286,,
,,,
CÔNG TY TNHH XNK DOVEZI,2513299299,,
,,,
CÔNG TY TNHH PHẾ LIỆU MINH TRANG,904014008,,
,,,
CÔNG TY TNHH MỘC MINH NHẬT,984999971,,
,,,
CÔNG TY TNHH SA CHÁNH PHÁT,908604387,,
,,,
CÔNG TY TNHH PHÁT TRIỂN ĐÔ THỊ XÂY DỰNG ATACO ĐỒNG NAI,927555379,,
,,,
CÔNG TY TNHH THỰC PHẨM DOSA,931229867,,
,,,
CÔNG TY TNHH URI ENDA,9373816320,,
,,,
CÔNG TY TNHH ADM NIGHT LOUNGE,976436083,,
,,,
CÔNG TY TNHH TM DV TRIỆU QUANG,586656522,,
,,,
CÔNG TY TNHH THƯƠNG MẠI XUẤT NHẬP KHẨU MINH HẠNH,946100958,,
,,,
CÔNG TY TNHH MÔI TRƯỜNG XANH BỐN DUYÊN PHÁT,902116497,,
,,,
CÔNG TY TRÁCH NHIỆM HỮU HẠN MỘT THÀNH VIÊN CUNG ỨNG LAO ĐỘNG LẠC HỒNG,818884652,,
,,,
CÔNG TY TNHH BAO BÌ TRƯỜNG HỒNG PHÁT,898536054,,
,,,
CÔNG TY TNHH KIM VĨNH PHÚ,2518889366,,
,,,
CÔNG TY TNHH DỊCH VỤ VẬN TẢI KHANG UYÊN,974583117,,
,,,
CÔNG TY TNHH THỰC PHẨM HỒNG QUÂN,919911997,,
,,,
CÔNG TY TNHH MỘT THÀNH VIÊN NEXUS,93641017,,
,,,
CÔNG TY TNHH AN BÌNH GPRFC,398755766,,
,,,
CÔNG TY TNHH DỊCH VỤ VẬN TẢI GIA KHANG PHÁT,931676555,,
,,,
CÔNG TY TNHH DỊCH VỤ PHÚC HỒNG PHÁT,902164857,,
,,,
CÔNG TY TNHH THƯƠNG MẠI DỊCH VỤ VẬN CHUYỂN VÀ XUẤT NHẬP KHẨU TOÀN CẦU,912114396,,
,,,
CÔNG TY TNHH THƯƠNG MẠI DỊCH VỤ VẬT LIỆU XÂY DỰNG MVC MIỀN NAM,979490149,,
,,,
CÔNG TY CỔ PHẦN DƯỢC PHẨM DONAMED,355996372,,
,,,
CÔNG TY TNHH XD TK MAILISA,784044971,,
,,,
CÔNG TY TNHH CÔNG NGHỆ TP CON CƯNG,778274600,,
,,,
CÔNG TY TNHH KIM BẢO TRẦN,376204502,,
,,,
CÔNG TY TNHH MỘT THÀNH VIÊN PHÚC THIÊN HIẾU,932402772,,
,,,
CÔNG TY TNHH SẢN XUẤT THƯƠNG MẠI SR12 SÀIGÒN,947681624,,
,,,
CÔNG TY TNHH HỢP NHẤT TT,942790768,,
,,,
CÔNG TY TNHH TM ĐẦU TƯ TT,934553042,,
,,,
CÔNG TY TNHH DV TM KIM THU NGÂN,877203905,,
,,,
CÔNG TY TNHH THƯƠNG MẠI DỊCH VỤ TƯ VẤN NGUYỄN GIA LONG,941303515,,
,,,
CÔNG TY TNHH ANH NAM PHÁT JSC,981912579,,
,,,
CÔNG TY TNHH CONTROL CAPHAN ACV,9037032175,,
,,,
CÔNG TY TNHH THIẾT BỊ ĐIỆN GIA DỤNG CỔ PHONG,878174880,,
,,,
CÔNG TY TNHH THƯƠNG MẠI HOÀNG TÚ ĐỒNG NAI,907455194,,
,,,
CÔNG TY TNHH TẬP ĐOÀN SWAN FARM,918899923,,
,,,
CÔNG TY TNHH THƯƠNG MẠI ĐẦU TƯ KIM YẾN,365028402,,
,,,
CÔNG TY TNHH CƠ KHÍ THỦY LỰC ÁNH HỒNG PHÁT,375458398,,
,,,
CÔNG TY TNHH LÝ THỊNH PHÁT,985558542,,
,,,
CÔNG TY TNHH THƯƠNG MẠI DỊCH VỤ MAX SOCIAL COMMERCIAL,908618698,,
,,,
CÔNG TY TNHH ĐẦU TƯ VÀ PT HỒNG NGỌC,987315803,,
,,,
CÔNG TY TNHH ĐỒNG NAM LÊ,912007918,,
,,,
CÔNG TY TNHH MTV TM1,913851286,,
,,,
CÔNG TY TNHH VẠN NHÂN KIỆT,88889119,,
,,,
CÔNG TY TNHH THIÊN QUÂN LUXURYS,833398516,,
,,,
CÔNG TY TNHH THƯƠNG MẠI DỊCH VỤ SAM LK,384974902,,
,,,
CÔNG TY TNHH DỊCH VỤ MÔI TRƯỜNG KẾT TÌNH,919551813,,
,,,
CÔNG TY TNHH THƯƠNG MẠI VÀ DỊCH VỤ HỮU TÌNH,963551260,,
,,,
CÔNG TY TNHH THƯƠNG MẠI SX HƯNG PHÚ,918343535,,
,,,
CÔNG TY TNHH TMDV SX NHƯ Ý MEDAL,943766666,,
,,,
CÔNG TY TNHH CƠ KHÍ XÂY DỰNG THƯƠNG MẠI DỊCH VỤ CƠ GIỚI PHÚ KHANG,387889208,,
,,,
CÔNG TY TNHH THẢM KHANG PHÁT,776506140,,
,,,
CÔNG TY TNHH NAM KINH WOOD,347488365,,
,,,
CÔNG TY TNHH ĐẦU TƯ VÀ PHÁT TRIỂN CAO GIA,964887938,,
,,,
CÔNG TY TNHH SẢN XUẤT THƯƠNG MẠI VẬN TẢI THIÊN QUANG,904222296,,
,,,
CÔNG TY TNHH ĐẦU TƯ VÀ PHÁT TRIỂN YMPD,583963780,,
,,,
CÔNG TY TNHH TƯ VẤN VÀ ĐẦU TƯ XÂY DỰNG NGUYÊN PHÁT GROUP,932460909,,
,,,
CÔNG TY TNHH CƯỜNG C.T.L,909259767,,
,,,
CÔNG TY TNHH CHÂU GIAO,9371988332,,
,,,
CÔNG TY TNHH CHENZAN SPORT,902908866,,
,,,
CÔNG TY TNHH THƯƠNG MẠI DỊCH VỤ KHÔI NHIÊN,385535110,,
,,,
CÔNG TY TNHH GỖ THẮNG VIỆT,981514402,,
,,,
CÔNG TY TNHH LƯƠNG THỰC VÀ THỰC PHẨM THANH HOA,9.38E+14,,
,,,
CÔNG TY TNHH THƯƠNG MẠI HOÀNG NGUYÊN PHÁT NHẤT,886849531,,
,,,
CÔNG TY TNHH TƯ VẤN THIẾT KẾ - XÂY DỰNG DỊCH VỤ HOÀ HƯƠNG PHÁT,886749132,,
,,,
TỔ HỢP TÁC CÂY SẦU RIÊNG ĐAK LUA,976455559,,
,,,
CÔNG TY TNHH THƯƠNG MẠI DỊCH VỤ VẬN TẢI AN KHÁNH GLASS,589651786,,
,,,
CÔNG TY TNHH THƯƠNG MẠI VẬN TẢI VN,589661742,,
,,,
HỢP TÁC XÃ DỊCH VỤ NÔNG NGHIỆP THUỶ SẢN THỐNG NHẤT,936947510,,
,,,
CÔNG TY TNHH XÂY DỰNG LỤC BÁT,989773445,,
,,,
CÔNG TY TNHH MTV SX VS TM CHEMTECH VIỆT NAM,562567567,,
,,,
CÔNG TY TNHH ĐẦU TƯ XÂY DỰNG VÀ PHÁT TRIỂN HOÀNG LONG,908639262,,
,,,
CÔNG TY TNHH XÂY DỰNG VÀ TRANG TRÍ NỘI NGOẠI THẤT PHƯƠNG DUYÊN,913613824,,
,,,
CÔNG TY TNHH CÔNG NGHỆ CARL VIỆT NAM,377913663,,
,,,
CÔNG TY TNHH THƯƠNG MẠI DỊCH VỤ CƠ KHÍ Ô TÔ THẮNG LỢI,909554500,,
,,,
CÔNG TY TNHH DƯỢC PHẨM QUỐC TẾ EMOTHION VIỆT NAM,942918484,,
,,,
CÔNG TY TNHH THƯƠNG MẠI VÀ DỊCH VỤ ĐẦU TƯ NGHỆ THANH,968943726,,
,,,
CÔNG TY TNHH QUẢNG CÁO TÂN TRÍ NHÂN,938087392,,
,,,
CÔNG TY TNHH MINH CHÂU GIADA,901670046,,
,,,
CÔNG TY TNHH QUỐC TẾ YONGSHIN,8.87E+11,,
,,,
CÔNG TY TNHH TMDV SX NHƯ Ý PALACE,943766666,,
,,,
CÔNG TY TNHH HẠNH NHÂN,961621879,,
,,,
CÔNG TY TNHH NỘI THẤT LÝ HÙNG FUTURE,778703734,,
,,,
CÔNG TY TNHH KINH DOANH VÀ DV TỔNG HỢP THÀNH TÍN,988516453,,
,,,
CÔNG TY TNHH THƯƠNG MẠI DỊCH VỤ KHANG MINH ĐẠT,855428438,,
,,,
CÔNG TY TNHH SẢN XUẤT THƯƠNG MẠI VÀ DỊCH VỤ SOFA THIÊN PHÁT,865186339,,
,,,
CÔNG TY TNHH XANH SẠCH ĐẸP MẠNH PHÁT,899000338,,
,,,
TRƯỜNG MẦM NON TÂN PHONG 2,,,
CÔNG TY TNHH MỘT THÀNH VIÊN TUẤN NGHĨA GARAGE Ô TÔ,966436257,,
,,,
CÔNG TY TNHH HOÀNG BÌNH TÂM,977088000,,
,,,
CÔNG TY TNHH KU FU VIỆT NAM,963258200,,
,,,
CÔNG TY TNHH TM & DV PHÚC TRUNG THIÊN,868555009,,
,,,
CÔNG TY TNHH DỊCH VỤ BẢO VỆ AN NINH LỘC THIÊN PHÁT,901550669,,
,,,
CÔNG TY TNHH ANH DŨNG VN,987106785,,
,,,
CÔNG TY TNHH MỘT THÀNH VIÊN DI ANH,939393948,,
,,,
CÔNG TY TNHH MỘT THÀNH VIÊN HỢP LỰC AN TÂM,967360556,,
,,,
CÔNG TY TNHH SẢN XUẤT VÀ THƯƠNG MẠI GỖ VŨ PHÁT,985335856,,
,,,
CÔNG TY TNHH TRUNG TÂM TƯ VẤN SKY,931397216,,
,,,
CÔNG TY TNHH TƯ VẤN THƯƠNG MẠI DỊCH VỤ THÀNH ĐÔ,986722037,,
,,,
CÔNG TY TNHH THƯƠNG MẠI ĐẦU TƯ XÂY DỰNG ĐỨC QUÂN,985717956,,
,,,
CÔNG TY CỔ PHẦN MV PCB,933692268,,
,,,
CÔNG TY TNHH MTV Ô TÔ ĐỒNG NAI,966330583,,
,,,
CÔNG TY TNHH CƠ KHÍ PHƯƠNG THỊNH PHÁT,987370210,,
,,,
CÔNG TY TNHH TMDV LIÊN MẠC,898032586,,
,,,
CÔNG TY TNHH SX TM DV KIM KHANG VINA,931219919,,
,,,
CÔNG TY TNHH MTV IN VÀ BAO BÌ SL,988615458,,
,,,
CÔNG TY TNHH CENTURY ELECTRIC VIỆT NAM,338558887,,
,,,
CÔNG TY TNHH VĨNH NAM CƯỜNG,974595435,,
,,,
CÔNG TY TNHH SẢN XUẤT GỖ NGUYỄN ĐẠT,902402521,,
,,,
CÔNG TY TNHH MTV PHÚC TẤN LỘC,908345763,,
,,,
CÔNG TY CỔ PHẦN CƠ KHÍ SẢN XUẤT KHANG THỊNH,983474000,,
,,,
CÔNG TY TNHH KOZEN FOODS VIỆT NAM,2513201032,,
,,,
CÔNG TY TNHH THƯƠNG MẠI ĐỨC PHÁT THÀNH,909331881,,
,,,
CÔNG TY HANSEONG PLANT ENGINEERING CO., LTD HQ TC TCLĐTBCTCN TDA CT TNHH AK VN,339255958,
,,,
CÔNG TY TNHH TRINH VY PHÁT,909907224,,
,,,
CÔNG TY TNHH DỊCH VỤ THƯƠNG MẠI VÀ KỸ THUẬT COMTECH,937625445,,
,,,
CÔNG TY TNHH CÔNG NGHIỆP VŨ,986252347,,
,,,
CÔNG TY TNHH XÂY DỰNG DỊCH VỤ THƯƠNG MẠI SONG KIM,979923780,,
,,,
CÔNG TY TNHH MAY MẶC HƯƠNG QUÂN,359662515,,
,,,
CÔNG TY TNHH TM-DV QUẢNG CÁO TUẤN ANH,942975977,,
,,,
CÔNG TY TNHH THIẾT KẾ TRỌNG NHÂN,915264237,,
,,,
CÔNG TY TNHH MÔI TRƯỜNG THẾ GIỚI MỚI,375157061,,
,,,
CÔNG TY TNHH TƯ VẤN PHÁP LÝ BẢO TRỌNG,918607153,,
,,,
CÔNG TY TNHH CARYKA,919192481,,
,,,
CÔNG TY TNHH ĐẦU TƯ HỖ TRỢ THÀNH THÁI AN,815799877,,
,,,
CÔNG TY TNHH KIM LOẠI MÀU CHIẾN THẮNG,966912002,,
,,,
CÔNG TY TNHH DỊCH VỤ VÀ THƯƠNG MẠI AN GIA,888928594,,
,,,
CÔNG TY TNHH THƯƠNG MẠI VÀ DỊCH VỤ TÂN HOA ĐÔNG,987418815,,
,,,
CÔNG TY TNHH DỊCH VỤ THƯƠNG MẠI VIETBRIGHT,911634141,,
,,,
CÔNG TY TNHH HOÀNG KHÁNH PHONG,973807060,,
,,,
CÔNG TY TNHH ĐẦU TƯ XÂY DỰNG HẢI DƯƠNG PHÁT,815799877,,
,,,
CÔNG TY TNHH THUỶ CẢNH,901724589,,
,,,
CÔNG TY TNHH THUỐC THỦY SẢN MINH TRÍ,915110919,,
,,,
CÔNG TY TNHH HIỆP ĐỒNG NAI GROUP,934170190,,
,,,
CÔNG TY TNHH THUẬN PHONG PHÚ CƯỜNG,918666886,,
,,,
CÔNG TY TNHH TMDV XÂY DỰNG TÂN MAI PHÁT,937198403,,
,,,
CÔNG TY TNHH TMDV XÂY DỰNG HOÀ KIM PHÁT,937178913,,
,,,
CÔNG TY TNHH PHƯƠNG TIỆN ĐIỆN THÔNG MINH E-BIKE,876365364,,
,,,
CÔNG TY TNHH NEW HENGSHENG MACHINERY VIỆT NAM,8.61E+12,,
,,,
CÔNG TY TNHH LINH PHỤNG PRO,937341021,,
,,,
CÔNG TY TNHH SX -TM - DV NGỌC MINH TRÍ,384300339,,
,,,
CÔNG TY TNHH PALLET VƯƠNG MINH KHANG,834935384,,
,,,
CÔNG TY TNHH THUỶ LỰC PHÚC THỊNH,385920811,,
,,,
CÔNG TY CỔ PHẦN SỢI TRƯỜNG PHÚ,909002985,,
,,,
CÔNG TY TNHH CƠ KHÍ MẠNH CƯỜNG,898997071,,
,,,
CÔNG TY TNHH KINH DOANH THƯƠNG MẠI XÂY DỰNG ĐẠI HÙNG CƯỜNG,938510216,,
,,,
CÔNG TY TNHH VẬT LIỆU MỚI HUALI VIỆT NAM,934059368,,
,,,
TRƯỜNG MÀM NON BÁCH KHOA,,,
CÔNG TY TNHH THƯƠNG MẠI VÀ SẢN XUẤT GỖ THIÊN HỬU,933419671,,
,,,
CÔNG TY TNHH AGRIVIE,937999237,,
,,,
CÔNG TY TNHH PHÚC LIỆT DYLAN,901207547,,
,,,
CÔNG TY TNHH CÔNG NGHIỆP HSNT,901862266,,
,,,
CÔNG TY TNHH SẢN XUẤT THƯƠNG MẠI DỊCH VỤ MDM,389359779,,
,,,
CÔNG TY TNHH GỐM SỨ THIÊN HOÀNG,949667073,,
,,,
CÔNG TY TNHH GUY LEONARD &,909835200,,
,,,
CÔNG TY TNHH XUẤT NHẬP KHẨU VÀ ĐẦU TƯ XÂY DỰNG AN HƯNG PHÁT,827823413,,
,,,
CÔNG TY TNHH DŨNG PHÁT VIỆT,921429888,,
,,,
CÔNG TY TNHH SINH QUANG LỘC,777034630,,
,,,
CÔNG TY TNHH QUỐC TẾ GRANDE.,2513560487,,
,,,
CÔNG TY TNHH THƯƠNG MẠI DỊCH VỤ VÀ SẢN XUẤT ROSE GOLD,974468090,,
,,,
CÔNG TY TNHH DAESAN ELECTRONICS,795227047,,
,,,
CÔNG TY TNHH MỘT THÀNH VIÊN NHẤT LÂM,903034647,,
,,,
CÔNG TY TNHH TM DV XNK HOA THIÊN,705861419,,
,,,
CÔNG TY TNHH SẢN XUẤT GỖ Ý THIÊN,355745055,,
,,,
CÔNG TY TNHH VÂN QUANG KYOMI,899232804,,
,,,
CÔNG TY TNHH DV BẢO VỆ BÌNH AN LONG,785983089,,
,,,
CÔNG TY TNHH KINH DOANH VÀ ĐẦU TƯ TV-COR,938602222,,
,,,
CÔNG TY TNHH NGOẠI NGỮ SUNRISE,966448576,,
,,,
CÔNG TY TNHH THƯƠNG MẠI VLXD THẢO TÂM,973230032,,
,,,
CÔNG TY TNHH XÂY DỰNG VÀ DỊCH VỤ THƯƠNG MẠI VÂN LONG,989925087,,
,,,
CÔNG TY TNHH THƯƠNG MẠI DỊCH VỤ TỔNG HỢP DŨNG MAI PHÁT,388960932,,
,,,
CÔNG TY TNHH THIẾT BỊ ĐIỆN TASCOM,932133459,,
,,,
CÔNG TY TNHH WEST TRÀ MY,933580907,,
,,,
CÔNG TY TNHH HOMIA COSMETICS,909210968,,
,,,
CÔNG TY TNHH SẢN XUẤT KINH DOANH THƯƠNG MẠI TRẦN ANH SƠN,935551222,,
,,,
CÔNG TY TNHH THƯƠNG MẠI ANH THIÊN TRINH,776986816,,
,,,
CÔNG TY TNHH NHÀ HÀNG CÂY NÊU,908706060,,
,,,
CÔNG TY TNHH THƯƠNG MẠI ÁNH VY TRANG,778976461,,
,,,
CÔNG TY TNHH TM XNK NAM TIẾN THÀNH,962165229,,
,,,
VĂN PHÒNG LUẬT SƯ MAI KIM THẠCH - CHI NHÁNH TÂN PHÚ,918132252,,
,,,
CÔNG TY TNHH DQS PLUS,898904212,,
,,,
CÔNG TY TNHH MTV SẮT THÉP MỸ THUẬT ĐỒNG NAI,778668994,,
,,,
CÔNG TY TNHH WIIN 1 NHƠN TRẠCH,981818180,,
,,,
CÔNG TY TNHH XE MÁY VIỆT LONG,763812089,,
,,,
CÔNG TY TNHH MỘT THÀNH VIÊN HƯNG PHƯỚC TÀI RICE,971779889,,
,,,
CÔNG TY TNHH TƯ VẤN DU HỌC VÀ HƯỚNG NGHIỆP RỒNG PHƯƠNG NAM,364816145,,
,,,
CÔNG TY TNHH LONG THÀNH THÀNH LONG,898590968,,
,,,
CÔNG TY TNHH TMDV THÀNH TIẾN ANH,778230151,,
,,,
CÔNG TY TNHH SÂN KHẤU CA NHẠC HỘI CHỢ THƯƠNG MẠI THÙY ANH,928288828,,
,,,
CÔNG TY TNHH LỘC PHÚC WATER,918922722,,
,,,
CÔNG TY TNHH TM XĂNG DẦU NGỌC ĐỨC PHÁT,777786888,,
,,,
CÔNG TY TNHH THƯƠNG MẠI SẢN XUẤT NGUYỄN ANH,94462173,,
,,,
CÔNG TY TNHH THƯƠNG MẠI- KỸ THUẬT- DỊCH VỤ ADOPAVN,968021386,,
,,,
CÔNG TY TNHH THƯƠNG MẠI ĐẦU TƯ AMAZON VIỆT NAM,567760675,,
,,,
CÔNG TY TNHH WIIN 2 NHƠN TRẠCH,981818180,,
,,,
CÔNG TY TNHH SPN TIME,924619619,,
,,,
CÔNG TY TNHH SX CHẾ BIẾN GỖ SỸ HOÀNG,346044007,,
,,,
CÔNG TY TNHH MTV XUẤT NHẬP KHẨU TRÁI CÂY,925111818,,
,,,
CÔNG TY TNHH TM DV HẠO KHANG,832507517,,
,,,
CÔNG TY TNHH HÙNG TRÍ PHƯỚC,912811100,,
,,,
CÔNG TY TNHH DỊCH VỤ THƯƠNG MẠI TƯ ÂM,985455708,,
,,,
CÔNG TY TNHH THƯƠNG MẠI TRƯỜNG ANH NGUYÊN,778582675,,
,,,
CÔNG TY TNHH THƯƠNG MẠI TIẾN HÙNG PHÁT,964626927,,
,,,
CÔNG TY TNHH THANG MÁY AN TIẾN,2516288695,,
,,,
CÔNG TY CỔ PHẦN XÂY DỰNG THƯƠNG MẠI DỊCH VỤ THIÊN LONG TTN,846737379,,
,,,
CÔNG TY TNHH PHÂN PHỐI PHÚC THIÊN ÂN,906660364,,
,,,
CÔNG TY TNHH NHA KHOA TOÀN TÂM,933315431,,
,,,
CÔNG TY TNHH XÂY DỰNG THẠCH TAM PHÁT,904841419,,
,,,
CÔNG TY TNHH NÔNG NGHIỆP THỰC PHẨM TRUNG HÒA,912895415,,
,,,
CÔNG TY TNHH THƯƠNG MẠI VÀ XÂY DỰNG HỒNG CHÁNH,939446118,,
,,,
CÔNG TY TNHH THỰC PHẨM NGUYÊN VY,967778979,,
,,,
CÔNG TY TNHH VẬN TẢI THÙY TRANG PHÁT,961419919,,
,,,
CÔNG TY TNHH NQUY CTS,908596697,,
,,,
CÔNG TY TNHH TMDV TRƯỜNG NGUYÊN ĐĂNG,899277260,,
,,,
CÔNG TY TNHH ĐẦU TƯ BẢO NGỌC PHÁT,918546139,,
,,,
CÔNG TY TNHH MTV PHƯỚC ANH THỊNH,965360443,,
,,,
CÔNG TY TNHH MTV PHƯỚC THỊNH,988171443,,
,,,
CÔNG AN XÃ XUÂN TÂM,2513758871,,
,,,
CÔNG AN XÃ XUÂN HIỆP,2513743767,,
,,,
CÔNG TY LUẬT TNHH MTV LUẬT TIẾN LỘC,,,
HỘI KHOA HỌC KỸ THUẬT XÂY DỰNG TỈNH ĐỒNG NAI,902577947,,
,,,
CÔNG TY CỔ PHẦN ĐẦU TƯ VIỆT NAM ĐỒNG NAI,9.02E+17,,
,,,
CÔNG TY TNHH TMDV ĐẦU TƯ XÂY DỰNG HOÀNG MINH,869870492,,
,,,
CÔNG TY TNHH QUAN TRẮC MÔI TRƯỜNG MIỀN NAM,937863263,,
,,,
CÔNG TY TNHH NHỰA PHƯƠNG ĐÔNG,914530606,,
,,,
CÔNG TY TNHH PHÚC HOÀNG THIỆN,986556149,,
,,,
CÔNG TY TNHH THIẾT BỊ ĐIỆN ÂN PHÚ PHÁT,906763536,,
,,,
CÔNG AN XÃ XUÂN PHÚ,,,
CÔNG TY TNHH THƯƠNG MẠI - XÂY DỰNG - MÔI TRƯỜNG DKTECH,367160933,,
,,,
CÔNG TY TNHH THƯƠNG MẠI GIA DỤNG NGUYỄN KIM ĐIỆN MÁY,776126781,,
,,,
CÔNG TY TNHH VIVOTHREADS (VN),9.73E+11,,
,,,
CÔNG TY TNHH NHA KHOA PHÚC TÂM AN DENTAL,985936552,,
,,,
CÔNG TY TNHH MTV NGUYỄN THANH BÌNH,916940487,,
,,,
CÔNG TY TNHH XÂY DỰNG NGỌC MAI PHÁT,918546139,,
,,,
CÔNG TY TNHH THƯƠNG MẠI TỔNG HỢP GIA THỊNH PHÁT,785305759,,
,,,
CÔNG TY TNHH TM DV NGỌC HẰNG PHÁT,902029949,,
,,,
CÔNG AN XÃ XUÂN THÀNH,943058868,,
,,,
CÔNG TY TNHH SẢN XUẤT THƯƠNG MẠI BẢO TÂM PHÁT,908160112,,
,,,
CÔNG TY TNHH THƯƠNG MẠI THANH NGUYÊN SÁNG,899483093,,
,,,
CÔNG TY TNHH MTV ĐẦU TƯ VÀ PHÁT TRIỂN ADP,898439017,,
,,,
CÔNG TY TNHH XE MÁY NHẬP KHẨU HÒA NGUYỄN,906620340,,
,,,
CÔNG TY TNHH THƯƠNG MẠI GIA HÂN ĐN,938573946,,
,,,
CÔNG TY TNHH XÂY DỰNG VÀ KINH DOANH VẬT LIỆU XÂY DỰNG CM,325236239,,
,,,
CÔNG TY TNHH NIKI IRON WORKS VN,984276297,,
,,,
CÔNG TY TNHH THƯƠNG MẠI CƠ KHÍ XÂY DỰNG VƯƠNG THỊNH PHÁT,879553166,,
,,,
CÔNG TY TNHH XUẤT NHẬP KHẨU THƯƠNG MẠI VÀ DỊCH VỤ PHÚC HƯNG,968780983,,
,,,
CÔNG TY TNHH XÂY DỰNG THƯƠNG MẠI VẬN TẢI THIÊN THANH,913023093,,
,,,
CÔNG TY TNHH SẢN XUẤT NỘI THẤT NGOÀI TRỜI THIỆN PHÚC,327882380,,
,,,
CÔNG TY TNHH LA CÀ HOMESTAY,966123604,,
,,,
CÔNG TY TNHH HEUNG SUNG PLASTIC VINA,888897878,,
,,,
CÔNG TY TNHH TM VLXD TUẤN VY LINH,937798181,,
,,,
CÔNG TY TNHH MÁY VĂN PHÒNG TRÍ THỊNH,915747818,,
,,,
CÔNG TY TNHH ĐTPT PHƯỚC THỊNH PHÁT,968111179,,
,,,
CÔNG TY TNHH MINH BÌNH PHÁT,393090133,,
,,,
CÔNG TY TNHH TM DV ĐỨC ANH THỊNH PHÁT,969805735,,
,,,
CÔNG TY TNHH BĂNG TẢI TIẾN VINH THÀNH,818654088,,
,,,
CÔNG AN XÃ XUÂN TRƯỜNG,,,
CÔNG TY TNHH CƠ KHÍ XÂY DỰNG HOÀNG XƯƠNG,906117008,,
,,,
CÔNG AN XÃ SUỐI CÁT,,,
CÔNG AN XÃ LANG MINH,,,
CÔNG TY TNHH VOLTA BELTING ASIA,2513521967,,
,,,
CÔNG AN XÃ XUÂN HÒA,2513750113,,
,,,
CÔNG AN XÃ XUÂN BẮC,2513874590,,
,,,
CÔNG AN XÃ XUÂN HƯNG,,,
CÔNG AN XÃ XUÂN THỌ,,,
CÔNG AN XÃ SUỐI CAO,,,
CÔNG TY TNHH THƯƠNG MẠI VÀ XÂY DỰNG TÂN HƯNG VN,338235347,,
,,,
CÔNG TY TNHH XUẤT KHẨU SANG MƠ (DN),969764022,,
,,,
CÔNG AN XÃ XUÂN ĐỊNH,,,
CÔNG AN XÃ BẢO HÒA,,,
CÔNG TY TNHH THƯƠNG MẠI DỊCH VỤ VÀ SẢN XUẤT NHỰA TOÀN TÂM,778958163,,
,,,
CÔNG TY TNHH THƯƠNG MẠI DỊCH VỤ SẢN XUẤT LỘC BẢO TIẾN,918857111,,
,,,
CÔNG TY TNHH N&N HOME,901456327,,
,,,
CÔNG TY TNHH MTV VẬN CHUYỂN BA THÁNH,704516280,,
,,,
CÔNG TY TNHH THIẾT BỊ PHÒNG CHÁY CHỮA CHÁY VÀ CỨU NẠN CỨU HỘ PHƯƠNG ANH,933063683,,
,,,
CÔNG TY TNHH 1 THÀNH VIÊN LÊ NGỌC DƯƠNG,975547942,,
,,,
CÔNG TY TNHH TM DV PCCC CÔNG NGHỆ MỚI,344444555,,
,,,
CÔNG TY TNHH DỊCH VỤ VẬN TẢI KIM SA,915872972,,
,,,
CÔNG TY TNHH MTV ĐTPT 39,913842039,,
,,,
CÔNG TY TNHH TM DỊCH VỤ HONGLIDE GENERAL,372060360,,
,,,
HEERIM ARCHITECTS & PLANNERS - THẦU CHÍNH QLDA & GSTC DỰ ÁN K-UPA VINA,902406470,,
,,,
CÔNG TY TNHH MTV HẰNG HƯNG PHÁT,878845046,,
,,,
CÔNG TY TNHH ANH THÁI VIỆT NAM,816335666,,
,,,
CÔNG TY TNHH TƯ VẤN THIẾT KẾ VÀ XÂY DỰNG ĐỨC HIẾU,966084226,,
,,,
CÔNG TY TNHH HAN SU VINA,824248588,,
,,,
CÔNG TY TNHH GOLDENKEY GROUP,931830708,,
,,,
CÔNG TY TNHH SX-TM KIM KHUÊ,979166010,,
,,,
CÔNG TY TNHH THƯƠNG MẠI SẢN XUẤT HOÁ CHẤT ANH DUY,778206813,,
,,,
CÔNG TY TNHH DỊCH VỤ ĂN UỐNG - GIẢI KHÁT HỒNG TRANG NGUYỄN,376163522,,
,,,
CÔNG TY TNHH LƯƠNG THỰC VÀ THỰC PHẨM QT,937838379,,
,,,
CÔNG TY TNHH THƯƠNG MẠI QUỐC TẾ LINH SAO VIỆT,908072479,,
,,,
CÔNG TY TNHH THƯƠNG MẠI THIÊN HÀ ANH TIẾN,898100630,,
,,,
CÔNG TY TNHH SSG DONA,918228996,,
,,,
CÔNG TY TNHH SẢN XUẤT THƯƠNG MẠI ANH THÚC,917900888,,
,,,
CÔNG TY TNHH MẠNH CHẤN KHẢI,777169624,,
,,,
CÔNG TY TNHH BẤT ĐỘNG SẢN - XÂY DỰNG - THƯƠNG MẠI PHÚC NGÂN,397668066,,
,,,
CÔNG TY CỔ PHẦN PHÁT TRIỂN THƯƠNG MẠI DỊCH VỤ ONNI,967301140,,
,,,
CÔNG TY CỔ PHẦN XI MĂNG XANH,971909945,,
,,,
CÔNG TY TNHH XÂY DỰNG - TM DV - XNK THIÊN HƯƠNG ĐẠT,969794535,,
,,,
CÔNG TY TNHH THƯƠNG MẠI DỊCH VỤ MAY MẶC PHƯƠNG LOAN,908534234,,
,,,
CÔNG TY TNHH ECOZYMS,963970516,,
,,,
CÔNG TY TNHH VỦ HIẾU CAR SERVICE,933376013,,
,,,
CÔNG TY TNHH PHƯỚC BÁU,983006858,,
,,,
CÔNG TY TNHH GẠCH THẾ GIỚI,868782740,,
,,,
CÔNG TY TNHH NÔNG NGHIỆP ĐĂNG KHẢI,932049292,,
,,,
CÔNG TY TNHH TRUYỀN THÔNG VÀ GIẢI TRÍ HẰNG NGA,918617287,,
,,,
CÔNG TY TNHH ĐỔI MỚI VÀ SÁNG TẠO ZF,338252954,,
,,,
CÔNG TY TNHH TMDV HOÀNG NGHĨA,899270201,,
,,,
CÔNG TY TNHH TMDV CAO THIÊN PHÚC,707073585,,
,,,
CÔNG TY TNHH THƯƠNG MẠI AN DU XANH,918744051,,
,,,
CÔNG TY TNHH THƯƠNG MẠI VÀ DỊCH VỤ XÂY DỰNG TB HOME,777762199,,
,,,
CÔNG TY TNHH SINH THÁI NAM VIỆT,903222799,,
,,,
DOANH NGHIỆP TƯ NHÂN KINH DOANH VÀNG BẠC PHÚ ĐẠI,965970562,,
,,,
CÔNG TY TNHH TM DV PHÂN PHỐI HÙNG PHÁT,367319947,,
,,,
CÔNG TY TNHH ĐẦU TƯ XÂY DỰNG TRƯƠNG GIA PHÁT,946332989,,
,,,
CÔNG TY TNHH DỊCH VỤ Ô TÔ VŨ HÙNG LỰC,972632015,,
,,,
CÔNG TY TNHH SẢN XUẤT THƯƠNG MẠI DỊCH VỤ NGHĨA QUỐC ĐẠT,908576675,,
,,,
CÔNG TY TNHH PRO DUY SƠN,777169624,,
,,,
CÔNG TY CỔ PHẦN TƯ VẤN ĐẦU TƯ VÀ XÂY DỰNG SCG,387150790,,
,,,
CÔNG TY TNHH BÌNH MINH AN PHƯỚC IP,918667124,,
,,,
CÔNG TY TNHH THƯƠNG MẠI & DỊCH VỤ LUMIQUE,973856918,,
,,,
CÔNG AN THỊ TRẤN GIA RAY,,,
CÔNG TY TNHH XÂY DỰNG NGUYỄN GIÀU,386320132,,
,,,
CÔNG TY TNHH SOO YEON,909009900,,
,,,
CÔNG TY TNHH TƯ VẤN TRÚC PHAN LUẬT,918614178,,
,,,
CÔNG TY TNHH THẾ GIỚI QUẢNG CÁO ĐỊNH QUÁN,976410800,,
,,,
CÔNG TY TNHH LÝ TRẦN CHẤN PHÁT,777018723,,
,,,
CÔNG TY TNHH LÂN SƯ RỒNG TAM HÒA ĐƯỜNG,9.07E+15,,
,,,
CÔNG TY TNHH YẾN SÀO QNEST MILK,966826687,,
,,,
CÔNG TY TNHH MỘT THÀNH VIÊN BẢO ANH BẢO AN,372431778,,
,,,
CÔNG TY CỔ PHẦN THỂ THAO VÀ GIẢI TRÍ BTL,979579779,,
,,,
CÔNG TY TNHH HOÀI HẢO SANG,931538144,,
,,,
CÔNG TY TNHH XÂY DỰNG KIẾN HOÀNG ANH,909633482,,
,,,
CÔNG TY TNHH NÔNG SẢN THABI FRAM,9.16E+15,,
,,,
CÔNG TY TNHH DV TM SX THIÊN NGHĨA,974470559,,
,,,
CÔNG TY TNHH NÔNG SẢN ĐÌNH NGUYÊN,378691221,,
,,,
CÔNG TY TNHH TƯ VẤN THIẾT KẾ VÀ XÂY DỰNG DELTA ATELIER,798289399,,
,,,
CÔNG TY TNHH TM-DV ĐẦU TƯ HẢI VY,989258982,,
,,,
CÔNG TY TNHH NÔNG SẢN HỒNG THANH ÂN,399223035,,
,,,
CÔNG TY TNHH SUA TH TRUEMILK MINH CHAU VIET NAM,866952094,,
,,,
CÔNG TY TNHH XUẤT NHẬP KHẨU HẢI HƯƠNG PORDEE FRUIT,986455449,,
,,,
CÔNG TY TNHH TMDV KHẮC VIỆT,898290804,,
,,,
CÔNG TY TNHH NÔNG SẢN NĂM SANG,969252969,,
,,,
CÔNG TY CỔ PHẦN LOGISTICS SKT ĐỒNG NAI,367500719,,
,,,
CÔNG TY TNHH DAU TU VA PHAT TRIEN SUA TH TRUEMILK MINH CHAU VIET NAM,866952094,,
,,,
CÔNG TY TNHH SẢN XUẤT THƯƠNG MẠI DỊCH VỤ MINH UY,933542588,,
,,,
CÔNG TY TNHH NỘI THẤT KIỀU ĐẠI PHÁT,3.84E+15,,
,,,
CÔNG TY TNHH TM DV KỸ THUẬT HUỲNH ANH,933986321,,
,,,
CÔNG TY TNHH TMDV XÂY DỰNG NGUYÊN MINH,927333396,,
,,,
CÔNG TY TNHH SẢN XUẤT - THƯƠNG MẠI - DỊCH VỤ SGROUP,967656530,,
,,,
CÔNG TY TNHH SỬA CHỮA VÀ BẢO DƯỠNG KIM LỢI PHÁT,902001226,,
,,,
CÔNG TY TNHH THÙY BELLA,776662710,,
,,,
CÔNG TY TNHH SONG SỨC PHÁT ĐẠT,777978622,,
,,,
CÔNG TY TNHH LONG KHÁNH FURNITURE,329167716,,
,,,
CÔNG TY TNHH NEXTEVO VIỆT NAM,2513566885,,
,,,
CÔNG TY TNHH ECO FARM SVD VIỆT NAM,388959423,,
,,,
CÔNG TY TNHH TM DV CHUYỂN ĐỘNG CHẬM,933068021,,
,,,
CÔNG TY TNHH XNK NÔNG SẢN PHƯƠNG PHÚC,902600634,,
,,,
CÔNG TY TNHH GIẢI PHÁP AUTOTUOI,355863232,,
,,,
TRƯỜNG MẦM NON HOA SEN 2,,,
CÔNG TY TNHH TM XD MẠNH QUYẾT,903413008,,
,,,
CÔNG TY TNHH TM-DV TAM PHÁT LỘC,395380979,,
,,,
CÔNG TY TNHH TM DV HOÀI TÂM,367682456,,
,,,
CÔNG TY TNHH THƯƠNG MẠI MÔI TRƯỜNG THÁI SƠN,9665911,,
,,,
CÔNG TY TNHH ĐẦU TƯ VÀ PHÁT TRIỂN MẶT TRỜI ĐỒNG NAI,9767159320,,
,,,
CÔNG TY TNHH MTV ĐẦU TƯ HOA LY,979112722,,
,,,
CÔNG TY TNHH MTV ĐẦU TƯ HOA BẰNG,909107586,,
,,,
CÔNG TY TNHH MTV THƯƠNG MẠI HOA BAN,911681651,,
,,,
CÔNG TY TNHH DỊCH VỤ PCCC HTG,339114368,,
,,,
CÔNG TY TNHH THƯƠNG MẠI DỊCH VỤ CƠ KHÍ PM,355998849,,
,,,
CÔNG TY TNHH NỘI THẤT GỖ NHƯ QUÝ PHÁT,967329377,,
,,,
CÔNG TY CỔ PHẦN ĐẦU TƯ HUẤN LUYỆN AN TOÀN VIỆT NAM,975137945,,
,,,
CÔNG TY TNHH ĐẦU TƯ PHÁT TRIỂN DỊCH VỤ THƯƠNG MẠI XÂY DỰNG THIÊN AN,978482328,,
,,,
CÔNG TY TNHH TM DỊCH VỤ VẬN TẢI PHONG VŨ,975064089,,
,,,
CÔNG TY TNHH MEDI VINA,937754599,,
,,,
TỔ HỢP TÁC DU LỊCH CỘNG ĐỒNG TÀ LÀI,826615161,,
,,,
CÔNG TY TNHH TMDV FHR,913586639,,
,,,
CÔNG TY TNHH DỊCH VỤ VẬN TẢI VÀ THƯƠNG MẠI HY,349777222,,
,,,
CÔNG TY TNHH PHƯƠNG NGA NBVN,902588794,,
,,,
CÔNG TY TNHH HUY HƯNG ANH,918926059,,
,,,
CÔNG TY TNHH VẬN TẢI THUẬN THÀNH HƯNG,334390779,,
,,,
CÔNG TY TNHH HOÀNG LÊ TRANG,972072409,,
,,,
VIỆN NGHIÊN CỨU ỨNG DỤNG DU LỊCH,,,
CÔNG TY TNHH DẦU NHỜN TÂY BẮC ĐN,8983210000,,
,,,
CÔNG TY TNHH TM - DV MẠNH QUÂN,866785601,,
,,,
CÔNG TY TNHH KIM ANH TÚ,334417829,,
,,,
CÔNG TY TNHH TM XÂY DỰNG TPC,988186104,,
,,,
CÔNG TY TNHH SẢN XUẤT THƯƠNG MẠI DỊCH VỤ SƠN THẢO,888329977,,
,,,
CÔNG TY TNHH LOGISTICS HUYỀN PHƯƠNG,937506980,,
,,,
CÔNG TY TNHH MÔI TRƯỜNG HUỲNH MAI,833678914,,
,,,
CÔNG TY TNHH XÂY DỰNG PHÁT TRIỂN TƯỜNG ANH,369677779,,
,,,
CÔNG TY TNHH HOÀNG KIM OANH PRO,899521970,,
,,,
CÔNG TY TRÁCH NHIỆM HỮU HẠN THƯƠNG MẠI VÀ DỊCH VỤ NHÀN ANH,963224878,,
,,,
CÔNG TY TNHH NGÂN KIM THỊNH,949211368,,
,,,
CÔNG TY TNHH SẢN XUẤT & THƯƠNG MẠI CỬA CUỐN AN GIA PHÁT,936247368,,
,,,
CÔNG TY TNHH TM VẬN TẢI HUY HOÀNG GROUP,327509679,,
,,,
CÔNG TY TNHH VIỆT NAM KOYAMA,333633711,,
,,,
CÔNG TY TNHH THƯƠNG MẠI XÂY DỰNG HUY HỒNG PHÁT,978648123,,
,,,
CÔNG TY TNHH CƯỜNG PHÁT AUTO,918050339,,
,,,
CÔNG TY TNHH SX TM DV QUANG TIẾN,393507938,,
,,,
CÔNG TY TNHH FUYAO VIỆT NAM,975104931,,
,,,
CÔNG TY TNHH KỸ THUẬT CƠ KHÍ LONG ĐẰNG,914123477,,
,,,
CÔNG TY TNHH THƯƠNG MẠI VÀ SẢN XUẤT XUẤT NHẬP KHẨU NÔNG SẢN BIÊN HÒA,2.51E+14,,
,,,
CÔNG TY CỔ PHẦN BỘT GIẶT NET,2.51E+14,,
,,,
CÔNG TY TNHH XÂY DỰNG THƯƠNG MẠI DỊCH VỤ PHƯỚC LỘC AN,936429612,,
,,,
CÔNG TY TNHH TƯ VẤN VÀ ĐÀO TẠO INTERNATIONAL KNT,908027142,,
,,,
CÔNG TY TNHH TH FARM,987767166,,
,,,
CÔNG TY TNHH SAYUN,867873251,,
,,,
CÔNG TY TNHH XÂY DỰNG DÂN DỤNG VÀ CÔNG NGHIỆP VILA,825659388,,
,,,
CÔNG TY TNHH THƯƠNG MẠI DỊCH VỤ SẢN XUẤT GIA CÔNG CƠ KHÍ HOÀNG DUY,909565268,,
,,,
CÔNG TY TNHH THƯƠNG MẠI SẢN XUẤT XUẤT NHẬP KHẨU MAY MẶC THERA,976442373,,
,,,
CÔNG TY TNHH THƯƠNG MẠI CƠ KHÍ XÂY DỰNG THIÊN PHƯỚC,369030139,,
,,,
CÔNG TY TNHH TM DV SẢN XUẤT MAY MẶC THANH PHƯƠNG,38607739,,
,,,
CÔNG TY TNHH BẰNG LĂNG TÍM VIP,942656626,,
,,,
CÔNG TY TNHH VIETBROTHERS,937081515,,
,,,
CÔNG TY TNHH MỘT THÀNH VIÊN DV VẬN TẢI THIÊN LỘC,389778738,,
,,,
CÔNG TY CỔ PHẦN PHÂN PHỐI NÔNG LÂM NGHIỆP - NHÀ YẾN - FARMSTAY DŨNG HẢI,945611969,,
,,,
CÔNG TY TNHH TD STONE,938520262,,
,,,
CÔNG TY CỔ PHẦN TM MINH TÀI TIẾN,2513940188,,
,,,
CÔNG TY TNHH THIẾT KẾ XÂY DỰNG ĐẠI TRƯỜNG AN,973861410,,
,,,
CÔNG TY TNHH TP SẠCH TÂM VIỆT,961600755,,
,,,
CÔNG TY TNHH THƯƠNG MẠI VÀ DỊCH VỤ KEN FOODS,327383311,,
,,,
CÔNG TY TNHH XCELWOOD MFG,792471490,,
,,,
CÔNG TY TNHH SẢN XUẤT THƯƠNG MẠI DỊCH VỤ CHÍNH PHÁT,919818577,,
,,,
CÔNG TY TNHH E&B TRADE,332334020,,
,,,
CÔNG TY TNHH XÂY DỰNG VÀ THƯƠNG MẠI NHẬT KHÔI,903420121,,
,,,
CÔNG TY TNHH MỸ PHẨM & NHÀ ĐẸP HÀ TRANG,946515079,,
,,,
CÔNG TY TNHH MÁY VI TÍNH QUYẾT THẮNG,365701412,,
,,,
CÔNG TY TNHH HTV LỰC TẤN PHÁT,915613641,,
,,,
CÔNG TY TNHH XÂY DỰNG THƯƠNG MẠI TRƯƠNG MINH ANH,899854653,,
,,,
CÔNG TY TNHH TM DV LAM HỒNG PHÁT,367107892,,
,,,
CÔNG TY TNHH KIẾN TRÚC XÂY DỰNG THIÊN PHÚ THỊNH,971954265,,
,,,
CÔNG TY TNHH KỸ THUẬT XÂY DỰNG KHB,707980287,,
,,,
CÔNG TY TNHH TĐV GIA VINH,9633127932,,
,,,
CÔNG TY TNHH MÔI TRƯỜNG HỢP NHẤT,933817263,,
,,,
CÔNG TY TNHH HDCCONSULTING,766579246,,
,,,
CÔNG TY TNHH TRANQUIL HOME,906909279,,
,,,
CÔNG TY TNHH THỰC PHẨM THỦY SẢN DOAN TRẦN,933079085,,
,,,
CÔNG TY TNHH TRUNG TÂM TIN HỌC ANH THƯ,986686344,,
,,,
CÔNG TY TNHH THƯƠNG MẠI BẤT ĐỘNG SẢN PHÚ HỮU,903654014,,
,,,
CÔNG TY TNHH HONGLI TECHNOLOGY,974612988,,
,,,
CÔNG TY TNHH THƯƠNG MẠI DỊCH VỤ XÂY DỰNG VẬN TẢI ĐỨC ANH,904539121,,
,,,
CÔNG TY TNHH THƯƠNG MẠI DỊCH VỤ NGHỆ TĨNH P-TL,834676999,,
,,,
CÔNG TY CỔ PHẦN TTV HR,96735788,,
,,,
CÔNG TY TNHH THƯƠNG MẠI VÀ PHÁT TRIỂN XÂY DỰNG ĐĂNG NGUYỄN,332865319,,
,,,
CÔNG TY TNHH CƠ KHÍ PHƯỚC TUẤN,932648216,,
,,,
CÔNG TY TNHH SẢN XUẤT THƯƠNG MẠI VÀ XÂY DỰNG BLC,989666656,,
,,,
CÔNG TY TNHH ĐIỆN LẠNH TUẤN TUẤN,938540875,,
,,,
CÔNG TY TNHH XUẤT NHẬP KHẨU NÔNG SẢN QUẢ NGỌT,962259087,,
,,,
CÔNG TY TNHH VLXD LƯƠNG HÒA,937658248,,
,,,
CÔNG TY TNHH THƯƠNG MẠI SẢN XUẤT MỘT THÀNH VIÊN H K V,364081380,,
,,,
CÔNG TY TNHH ĐỒ HỌA QUẢNG CÁO ÁNH SÁNG,936282083,,
,,,
CÔNG TY TNHH MTV VANDOUGH,822411139,,
,,,
CÔNG TY TNHH ĐẦU TƯ TM DV LÂM THÀNH,3333679,,
,,,
CÔNG TY TNHH ANH VŨ COMPUTER,982925127,,
,,,
CÔNG TY TNHH DỊCH VỤ DU LỊCH VÀ TƯ VẤN MẶT TRỜI,947674696,,
,,,
CÔNG TY TNHH THIẾT KẾ QUẢNG CÁO XUÂN TRƯỜNG,977300316,,
,,,
CÔNG TY TNHH XÂY DỰNG THƯƠNG MẠI DỊCH VỤ THÀNH THÀNH LONG,778759657,,
,,,
CÔNG TY TNHH ĐẦU TƯ NÔNG SẢN SẠCH VIỆT NAM,937658248,,
,,,
HỢP TÁC XÃ NÔNG LÂM THỦY SẢN XUÂN LỘC,907859777,,
,,,
CÔNG TY TNHH ẨM THỰC NHÀ HÀNG SAIGON PEARL,981639622,,
,,,
CÔNG TY TNHH TƯ VẤN XÂY DỰNG VÀ ĐẤU THẦU THANH THÁI,938616425,,
,,,
CÔNG TY TNHH XUẤT NHẬP KHẨU MÁY LÀM CỬA NHÔM XINGFA VIỆT NAM,901653045,,
,,,
CÔNG TY TNHH TM DV SX HỒ DŨNG PHÁT,328886653,,
,,,
CÔNG TY TNHH TM DV Ô TÔ VINH PHÁT,9393468759,,
,,,
CÔNG TY TNHH TMDV NGUYỆT NGA GIFTS,934093535,,
,,,
CÔNG TY TNHH DỊCH VỤ ĂN UỐNG KUAI LE JIA XIANG,396878570,,
,,,
CÔNG TY CỔ PHẦN PHẾ LIỆU THẮNG LỢI,914353456,,
,,,
CÔNG TY TNHH GIA CÔNG IN ẤN HUY HOÀNG,332926030,,
,,,
CÔNG TY TNHH VLXD VÀ DỊCH VỤ CƠ GIỚI THẢO DÂN,386828279,,
,,,
HỢP TÁC XÃ THƯƠNG MẠI DỊCH VỤ MÔI TRƯỜNG NAM ĐĂNG,902592079,,
,,,
CÔNG TY TNHH KỸ THUẬT CÔNG NGHỆ TTA VIỆT NAM,975107918,,
,,,
CÔNG TY TNHH THƯƠNG MẠI DỊCH VỤ CÔNG PHỤC,938197013,,
,,,
CÔNG TY TRÁCH NHIỆM HỮU HẠN CÔNG NGHIỆP CHÍNH XÁC JIAJU VIỆT NAM,357847498,,
,,,
CÔNG TY TNHH CƠ GIỚI XÂY DỰNG THÙY TRANG,969929550,,
,,,
CÔNG TY TNHH KHÁNH TRẦN BK HCM,9.33E+18,,
,,,
CÔNG TY TNHH KỸ THUẬT ĐIỆN HOÀNG VŨ,938477707,,
,,,
CÔNG TY TNHH THƯƠNG MẠI VÀ DỊCH VỤ Q345 STEEL,374407345,,
,,,
CÔNG TY TNHH VẬN TẢI THANH THẾ,908962562,,
,,,
CÔNG TY TNHH THÀNH PHÚC AN,979919125,,
,,,
CÔNG TY TNHH MTV TÂM CHÍ VIỆT,983795077,,
,,,
CÔNG TY TNHH LƯƠNG THỰC SANG LOAN,852511115,,
,,,
CÔNG TY TNHH THƯƠNG MẠI DỊCH VỤ VERONICA,777978622,,
,,,
CÔNG TY TNHH GỖ ANH QUỐC,948711021,,
,,,
CÔNG TY TNHH B.A.E WOOD,937492493,,
,,,
CÔNG TY TNHH THƯƠNG MẠI DỊCH VỤ LÝ HOÀNG PHÁT,989747232,,
,,,
CÔNG TY TNHH THƯƠNG MẠI DỊCH VỤ BÍCH NHÀI,969210477,,
,,,
CÔNG TY TNHH SẢN XUẤT VÀ THƯƠNG MẠI WOOD ONE VIỆT NAM,707999345,,
,,,
CÔNG TY TNHH XÂY DỰNG CƠ ĐIỆN AN THÀNH PHÁT,868582252,,
,,,
CÔNG TY TNHH THƯƠNG MẠI ĐẦU TƯ NGỌC PHƯỚC,567674329,,
,,,
CÔNG TY TNHH THƯƠNG MẠI DỊCH VỤ VẬN TẢI XÂY DỰNG THÚY HOA,775624607,,
,,,
CÔNG TY TNHH THƯƠNG MẠI DỊCH VỤ VẬN TẢI NGỌC TRÂN,775286971,,
,,,
CÔNG TY TNHH KINH DOANH THƯƠNG MẠI THỰC PHẨM SA KỲ,989875788,,
,,,
CÔNG TY TNHH THƯƠNG MẠI HOÀNG MINH THU,938833850,,
,,,
CÔNG TY TNHH THIÊN NHÂN P & M,9.46E+16,,
,,,
CÔNG TY TNHH DONAWOOD,902042240,,
,,,
CÔNG TY TNHH ĐIỆN TỬ ĐÔNG HẢI,364574962,,
,,,
CÔNG TY TNHH XINLONG VIETNAM ELECTRIC MOTOR TECHNOLOGY,943051768,,
,,,
CÔNG TY TNHH THƯƠNG MẠI DỊCH VỤ FLEXSERVE,90981776,,
,,,
CÔNG TY TNHH THƯƠNG MẠI DỊCH VỤ CƠ ĐIỆN LẠNH THIÊN ANH,937844974,,
,,,
CÔNG TY TNHH TRUYỀN THÔNG MASKING PRODUCTION,979448910,,
,,,
CÔNG TY TNHH CƠ KHÍ XÂY DỰNG THẢO NAM,973565938,,
,,,
CÔNG TY TNHH THƯƠNG MẠI DỊCH VỤ TÔN THÉP HỒNG HÀ,878787676,,
,,,
CÔNG TY TNHH VẬN TẢI VÀ XÂY DỰNG PL GROUP,768594144,,
,,,
CÔNG TY TNHH CP HOÀNG OANH,918302326,,
,,,
CÔNG TY TNHH NAM ĐĂNG HIẾU,896525051,,
,,,
CÔNG TY TNHH NỘI THẤT HOÀN THIỆN ÂN HƯNG PHÁT,334242519,,
,,,
CÔNG TY TNHH THƯƠNG MẠI DỊCH VỤ GIAO NHẬN VẬN TẢI PHÚ HƯNG PHÁT,978519548,,
,,,
CÔNG TY TNHH NGỌC PHÚ LONG THÀNH,912225553,,
,,,
CÔNG TY TNHH DỊCH VỤ VẬN TẢI TÂN TOÀN THẮNG,967828209,,
,,,
CÔNG TY TNHH MTV ĐẶNG TUẤN PHÁT,389008226,,
,,,
CÔNG TY TNHH GTC TRAVEL,942250686,,
,,,
CÔNG TY TNHH DỊCH VỤ THƯƠNG MẠI NHƯ Ý GROUP,979816708,,
,,,
CÔNG TY CỔ PHẦN DƯỢC PHẨM AMPHAONCO,2838153548,,
,,,
CÔNG TY TNHH THƯƠNG MẠI DỊCH VỤ NGỌC PHÁT TRIỂN,974763761,,
,,,
CÔNG TY TNHH GRACE WEDDING & ACADEMY,899475203,,
,,,
CÔNG TY TNHH THƯƠNG MẠI DỊCH VỤ LAN LAN,906828812,,
,,,
CÔNG TY TNHH NHỰA HONGXIN,919436696,,
,,,
CÔNG TY TNHH SẢN XUẤT THƯƠNG MẠI TB FURNITURE,981527525,,
,,,
CÔNG TY TNHH SETIA,986262706,,
,,,
CÔNG TY TNHH SUNSHINE PRECISION TOOLING VIỆT NAM,396623348,,
,,,
CÔNG TY TNHH PHÁT TRIỂN THƯƠNG MẠI ROXANA,777608400,,
,,,
CÔNG TY TNHH TMDV THẢO NGỌC NGUYỄN,913707744,,
,,,
CÔNG TY TNHH THƯƠNG MẠI VÀ DỊCH VỤ HAPPINESS ANGEL,949138918,,
,,,
CÔNG TY TNHH CÔNG NGHỆ VÀ CƠ ĐIỆN QUANG KHẢI,947051789,,
,,,
CÔNG TY TNHH TÀI LỘC BẢO,798980729,,
,,,
CÔNG TY TNHH THỰC PHẨM VÀ THIẾT BỊ TRƯỜNG HỌC TƯỜNG VY,773686856,,
,,,
CÔNG TY TNHH BÊ TÔNG SÀI GÒN XANH,9083259190,,
,,,
CÔNG TY TNHH SẢN XUẤT THƯƠNG MẠI DỊCH VỤ NGÂN HƯƠNG PHÁT,7033518932,,
,,,
CÔNG TY TNHH TMDV CẨM HÀO,916707744,,
,,,
CÔNG TY TNHH CAO BĂNG PHÁT,776662730,,
,,,
CÔNG TY TNHH ĐINH THUẬN HƯNG,869439545,,
,,,
CÔNG TY TNHH DUYÊN MỘC PHÁT,971758708,,
,,,
CÔNG TY TNHH CƠ KHÍ KIM NGỌC NGỌC PHÁT,334719492,,
,,,
CÔNG TY TNHH ĐẠI CỰ HẢI,776000720,,
,,,
CÔNG TY TNHH QC PHƯỚC THỊNH,918683439,,
,,,
CÔNG TY TNHH ĐẦU TƯ PHÁT TRIỂN THƯƠNG MẠI MỘC AN,96322340,,
,,,
CÔNG TY TNHH THƯƠNG MẠI VẬN CHUYỂN XÂY DỰNG KIM BẢO ANH,942675179,,
,,,
CÔNG TY CỔ PHẦN ĐÁ PHƯỚC TÂN,901797679,,
,,,
CÔNG TY TNHH VACOUR,343920848,,
,,,
CÔNG TY CỔ PHẦN MDC LẠC VIỆT,966366579,,
,,,
CÔNG TY TNHH MTV NORISOO,817636999,,
,,,
CÔNG TY TNHH TMDV TÂM PHÚ THÀNH,838234839,,
,,,
CÔNG TY TNHH THIỆN PHÁT PHÁT,368837779,,
,,,
CÔNG TY TNHH CSKH ANH TUẤN,94296330,,
,,,
CÔNG TY TNHH SẢN XUẤT THƯƠNG MẠI NỘI THẤT SOFA TÙNG GIA HUY,836336456,,
,,,
CÔNG TY TNHH THƯƠNG MẠI DỊCH VỤ HÙNG MINH ANH,964733368,,
,,,
CÔNG TY TNHH THƯƠNG MẠI SẮT THÉP MY NGUYÊN,9023212893,,
,,,
CÔNG TY TNHH KINH DOANH GIANG TÔ,914669846,,
,,,
CÔNG TY TNHH TM DV SEISO,369633851,,
,,,
CÔNG TY TNHH CÔNG NGHỆ TRẮC ĐỊA BẢN ĐỒ TRẦN GIA,974249758,,
,,,
CÔNG TY TNHH THƯƠNG MẠI DỊCH VỤ PHƯƠNG MAI PHÁT,908166498,,
,,,
CÔNG TY CỔ PHẦN SẢN XUẤT VÀ KINH DOANH VGROUP COFFEE AND TEA,785566678,,
,,,
CÔNG TY TNHH GỖ ÉP CAO THÀNH PHÁT,981292979,,
,,,
CÔNG TY TNHH MTV SẢN XUẤT MỸ PHẨM LINA.LAB,792367393,,
,,,
CÔNG TY TNHH DUOMO VIỆT NAM,973887239,,
,,,
CÔNG TY TNHH SẢN XUẤT THƯƠNG MẠI DỊCH VỤ LỘC LONG,385862992,,
,,,
CÔNG TY TNHH SX TM GỖ HOÀNG MINH ĐỨC,927997327,,
,,,
CÔNG TY TNHH XÂY DỰNG THƯƠNG MẠI DỊCH VỤ HIỀN HÒA,913685204,,
,,,
CÔNG TY TNHH HẢI SẢN HOÀNG QUÝ - NGỰ LÂM VIÊN,918280953,,
,,,
CÔNG TY TNHH SX TM XNK GỖ CÔNG NGHIỆP GROUP,918667698,,
,,,
CÔNG TY TNHH ĐẦU TƯ TM DV LÂM AN PHÁT,984757757,,
,,,
CÔNG TY TNHH THƯƠNG MẠI - DỊCH VỤ NGÔ HOÀNG TRỌNG PHÚC,337556620,,
,,,
CÔNG TY TNHH NGUỒN NHÂN LỰC VIỆT ĐẠI NAM PHÁT,966985678,,
,,,
CÔNG TY TNHH TM ĐẦU TƯ PHÁT TRIỂN MINH ANH,932310179,,
,,,
CÔNG TY TNHH MỘT THÀNH VIÊN THÁI HÒA LỘC,921025035,,
,,,
CÔNG TY TNHH SẢN XUẤT THƯƠNG MẠI DỊCH VỤ AN HUYỀN,901395680,,
,,,
CÔNG TY CỔ PHẦN SẢN XUẤT CƠ KHÍ MINH THƯ,983615617,,
,,,
CÔNG TY TNHH THƯƠNG MẠI CƠ KHÍ LÂM HỌC,935983402,,
,,,
CÔNG TY TNHH SANHER VONFRAM (VIỆT NAM),908074160,,
,,,
CÔNG TY TNHH SẢN XUẤT GIA CÔNG VÀ THƯƠNG MẠI HIM NAM,909600707,,
,,,
CÔNG TY TNHH HOÀNG NAM DŨNG,899596467,,
,,,
CÔNG TY TNHH MÔI TRƯỜNG THIÊN BẢO AN,924444222,,
,,,
CÔNG TY TNHH ỐC VÍT LÊ HƯNG,834546549,,
,,,
CÔNG TY TNHH KINH DOANH VÀ XÂY DỰNG THẮNG LỢI,933435797,,
,,,
CÔNG TY TNHH TƯ VẤN THIẾT KẾ THI CÔNG XÂY DỰNG SƠN HẢI,903334265,,
,,,
CÔNG TY TNHH SHIP LOGISTICS GLOBAL,347461953,,
,,,
CÔNG TY TNHH THƯƠNG MẠI XÂY DỰNG HỒNG NINH,934674452,,
,,,
CÔNG TY TNHH TMDT OCE 1,364204361,,
,,,
CÔNG TY TNHH XÂY DỰNG CÔNG NGHIỆP VÀ DÂN DỤNG MT,968451975,,
,,,
CÔNG TY TNHH THIẾT KẾ KIẾN TRÚC & NỘI THẤT TD-DESIGN,369798669,,
,,,
CÔNG TY TNHH DOUBLE TTM,971263186,,
,,,
CÔNG TY TNHH CƠ KHÍ XÂY DỰNG DUNG MẠNH,378297899,,
,,,
CÔNG TY TNHH MỸ PHẨM ĐÔNG Y CÚC KIM TIỀN,912496728,,
,,,
CÔNG TY TNHH THƯƠNG MẠI VÀ CƠ KHÍ XÂY DỰNG THÀNH AN,346747102,,
,,,
CÔNG TY TNHH TCVN - TTNHNC,945615828,,
,,,
CÔNG TY TNHH BẢO NGỌC 888 LONG KHÁNH,985420552,,
,,,
CÔNG TY TNHH TM DV ĐIỆN - ĐIỆN LẠNH SẠCH,902939373,,
,,,
CÔNG TY TNHH GLOBAL LOGISTICS SHIP,357566754,,
,,,
CÔNG TY TNHH SHIP SELLERS GLOBAL,327475396,,
,,,
CÔNG TY TNHH TMDV SX MINH LONG PHÁT,385454906,,
,,,
CÔNG TY TNHH XNK GOLDEN SPOON,921491224,,
,,,
HỢP TÁC XÃ MINH AN NHIÊN,862793763,,
,,,
CÔNG TY TNHH LÂM CƯỜNG PHÁT,913690314,,
,,,
CÔNG TY TNHH QUAN NHƯ Ý,9370003200,,
,,,
CÔNG TY CỔ PHẦN KHOÁNG SẢN VÀ CUNG ỨNG VẬT TƯ XÂY DỰNG MEKONG,2513684343,,
,,,
CÔNG TY TNHH TMDV TÚ QUỲNH,2511243657,,
,,,
CÔNG TY TNHH THƯƠNG MẠI DỊCH VỤ THIỀU VY PHÁT,937782370,,
,,,
CÔNG TY TNHH TM XÂY DỰNG HƯNG PHÁT,918831649,,
,,,
CÔNG TY TNHH THƯƠNG MẠI DỊCH VỤ XÂY DỰNG NGỌC THẢO,903184719,,
,,,
CÔNG TY TNHH CƠ KHÍ XÂY DỰNG MINH SÁNG ĐỒNG NAI,963609681,,
,,,
CÔNG TY TNHH XÂY DỰNG QUANG MINH PHÁT TP,352793639,,
,,,
CÔNG TY TNHH TƯ VẤN ĐÀO TẠO MÔI TRƯỜNG QUỐC GIA,933979035,,
,,,
CÔNG TY TNHH XĂNG DẦU HỒ THỊ HƯƠNG,772334455,,
,,,
CÔNG TY TNHH KỸ THUẬT XỬ LÝ NHIỆT NGŨ KIM ĐỒNG VẬN VIỆT NAM,797696538,,
,,,
CÔNG TY TNHH VẬN TẢI XUẤT NHẬP KHẨU TRUNG VIỆT,928023388,,
,,,
CÔNG TY TNHH ĐẦU TƯ XÂY DỰNG DỊCH VỤ THƯƠNG MẠI NGỌC PHÁT,918439468,,
,,,
CÔNG TY TNHH MTV TM DV PHÚC THIÊN ÂN,849367478,,
,,,
CÔNG TY CỔ PHẦN TỔNG HỢP CÔNG NGHỆ SỐ,908363384,,
,,,
CÔNG TY TNHH TMDV LONG THÀNH FLY,968970592,,
,,,
CÔNG TY TNHH XUÂN PHONG SOLAR GROUP,9.79E+13,,
,,,
CÔNG TY TNHH THƯƠNG MẠI HÙNG NAM DƯƠNG,898222834,,
,,,
CÔNG TY TNHH LM MAILISA,914477206,,
,,,
CÔNG TY TNHH GỖ BẢO ANH PHÁT,901180567,,
,,,
CÔNG TY TNHH TÂY LAI QUANG,777923051,,
,,,
CÔNG TY TNHH TRUNG TÂM NGHỆ THUẬT ÁNH HỒNG,904736334,,
,,,
CÔNG TY TNHH SX-TM THẢO QUANG,779734215,,
,,,
CÔNG TY TNHH BAN MAI KHƯƠNG,776505149,,
,,,
CÔNG TY TNHH ĐIỆN CƠ VINAFAN,367126078,,
,,,
CÔNG TY TNHH MTV CHIVALRY HOLDINGS,2513877879,,
,,,
CÔNG TY TNHH DV TM THỊNH VƯỢNG INVESTCONS VN,822441460,,
,,,
CÔNG TY TNHH VIỆN ỨNG DỤNG NĂNG LƯỢNG PHONG THỦY CHÍNH NAM,916989135,,
,,,
CÔNG TY TNHH THƯƠNG MẠI PHÁT TRIỂN XUÂN THỊNH PHÁT,9.73E+16,,
,,,
CÔNG TY TNHH THƯƠNG MẠI PHÁT TRIỂN HÀ KHÁNH LỘC,776874815,,
,,,
CÔNG TY TNHH CẦU ĐƯỜNG LAN ANH,822673513,,
,,,
CÔNG TY TNHH THƯƠNG MẠI DỊCH VỤ BẢO NHƯ,987116617,,
,,,
CÔNG TY TNHH ĐỊA CHẤT XÂY DỰNG SƠN NGUYÊN,898127189,,
,,,
CÔNG TY TNHH LONG QUANG PHÁT,918902447,,
,,,
CÔNG TY TNHH CƯỜNG HIỆP THUẬN,973253663,,
,,,
CÔNG TY TNHH THƯƠNG MẠI DỊCH VỤ DONASTAR,89803203209,,
,,,
CÔNG TY TNHH THƯƠNG MẠI HẢI KIM SA,916627550,,
,,,
CÔNG TY TNHH NGUYỄN LÂM FOOD,919765568,,
,,,
CÔNG TY TNHH DỊCH VỤ VỆ SINH MÔI TRƯỜNG THIÊN HÀ XANH,828281979,,
,,,
CÔNG TY TNHH AN DƯƠNG VN,989103048,,
,,,
CÔNG TY TNHH MỘT THÀNH VIÊN FM FOODS,937455330,,
,,,
CÔNG TY TNHH ĐÔNG PHƯƠNG FOOD COURT,375963339,,
,,,
CÔNG TY TNHH SẢN XUẤT VÀ XUẤT NHẬP KHẨU OUDTIGER,356412599,,
,,,
CÔNG TY TNHH HOÀNG ĐẠI VƯƠNG,916948394,,
,,,
CÔNG TY TNHH CÔNG NGHỆ NĂNG LƯỢNG NIBA,937652024,,
,,,
CÔNG TY TNHH TM-DV GIA CÔNG CƠ KHÍ TRƯỜNG THUẬN,988863295,,
,,,
CÔNG TY TNHH SX TM VƯƠNG PHÁT,822234562,,
,,,
CÔNG TY TNHH ĐIỆN DÂN DỤNG TRÌNH QUYÊN,977276549,,
,,,
CÔNG TY TNHH THƯƠNG MẠI DỊCH VỤ XÂY DỰNG BĐS AN HUY,888441212,,
,,,
CÔNG TY TNHH CƠ KHÍ CHÍNH XÁC NGÂN ANH PHÁT,362306215,,
,,,
CÔNG TY TNHH TM DV THỰC PHẨM ĐỒNG TIẾN,338026076,,
,,,
CÔNG TY TNHH PLUS CHEMIX,935500661,,
,,,
CÔNG TY TNHH TRACY'S ENGLISH,353077710,,
,,,
CÔNG TY TNHH TÂN TIẾN BD,9063210679,,
,,,
CÔNG TY CỔ PHẦN KCN BẮC SƠN,2838403898,,
,,,
CÔNG TY TNHH TM DV LOGISTICS VÀ VẬN CHUYỂN TOÀN CẦU,942631268,,
,,,
CÔNG TY TNHH DV VẬN CHUYỂN LÂM THANH,936306184,,
,,,
CÔNG TY TNHH CƠ GIỚI HOÀI PHƯƠNG,356864298,,
,,,
CÔNG TY TNHH THIẾT KẾ XÂY DỰNG HUY CẬN,979130729,,
,,,
CÔNG TY TRÁCH NHIỆM HỮU HẠN MỘT THÀNH VIÊN PHƯỚC KHANG AN,918107612,,
,,,
CÔNG TY TNHH GIẢI PHÁP CÔNG NGHỆ THÔNG OANH,365092857,,
,,,
CÔNG TY TNHH GIẢI PHÁP CÔNG NGHỆ H&G,909472140,,
,,,
CÔNG TY TNHH ĐỖ TUẤN NGỌC,328309687,,
,,,
CÔNG TY TNHH SẢN XUẤT CƠ KHÍ CHẾ TẠO PHÙNG GIA,913197019,,
,,,
CÔNG TY TNHH KIM NGUYÊN COFFEE,942181868,,
,,,
CÔNG TY TNHH THƯƠNG MẠI KỸ THUẬT HÀ DUY,978473009,,
,,,
HỢP TÁC XÃ XÂY DỰNG THƯƠNG MẠI DỊCH VỤ AN PHƯỚC THÀNH,968663992,,
,,,
TRƯỜNG GIÁO DƯỠNG SỐ 4,2513511227,,
,,,
CÔNG TY TNHH ĐT E&S,903883023,,
,,,
CÔNG TY TNHH THIẾT KẾ - THI CÔNG XÂY DỰNG HUỲNH GIA,706501596,,
,,,
CÔNG TY TNHH MTV CƠ KHÍ VÀ XÂY DỰNG THÀNH TRUNG,866221675,,
,,,
CÔNG TY TNHH KTEC VIỆT NAM,866799914,,
,,,
CÔNG TY CỔ PHẦN SCONS,907040568,,
,,,
CÔNG TY TNHH XÂY DỰNG THƯƠNG MẠI PHẾ LIỆU PHƯƠNG NAM,989319894,,
,,,
CÔNG TY TNHH TM-DV TRANLONG,339484794,,
,,,
CÔNG TY TNHH MỘT THÀNH VIÊN SẢN XUẤT THƯƠNG MẠI THUẬN VY PHÁT,97122797,,
,,,
CÔNG TY TNHH HÓA CHẤT MÔI TRƯỜNG SÀI GÒN,938973285,,
,,,
CÔNG TY TNHH SẮT THÉP HOÀNG SƠN PHÁT,979331666,,
,,,
CÔNG TY TNHH THIẾT KẾ XÂY DỰNG THỐNG LỘC PHÁT,987366581,,
,,,
CÔNG TY TNHH PEAKFLOW,979418669,,
,,,
CÔNG TY TNHH SX - TM - DV NỆM AN PHƯỚC,907846055,,
,,,
CÔNG TY TNHH TMDV LONG THÀNH ĐN,899100378,,
,,,
CÔNG TY TNHH XUẤT NHẬP KHẨU HOÀNG THIÊN ĐĂNG,357475331,,
,,,
CÔNG TY TNHH BVĐKQT - VIỆT AN,945167919,,
,,,
CÔNG TY TNHH LINH LLC,384524420,,
,,,
CÔNG TY TNHH TƯ VẤN THIẾT KẾ XÂY DỰNG TẤN ỔN,377652734,,
,,,
CÔNG TY TNHH TẬP ĐOÀN AN NHẬT MINH,938898955,,
,,,
CÔNG TY TNHH NGUYÊN TỐ NHẸ,785850088,,
,,,
CÔNG TY TNHH TM VÀ DV NGỌC BIỂN,907450123,,
,,,
CÔNG TY TNHH CƠ KHÍ XÂY DỰNG CÔNG NGHIỆP NGỌC THIÊN THANH,911545779,,
,,,
CÔNG TY TNHH KẾT CẤU THÉP TUẤN ANH NGUYỄN,378530946,,
,,,
CÔNG TY TNHH NGŨ KIM GUAN SHENG,918268526,,
,,,
CÔNG TY TNHH DỊCH VỤ TT QUẢNG CÁO NGÔI SAO,941518738,,
,,,
CÔNG TY TNHH TM DV SUẤT ĂN CÔNG NGHIỆP THIÊN HỒNG PHÚC,918537489,,
,,,
CÔNG TY TNHH XÂY DỰNG QUẢNG CÁO TRUYỀN THÔNG THANH SANG,845625390,,
,,,
CÔNG TY TNHH TM DV XÂY DỰNG HOÀ HUY PHÁT,348908780,,
,,,
CÔNG TY TNHH XNK KTP GROUP,935221990,,
,,,
CÔNG TY TNHH PHÁT TRIỂN GIÁO DỤC MẦM NON XANH,979287139,,
,,,
CÔNG TY TNHH 79 LONG KHÁNH,919114149,,
,,,
CÔNG TY TNHH THƯƠNG MẠI DỊCH VỤ TIÊU NAM,903436720,,
,,,
CÔNG TY TNHH SỮA HẢI ANH,393849200,,
,,,
CÔNG TY TNHH SẢN XUẤT VÀ THƯƠNG MẠI KIM HIỀN,7.78E+12,,
,,,
CÔNG TY CỔ PHẦN TẬP ĐOÀN ĐAN TRƯỜNG,902620865,,
,,,
CÔNG TY TNHH THƯƠNG MẠI VẬN TẢI THANH HÒA,847931292,,
,,,
CÔNG TY TNHH SẢN XUẤT THƯƠNG MẠI DỊCH VỤ THỦ ĐÔ,964786534,,
,,,
CÔNG TY TNHH THƯƠNG MẠI DỊCH VỤ XÂY DỰNG VẬN TẢI ĐỖ GIA,943307900,,
,,,
CÔNG TY TNHH MTV GỖ THUẬN PHÁT,919114118,,
,,,
CÔNG TY TNHH ĐẦU TƯ THƯƠNG MẠI DỊCH VỤ AD SOLUTION,978593123,,
,,,
CÔNG TY TNHH TM GỖ THANH THANH,9371836320,,
,,,
CÔNG TY TNHH VẬT LIỆU XÂY DỰNG TỔNG HỢP THÁI DƯƠNG LAND,899665285,,
,,,
CÔNG TY TNHH GỖ TÂM HỒNG PHÁT,334304356,,
,,,
CÔNG TY TNHH THƯƠNG MẠI DỊCH VỤ KIM MỘC XANH,866151665,,
,,,
CÔNG TY TNHH ĐẦU TƯ PHÁT TRIỂN TM IMT,394657390,,
,,,
CÔNG TY TNHH MING HE (VIỆT NAM),798202666,,
,,,
CÔNG TY TNHH NÔNG NGHIỆP THƯƠNG MẠI XUẤT NHẬP KHẨU NÔNG SẢN NHẬT HUY,971141267,,
,,,
CÔNG TY TNHH THIẾT KẾ XÂY DỰNG VÀ THƯƠNG MẠI NHƯ Ý,937552168,,
,,,
CÔNG TY TNHH QUÂN THÀNH TRUNG,918207739,,
,,,
CÔNG TY TNHH XUẤT NHẬP KHẨU CHĂN NUÔI Y&P,989792122,,
,,,
CÔNG TY TNHH KIẾN TRÚC XÂY DỰNG THIÊN LONG,938055795,,
,,,
CÔNG TY TNHH CHẾ TẠO MÁY VIỆT,967020208,,
,,,
CÔNG TY TNHH MỘT THÀNH VIÊN KIM ÁNH NGUYỆT,946466839,,
,,,
CÔNG TY TNHH DELIVERY VN,589353869,,
,,,
CÔNG TY TNHH THÔNG TRÍ PHÁT,986053873,,
,,,
CÔNG TY TNHH PHÁT TRIỂN ĐẦU TƯ STRADING,397740295,,
,,,
CÔNG TY TNHH SẢN XUẤT THƯƠNG MẠI XUẤT NHẬP KHẨU VŨ AN PHÁT,974668879,,
,,,
CÔNG TY TNHH ĐẦU TƯ NĂNG LƯỢNG BÌNH MINH MIỀN NAM,987063399,,
,,,
CÔNG TY TNHH THƯƠNG MẠI DỊCH VỤ ĐỖ TUẤN PHÁT,899096907,,
,,,
CÔNG TY TNHH XÂY DỰNG CÔNG TRÌNH GIAO THÔNG ĐẠI LỘC,983977739,,
,,,
CÔNG TY TNHH TM HBM,339655553,,
,,,
CÔNG TY TNHH THƯƠNG MẠI VÀ DỊCH VỤ THUẬN PHONG LOGISTICS,988913268,,
,,,
CÔNG TY TNHH THƯƠNG MẠI DỊCH VỤ XÂY DỰNG HAI - TV,902124068,,
,,,
CÔNG TY TNHH TƯ VẤN THIẾT KẾ VÀ XÂY DỰNG QUỐC HÙNG,385739971,,
,,,
CÔNG TY CỔ PHẦN THIẾT KẾ XÂY DỰNG LTH68,386377970,,
,,,
CÔNG TY TNHH TM DV VŨ HÙNG PHÁT,964607986,,
,,,
CÔNG TY TNHH MTV THIÊN HÒA PHÁT DECOR,943246269,,
,,,
CÔNG TY TNHH ĐÀO TẠO VÀ KIỂM ĐỊNH ĐO LƯỜNG BÁCH KHOA,786307777,,
,,,
CÔNG TY TNHH SẢN XUẤT VÀ TMDV MAY MẶC VĂN KHOA,896310511,,
,,,
CÔNG TY TNHH THƯƠNG MẠI DV XÂY DỰNG BẢO NGỌC,981419981,,
,,,
CÔNG TY TNHH THƯƠNG MẠI XUẤT NHẬP KHẨU HTB,392318218,,
,,,
CÔNG TY TNHH SX-TM-DV ÁNH ĐẠI PHÁT,358772777,,
,,,
CÔNG TY CỔ PHẦN ĐỨC PHÁT DND VIỆT NAM,965837186,,
,,,
CÔNG TY TNHH THƯƠNG MẠI DỊCH VỤ Ô TÔ PHÁT ĐẠT,919312356,,
,,,
CÔNG TY TNHH MTV GỖ AN THÁI PHÁT,936276801,,
,,,
CÔNG TY CỔ PHẦN TRUYỀN THÔNG - DU LỊCH LONG KHÁNH,946896207,,
,,,
TRƯỜNG MẦM NON BÉ YÊU,,,
CÔNG TY TNHH NỘI THẤT RUSHMORE,901557219,,
,,,
CÔNG TY TNHH DỊCH VỤ THƯƠNG MẠI PLATINI,922553453,,
,,,
CÔNG TY TNHH MÔI TRƯỜNG AN BÌNH PHÁT,902974567,,
,,,
CÔNG TY TNHH THƯƠNG MẠI DỊCH VỤ TUKI PARTY,896666860,,
,,,
CÔNG TY TNHH KHẢ ĐĂNG QUANG,339012102,,
,,,
CÔNG TY TNHH THƯƠNG MẠI DỊCH VỤ MAY MẶC ÁNH NGỌC,936307530,,
,,,
CÔNG TY TNHH SAN LẤP MẶT BẰNG MAI NGUYỄN,909996604,,
,,,
CÔNG TY TNHH THƯƠNG MẠI ION TÂN PHÚ,945799777,,
,,,
CÔNG TY TNHH TALENT KIDS,782315931,,
,,,
CÔNG TY TNHH THIẾT KẾ XÂY DỰNG - KT - ÂU VIỆT,944403539,,
,,,
CÔNG TY CỔ PHẦN KINH DOANH SẢN PHẨM KHÍ ANNAM,816060136,,
,,,
CÔNG TY TNHH NÔNG THỦY SẢN NGỌC HUYỀN,342034844,,
,,,
CÔNG TY TNHH MTV TƯ VẤN GIẢI PHÁP TÀI CHÍNH VIETNETWORK,398812915,,
,,,
CÔNG TY TNHH KAMI KAMI,354216375,,
,,,
CÔNG TY TNHH THƯƠNG MẠI & DỊCH VỤ SK WORLD,819428818,,
,,,
CÔNG TY TNHH NGUYÊN MINH AN,974994193,,
,,,
CÔNG TY TNHH HUY HÒA SURYA,96415811,,
,,,
CÔNG TY TNHH THƯƠNG MẠI XÂY DỰNG NAM MINH PHÁT,911054554,,
,,,
CÔNG TY TNHH PHÁT TRIỂN DV TD WORLD,972871920,,
,,,
CÔNG TY TNHH SẢN XUẤT TMDV KHANG NHẬT,914104204,,
,,,
CÔNG TY TNHH THÁI THU HƯƠNG,899200057,,
,,,
CÔNG TY TNHH GIẤY HÂN PHÁT NT,2513549193,,
,,,
CÔNG TY TNHH YAMAHACHI VIỆT NAM,906918724,,
,,,
CÔNG TY TNHH KOMATSU INDUSTRY VIỆT NAM,834504888,,
,,,
CÔNG TY TNHH CDP LONG THÀNH AIRPORT,968724472,,
,,,
CÔNG TY TNHH PHÒNG KHÁM ĐA KHOA QUỐC TẾ VẠN PHÚC AN,949323233,,
,,,
CÔNG TY CỔ PHẦN TÂN THUẬN LINH,937689135,,
,,,
CÔNG TY TNHH NỘI THẤT PHƯỚC MINH,902571616,,
,,,
CÔNG TY TNHH DƯỢC NAM THÀNH PHÁT,911112352,,
,,,
CÔNG TY TNHH VĂN LÂM THUẬN,896362783,,
,,,
CÔNG TY TNHH ĐẦU TƯ ELECTRONIC VN,377048575,,
,,,
CÔNG TY TNHH THƯƠNG MẠI CƠ KHÍ XÂY DỰNG TỔNG HỢP THỊNH PHÁT,977858144,,
,,,
CÔNG TY TNHH DT IONORCHARD,787890023,,
,,,
CÔNG TY TNHH THƯƠNG MẠI VẬN TẢI ĐẠI LONG - ĐỒNG NAI,962190880,,
,,,
CÔNG TY TNHH PHÒNG KHÁM PHÚC AN KHANG,927300999,,
,,,
CÔNG TY TNHH TM CUNG ỨNG NGUỒN NHÂN LỰC ALEX THÁI DƯƠNG,907219295,,
,,,
CÔNG TY TNHH NỘI THẤT KIM THANH THANH,376642310,,
,,,
CÔNG TY TNHH PHÁT TRIỂN VÀ ĐT TC,344289764,,
,,,
CÔNG TY TNHH XNK AMAYZL VIỆT NAM,941255229,,
,,,
CÔNG TY TNHH XÂY DỰNG THƯƠNG MẠI THẢO SƠN,919435756,,
,,,
CÔNG TY TNHH HƯNG CHI NAM,9.89E+15,,
,,,
CÔNG TY TNHH XÂY DỰNG THƯƠNG MẠI DỊCH VỤ HÙNG DŨNG PHÁT,899790950,,
,,,
CÔNG TY TNHH SẢN XUẤT THƯƠNG MẠI NEW STAR,976461423,,
,,,
CÔNG TY TNHH MTV TMDV SX XNK GỖ QUỐC DOANH,943766666,,
,,,
CÔNG TY TNHH WIN FAST SHOES,983877599,,
,,,
CÔNG TY TNHH ĐẦU TƯ THƯƠNG MẠI XÂY DỰNG VĂN THANH,899790874,,
,,,
CÔNG TY TNHH ĐIỆN TỬ ĐIỆN LẠNH ÁNH QUỲNH,932652652,,
,,,
CÔNG TY TNHH SẮT THÉP HOÀNG SƠN PHÁT,979331666,,
,,,
CÔNG TY TNHH TM DV PHẠM DUY AUTO,987876455,,
,,,
CÔNG TY TNHH MTV THỊNH SANG,986476042,,
,,,
CÔNG TY TNHH EAVINA,907080793,,
,,,
CÔNG TY TNHH DU LỊCH SINH THÁI THÁC BA GIỌT,824322322,,
,,,
CÔNG TY TNHH BĐS ÁNH DƯƠNG PROPERTY,836171998,,
,,,
CÔNG TY TNHH SUNWAY EXPRESS,906889466,,
,,,
CÔNG TY TNHH THIẾT KẾ XÂY DỰNG NHÀ ĐẸP KHANG HUY,985527717,,
,,,
CÔNG TY TNHH ĐẦU TƯ THƯƠNG MẠI VẬN TẢI NHANH TỐC ĐỘ,978659635,,
,,,
CÔNG TY TNHH THƯƠNG MẠI CƠ ĐIỆN BRITECH,838135168,,
,,,
CÔNG TY TNHH SẢN XUẤT THƯƠNG MẠI DỊCH VỤ TUẤN HOA,936013678,,
,,,
CÔNG TY TNHH THIẾT KẾ THI CÔNG XÂY DỰNG NHẬT MINH PHÁT,977864315,,
,,,
CÔNG TY TNHH XUẤT NHẬP KHẨU NÔNG SẢN QUỐC TẾ HOÀI AN,964520802,,
,,,
CÔNG TY TNHH DỊCH VỤ IN ẤN BẢO CHÂU,398417114,,
,,,
CÔNG TY TNHH THƯƠNG MẠI XE MÁY PHÚC LỘC 68,364839839,,
,,,
CÔNG TY TNHH ĐÔNG Y BÁCH VIỆT ĐƯỜNG,886633768,,
,,,
CÔNG TY TNHH VẬT TƯ CÔNG NGHIỆP LÊ TÂM,974147474,,
,,,
CÔNG TY TNHH SẢN XUẤT THƯƠNG MẠI TRUNG ÂN,839021073,,
,,,
CÔNG TY TNHH CÔNG NGHỆ KHƠMER MOBILE,339807610,,
,,,
CÔNG TY TNHH DV VẬN TẢI LONG HOÀNG PHÁT,928824672,,
,,,
CÔNG TY TNHH KDTM CÂY XANH HƯNG THỊNH 68,705898234,,
,,,
CÔNG TY CỔ PHẦN THIẾT KẾ XÂY DỰNG MAI TRƯỜNG THỊNH,974114635,,
,,,
CÔNG TY TNHH PLP PACKAGING VIỆT NAM,763835163,,
,,,
CÔNG TY TNHH FALCON ELECTRIC,348875284,,
,,,
CÔNG TY TNHH PHÁT KHẢI LỘC,776192943,,
,,,
CÔNG TY TNHH TP23 RACING TEAM,343219418,,
,,,
CÔNG TY TNHH TÍNH HÒA BÌNH,862109709,,
,,,
CÔNG TY TNHH TM DV NGÂN NGỌC ANH,987779707,,
,,,
CÔNG TY TNHH THƯƠNG MẠI DỊCH VỤ PHONG THỦY CẢI VẬN,942474445,,
,,,
DOANH NGHIỆP TN TIỆM VÀNG BẠC KIM HẢO,976476037,,
,,,
CÔNG TY TNHH ĐÀO TẠO VÀ CÔNG NGHỆ AI SOTA,358882345,,
,,,
CÔNG TY CỔ PHẦN XÂY DỰNG VÀ THƯƠNG MẠI GO HOME,908547592,,
,,,
CÔNG TY TNHH MỘT THÀNH VIÊN TTS ĐỒNG NAI,2839958368,,
,,,
CÔNG TY CỔ PHẦN HẢI HƯNG XANH,913690055,,
,,,
CÔNG TY TNHH THƯƠNG MẠI DỊCH VỤ XÂY DỰNG KHÁNH THÀNH,932119246,,
,,,
CÔNG TY TNHH SẢN XUẤT THƯƠNG MẠI NHẬT ANH PHÁT,937680640,,
,,,
CÔNG TY TNHH MỘT THÀNH VIÊN CUNG CẤP SUẤT ĂN TRUNG DŨNG,965048479,,
,,,
CÔNG TY TNHH NHỰA BAO BÌ NGỌC HỘ,899100512,,
,,,
CÔNG TY TNHH XUẤT NHẬP KHẨU NGỌC TIẾN HƯNG,937811566,,
,,,
CÔNG TY TNHH THƯƠNG MẠI DỊCH VỤ CƯỜNG HÒA,899790945,,
,,,
CÔNG TY TNHH SẢN PHẨM NGŨ KIM WEIGUAN,383899137,,
,,,
CÔNG TY TNHH SX TM VÀ XD ĐỨC GIANG PHÁT,908516733,,
,,,
CÔNG TY TNHH TM DV KATCHY,94201015,,
,,,
CÔNG TY TNHH QUANG KHÁNH TÀI,776146587,,
,,,
CÔNG TY TNHH CƠ KHÍ SỬA CHỮA Ô TÔ THỊNH PHÁT,934834533,,
,,,
CÔNG TY TNHH NHỰA HTA THÀNH ĐẠT,896457197,,
,,,
CÔNG TY TNHH THƯƠNG MẠI VÀ PHÁT TRIỂN SẢN XUẤT QUANG MINH,946946919,,
,,,
CÔNG TY TNHH KG DENTAL,933244256,,
,,,
CÔNG TY TNHH TIẾP VẬN AN PHÚ THỊNH,916227480,,
,,,
CÔNG TY TNHH TM DV HOÀNG OANH,913502279,,
,,,
CÔNG TY TNHH HẢI LÊ GROUP,943565268,,
,,,
CÔNG TY TNHH FUTIFA VIỆT NAM,877639363,,
,,,
CÔNG TY TNHH THƯƠNG MẠI XÂY DỰNG VẬN TẢI DOANH PHÁT,826886986,,
,,,
CÔNG TY TNHH CƠ KHÍ KỸ THUẬT XÂY DỰNG ĐẤT NGỌC,947757039,,
,,,
CÔNG TY TNHH THƯƠNG MẠI DỊCH VỤ MỸ THỊNH PHÁT,783867727,,
,,,
CÔNG TY TNHH TM DV TOOLS VÕ GIA,865330627,,
,,,
CÔNG TY TNHH XD TÂN HƯNG THỊNH,928824732,,
,,,
CÔNG TY TNHH THƯƠNG MẠI TIÊN NGUYÊN ĐẠT,896222153,,
,,,
CÔNG TY TNHH TM DV ĐẦU TƯ TỔNG HỢP QUỐC KHÁNH,812707138,,
,,,
CÔNG TY TNHH CHUYỂN PHÁT NHANH LÍA GIA KIỆM,384797937,,
,,,
CÔNG TY CỔ PHẦN VẬT LIỆU ỨNG DỤNG ĐẠI NAM VIỆT,836469043,,
,,,
CÔNG TY TNHH PHÁT TRIỂN THƯƠNG MẠI DỊCH VỤ KHUÊ MINH,965012348,,
,,,
CÔNG TY CỔ PHẦN TRUNG TÂM ĐỔI MỚI SÁNG TẠO VÀ KHỞI NGHIỆP LONG THÀNH,969697173,,
,,,
CÔNG TY TNHH VẬT LIỆU XÂY DỰNG CÁT BẢO CHÂU,933973070,,
,,,
CÔNG TY TNHH THƯƠNG MẠI VÀ DỊCH VỤ CRYSTAL BALL,942896689,,
,,,
CÔNG TY TNHH THƯƠNG MẠI DỊCH VỤ VẬN TẢI DU LỊCH CÔNG THÀNH,386281286,,
,,,
CÔNG TY TNHH VENEER HƯNG THỊNH,974897074,,
,,,
CÔNG TY TNHH DỊCH VỤ CÂY XANH THÀNH ĐẠT,977369322,,
,,,
CÔNG TY TNHH DỊCH VỤ THƯƠNG MẠI THÀNH NHÂN PHÁT,941513222,,
,,,
CÔNG TY TNHH DỊCH VỤ THƯƠNG MẠI SẢN XUẤT NAM LONG,588937695,,
,,,
CÔNG TY TNHH THƯƠNG MẠI XÂY DỰNG SƠN THUẬN PHÁT,915990618,,
,,,
CÔNG TY TNHH TM DV ĐẦU TƯ TỔNG HỢP ĐĂNG KHOA,839710019,,
,,,
CÔNG TY TNHH DỊCH VỤ THƯƠNG MẠI SẢN XUẤT THIÊN THIÊN PHÚC,588947332,,
,,,
CÔNG TY TNHH JUAN POVEDA VIỆT NAM,937910215,,
,,,
CÔNG TY TNHH THIẾT BỊ PHỤ TÙNG NGỌC THIÊN KHỞI,337679882,,
,,,
CÔNG TY TNHH THIÊN ANH COMPUTER,905300956,,
,,,
CÔNG TY TNHH XE MÁY HOÀNG DŨNG,949260774,,
,,,
CÔNG TY TNHH MTV THÁI HƯNG VƯỢNG,907824616,,
,,,
CÔNG TY TNHH THƯƠNG MẠI NGUYÊN TIẾN ĐẠT,776938153,,
,,,
CÔNG TY TNHH QUỐC ĐỈNH VÀNG,903818522,,
,,,
CÔNG TY TNHH SẢN XUẤT LỘC PHÚC,876333311,,
,,,
CÔNG TY TNHH MTV MINH ANH KHOA,989457948,,
,,,
CÔNG TY TNHH THƯƠNG MẠI DỊCH VỤ KỸ THUẬT NAM TIÊN PHONG,333402666,,
,,,
CÔNG TY TNHH THƯƠNG MẠI DỊCH VỤ TUẤN LỘC PHÁT,972284199,,
,,,
CÔNG TY TNHH TMDV XNK PHẠM THÁI,776628414,,
,,,
CÔNG TY TNHH CÔNG NGHIỆP TỔNG HỢP NHẤT TÍN,979993539,,
,,,
CÔNG TY TNHH DV DL VT NAM THIÊN PHƯƠNG,792793579,,
,,,
CÔNG TY TNHH ĐẦU TƯ PHÁT TRIỂN DV TD,865635764,,
,,,
CÔNG TY TNHH VẬN TẢI ANH PHƯỚC THÁI,962457536,,
,,,
CÔNG TY TNHH TM DV ĐẦU TƯ TỔNG HỢP NGỌC BÍCH,973208982,,
,,,
CÔNG TY TNHH XNK SX TM DV GỖ CHƯƠNG DƯƠNG VIỆT NAM,918588685,,
,,,
CÔNG TY TNHH TM DV SƠN HỒNG PHÁT,835997272,,
,,,
CÔNG TY TNHH THƯƠNG MẠI VÀ DỊCH VỤ LỐP Ô TÔ MẪN NHI,396572140,,
,,,
CÔNG TY TNHH THƯƠNG MẠI DỊCH VỤ ĐINH VĂN,899791070,,
,,,
CÔNG TY TNHH KHỔNG HOÀNG MINH,908060783,,
,,,
CÔNG TY TNHH THƯƠNG MẠI DỊCH VỤ CƠ KHÍ XÂY DỰNG NGUYỄN DƯ,914224834,,
,,,
CÔNG TY TNHH TOP DELI,768233733,,
,,,
CÔNG TY TNHH NHỰA MÀU ỨC HOẰNG,373940097,,
,,,
CÔNG TY CỔ PHẦN PHÁT TRIỂN NGUỒN NHÂN LỰC MISA GROUP,913186456,,
,,,
CÔNG TY TNHH WON FAN,986677050,,
,,,
CÔNG TY TNHH THƯƠNG MẠI DỊCH VỤ PHƯỚC THƯỞNG,762914262,,
,,,
CÔNG TY TNHH DVTM XUẤT NHẬP KHẨU NÔNG SẢN ANH PHÁT,902009103,,
,,,
TRƯƠ NG TIÊ U HOÊC-TRUNG HOÊC CƠ SƠ  TRIÊ AN,,,
CÔNG TY TNHH VÁN ÉP CHUNG THÀNH PHÁT,983653689,,
,,,
CÔNG TY TNHH SMT SẢN XUẤT,366895679,,
,,,
CÔNG TY TNHH ĐT PHÁT TRIỂN TM CK,869709365,,
,,,
CÔNG TY TNHH TMDV GIA HƯNG PHÁT,965670627,,
,,,
CÔNG TY TNHH DƯỢC PHẨM VẠN SINH AN,962560266,,
,,,
CÔNG TY TNHH ĐIỆN TỬ ĐIỆN LẠNH NTP,976258461,,
,,,
CÔNG TY TNHH XUẤT NHẬP KHẨU SDL,786236676,,
,,,
CÔNG TY TNHH XUẤT NHẬP KHẨU VIỆT SÓI,775017775,,
,,,
CÔNG TY TNHH MTV THỜI TRANG JIN,922345909,,
,,,
CÔNG TY TNHH KIẾN TRÚC NỘI THẤT MỘC ANH,396510340,,
,,,
CÔNG TY TNHH CƠ KHÍ HOÀNG THÀNH PHÁT,972338039,,
,,,
CÔNG TY TNHH AP FOOD VN,989565061,,
,,,
CÔNG TY TNHH THƯƠNG MẠI SƠN NAM PHÁT,898636389,,
,,,
CÔNG TY TNHH SẢN XUẤT THƯƠNG MẠI HK - HOÀNG NGÂN,908779719,,
,,,
CÔNG TY TNHH ĐẦU TƯ XÂY DỰNG VĂN TRIỆU PHÚ SOLAR,937197697,,
,,,
CÔNG TY TNHH TƯ VẤN ĐẦU TƯ XÂY DỰNG SƠN LÂM,918862659,,
,,,
CÔNG TY TNHH CÔNG NGHIỆP NHẬT PHÁT,932167718,,
,,,
CÔNG TY TNHH KINH DOANH ĐẶC SẢN VÙNG MIỀN,777058902,,
,,,
CÔNG TY CỔ PHẦN CÔNG TÁC XÃ HỘI GBM.13,394568155,,
,,,
CÔNG TY TNHH ĐẦU TƯ KỸ THUẬT XÂY DỰNG THƯƠNG MẠI SƠN LÂM 1122,98175212,,
,,,
CÔNG TY TNHH MTV ÁNH DƯƠNG PHÁT,346239572,,
,,,
CÔNG TY TNHH XUẤT NHẬP KHẨU THỰC PHẨM MINH PHƯƠNG,969964266,,
,,,
TRƯỜNG THCS LỘC AN,,,
CÔNG TY TNHH PHÁT TRIỂN KIM VƯƠNG,585929408,,
,,,
CÔNG TY TNHH LONG THANH ROYAL,869771808,,
,,,
CÔNG TY TNHH TRỌNG UY NHÂN,902922256,,
,,,
CÔNG TY TNHH THƯƠNG MẠI DỊCH VỤ XNK LINH PHƯƠNG,896472599,,
,,,
CÔNG TY TNHH THIẾT BỊ ĐÔNG ẤN,949432977,,
,,,
CÔNG TY TNHH THƯƠNG MẠI XUẤT NHẬP KHẨU DONGWEN,775170890,,
,,,
CÔNG TY TNHH ĐẦU TƯ THƯƠNG MẠI IN VÀ QUẢNG CÁO MÌNH KHUÊ,384070483,,
,,,
CÔNG TY TNHH THƯƠNG MẠI DỊCH VỤ XÂY DỰNG VẬN TẢI HỒ KIỀU,937593294,,
,,,
CÔNG TY TNHH TM DV XNK TL,346292368,,
,,,
CÔNG TY TNHH TM DV XÂY DỰNG AN BẰNG,928840166,,
,,,
CÔNG TY TNHH PMU DUALGROUP,569999919,,
,,,
CÔNG TY TNHH HAI THÀNH VIÊN TÂM SEN 2,931250851,,
,,,
CÔNG TY TNHH PALLET GỖ TÍN TÚ,913755735,,
,,,
CÔNG TY TNHH THƯƠNG MẠI CƠ KHÍ XÂY DỰNG HOÀNG HẢI,969254532,,
,,,
CÔNG TY TNHH MOON PARFUM,819411381,,
,,,
CÔNG TY TNHH VẬN TẢI PVT,916498096,,
,,,
CÔNG TY TNHH BÁCH HÓA TỔNG HỢP TRÍ TÂM,777528458,,
,,,
CÔNG TY TNHH MTV ĐỨC VĂN PHÁT,906369179,,
,,,
CÔNG TY TNHH QUẢNG CÁO NAM PHONG ADV,963219490,,
,,,
CÔNG TY TNHH MAY MẶC ANH MINH VINA,945992226,,
,,,
CÔNG TY TNHH CÔNG NGHỆ MÔI TRƯỜNG ETD,978456785,,
,,,
CÔNG TY TNHH GIẾT MỔ GIA CẦM AN THỊNH PHÁT,918543899,,
,,,
,,,
,,,
,,,
,,,
,,,
CÔNG TY TNHH SẢN XUẤT THƯƠNG MẠI BẢO VINH,976132118,,
,,,
CÔNG TY TNHH LITADO,878363282,,
,,,
CÔNG TY TNHH DỊCH VỤ XNK ĐỨC PHÚ QUÝ,355233235,,
,,,
CÔNG TY TNHH CƯỜNG THỊNH EXPRESS,978171117,,
,,,
CÔNG TY TNHH TM DV BẢO NGỌC PHÁT,888336777,,
,,,
CÔNG TY TNHH THƯƠNG MẠI XUẤT NHẬP KHẨU VẠN GIA PHÚC,973966394,,
,,,
CÔNG TY TNHH CAO LỤC LÂM,934855001,,
,,,
CÔNG TY TNHH THƯƠNG MẠI DỊCH VỤ HƯNG NHÂN PHÁT,975939025,,
,,,
CÔNG TY TNHH DV TV 286,943035568,,
,,,
CÔNG TY TNHH GỖ MINH KHÔI FURNITURE,975411518,,
,,,
CÔNG TY TNHH MỸ THIÊM,937548672,,
,,,
CÔNG TY TNHH VẬT LIỆU XÂY DỰNG PHÚC HƯNG,918321123,,
,,,
CÔNG TY TNHH TƯ VẤN ĐỊA ỐC GIA KHÁNH,933374755,,
,,,
CÔNG TY TNHH CƠ KHÍ VÀ THƯƠNG MẠI HBC,976386363,,
,,,
CÔNG TY TNHH ĐẦU TƯ THIẾT KẾ - XÂY DỤNG & MÔI TRƯỜNG VẠN PHÚC,918844111,,
,,,
CÔNG TY TNHH CUORI VIETNAM,908448727,,
,,,
CÔNG TY TNHH SẢN PHẨM BAO BÌ GOLDEN KAITAT VIỆT NAM,,,
CÔNG TY TNHH PAC-FUNG (VIỆT NAM),85223891391,,
,,,
CÔNG TY TNHH DỊCH VỤ VẬN TẢI BTK,866618092,,
,,,
CÔNG TY TNHH KIỀU TRẦN PHÁT,933392112,,
,,,
HỢP TÁC XÃ BẢO HỘ HÀNH TINH XANH,987723479,,
,,,
CÔNG TY TNHH RYDER INDUSTRIES VIỆT NAM,2513525168,,
,,,
CÔNG TY TNHH THƯƠNG MẠI THÁI TÂN LẬP,906534968,,
,,,
CÔNG TY CỔ PHẦN LẠC HỒNG AKD,9136853263,,
,,,
CÔNG TY TNHH CHO THUÊ VẬT LIỆU TRUNG VẠN PHONG,913951385,,
,,,
CÔNG TY TNHH KHUÔN NAM PHÁT,986577456,,
,,,
CÔNG TY TNHH XUẤT NHẬP KHẨU TIẾN VƯỢNG,934138344,,
,,,
CÔNG TY TNHH KỸ THUẬT TADATECH,979896865,,
,,,
CÔNG TY TNHH TMDV TUYỂN SINH VIỆT NAM,973678875,,
,,,
CÔNG TY TNHH TMDV CƠ KHÍ VÀ MÁY MÓC MINH VY,913841878,,
,,,
CÔNG TY TNHH TMDV GIA VỊ AN KHANG,941365936,,
,,,
CÔNG TY CỔ PHẦN ĐẦU TƯ PHÁT TRIỂN DẦU KHÍ LÊ GIA,866776768,,
,,,
CÔNG TY TNHH HƯNG PHÁT LONG,989529879,,
,,,
CÔNG TY CỔ PHẦN SẢN XUẤT THƯƠNG MẠI XUẤT NHẬP KHẨU TRUNG NAM PHÁT,988344388,,
,,,
CÔNG TY TNHH CUNG CẤP THỰC PHẨM PHẠM HƯƠNG BẢO,333642241,,
,,,
CÔNG TY TNHH VỰA CÁ MINH CHIẾN,898489777,,
,,,
CÔNG TY TNHH VIỄN THÔNG SỞ SIM SỐ,901770777,,
,,,
CÔNG TY TNHH TRUNG TÂM LUYỆN CHỮ ĐẸP ÁNH DƯƠNG KIDS,974229719,,
,,,
CÔNG TY TNHH TMDV QUỐC TẾ LỘC NHƯ Ý,799934539,,
,,,
CÔNG TY TNHH MTV TÂN TIẾN PHÁT CAR,962404067,,
,,,
CÔNG TY TNHH XUẤT NHẬP KHẨU ALT VIỆT NAM,967963383,,
,,,
CÔNG TY TNHH THIẾT BỊ XÂY DỰNG TIẾN ĐẠT PHÁT,989165347,,
,,,
CÔNG TY TNHH THƯƠNG MẠI CƠ KHÍ XÂY DỰNG HUY TUẤN,906844750,,
,,,
CÔNG TY TNHH CƠ KHÍ XÂY DỰNG PHÚC MINH,937879834,,
,,,
CÔNG TY TNHH VẬN TẢI BÌNH QUYỀN,902454912,,
,,,
CÔNG TY TRÁCH NHIỆM HỮU HẠN THƯƠNG MẠI VÀ DỊCH VỤ NGUYỆT MINH QUANG,982051555,,
,,,
CÔNG TY TNHH TM DV OPAL GEMSTONE ASIA,869287186,,
,,,
CÔNG TY CỔ PHẦN LUNASTONE,936836676,,
,,,
CÔNG TY TNHH DỊCH VỤ THƯƠNG MẠI LOGISTICS BẢO LONG,933060168,,
,,,
CÔNG TY TNHH DỊCH VỤ THƯƠNG MẠI TƯ VẤN AN BÌNH,814349789,,
,,,
CÔNG TY TNHH CUNG CẤP LINH KIỆN ĐIỆN TỬ HIẾU NGUYỄN,774523752,,
,,,
CÔNG TY TNHH BẤT ĐỘNG SẢN ĐẠI LỢI PHÁT,772045344,,
,,,
CÔNG TY TNHH NHÔM KÍNH - INOX THÀNH HƯNG,942030806,,
,,,
CÔNG TY TNHH GIÁO DỤC MẦM NON BOBO,906333868,,
,,,
CÔNG TY TNHH NÔNG ÂN PHÚ,964188039,,
,,,
HỢP TÁC XÃ THƯƠNG MẠI DỊCH VỤ VẬN TẢI Ô TÔ ĐẠI THÀNH,949272072,,
,,,
CÔNG TY TNHH THƯƠNG MẠI DỊCH VỤ VẬN TẢI THỦ ĐỨC,347755644,,
,,,
CÔNG TY TNHH ĐIỆN CƠ DƯƠNG PHÁT,967019315,,
,,,
CÔNG TY TNHH CƠ KHÍ XÂY DỰNG DÂN DỤNG VÀ CÔNG NGHIỆP QUANG TRUNG,395497789,,
,,,
CÔNG TY TNHH FUJI CREATION PRODUCTS VIỆT NAM,2513201032,,
,,,
CÔNG TY TNHH THƯƠNG MẠI HUYỀN TRÂN ĐN,776124478,,
,,,
HỢP TÁC XÃ THƯƠNG MẠI - DỊCH VỤ NAGOA,918001181,,
,,,
CÔNG TY TNHH TM & PT THỎ NGỌC,986662176,,
,,,
CÔNG TY TNHH ĐIỆN TỬ KUZUMI VIỆT NAM,908805232,,
,,,
CÔNG TY TNHH VÁN LỘC PHÁT,965079109,,
,,,
CÔNG TY TNHH HTP AN PHƯỚC,976745216,,
,,,
CÔNG TY TNHH THƯƠNG MẠI XÂY DỰNG LÊ NGỌC MINH,9032006716,,
,,,
CÔNG TY TNHH NÔNG SẢN HANA NGUYÊN,983188749,,
,,,
CÔNG TY TNHH THƯƠNG MẠI HÓA CHẤT HOÀI NAM,528063028,,
,,,
CÔNG TY TNHH THƯƠNG MẠI XNK ANH ĐÀO,528065306,,
,,,
CÔNG TY TNHH MỘT THÀNH VIÊN Ô TÔ MAI XUÂN,947134212,,
,,,
CÔNG TY TNHH THƯƠNG MẠI DỊCH VỤ VẬN TẢI THIÊN TÂM VINA,918636194,,
,,,
CÔNG TY TNHH THALA FRUITS - TRÁI CÂY NHẬP KHẨU ĐỒNG NAI,2514871978,,
,,,
CÔNG TY TNHH SẢN XUẤT VÀ THƯƠNG MẠI HÀ ANH LINH,985555086,,
,,,
CÔNG TY CỔ PHẦN TRUYỀN THÔNG GIẢI TRÍ QUỐC TẾ SM TOÀN CẦU,908411631,,
,,,
CÔNG TY TNHH LIÊN MINH THỂ THAO ĐIỆN TỬ QUỐC GIA,335880044,,
,,,
CÔNG TY TNHH NỆM HOÀNG ANH PHÁT,928574849,,
,,,
CÔNG TY TNHH GIÁO DỤC THỤ NHÂN,937048985,,
,,,
CÔNG TY TNHH CƠ KHÍ THẢO ANH PHÁT,937015756,,
,,,
CÔNG TY TNHH ĐỈNH TRÍ VIỆT,969423168,,
,,,
CÔNG TY TNHH SẢN XUẤT KINH DOANH THÁI KIM NGÂN,586366668,,
,,,
CÔNG TY TNHH MÁY ÉP GẠCH HỮU BẢO,975390366,,
,,,
CÔNG TY TNHH XUẤT NHẬP KHẨU MINH ĐỨC NEC,902999352,,
,,,
CÔNG TY TNHH THÀNH LỢI EXPRESS,988779616,,
,,,
CÔNG TY TNHH ZHONGHENG ELECTRIC APPLIANCE,967920593,,
,,,
CÔNG TY CỔ PHẦN ĐẦU TƯ GIÁO DỤC NGỌC CHÂU LONG THÀNH,947462489,,
,,,
CÔNG TY TNHH THƯƠNG MẠI HẢI SẢN MIỀN NAM,908708979,,
,,,
CÔNG TY TNHH VLXD ĐÔNG PHƯƠNG,987695026,,
,,,
CÔNG TY TNHH TMDV KỸ THUẬT NGÂN PHÁT,931395685,,
,,,
CÔNG TY CỔ PHẦN ĐẦU TƯ XÂY DỰNG THƯƠNG MẠI XUẤT NHẬP KHẨU VẬN TẢI ĐẠI LỘC PHÁT,965990568,,
,,,
CÔNG TY CỔ PHẦN MÁY XÂY DỰNG SDMIX VIỆT NAM,983667502,,
,,,
CÔNG TY TNHH DỊCH VỤ BỐC XẾP HOÀNG PHAN,783235468,,
,,,
CÔNG TY TNHH THIẾT BỊ Y TẾ MAI PHẠM,896130414,,
,,,
CÔNG TY TNHH VƯƠNG THỊNH BH,915506179,,
,,,
CÔNG TY TNHH CAN THIỆP SỚM THANH TRÚC,813734364,,
,,,
CÔNG TY TNHH THƯƠNG MẠI DỊCH VỤ DIGIUP AGENCY,889404100,,
,,,
CÔNG TY TNHH THỰC PHẨM THIÊN ÂN,933868847,,
,,,
CÔNG TY TNHH THƯƠNG MẠI DỊCH VỤ NHÀ HÀNG HOÀNG QUÂN,367409218,,
,,,
CÔNG TY TNHH THƯƠNG MẠI & DỊCH VỤ MERAKI,919374785,,
,,,
CÔNG TY TNHH QUYỀN PHÚC PHÁT,937397797,,
,,,
CÔNG TY TNHH THƯƠNG MẠI DỊCH VỤ SCC MỸ LINH,568528102,,
,,,
CÔNG TY TNHH VĂN PHÒNG PHẨM HOÀNG NHẬT PHÁT,854264269,,
,,,
CÔNG TY TNHH MÊ HÀNG NHẬT,567695695,,
,,,
CÔNG TY TNHH THIẾT KẾ XÂY DỰNG HABI ARCHI,987005099,,
,,,
CÔNG TY TNHH THƯƠNG MẠI DỊCH VỤ MLT VIỆT NAM,933839345,,
,,,
CÔNG TY TNHH KHOA HỌC KỸ THUẬT ECAN,2513940555,,
,,,
CÔNG TY TNHH TK - SX - THI CÔNG NỘI THẤT THIÊN PHÁT,971032068,,
,,,
CÔNG TY TNHH THỰC PHẨM CẨM TÚ,913357979,,
,,,
CÔNG TY TNHH PHỤ LIỆU MAY VÀ MAY MẶC HỒNG HẢI,523979901,,
,,,
CÔNG TY TNHH MTV VI TÍNH LONG QUÂN,903000245,,
,,,
CÔNG TY TNHH THƯƠNG MẠI VÀ DỊCH VỤ ĐÁ CUỘI LÂM ĐỒNG,939777111,,
,,,
CÔNG TY CỔ PHẦN LIFEBIOTECH,987909476,,
,,,
CÔNG TY TNHH AN NHƯ DECOR,386951700,,
,,,
CÔNG TY CỔ PHẦN CƠ KHÍ DƯƠNG ĐÔNG,379171283,,
,,,
CÔNG TY TNHH HỐI CÁCH,782223125,,
,,,
CÔNG TY TNHH BROS UNITED VIỆT NAM,903859845,,
,,,
CÔNG TY TNHH DV - XNK AN PHÁT,896685247,,
,,,
CÔNG TY TNHH DỊCH VỤ VẬN TẢI KIM HƯNG PHÁT,704445922,,
,,,
CÔNG TY TNHH PONHAN VALVE INTERNATIONAL (VIETNAM),8.65E+12,,
,,,
CÔNG TY TNHH THƯƠNG MẠI DỊCH VỤ DU LỊCH VẬN TẢI QUỐC PHONG,9023277195,,
,,,
CÔNG TY TNHH THƯƠNG MẠI DỊCH VỤ VÀ CUNG CẤP THỰC PHẨM SẠCH PHẠM NGUYỄN,378078133,,
,,,
CÔNG TY TNHH VẬN TẢI HIẾU XUÂN PHÚC,914424020,,
,,,
CÔNG TY TNHH XD TM DV THUÝ TIẾN,971376896,,
,,,
CÔNG TY TNHH CÂU LẠC BỘ SỨC KHỎE VIỆT,785799688,,
,,,
CÔNG TY TNHH GIA CÔNG CƠ KHÍ HẢI PHONG,903174929,,
,,,
CÔNG TY TNHH DỊCH VỤ ÁNH NGUYỆT FOODS,855555639,,
,,,
CÔNG TY TNHH GOLD BELGIUM,907416999,,
,,,
CÔNG TY TNHH TMDV THỰC PHẨM MINH NGUYỆT,865391179,,
,,,
CÔNG TY TNHH VÁN ÉP LAN THẢO,982716935,,
,,,
CÔNG TY TNHH XUẤT NHẬP KHẨU KHUNG TRANH TRUNG DŨNG,972559283,,
,,,
DNTN VÀNG BẠC PHÚC PHÚC LỘC,967564979,,
,,,
CÔNG TY TNHH MỸ PHẨM HƯƠNG LY,902125783,,
,,,
CÔNG TY TNHH TƯ VẤN THƯƠNG MẠI QUỐC THÁI 77,988781934,,
,,,
CÔNG TY TNHH THIẾT BỊ CÔNG NGHIỆP ĐÔNG THÀNH,363997116,,
,,,
CÔNG TY TNHH DONAN78,919572768,,
,,,
CÔNG TY TNHH HMN LUXURY,933835239,,
,,,
CÔNG TY TNHH TMDV VẬN TẢI VĂN KHANG,911297078,,
,,,
CÔNG TY TNHH PARA MART AND COFFE,913690532,,
,,,
CÔNG TY TNHH MINH TRIẾT TRAVEL,799800208,,
,,,
CÔNG TY TNHH 179 FURNITURE,901554505,,
,,,
CÔNG TY TNHH DỊCH VỤ BẢO VỆ QUỐC UY,964797403,,
,,,
CÔNG TY TNHH THƯƠNG MẠI DỊCH VỤ NÔNG SẢN HÙNG PHÁT,938932628,,
,,,
CÔNG TY TNHH MTV DÊ VƯỜN XOÀI,975669777,,
,,,
CÔNG TY TNHH TM DV ĐINH ĐANG,909953145,,
,,,
CÔNG TY TNHH CUNG ỨNG NHÂN LỰC PHẠM ANH GROUP,763589815,,
,,,
CÔNG TY TNHH CPTK EXPRESS,784814897,,
,,,
CÔNG TY TNHH GỖ MINH THIỆN PHÁT,344114552,,
,,,
CÔNG TY TNHH GIA CÔNG CƠ KHÍ QUANG MINH ANH,963554803,,
,,,
CÔNG TY TNHH THIẾT BỊ KỸ THUẬT VÀ CÔNG NGHỆ CAO ÁNH DƯƠNG,325988386,,
,,,
CÔNG TY TNHH THƯƠNG MẠI DỊCH VỤ VƯỢNG KHẢI PHÁT,814672831,,
,,,
CÔNG TY TNHH GARA Ô TÔ VINH DŨNG,344904490,,
,,,
CÔNG TY TNHH DVTM XUẤT NHẬP KHẨU NÔNG SẢN ANH PHÁT,902009103,,
,,,
CÔNG TY TNHH CƠ KHÍ XÂY DỰNG LẮP ĐẶT HUAJIE,355763676,,
,,,
CÔNG TY TNHH HOÀ PHÁT ETC,377022807,,
,,,
VĂN PHÒNG THỪA PHÁT LẠI XUÂN LỘC,972872249,,
,,,
CÔNG TY CỔ PHẦN GIẢI PHÁP LOGISTICS VIETNAMLOGS,906677249,,
,,,
CÔNG TY TNHH GIÁO DỤC TRẦN NGUYỄN,973050343,,
,,,
CÔNG TY TNHH THƯƠNG MẠI SẢN XUẤT NGUYÊN THỊNH PHÁT,918373174,,
,,,
CÔNG TY TNHH VẬT LIỆU XÂY DỰNG LÂM TÀI,327223968,,
,,,
DOANH NGHIỆP TƯ NHÂN TRUNG TÂM THÔNG TIN VĂN HÓA ĐẦU TƯ KINH TẾ TOÀN CẦU,908636266,,
,,,
CÔNG TY TNHH CƠ KHÍ QUANG THÁI,765714985,,
,,,
CÔNG TY TNHH DIỆU CÁCH,934182608,,
,,,
CÔNG TY TNHH TM DV ĐIỆN LẠNH VẠN PHÁT,983438300,,
,,,
CÔNG TY TNHH MTV VẬN TẢI HOÀNG LÂM,896710578,,
,,,
CÔNG TY TNHH DONA LOGISTICS THỊNH VƯỢNG,916669979,,
,,,
CÔNG TY TNHH THƯƠNG MẠI DỊCH VỤ NÔNG CƠ MAI THU,945919503,,
,,,
CÔNG TY TNHH DV GIAO HÀNG TIẾT KIỆM VN,911875402,,
,,,
CÔNG TY TNHH DV VẬN CHUYỂN VÀ TM VẬT TƯ TỔNG HỢP AUTO TECH,948809807,,
,,,
CÔNG TY TNHH THƯƠNG MẠI ĐỊA THIÊN THÁI,937477686,,
,,,
CÔNG TY TNHH GIA NGUYỄN GARDEN,972177588,,
,,,
CÔNG TY TNHH CỬU HƯNG THỊNH,389589968,,
,,,
CÔNG TY TNHH KINH DOANH VÀNG BẠC ĐÁ QUÝ BẢO NGUYÊN,789733978,,
,,,
CÔNG TY TNHH ECO ORGANICS VIỆT NAM - EVN,902222293,,
,,,
CÔNG TY TNHH THƯƠNG MẠI NỘI THẤT ĐỒNG NAI,908392285,,
,,,
CÔNG TY TNHH TM TRÀ TÂM DUYÊN,352215370,,
,,,
CÔNG TY TNHH ĐẠI LÝ AN SINH,942358351,,
,,,
CÔNG TY TNHH HÓA MỸ PHẨM VICTORYS,918064272,,
,,,
CÔNG TY TNHH BAO BÌ GU FAN (VIỆT NAM),961211898,,
,,,
CÔNG TY TNHH TM - DV THANH QUYÊN,898449280,,
,,,
CÔNG TY TNHH EAGLE VIET NAM SCREWS AND FASTENERS,,,
,,,
,,,
,,,
,,,
,,,
CÔNG TY TNHH VẬT LIỆU XÂY DỰNG SƠN THẠNH PHÁT,843670327,,
,,,
CÔNG TY TNHH XÂY DỰNG TÂM ANH HT,973610979,,
,,,
CÔNG TY TNHH XÂY DỰNG CÔNG TRÌNH PCCC NÚI VÀNG,908023222,,
,,,
CÔNG TY TNHH VIỆT COMAR,364806669,,
,,,
CÔNG TY TNHH THƯƠNG MẠI XNK ĐẠI LĨNH,396587663,,
,,,
CÔNG TY TNHH RVN FIBERS,13107174979,,
,,,
CÔNG TY TNHH ĐẦU TƯ SẢN XUẤT - TMDV XNK TÂM PHÁT,587921396,,
,,,
CÔNG TY TNHH AN NINH BÌNH AN ASIA,921128123,,
,,,
CÔNG TY TNHH MTV THƯƠNG MẠI DỊCH VỤ HUYỀN TRANG,362427321,,
,,,
CÔNG TY TNHH THƯƠNG MẠI KINH DOANH SẮT THÉP LIÊN PHÁT,898591848,,
,,,
CÔNG TY TNHH SƠN PHÁT PHÁT,797316035,,
,,,
CÔNG TY CỔ PHẦN THIẾT KẾ VÀ XÂY DỰNG ĐÔNG A,933927732,,
,,,
CÔNG TY TNHH YẾN SÀO BÌNH DUYÊN,352215370,,
,,,
CÔNG TY TNHH ABC MEDIA,933233158,,
,,,
TRƯỜNG TIỂU HỌC VÀ TRUNG HỌC CƠ SỞ HUỲNH VĂN NGHỆ,918034774,,
,,,
CÔNG TY TNHH DV TM VẬN TẢI QUẢNG CÁO & XÂY DỰNG PHONG LAN,776686654,,
,,,
HỢP TÁC XÃ NẤM PHÚ HƯƠNG,,,
HỢP TÁC XÃ VẬN TẢI CÔNG NGHỆ LONG THÀNH,914687272,,
,,,
CÔNG TY TNHH THẢO TRANG ANH,913177497,,
,,,
CÔNG TY TNHH CÔNG NGHỆ MÔI TRƯỜNG HÀO PHÁT,798744323,,
,,,
CÔNG TY CỔ PHẦN CƠ KHÍ VÀ XÂY DỰNG AN THÀNH,393333337,,
,,,
CÔNG TY TNHH VẬT LIỆU TIÊU CHUẨN VIETNAM,383809176,,
,,,
CÔNG TY TNHH IN PHÚ HƯƠNG BIỂN,968305155,,
,,,
CÔNG TY TNHH ĐẦU TƯ PHÁT TRIỂN THƯƠNG MẠI DỊCH VỤ MỸ TRANG,896445817,,
,,,
CÔNG TY TNHH QUỐC TẾ GOLDEN START,845789234,,
,,,
CÔNG TY TNHH GIẢI PHÁP NHÂN LỰC PHÚC THỊNH,971088441,,
,,,
CÔNG TY TNHH THƯƠNG MẠI DỊCH VỤ LAM HẠNH PHÁT,397300699,,
,,,
CÔNG TY TNHH CÔNG NGHIỆP PHÚ LỰC VIỆT NAM,979623962,,
,,,
CÔNG TY TNHH DAVA STONE,918079959,,
,,,
CÔNG TY TNHH DỊCH VỤ TƯ VẤN ĐẦU TƯ PHÚC KHANG AN,786999929,,
,,,
CÔNG TY TNHH DỊCH VỤ THƯƠNG MẠI VẬT LIỆU XÂY DỰNG TOÀN PHÁT,989840906,,
,,,
CÔNG TY TNHH NÔNG SẢN BIÊN HOÀ,399913809,,
,,,
CÔNG TY TNHH GẠO VIỆT T&K,938650404,,
,,,
CÔNG TY TNHH NHÀ XÂY DỰNG HUỲNH GIA,911140175,,
,,,
CÔNG TY TNHH XUẤT KHẨU SẢN PHẨM NÔNG NGHIỆP VIỆT NAM HOA KỲ,349220581,,
,,,
CÔNG TY TNHH ĐẦU TƯ THƯƠNG MẠI DỊCH VỤ THANH NGA,336409926,,
,,,
CÔNG TY TNHH SƠN ĐẠI MINH,989890034,,
,,,
CÔNG TY TNHH NỘI THẤT NHẤT CƯỜNG,977878012,,
,,,
CÔNG TY TNHH CƠ KHÍ DUY TUÂN,967633825,,
,,,
CÔNG TY TNHH TM DV ĐẦU TƯ XÂY DỰNG ANH TÚ,901639386,,
,,,
CÔNG TY TNHH NATUCO FASHION,916325005,,
,,,
CÔNG TY TNHH TUYẾT DIAMOND,919966488,,
,,,
CÔNG TY TNHH TM DV SX QUỐC THỊNH WINDOWS,938074898,,
,,,
CÔNG TY TNHH OPECCHEM,908289500,,
,,,
CÔNG TY TNHH KINH DOANH THƯƠNG MẠI DỊCH VỤ SONG VY,945506986,,
,,,
CÔNG TY TNHH SẢN XUẤT THƯƠNG MẠI XUẤT NHẬP KHẨU BẢO PHÁT,974040403,,
,,,
CÔNG TY TNHH SẢN PHẨM TRI STAR,908562134,,
,,,
CÔNG TY TNHH THƯƠNG MẠI XUẤT NHẬP KHẨU THẢO MỘC VIỆT MINH CHÂU,907295783,,
,,,
CÔNG TY TNHH ĐẦU TƯ THƯƠNG MẠI VÀ DỊCH VỤ AN BẢO PHÚC,988112305,,
,,,
CÔNG TY TNHH THƯƠNG MẠI QUỐC TẾ YIMAIDA VIỆT NAM,975031030,,
,,,
CÔNG TY TNHH XUẤT NHẬP KHẨU NÔNG NGHIỆP CÔNG NGHỆ CAO VẠN NHẤT,899999948,,
,,,
CÔNG TY TNHH TIẾP LÊ PHÁT,58495381,,
,,,
CÔNG TY TNHH XÂY DỰNG NINH THÚY,965418905,,
,,,
CÔNG TY TNHH PHÁT TRIỂN GIÁO DỤC VÀ ĐÀO TẠO IQ MATH,969822143,,
,,,
CÔNG TY TNHH WONDERWOOD,919179727,,
,,,
CÔNG TY TNHH MTV GIA THIÊN ÂN,989614656,,
,,,
CÔNG TY TNHH THƯƠNG MẠI VẬT LIỆU SỐ 1,963875612,,
,,,
CÔNG TY TNHH DIỄM VĂN,778600183,,
,,,
CÔNG TY TNHH HOÀNG HẢI SƠN,903666324,,
,,,
,,,
CÔNG TY TNHH ĐẦU TƯ HỒNG VÂN BẠC LIÊU,896972031,,
,,,
CÔNG TY TNHH MTV HUỲNH HUYỀN,917592365,,
,,,
CÔNG TY TNHH CÔNG NGHỆ KỸ THUẬT MÔI TRƯỜNG TÂN HUY HOÀNG,904377624,,
,,,
CÔNG TY TNHH TRUNG ĐÔNG VIỆT NAM,931266509,,
,,,
CÔNG TY TNHH KỸ THUẬT TỦ ĐIỆN ĐẠI THÀNH PHÁT,908717063,,
,,,
CÔNG TY TNHH NOW CAR,788079919,,
,,,
CÔNG TY TNHH HS&HT VINA,9328913811,,
,,,
CÔNG TY TNHH GIAO NHANH AKK,962931193,,
,,,
CÔNG TY TNHH THƯƠNG MẠI DỊCH VỤ GIA HÂN TRAVEL,907937860,,
,,,
CÔNG TY TNHH THƯƠNG MẠI DỊCH VỤ PHÁT TRIỂN LỚN,588932726,,
,,,
CÔNG TY TNHH THƯƠNG MẠI DỊCH VỤ ANH MINH THỊNH PHÁT,766356628,,
,,,
CÔNG TY TNHH TM DV XNK VIỆT HÀ,927455080,,
,,,
CÔNG TY TNHH MUA BÁN PHẾ LIỆU PHẠM THỊ HẰNG,968395556,,
,,,
CÔNG TY TNHH TRÚC GIA PHÁT,913176154,,
,,,
CÔNG TY TNHH MTV VẬN TẢI MỸ THIÊN,937793568,,
,,,
CÔNG TY TNHH CHÍNH XÁC MỸ HUỲNH,842972801,,
,,,
CÔNG TY TNHH DỊCH VỤ THƯƠNG MẠI VÀ SẢN XUẤT SƠN HÀ,9.14E+15,,
,,,
CÔNG TY TNHH SẢN XUẤT THƯƠNG MẠI DỊCH VỤ VẬN TẢI THỌ PHÁT,833996979,,
,,,
CÔNG TY TNHH NỘI THẤT AN DƯƠNG FULL HOME,768149753,,
,,,
CÔNG TY TNHH TM DV ĐỨC LẬP,903684921,,
,,,
CÔNG TY TNHH THIẾT BỊ CÔNG NGHIỆP DAKA,919950830,,
,,,
CÔNG TY TNHH THƯƠNG MẠI & DỊCH VỤ A.T FINE,931221567,,
,,,
CÔNG TY TNHH VỆ SINH CÔNG NGHIỆP AN HOÀNG PHÁT,857819990,,
,,,
CÔNG TY TNHH HOÀI ĐẠI PHÁT,926456178,,
,,,
CÔNG TY TNHH HOÀNG VIỆT KỲ,926455960,,
,,,
CÔNG TY TNHH SẢN XUẤT VÀ THƯƠNG MẠI HỒNG ĐỨC ĐÔNG SƠN,971487999,,
,,,
CÔNG TY TNHH THƯƠNG MẠI DỊCH VỤ VẬN TẢI DU LỊCH MINH ANH,9.63E+13,,
,,,
CÔNG TY TNHH TINH TẤN A&P,908686787,,
,,,
CÔNG TY TNHH LOGISTICS GLOBAL VN,814719196,,
,,,
DOANH NGHIỆP TƯ NHÂN SỬA CHỮA Ô TÔ NGUYỄN HÙNG,9.04E+17,,
,,,
CÔNG TY TNHH LỮ TIÊN,896937401,,
,,,
CÔNG TY TNHH VỰA CÁ AO LÀNG,345650420,,
,,,
CÔNG TY TNHH THƯƠNG MẠI NGỌC HÀ PHÁT,979230768,,
,,,
CÔNG TY TNHH GỖ TAM HIỆP ĐỒNG NAI,918126136,,
,,,
CÔNG TY TNHH CÂY XANH HOÀNG LÂM GROUP,937091541,,
,,,
CÔNG TY TNHH DV VẬN TẢI VÀ TM TỔNG HỢP DUNG LÊ,898453247,,
,,,
CÔNG TY TNHH CÔNG NGHỆ THÔNG MINH REAL DESIGN (VIỆT NAM),339767158,,
,,,
CÔNG TY TNHH ĐẦU TƯ VÀ PHÁT TRIỂN TRADEXSB,332022846,,
,,,
CÔNG TY TNHH DỊCH VỤ XNK KIM TRÀ,933321479,,
,,,
CÔNG TY TNHH MÔI TRƯỜNG LỘC TRƯỜNG XUÂN,944525929,,
,,,
CÔNG TY TNHH MỘT THÀNH VIÊN TÂM THÀNH TÂM,901509709,,
,,,
CÔNG TY TNHH MTV HENICAO,935705888,,
,,,
CHI NHÁNH CÔNG TY TNHH DAEYOUNG TEXTILE VIỆT NAM,,,
CÔNG TY TNHH CẢNH QUAN TỰ NHIÊN,522991453,,
,,,
CÔNG TY TNHH CƠ KHÍ HQT,783535545,,
,,,
CÔNG TY TNHH NÔNG NGHIỆP HAH,362508681,,
,,,
CÔNG TY TNHH MTV MAY MẶC ĐẠI PHÁT,349508358,,
,,,
CÔNG TY TNHH XNK QUỐC TẾ MORGAN FID,909065530,,
,,,
CÔNG TY TNHH VĂN PHÒNG PHẨM KIM THOA,778650804,,
,,,
CÔNG TY TNHH ĐÁ MỸ NGHỆ NGỌC NHƯ Ý,828923924,,
,,,
CÔNG TY TNHH LAN HÀ PHÁT,933375946,,
,,,
CÔNG TY TNHH GỖ NGUYỄN TIẾN ĐẠT,927897788,,
,,,
CÔNG TY TNHH THÀNH LỢI ART,913004775,,
,,,
CÔNG TY TNHH PHÁO HOA MIỀN NAM,358888787,,
,,,
CÔNG TY TRÁCH NHIỆM HỮU HẠN NHIỆT LẠNH NGỌC HẢI,976428330,,
,,,
CÔNG TY TNHH MỘT THÀNH VIÊN CHIẾN HOÀNG KIM,975013839,,
,,,
CÔNG TY TNHH SẢN XUẤT BAO TAY CHÂU THỦY,907327577,,
,,,
CÔNG TY TNHH TM VLXD QUỐC CƯỜNG,852347999,,
,,,
CÔNG TY TNHH VIỆN ANH NGỮ JC CAMBRIDGE,902004647,,
,,,
CÔNG TY TNHH TƯ VẤN & TRUYỀN THÔNG LONG THÀNH,975187895,,
,,,
CÔNG TY TNHH HELLO SOCIAL,964169795,,
,,,
CÔNG TY TNHH 86 THUẬN AN PHÁT,931276177,,
,,,
CÔNG TY TNHH TM SX TỔ CHỨC SỰ KIỆN LÂM GIA PHÁT,396800467,,
,,,
CÔNG TY TNHH TMDV HÙNG CƯỞNG,786341150,,
,,,
CÔNG TY TNHH HIẾU AN DƯƠNG,768149753,,
,,,
CÔNG TY TNHH TM VLXD MINH MẪN,979203777,,
,,,
CÔNG TY TNHH DU LỊCH NAM CÁT TIÊN REVIEW TẤT TẦN TẬT,397700776,,
,,,
CÔNG TY TNHH JYJ WALLCOVERINGS,2513549797,,
,,,
CÔNG TY TNHH THƯƠNG MẠI DỊCH VỤ TRƯƠNG LIÊN,778625470,,
,,,
CÔNG TY TNHH FLEXO NHẤT GIA,896688853,,
,,,
CÔNG TY TNHH VLXD HOA SAO XANH,978332211,,
,,,
CÔNG TY TNHH CT PHÚ - ĐÔNG,936546580,,
,,,
CÔNG TY TNHH GN PHÚC NGÂN,932078828,,
,,,
CÔNG TY TNHH SX & TM NHÔM KÍNH MINH NHẬT,983949494,,
,,,
CÔNG TY TNHH THƯƠNG MẠI VÀ SẢN XUẤT GỖ VẠN PHÚ,964660466,,
,,,
CÔNG TY TNHH THIÊN TIÊN PHÚ,387826009,,
,,,
CÔNG TY TNHH MÔI TRƯỜNG GIÁO DỤC KIMO,327040603,,
,,,
CÔNG TY CỔ PHẦN THÉP CÔNG NGHIỆP THÔNG MINH TOÀN CẦU ĐỒNG NAI,918926513,,
,,,
CÔNG TY TNHH THƯƠNG MẠI DỊCH VỤ TỔNG HỢP NGỌC VINH,9215577111,,
,,,
CÔNG TY TNHH GIẢI PHÁP PHẦN MỀM GA,788884000,,
,,,
CÔNG TY TNHH SẢN XUẤT - XUẤT NHẬP KHẨU PHÚ TRỌNG FOODS,972214460,,
,,,
CÔNG TY CỔ PHẦN TỔNG HỢP GỖ TÂN MAI,2513822258,,
,,,
CÔNG TY TNHH YONGJIE MOTOR (VIETNAM),399987739,,
,,,
CÔNG TY TNHH THƯƠNG MẠI DỊCH VỤ VŨ NGỌC PHÁT,785540420,,
,,,
CÔNG TY TNHH MTV THƯƠNG MẠI VÀ DỊCH VỤ GIA LẠC THẠNH,834123450,,
,,,
CÔNG TY TNHH PHÁT TRIỂN THƯƠNG MẠI DỊCH VỤ TẤN TÀI,978971197,,
,,,
CÔNG TY TNHH THƯƠNG MẠI DỊCH VỤ HƯNG NHƯ PHƯƠNG,865260797,,
,,,
CÔNG TY TNHH SẢN XUẤT THƯƠNG MẠI ĐỨC LỘC PHÁT,585266768,,
,,,
CÔNG TY TNHH DẦU NHỚT THỊNH PHÁT VN,794749352,,
,,,
CÔNG TY TNHH DV TM MINH ANH PHÁT,852339661,,
,,,
CÔNG TY TNHH SẢN XUẤT THƯƠNG MẠI DỊCH VỤ APGBRICK,961705705,,
,,,
CÔNG TY TNHH THƯƠNG MẠI DỊCH VỤ SUẤT ĂN CÔNG NGHIỆP ÚT PHƯƠNG,785677898,,
,,,
CÔNG TY TNHH SẢN XUẤT HẠT NHỰA NAM VIỆT PHÁT,908248555,,
,,,
CÔNG TY TNHH PHÁT TRIỂN THƯƠNG MẠI DỊCH VỤ PHÁT TÀI,853227788,,
,,,
CÔNG TY TNHH GIẢI PHÁP NĂNG LƯỢNG ĐÔNG NAM,946246535,,
,,,
CÔNG TY TNHH XÂY DỰNG - THƯƠNG MẠI - DỊCH VỤ - ĐA NĂNG HƯNG TÀI QUÍ,789814141,,
,,,
CÔNG TY TNHH VISUAL COMFORT VIỆT NAM,85227552111,,
,,,
CÔNG TY TNHH MEISEI ENG VIỆT NAM,2513683841,,
,,,
CÔNG TY TNHH SẢN XUẤT THƯƠNG MẠI NHẤT NHẤT THIÊN,39872687,,
,,,
CÔNG TY TNHH SX TM XD ĐỨC THIÊN MINH,338903379,,
,,,
CÔNG TY TNHH THƯƠNG MẠI DỊCH VỤ SẢN XUẤT ĐẠI TÀI PHÁT,926595011,,
,,,
CÔNG TY TNHH HOÀNG LỰC PHÁT,857819990,,
,,,
CÔNG TY TNHH VH - GREAT,707011010,,
,,,
CÔNG TY TNHH SINODOD (VIỆT NAM),8.62E+12,,
,,,
CÔNG TY TNHH SEA MES,933197989,,
,,,
CÔNG TY TNHH THƯƠNG MẠI SẢN XUẤT DIỆP MINH AN,898419029,,
,,,
CÔNG TY TNHH NỘI THẤT BẢO LÂM KHOA,948771378,,
,,,
LIÊN HIỆP CÁC TỔ CHỨC HỮU NGHỊ TỈNH ĐỒNG NAI,2513843909,,
,,,
CÔNG TY TNHH MTV Ô TÔ NĂNG LƯỢNG MỚI ĐỒNG NAI,966330583,,
,,,
CÔNG TY TNHH MTV MISSIONS STAGES VIỆT NAM,866170187,,
,,,
CÔNG TY TNHH TMDV PHÁT QUỐC THỊNH,706957270,,
,,,
CÔNG TY TNHH THƯƠNG MẠI XÂY DỰNG KIẾN MỘC LONG,975894643,,
,,,
CÔNG TY TNHH XUẤT NHẬP KHẨU WOODCO VIỆT NAM,901337339,,
,,,
CÔNG TY TNHH THƯƠNG MẠI & DỊCH VỤ CHÂU NGỌC GIANG,9.71E+12,,
,,,
CÔNG TY TNHH MINH TIẾN TRANSPORT,971739979,,
,,,
CÔNG TY TNHH DỊCH VỤ VẬN TẢI DU LỊCH KHÁNH HẰNG,9.75E+12,,
,,,
CÔNG TY TNHH TMDV PHẾ LIỆU NGỌC MY,922974287,,
,,,
CÔNG TY TNHH SẢN XUẤT GỖ MỘC TÂM DƯƠNG,972075781,,
,,,
CÔNG TY TNHH THƯƠNG MẠI NÔNG NGHIỆP KHÁNH ĐAN,919179868,,
,,,
CÔNG TY TNHH CƠ KHÍ VẠN Ý,833904646,,
,,,
CÔNG TY TNHH CLOUDOPS ABAHARP,969320761,,
,,,
CÔNG TY TNHH TM DV SONG LONG HP,978363978,,
,,,
CÔNG TY TNHH PHÂN HỮU CƠ CTT, GROWGANICS, CO,938305786
,,,
CÔNG TY TNHH TM-DV NÔNG SẢN MỘNG HUYỀN,813129540,,
,,,
CÔNG TY CỔ PHẦN FAMICARE ĐỒNG NAI,392099039,,
,,,
CÔNG TY TNHH NỘI THẤT HOÀNG NGÂN PHÁT,949431764,,
,,,
CÔNG TY TNHH BÁ NGUYÊN LAND,348106707,,
,,,
CÔNG TY TNHH THƯƠNG MẠI ĐIỆN TỬ EX GBEX EXCHANGES,359275255,,
,,,
CÔNG TY TNHH FEDEX SHOP SHIP,349911564,,
,,,
CÔNG TY CỔ PHẦN TRUNG TÂM XÉT NGHIỆM GOLAB BIÊN HÒA,973207466,,
,,,
CÔNG TY TNHH XUÂN HƯNG BIOTECH,913924179,,
,,,
CÔNG TY TNHH THƯƠNG MẠI DỊCH VỤ CƠ ĐIỆN MINH ANH,988647939,,
,,,
CÔNG TY TNHH TMDV PHẾ LIỆU TRÁC LÊ,927225764,,
,,,
CÔNG TY TNHH THƯƠNG MẠI DV QUYÊN QUYÊN,924620927,,
,,,
CÔNG TY TNHH SEA UNIFORM,327590118,,
,,,
CÔNG TY TNHH DỊCH VỤ THIẾT KẾ QUẢNG CÁO AN MỸ,927454965,,
,,,
CÔNG TY TNHH THƯƠNG MẠI MÔI TRƯỜNG HỒNG TIẾN PHÁT,788664386,,
,,,
CÔNG TY TNHH SẢN XUẤT KHANG AN HƯNG,933189919,,
,,,
CÔNG TY TNHH THƯƠNG MẠI TRUNG PHÁT THÀNH,868596504,,
,,,
CÔNG TY TNHH CAO THÀNH REALTY,938270787,,
,,,
CÔNG TY TNHH DP CONSULTANT,907122708,,
,,,
CÔNG TY TNHH THƯƠNG MẠI NÔNG LÂM HOÀNG TIẾN,34875289,,
,,,
CÔNG TY TNHH KIỀU KIM BẢO,702863628,,
,,,
CÔNG TY TNHH CÔNG NGHỆ GOLDEN HOUSE,985263590,,
,,,
CÔNG TY TNHH AK MURA,983330018,,
,,,
CÔNG TY TNHH SẢN XUẤT VÀ THƯƠNG MẠI BẢO ÂN,765232099,,
,,,
CÔNG TY TNHH DỊCH VỤ MÔI GIỚI BĐS FAMILY,97750061,,
,,,
CÔNG TY TRÁCH NHIỆM HỮU HẠN THƯƠNG MẠI DỊCH VỤ UY HÙNG PHÁT,398796139,,
,,,
CÔNG TY TNHH DIAMON CONCEPT,932757677,,
,,,
CÔNG TY TNHH THIẾT BỊ ĐIỆN VĂN QUANG,907587794,,
,,,
CÔNG TY TNHH ĐIỆN TỬ VĂN QUÝ,914335452,,
,,,
CÔNG TY TNHH VẬN TẢI TÙNG TÂM PHÁT,901233141,,
,,,
CÔNG TY TNHH MỘT THÀNH VIÊN THƯƠNG MẠI SẢN XUẤT HOÀNG NHẬT VY,858388933,,
,,,
CÔNG TY TNHH ĐÌNH NGUYÊN LÊ,962191364,,
,,,
CÔNG TY TNHH SẢN XUẤT THƯƠNG MẠI PHI NHẬT,785406132,,
,,,
CÔNG TY TNHH TVTC KIM PHÁT,788797961,,
,,,
CÔNG TY TNHH GARAGE BÌNH MINH PHÁT,932657092,,
,,,
CÔNG TY TNHH CÔNG NGHIỆP HOÀNG THỊNH,971625600,,
,,,
CÔNG TY TNHH GIẢI PHÁP AN NINH GRAND SECURITY,918321115,,
,,,
CÔNG TY TNHH BAO BÌ TOÀN SÁNG,971409806,,
,,,
CÔNG TY TNHH TM XNK PHẠM VĂN,398266716,,
,,,
CÔNG TY TNHH SX TM & DV LẠC ANH FOOD,964446404,,
,,,
CÔNG TY TNHH TÁI TẠO XANH DƯƠNG GIA PHÁT,949407982,,
,,,
CÔNG TY TNHH DSIPK VINA,785426721,,
,,,
CÔNG TY TNHH VLXD XÂY DỰNG HOÀNG KHA,938047057,,
,,,
CÔNG TY TNHH FILLON TECHNOLOGIES VIỆT NAM,2835193292,,
,,,
CÔNG TY TNHH KHOA HỌC VÀ CÔNG NGHỆ HEFENG VIỆT NAM,394419783,,
,,,
CÔNG TY TNHH THƯƠNG MẠI DỊCH VỤ THỰC PHẨM HỒNG PHÚC,916548746,,
,,,
CÔNG TY TNHH TM-DV TRẦN TRIỀU,924956493,,
,,,
CÔNG TY TNHH TM-DV ĐẶNG MỸ,924813176,,
,,,
CÔNG TY TNHH ĐẦU TƯ TMDV NGUYỄN DUY,927213551,,
,,,
CÔNG TY TNHH TMDV TRƯỜNG NGHIỆP,927214257,,
,,,
CÔNG TY TNHH DƯỢC TÙNG TUẤN PHARMAR,976521237,,
,,,
CÔNG TY TNHH DV&TM CUNG ỨNG LAO ĐỘNG HOÀNG HẢI,97876621,,
,,,
CÔNG TY TNHH THƯƠNG MẠI LINH HUỲNH,937548874,,
,,,
CÔNG TY TNHH CHẾ TẠO KHUÔN MẪU VIỆT TÍN,374018475,,
,,,
CÔNG TY TNHH TTH BAGS,937757147,,
,,,
CÔNG TY TNHH THƯƠNG MẠI THIẾT BỊ KỸ NGHỆ ĐẠI AN,888549199,,
,,,
CÔNG TY TNHH THANH KIM HƯƠNG MAI,913610458,,
,,,
CÔNG TY TNHH CƠ KHÍ CNC ĐĂNG KHÔI,797052731,,
,,,
CÔNG TY TNHH DV TỔNG HỢP VHH VIỆT NAM,836826059,,
,,,
CÔNG TY TNHH GỖ THUẦN PHÚ HZ,933660788,,
,,,
CÔNG TY TNHH THƯƠNG MẠI DỊCH VỤ VẬN TẢI AN ĐẠT PHÁT,866122777,,
,,,
CÔNG TY TNHH MTV PHÒNG CHÁY CHỮA CHÁY HƯNG THỊNH PHÁT,963759830,,
,,,
CÔNG TY TNHH MTV TM - DV KIM LOẠI MÀU TRƯƠNG VĂN ÚT,927706703,,
,,,
CÔNG TY TNHH TMDV BẤT ĐỘNG SẢN THIẾT KẾ ĐO ĐẠC HÙNG THỊNH,878609999,,
,,,
CÔNG TY TNHH PLASTIC WEISHENG,,,
CÔNG TY TNHH THƯƠNG MẠI DỊCH VỤ AN THỊNH NHIÊN,357660441,,
,,,
CÔNG TY TNHH THƯƠNG MẠI DỊCH VỤ XUÂN LỘC DIGITECH,933222379,,
,,,
CÔNG TY TNHH VIET NAM SHS,566156276,,
,,,
CÔNG TY TNHH SUNCHIN VIỆT NAM,389766789,,
,,,
CÔNG TY TNHH THỜI TRANG TƯỜNG THỊNH,906781988,,
,,,
CÔNG TY TNHH TM XD TƯỜNG ANH,369677779,,
,,,
CÔNG TY TNHH THƯƠNG MẠI CÔNG NGHIỆP HUỲNH HOA,931089884,,
,,,
CÔNG TY TNHH ĐÀO TẠO KỸ THUẬT DẦU KHÍ VÀ THƯƠNG MẠI THÁI BÌNH DƯƠNG,985566836,,
,,,
CÔNG TY TNHH HY MINH PHÁT,963157048,,
,,,
CÔNG TY TNHH ĐẦU TƯ XD TMDV BDS NGP LAND,2516556677,,
,,,
CÔNG TY TNHH THỂ DỤC THỂ THAO LÊ HOÀNG,975878971,,
,,,
CÔNG TY TNHH THANH THUỶ PHÁT,947309595,,
,,,
CÔNG TY TNHH TM DỊCH VỤ XÂY DỰNG TẤN ĐỨC,777061239,,
,,,
CÔNG TY TNHH XÂY DỰNG VÀ PHÁT TRIỂN NHÀ BIÊN HÒA,937119202,,
,,,
CÔNG TY TNHH DUY TÍN THẮNG,967672880,,
,,,
CÔNG TY TNHH MTV XÂY LẮP ĐIỆN PHÚ TIẾN PHÁT,962146498,,
,,,
CÔNG TY TNHH THỜI TRANG NACAT VIỆT NAM,77909176,,
,,,
CÔNG TY TNHH MAI ĐĂNG PHÁT,834366982,,
,,,
CÔNG TY TNHH VN INTERNATIONAL TRADE NASDAQ,777106815,,
,,,
CÔNG TY TNHH THIÊN BẢO AUWIN,978140534,,
,,,
CÔNG TY TNHH TMDV DONA HÀ CHI,961595539,,
,,,
CÔNG TY TNHH THƯƠNG MẠI DỊCH VỤ THIÊN ANH KOI,919193131,,
,,,
CÔNG TY TNHH NỆM GHẾ HƯNG THỊNH,978716368,,
,,,
CÔNG TY TNHH NÔNG NGHIỆP ỨNG DỤNG CÔNG NGHỆ CAO MIỀN NAM,988196365,,
,,,
DOANH NGHIỆP TƯ NHÂN KIM HOÀNG GIA BẢO,937479178,,
,,,
CÔNG TY TNHH CHUYỂN PHÁT NHANH HỒNG ANH,914791139,,
,,,
CÔNG TY TNHH BAO BÌ HUAXING,906938534,,
,,,
CÔNG TY TNHH CÔNG NGHỆ SINH HỌC TUỆ SAN,333831388,,
,,,
CÔNG TY TRÁCH NHIỆM HỮU HẠN JAPFA COMFEED VIỆT NAM - CHI NHÁNH ĐỒNG NAI 1,,,
CÔNG TY TNHH GỖ PALLET ANH ĐẠI,332383257,,
,,,
CÔNG TY TNHH ONLINE MALL 1818,908503921,,
,,,
CÔNG TY CỔ PHẦN BAO BÌ TÂN MINH ĐỨC,989105065,,
,,,
CÔNG TY CỔ PHẦN LIÊN DOANH KỸ NGHỆ VIỆT NHẬT,946814668,,
,,,
CÔNG TY TNHH TMDV VŨ HIỀN PHÁT,896610425,,
,,,
CÔNG TY TNHH THƯƠNG MẠI DỊCH VỤ MÔI TRƯỜNG HOÀNG ANH,362345304,,
,,,
CÔNG TY TNHH THƯƠNG MẠI DỊCH VỤ CONSTRUCT TOÀN CẦU,901545045,,
,,,
CÔNG TY TNHH SẢN XUẤT THƯƠNG MẠI DỊCH VỤ DƯƠNG GIA D.V.M,869526067,,
,,,
CÔNG TY TNHH THƯƠNG MẠI DỊCH VỤ PHÁT TRIỂN LONG PHƯƠNG,366277456,,
,,,
CÔNG TY TNHH ĐẦU TƯ TM DV HOÀNG MỸ,906239724,,
,,,
CÔNG TY TNHH XÂY DỰNG THƯƠNG MẠI & DỊCH VỤ YẾN PHÁT,977397106,,
,,,
CÔNG TY TNHH HOME CAMPGROUND,962521286,,
,,,
CÔNG TY TNHH THƯƠNG MẠI DỊCH VỤ TÂN HUỲNH GIA,968237305,,
,,,
CÔNG TY TNHH XD LÊ GIA PHÁT,937417438,,
,,,
CÔNG TY TNHH TIÊN PHONG E.M.I,867565130,,
,,,
CÔNG TY TNHH THƯƠNG MẠI DỊCH VỤ QUẢNG CÁO LỢI MY,946880000,,
,,,
CÔNG TY TNHH RAGO AGENCY VIỆT NAM,77909176,,
,,,
CÔNG TY TNHH TM DỊCH VỤ MỘC THỦY,938415696,,
,,,
CÔNG TY TNHH THƯƠNG MẠI DỊCH VỤ VÀ XÂY DỰNG Ý THIÊN,835040204,,
,,,
CÔNG TY TNHH SÔNG ĐÀ 11 MIỀN NAM,2516609133,,
,,,
CÔNG TY TNHH SMART BD,964838581,,
,,,
CÔNG TY TNHH ĐẦU TƯ VÀ PHÁT TRIỂN TÂN HÒA,819110907,,
,,,
CÔNG TY TNHH XE MÁY -XE ĐIỆN PHƯƠNG NHI,985768379,,
,,,
CÔNG TY CỔ PHẦN ĐẦU TƯ - TM - DV HOÀNG NAM,933194517,,
,,,
CÔNG TY TNHH THƯƠNG MẠI DỊCH VỤ TƯỜNG NHUNG PHÁT,907884454,,
,,,
CÔNG TY TNHH KHANG SPORT,337395856,,
,,,
CÔNG TY TNHH MỘT THÀNH VIÊN KNTP,336886115,,
,,,
CÔNG TY TNHH MTV TM - DV PHẾ LIỆU KIM LOẠI MÀU VŨ MINH ĐÔNG,924906764,,
,,,
CÔNG TY TNHH VINA PULSE MEDIA,962878581,,
,,,
CÔNG TY TNHH KHÍ CÔNG NGHIỆP LONG ĐỨC,967731922,,
,,,
CÔNG TY TNHH TƯ VẤN THIẾT KẾ XÂY DỰNG THANH LỊCH,985366779,,
,,,
CÔNG TY TNHH THƯƠNG MẠI DỊCH VỤ XÂY LẮP ĐIỆN MINH PHÁT,979964714,,
,,,
CÔNG TY TNHH PHÚ THỊNH TELECOM,908041368,,
,,,
CÔNG TY TNHH HÀ LINH TRAVEL,8332001600,,
,,,
CÔNG TY TNHH DỊCH VỤ BẤT ĐỘNG SẢN AN TIẾN,838111858,,
,,,
CÔNG TY TNHH SẢN XUẤT VÀ XUẤT KHẨU LACOTE VIỆT NAM,934504095,,
,,,
CÔNG TY TNHH TM VÀ DỊCH VỤ 3M,393324364,,
,,,
HỢP TÁC XÃ THƯƠNG MẠI - DỊCH VỤ SUỐI NHO,817923979,,
,,,
CÔNG TY TNHH NÔNG NGHIỆP GIỐNG VẬT NUÔI NGỌC VÂN,971828878,,
,,,
CÔNG TY TNHH PHÒNG KHÁM ĐA KHOA SÀI GÒN TÂM PHÚC,945452294,,
,,,
CÔNG TY TNHH TRUYỀN THÔNG VÀ PHÁT TRIỂN DU LỊCH BỀN VỮNG VIỆT NAM TUYỆT VỜI,8.37E+12,,
,,,
CÔNG TY TNHH MTV SX THƯƠNG MẠI XUẤT NHẬP KHẨU ĐINH ĐỒNG KHANG AN,908127964,,
,,,
CÔNG TY TNHH DỊCH VỤ THƯƠNG MẠI HUỲNH TRINH,393904038,,
,,,
CÔNG TY TNHH ĐIỆN LẠNH HOÀNG TÂN PHÁT,937136979,,
,,,
CÔNG TY TNHH THƯƠNG MẠI SẢN XUẤT GỐM HK,9328963026,,
,,,
CÔNG TY TNHH MTV DU LỊCH NAM HẢI,344047239,,
,,,
CÔNG TY TNHH MTV LUÂN THU,902958966,,
,,,
CÔNG TY TNHH TUẤN THÀNH TIẾN PHÁT,983730339,,
,,,
CÔNG TY TNHH XÂY DỰNG VẬN TẢI THÀNH THÀNH CÔNG,2862643169,,
,,,
CÔNG TY TNHH CƠ KHÍ CHÍNH XÁC MINH HIẾU,903825416,,
,,,
CÔNG TY TNHH MAI HOÀNG REALTY,879888193,,
,,,
CÔNG TY TNHH TƯ VẤN FBTONE,94296330,,
,,,
CÔNG TY TNHH TƯ VẤN THƯƠNG MẠI DỊCH VỤ TRANG THỊNH,399007999,,
,,,
CÔNG TY TNHH DỊCH VỤ HỢP THÀNH PHÁT,989001639,,
,,,
CÔNG TY TNHH NGÂN LÊ NGỌC PHÁT,332625567,,
,,,
CÔNG TY TNHH VẬT LIỆU ĐIỆN NGUYỄN LỢI,899858920,,
,,,
CÔNG TY TNHH KIỂM ĐỊNH VÀ HUẤN LUYỆN AN TOÀN GIA ĐỊNH,982153772,,
,,,
CÔNG TY TNHH THỨC ĂN CHĂN NUÔI QUỐC TẾ AGIC,911218579,,
,,,
CÔNG TY TNHH DỊCH VỤ THƯƠNG MẠI NGUYỄN NHIỀU,396514095,,
,,,
CÔNG TY TNHH MTV THƯƠNG MẠI DỊCH VỤ XÂY DỰNG THÁI VŨ,979514527,,
,,,
CÔNG TY TNHH PHÒNG KHÁM SẢN PHỤ KHOA THÀNH Ý,779710888,,
,,,
CÔNG TY TNHH SẢN XUẤT VÀ THƯƠNG MẠI HẠNH LÂM ĐƯỜNG,372568689,,
,,,
CÔNG TY TNHH PHỤ TÙNG NAM TIẾN,347688233,,
,,,
CÔNG TY TNHH FIGHTER,934720896,,
,,,
CÔNG TY TNHH THƯƠNG MẠI DỊCH VỤ VÀ KỸ THUẬT PHUONG HA GIANG FAST,946944959,,
,,,
CÔNG TY TNHH VIỆN THẨM MỸ VICTORIA,967479878,,
,,,
CÔNG TY TNHH MTV DONAMIC,908536817,,
,,,
CÔNG TY TNHH MỘT THÀNH VIÊN HP SUN,942764314,,
,,,
CÔNG TY TNHH XUẤT NHẬP KHẨU NÔNG SẢN VÀ THỦY SẢN C-15,933562368,,
,,,
CÔNG TY TNHH CSKH ABCONE,94296330,,
,,,
CÔNG TY TNHH DỊCH VỤ VẬN TẢI VĨNH HƯNG THỊNH,839621368,,
,,,
CÔNG TY TNHH THƯƠNG MẠI DU LỊCH VẬN TẢI MINH TUẤN,918012732,,
,,,
CÔNG TY TNHH KHO LẠNH AJ ĐỒNG NAI,2513683484,,
,,,
CÔNG TY TNHH ĐẦU TƯ PHÁT TRIỂN THẢO LÊ,899786459,,
,,,
CÔNG TY TNHH BAO BÌ VÀ IN ẤN HẢI THU,978563970,,
,,,
CÔNG TY TNHH THƯƠNG MẠI DỊCH VỤ TRƯƠNG THÀNH PHỐ,899130835,,
,,,
CÔNG TY TNHH DỊCH VỤ THƯƠNG MẠI VŨ KHOA,916262770,,
,,,
CÔNG TY TNHH TƯ VẤN HỖ TRỢ PHÁT TRIỂN GIÁO DỤC HÒA NHẬP COLOR KIDS,7.73E+15,,
,,,
CÔNG TY TNHH HUỲNH MINH THÔNG,878072412,,
,,,
CÔNG TY TNHH XÂY DỰNG VÀ TM TRƯỜNG PHÚC,796655789,,
,,,
CÔNG TY TNHH MTV CƠ KHÍ XÂY DỰNG GIA HUY,971934567,,
,,,
CÔNG TY TNHH CAO SU HRG,813379559,,
,,,
CÔNG TY TNHH THIỆN DUNG VN,378353732,,
,,,
CÔNG TY TNHH THƯƠNG MẠI DỊCH VỤ MINH CÔNG PHÁT,898765521,,
