"name","phone"
"CÔNG TY TNHH MTV SẢN XUẤT-THƯƠNG MẠI DỊCH VỤ HÀO KHANG","0906769282"
"CÔNG TY TNHH SX TM PHÚ MINH LONG STEEL","0862906948"
"CÔNG TY TNHH LONG HIỆP PHÁT 68","0562465216"
"CÔNG TY TNHH THỰC PHẨM CHAY TÂM AN LẠC","0562039276"
"CÔNG TY TNHH CÔNG NGHIỆP PHOENIX VIỆT NAM","85226878520"
"CÔNG TY TNHH YẾN SÀO LONG THỊNH PHÁT","0928139679"
"CÔNG TY TNHH NT - NM THỊNH PHÁT","0918715313"
"CÔNG TY TNHH AN NINH THÀNH CÔNG L.A VINA","0367126078"
"CÔNG TY TNHH TM THÉP TRẦN MINH","0963972678"
"CÔNG TY TNHH 1 DOO 3 TRIMS VN","0085230697644"
"CÔNG TY TNHH HOÀNG HÀ PHÚC","0938744314"
"CÔNG TY TNHH TM DV TIẾN THỊNH LA","0937415368"
"CÔNG TY TNHH THƯƠNG MẠI DỊCH VỤ PHƯƠNG THIÊN LONG","0933100963"
"CÔNG TY TNHH SX & KD LÊ ANH VŨ","0563401488"
"CÔNG TY TNHH DỆT MAY TÂN ĐẠI PHÁT","0934009199"
"CÔNG TY TNHH MTV TRÁI CÂY VIỆT NAM PHÁT TRIỂN PHÚC THỊNH","0878597979"
"CÔNG TY TNHH GIÀY HỒNG VŨ LONG AN","0375135850"
"CÔNG TY TNHH HUỲNH LƯƠNG L,A","0937292770"
"CÔNG TY TNHH SX TM NHỰA LỢI PHƯỚC","0842778833"
"CÔNG TY TNHH TM DV VIỆT THẮNG FOOD","0355783279"
"CÔNG TY TNHH HONG LIU","0962886652"
"CÔNG TY TNHH GIA CÔNG THUẬN PHÁT LONG AN","0768695132"
"CÔNG TY TNHH THƯƠNG MẠI DỊCH VỤ TƯỜNG LAM","0908982915"
"CÔNG TY TNHH THƯƠNG MẠI DỊCH VỤ DU LỊCH MAYTOUR","0927919797"
"CÔNG TY TNHH BỆNH VIỆN SÀI GÒN NHẬT MINH","0975511568"
"CÔNG TY TNHH TM DV SẢN XUẤT CƠ KHÍ TIẾN THÀNH","0909040788"
"CÔNG TY TNHH TM DV Ô TÔ NHẬP KHẨU AN GIANG","0967479740"
"CÔNG TY TNHH XỬ LÝ NƯỚC VÀ MÔI TRƯỜNG KIM PHÁT","0399936845"
"CÔNG TY TNHH THỜI TRANG XMK - BD","0355448989"
"CÔNG TY TNHH MAY MẶC SONG KIM","0938744848"
"CÔNG TY CỔ PHẦN ĐÀO TẠO CUNG ỨNG NHÂN LỰC ASEM","0981877013"
"CÔNG TY TRÁCH NHIỆM HỮU HẠN THƯƠNG MẠI VÀ DỊCH VỤ TÂN MINH PHÁT","0908301134"
"CÔNG TY TNHH THƯƠNG MẠI VÀ DỊCH VỤ ĐỒ UỐNG VĂN HOÀI","0562056395"
"CÔNG TY TNHH MTV XÂY DỰNG LONG THỊNH PHÁT","0345146536"
"CÔNG TY TNHH TUYỀN NGHĨA","0915777879"
"HỢP TÁC XÃ DỊCH VỤ NÔNG NGHIỆP TUẤN PHÁT","0937941145"
"CÔNG TY TNHH XÂY DỰNG NỘI THẤT MỘC NHIÊN","0333186243"
"CÔNG TY TNHH HUỲNH TÚ LA","0792636663"
"CÔNG TY TNHH TM DV HOÀNG MINH THƯ","0934378338"
"CÔNG TY CỔ PHẦN THƯƠNG MẠI DỊCH VỤ GENEX","0799604311"
"CÔNG TY TNHH MTV KINH DOANH PHÂN BÓN VÀ THUỐC BẢO VỆ THỰC VẬT HUỲNH THÀNH","0944101010"
"CÔNG TY TNHH OU YA TEI VIỆT NAM","0909036182"
"CÔNG TY TNHH SONG MÃ L&A","0985244701"
"CÔNG TY TNHH BA QUỲNH","0946700246"
"CÔNG TY TNHH SẢN XUẤT THƯƠNG MẠI NỘI THẤT Á CHÂU","0909561899"
"CÔNG TY TNHH THƯƠNG MẠI VẬN TẢI PANDA","0914439414"
"CÔNG TY TNHH TM LIÊN PHƯỚC THỊNH","0908509668"
"CÔNG TY TNHH DỊCH VỤ THƯƠNG MẠI VẠN PHÁT LONG AN","0901253115"
"CÔNG TY TNHH MTV NHA KHOA THẨM MỸ THẾ THỊNH","0325132323"
"CÔNG TY TNHH THƯƠNG MẠI DỊCH VỤ S-CARE","0983488837"
"CÔNG TY TNHH KUROMI 33","0566522168"
"CÔNG TY TNHH HÙNG ĐẶNG","0913999162"
"CÔNG TY TNHH TMDV TIẾN HOÀNG L.A","0909994395"
"CÔNG TY TNHH CÔNG TY TNHH SX TM DV NHỰA XUÂN PHÚC","0941117438"
"CÔNG TY TNHH PHƯỢNG - TOÀN","0919603797"
"CÔNG TY TNHH THƯƠNG MẠI SẮT THÉP VIỆT ANH","0972787833"
"CÔNG TY CỔ PHẦN IMG LONG AN","0903651369"
"CÔNG TY TNHH DỊCH VỤ KẾ TOÁN THUẾ MAI GIA","0906624624"
"CÔNG TY TNHH TM NGUYỄN HƯNG","0937149769"
"CÔNG TY TNHH BỆNH VIỆN MẮT HÀ NỘI - LONG AN","0913784690"
"CÔNG TY TNHH MTV LƯỚI ĐÁNH CÁ NHẬT DUY","0374027878"
"CÔNG TY TNHH DF STEEL","0979779176"
"CÔNG TY TNHH LINH ĐANG LAND","0937680617"
"CÔNG TY TNHH VLXD TOÀN MAI","0877050155"
"CÔNG TY TNHH MTV TACN QUỐC VIỆT","0949592692"
"CÔNG TY TNHH HỘI ĐĨNH","0903693998"
"CÔNG TY TNHH MỘT THÀNH VIÊN NGUYỄN ANH KIỆT","0565737092"
"CÔNG TY TNHH MTV GIẤY ANH QUỐC","0888532315"
"CÔNG TY TNHH TM ĐÔNG VUI HOUSE","0774186668"
"CÔNG TY TNHH SX-TM MUỖNG NHỰA HÙNG PHÚC","0817823267"
"TRUNG TÂM NGOẠI NGỮ THẢO NGUYÊN","0937147717"
"TRUNG TÂM NGOẠI NGỮ MAI ĐÀO","0987408127"
"CÔNG TY TNHH TMDV AZ GROUP","0933988068"
"CÔNG TY TNHH MTV ỐNG NHỰA HÒA PHÁT","0985822918"
"CÔNG TY TNHH VY ANH LONG AN","0974923087"
"CÔNG TY TNHH AN KIÊN THÀNH NAM","0971044944"
"CÔNG TY TNHH NÔNG NGHIỆP EU","0783888652"
"CÔNG TY TNHH LAVI NATURE","0943090139"
"CÔNG TY TNHH TƯ VẤN THIẾT KẾ XÂY DỰNG HỒNG ĐỨC","0934002255"
"CÔNG TY TNHH NGOẠI NGỮ VITA","0901494200"
"CÔNG TY TNHH TÂN TUYẾT VÂN","0388995797"
"CÔNG TY TNHH PALLET GỖ HẬU NHIÊN","0933157110"
"CÔNG TY TNHH PHÚC THỊNH M.E","0909622638"
"CÔNG TY TNHH GEMA SOUTH EAST ASIA","0964063555"
"CÔNG TY TNHH MTV NGỌC KIM TÀI","0933418907"
"CÔNG TY TNHH THƯƠNG MẠI FULONG","0708235421"
"CÔNG TY TNHH TMDV OMEG RULER","0569962807"
"CÔNG TY TNHH SX TM DV KỸ THUẬT ĐIỆN CƠ QUỐC HÙNG","0905500600"
"CÔNG TY TNHH THƯƠNG MẠI DỊCH VỤ QUANG MINH XƯƠNG","0793676021"
"CÔNG TY TNHH DỊCH VỤ SẢN XUẤT THƯƠNG MẠI KHÔI NGỌC ANH","0333986280"
"CÔNG TY TNHH NHỰA AN BÌNH","0335792447"
"CÔNG TY TNHH CƯỜNG THỊNH HTN","0909470254"
"CÔNG TY TNHH NDK 18 GROUP","0909066044"
"CÔNG TY TNHH ĐỒ CHƠI FEIFAN","0915268817"
"CÔNG TY TNHH TÔN THÉP ĐẠI ĐẠT PHÁT","0356779994"
"CÔNG TY TNHH VẬT LIỆU MỚI VIỆT THÁI","0704746496"
"CÔNG TY TNHH TRÍ PHÁT LA","093400901"
"CÔNG TY TNHH DỊCH VỤ HỒNG BẢO KHANG","0966661257"
"CÔNG TY TNHH MỘT THÀNH VIÊN KẸO LƯU LUYẾN","0978447034"
"CÔNG TY TNHH THUẬN PHƯƠNG WATER","0933560027"
"CÔNG TY TNHH THƯƠNG MẠI NHÔM CẨM TIÊN","0938682547"
"CÔNG TY TNHH KONLEX ELECTRIC","8613539027089"
"CÔNG TY TNHH TÔN SẮT THÉP NAM PHÁT","0977836311"
"CÔNG TY TNHH TM-DV CƠ ĐIỆN TÂM THUẬN PHÁT","0903493981"
"CÔNG TY TNHH HL PLASTIC","0971475553"
"CÔNG TY TNHH ĐẦU TƯ THƯƠNG MẠI DỊCH VỤ SỬA CHỮA TỔNG HỢP HMTK","0907182220"
"CÔNG TY TRÁCH NHIỆM HỮU HẠN XIN JI XIANG","0982897890"
"CÔNG TY TNHH NÔNG SẢN QUÂN LONG","0918658791"
"CÔNG TY TNHH THƯƠNG MẠI DỊCH VỤ HUỆ LÊ","0934987556"
"CÔNG TY TNHH PHÂN PHỐI TÚ NGUYÊN","0339639977"
"CÔNG TY TNHH TM DV NGUYỄN THỊ NGỌC HÀ","0798964369"
"CÔNG TY TNHH DỆT PHÚC NGUYÊN","0943140066"
"CÔNG TY TNHH SẢN XUẤT THƯƠNG MẠI DỊCH VỤ EBAY FOOD","0933516351"
"CÔNG TY TNHH HỒNG TIẾN - KIẾN TƯỜNG 1","0858544221"
"CÔNG TY TNHH MTV TUỆ AN LONG AN","0982008799"
"CÔNG TY TNHH KHOA HỌC CÔNG NGHỆ VẬT LIỆU MỚI HỒNG ĐẠT","0819111191"
"CÔNG TY TNHH THƯƠNG MẠI DỊCH HẠ ÂN","0961707050"
"CÔNG TY TNHH TƯ VẤN THIẾT KẾ XÂY DỰNG HUY PHÚC - LA","0906000210"
"CÔNG TY TNHH MTV BẢO UYÊN 68","0979129210"
"CÔNG TY TNHH BẢO GIA NGỌC","0938603868"
"CÔNG TY TNHH TMDV HALIKEY","089926780"
"CÔNG TY TNHH ĐẠI LÝ THUẾ SONG HOÀNG","0902549778"
"CÔNG TY TNHH PHÂN BÓN BVTV TRƯỜNG TIẾN 2","0854054039"
"CÔNG TY TRÁCH NHIỆM HỮU HẠN PING SHENG","0943451000"
"CÔNG TY TNHH MTV BẢO HỒNG","0962459987"
"CÔNG TY TNHH MTV GAS PHÁT LỘC","0948294409"
"CÔNG TY TNHH ĐO TRIỀU TÂN HƯNG","0846669399"
"CÔNG TY TNHH SWEETNEST VN","0368265398"
"CÔNG TY TNHH MTV XINSHENG","0858768368"
"CÔNG TY TNHH THƯƠNG MẠI - DỊCH VỤ PHÒNG CHÁY CHỮA CHÁY VIỆT PHƯƠNG","0981732360"
"CÔNG TY TNHH MTV TM DỊCH VỤ NGỌC MỸ","0909554435"
"TRUNG TÂM NGOẠI NGỮ TRÚC PHƯƠNG","0968737884"
"CÔNG TY TNHH DỆT CÁT LA","09713363239"
"CÔNG TY TNHH XÂY DỰNG - THƯƠNG MẠI VLXD PHƯƠNG HÂN","0947737154"
"CÔNG TY TNHH THƯƠNG MẠI DỊCH VỤ XE NÂNG PT","0931449086"
"CÔNG TY CP IN TÂY NINH","0789188083"
"CÔNG TY TNHH MTV MINH MINH KHANG","0772496306"
"CÔNG TY TNHH XUẤT NHẬP KHẨU ĐẦU TƯ - XÂY DỰNG - THƯƠNG MẠI DỊCH VỤ PHÁT TRIỂN NAM DƯỢC","0973581379"
"CÔNG TY TNHH MTV HOÀNG PHÁT LONG AN","0908407687"
"CÔNG TY TNHH PHONG VŨ TV","0849923979"
"CÔNG TY TNHH QUỐC TẾ ART SKILLFUL (VIỆT NAM)","0938161820"
"CÔNG TY TNHH THƯƠNG MẠI DỊCH VỤ LUÂN THẢO MART","0383572809"
"CÔNG TY TNHH TM-DV QUANG SANG","0372570677"
"CÔNG TY TNHH ĐIỆN MÁY ĐĂNG KHOA","0913989762"
"CÔNG TY TNHH MINH KHÔI PLASTIC","0393242902"
"CÔNG TY TNHH BẢO VỆ MÔI TRƯỜNG SEMB VIETNAM","0563396336"
"CÔNG TY CỔ PHẦN LÚA GẠO THUẬN TIẾN LONG AN","84919295976"
"CÔNG TY TNHH MTV DIỄM PHÚC","0932047753"
"CÔNG TY TNHH VŨ QUỐC TRUNG","0869856979"
"CÔNG TY TNHH ĐẦU TƯ THƯƠNG MẠI DỊCH VỤ CAO LUÂN VŨ","0776970750"
"CÔNG TY TNHH THƯƠNG MẠI - DỊCH VỤ HOÀNG NHẬT TRIỀU","0911388499"
"CÔNG TY TNHH THƯƠNG MẠI XUẤT NHẬP KHẨU HẢI VÂN","0903841788"
"CÔNG TY TNHH TNHH LÂM HIỆP HƯNG HT","0902651979"
"CÔNG TY TNHH THƯƠNG MẠI BISFOOD","0766822996"
"CÔNG TY TNHH MTV THANH NGÂN","0394474766"
"CÔNG TY TNHH SẢN XUẤT THƯƠNG MẠI - DỊCH VỤ MINH TỶ","0908992999"
"CÔNG TY TNHH THƯƠNG MẠI AN GIA PHÚ LONG AN","0933848944"
"CÔNG TY TNHH MTV PHẠM VĂN HOÀNG","0909292974"
"CÔNG TY TNHH KỸ THUẬT CƠ ĐIỆN GIA PHONG","0981713998"
"CÔNG TY TNHH NHÀ Ở XÃ HỘI AN CƯ","0988889495"
"CÔNG TY TNHH THƯƠNG MẠI DỊCH VỤ SẢN XUẤT TACO","0855556781"
"CÔNG TY TNHH CHỢ MỚI LA","0939262846"
"CÔNG TY TNHH SẢN XUẤT GIÀY DÉP SONG AN","0931228606"
"CÔNG TY TNHH SẢN XUẤT CHẾ BIẾN THƯƠNG MẠI XUẤT NHẬP KHẨU VĂN DƯƠNG","0815633379"
"CÔNG TY TNHH CHĂN NUÔI CHÍN CƯNG","0967448448"
"CÔNG TY TNHH SẢN XUẤT VÀ THƯƠNG MẠI NHỰA PLASTIC THÀNH TIẾN","0918748345"
"CÔNG TY TRÁCH NHIỆM HỮU HẠN MỘT THÀNH VIÊN THƯƠNG MẠI PHI NAM","0363635103"
"CÔNG TY TNHH DỊCH VỤ - THƯƠNG MẠI - XÂY DỰNG MINH HƯƠNG","0947378489"
"CÔNG TY TNHH MỘT THÀNH VIÊN ANH PHI","0982293297"
"HỢP TÁC XÃ DỊCH VỤ NÔNG NGHIỆP THANH NHƯ","0332080823"
"CÔNG TY TNHH THƯƠNG MẠI TƯ VẤN XÂY DỰNG KH-CONSTRUCTION","0982829446"
"CÔNG TY TNHH THƯƠNG MẠI DỊCH VỤ KHẮC DẤU MINH ANH","0907685839"
"CÔNG TY TNHH THỨC ĂN GIA SÚC VÀ THỦY SẢN MAI NHƯ NGỌC","0909486186"
"CÔNG TY TNHH SX TM THIÊN NGỌC","0915758055"
"CÔNG TY CỔ PHẦN NHÔM KÍNH HÙNG VƯƠNG","0985643550"
"CÔNG TY TNHH TM-DV CƠ KHÍ CHÍNH XÁC HƯNG LONG","0938516338"
"CÔNG TY TNHH BÁCH HÓA TỔNG HỢP KIM KHÁNH","0916660006"
"CÔNG TY TNHH SẢN XUẤT THƯƠNG MẠI H.T","0916835790"
"CÔNG TY TNHH VẬT TƯ NÔNG NGHIỆP NĂM CHÂU","0917874097"
"CÔNG TY TNHH DỊCH VỤ KỸ THUẬT ĐẦU TƯ NAM PHONG","0983459533"
"CÔNG TY TNHH SẢN XUẤT THƯƠNG MẠI XUẤT NHẬP KHẨU CHAO LONG AN - TÂN LONG AN","0976129977"
"CÔNG TY TNHH CÔNG NGHỆ TIN HỌC TQ","0936905906"
"CÔNG TY TNHH BẢO HÂN TÂN AN","0901531296"
"CÔNG TY TNHH TRỰC THƠM","0933350850"
"CÔNG TY TNHH DỆT KIM MINH TÂN","0903919188"
"CÔNG TY TNHH VTNN ĐÔNG ĐÔNG","0908111009"
"CÔNG TY TNHH THƯƠNG MẠI VẬT LIỆU XÂY DỰNG VIỆT THẮNG","0973224445"
"CÔNG TY TNHH XÂY DỰNG DỊCH VỤ VỆ SINH NHÀ Ở HOÀNG TÂM","08123450820975206"
"CÔNG TY CỔ PHẦN TM DV DYV","0964091347"
"CÔNG TY TNHH THỰC PHẨM HNC","0332649979"
"CÔNG TY TNHH THƯƠNG MẠI ĐIỆN TỬ HƯNG PHÁT","0362005952"
"CÔNG TY TNHH KINH DOANH PHÁT TRIỂN DỊCH VỤ VẬN TẢI ĐẠI DƯƠNG","0778805715"
"CÔNG TY TNHH MTV THREE LEAF","0941333269"
"CÔNG TY TNHH KINH DOANH DỊCH VỤ THƯƠNG MẠI HOÀNG LAN","0777626706"
"CÔNG TY TNHH PHÁT TRIỂN TỔ CHỨC SỰ KIỆN VÀ QUẢNG CÁO TẤN THÀNH","0776766759"
"CÔNG TY TNHH TMDV ĐẦU TƯ VÀ PHÁT TRIỂN PHAN TUYẾT","0778024045"
"CÔNG TY TNHH CHANG MAO VIỆT NAM","842723891652"
"CÔNG TY TNHH MTV TÂN THÀNH GỖ","0913906633"
"CÔNG TY TNHH DỊCH VỤ THƯƠNG MẠI HUY HƯNG PHÁT","0822225377"
"CÔNG TY TRÁCH NHIỆM HỮU HẠN SẢN XUẤT - THƯƠNG MẠI THẾ KỶ","0909959554"
"CÔNG TY TNHH BAN MÊ COFFEE ROASTERRY","0931826568"
"CÔNG TY TNHH LT TMC","0338304016"
"CÔNG TY TNHH THƯƠNG MẠI DỊCH VỤ TỔNG HỢP VÀ XÂY DỰNG HD","0934267303"
"CÔNG TY TNHH CHẾ BIẾN NÔNG SẢN XUẤT NHẬP KHẨU NHẬT MINH","0933878386"
"CÔNG TY TNHH THƯƠNG MẠI DỊCH VỤ XÂY DỰNG KHANG PHÚC MINH","0776951574"
"CÔNG TY TNHH SX TM CƠ KHÍ THÀNH CÔNG VIỆT NAM","0937711880"
"CÔNG TY TNHH KIM HỒNG THƠ","0931292126"
"CÔNG TY CỔ PHẦN PHÂN PHỐI MỸ PHẨM YẾN NHI","0932132751"
"CÔNG TY CỔ PHẦN PHÁT KIM THÀNH BẾN LỨC","0903842888"
"CÔNG TY TNHH SX TM DV XNK WIN HOUSE","0783758588"
"CÔNG TY TNHH PHÁT TRIỂN DỊCH VỤ THƯƠNG MẠI NAM SG","0776712144"
"CÔNG TY TNHH ĐẦU TƯ HẠ TẦNG XÂY DỰNG VẠN THÀNH PHÁT","0778543573"
"CÔNG TY TNHH THƯƠNG MẠI DỊCH VỤ GẠO KIM NGÂN","0986967551"
"CÔNG TY TNHH HOÀNG UYÊN FOODS","0912237439"
"CÔNG TY TRÁCH NHIỆM HỮU HẠN KUN LING (VIỆT NAM)","0366117890"
"CÔNG TY TNHH TMDV MELIAN TOUR","0368426513"
"CÔNG TY TNHH ĐẦU TƯ DỊCH VỤ SẢN XUẤT MAY MẶC THUẬN THUẬN THÀNH","0776315971"
"CÔNG TY TNHH HƯƠNG GẠO","0908473459"
"CÔNG TY TNHH VẬN TẢI VÀ DỊCH VỤ NGÂN PHÁT","0385123668"
"CÔNG TY TNHH DỊCH VỤ VẬN TẢI HÀNG HÓA XUYÊN VIỆT LA","0778543569"
"CÔNG TY TNHH ÁNH DƯƠNG AGRI","0869275241"
"CÔNG TY TNHH PHÂN BÓN THUỐC TRỪ SÂU SÁU LINH","0987304067"
"CÔNG TY CP IN LONG AN - TÂY NINH","0981652005"
"CÔNG TY TNHH DỊCH VỤ VẬN TẢI VÀ NHÂN LỰC GIAO THÔNG 19","0877232185"
"CÔNG TY CỔ PHẦN BAO BÌ NHỰA VIỆT Ý","0915478685"
"CÔNG TY TNHH CELESTIAL TEXTILE INDUSTRY VIET NAM","85228653004"
"CÔNG TY TNHH IPHONE HÙNG VƯƠNG","0828829838"
"CÔNG TY TNHH ĐỒNG HÀNH CNC","0888866486"
"CÔNG TY TNHH ECOCARE VIETNAM","0792040254"
"CÔNG TY TNHH ĐẦU TƯ THIẾT KẾ DỊCH VỤ XÂY DỰNG PHƯỚC LỘC","0776712111"
"CÔNG TY TNHH NÔNG NGHIỆP DỊCH VỤ TÀI LỘC PHÁT 368","0332986386"
"CÔNG TY TNHH KHÍ CÔNG NGHIỆP MESSER VIỆT NAM Ẵ CHI NHÁNH LONG AN","0903004642"
"CÔNG TY TNHH NGỌC LAN LA","0768682379"
"CÔNG TY TNHH CHẤT LIỆU MỚI LIÊN HẰNG","0986981493"
"CÔNG TY TNHH TECHART DH","0926999799"
"CÔNG TY TNHH THƯƠNG MẠI LONG HÒA","0777593050"
"CÔNG TY TNHH MTV AN PHÚC LONG AN","0933552877"
"CÔNG TY TNHH SẢN XUẤT THƯƠNG MẠI VÀ DỊCH VỤ HIMA","0777492990"
"CÔNG TY TNHH THƯƠNG MẠI DỊCH VỤ TRÚC MAI L.A","0918293703"
"CÔNG TY TNHH CÔNG NGHỆ VẬT LIỆU MỚI SHUANG XIANG VIỆT NAM","0822216755"
"CÔNG TY TNHH GIA CÔNG SẢN XUẤT DỊCH VỤ THƯƠNG MẠI CHÂU ĐỨC","0776577437"
"CÔNG TY TNHH SAINTWAH INC CO,LTD","0906377657"
"CÔNG TY TNHH ĐẦU TƯ THƯƠNG MẠI MOCA VN","0934600414"
"CÔNG TY TNHH SX MAGIC SKIN","0707594409"
"CÔNG TY TNHH THƯƠNG MẠI DỊCH VỤ NỘI THẤT KIM PHONG","0838360609"
"CÔNG TY TNHH XÂY DỰNG DỊCH VỤ MINH QUYỀN TH","0918128707"
"CÔNG TY CỔ PHẦN HÓA DẦU ENZO","0916794628"
"CÔNG TY TNHH SP DOCTOR MAGIC","0762518617"
"CÔNG TY TNHH THỊNH PHÁT HR","0708329286"
"CÔNG TY TNHH THƯƠNG MẠI HOÁ CHẤT THẮNG HUY","0906942327"
"CÔNG TY TNHH XUÂN ANH ĐỨC LẬP","0399729266"
"CÔNG TY TNHH TM DV KHÁNH ĐỨC","0389141288"
"CÔNG TY TNHH SX-TM-DV NAM THỊNH VƯỢNG","0909179977"
"CÔNG TY TNHH DỊCH VỤ CẦM ĐỒ HOA THỊNH","0364595832"
"CÔNG TY CỔ PHẦN TÂN NAM KHÁNH BẾN LỨC","0903842888"
"CÔNG TY TNHH THÊU KIM TÍN","0939420840"
"CÔNG TY TNHH INNER MONGOLIA YONGHE FLUOROCHEMICAL","0843504828"
"CÔNG TY TNHH OPPORTUNITY CAPITAL","0387468441"
"CÔNG TY TNHH COMICASA","0849000084"
"CÔNG TY TNHH DVTC HDSS VIETNAM","0376644589"
"CÔNG TY TNHH MỘT THÀNH VIÊN NĂM ĐỌT","09469433400909670"
"CÔNG TY TNHH TMDV THIẾT BỊ PHỤ TÙNG CƠ KHÍ VÀ XÂY DỰNG KIM ĐÀO PHÁT","0898466792"
"CÔNG TY TNHH TMDV ĐẦU TƯ PHÁT TRIỂN VẬN TẢI TRẦN AN","0776004295"
"CÔNG TY TNHH PHẾ LIỆU ANH KHOA","0366901569"
"CÔNG TY CP HD MASTER BUILD","0912011054"
"CÔNG TY TNHH AN THUẬN TIẾN PHÁT","090445120186"
"CÔNG TY TNHH NHẬP KHẨU Ô TÔ ĐỨC LONG","0906569990"
"CÔNG TY TNHH GIÀY DA HONG CHENG","0333937846"
"CÔNG TY TNHH SẢN XUẤT THƯƠNG MẠI DỊCH VỤ ĐIỆN LẠNH MT","0368026832"
"CÔNG TY TNHH THƯƠNG MẠI PHÂN PHỐI NGÂN THẢO","0961077578"
"CÔNG TY TNHH THƯƠNG MẠI DỊCH VỤ AN PHÁT AP","0899960410"
"CÔNG TY TNHH M-T COMPANION","0908452218"
"CÔNG TY TNHH TRẦN HUỲNH LONG AN","0394222229"
"CÔNG TY TNHH SOOJIN BBQ","0343252831"
"CÔNG TY TNHH DỊCH VỤ VÀ THƯƠNG MẠI TRUNG KHANG","0986232210"
"CÔNG TY TNHH DỆT MAY GIA DỤNG BẦU TRỜI XANH MỚI","8613967151011"
"CÔNG TY TNHH TM & DV THƯƠNG KIỀU","0987757778"
"CÔNG TY TNHH TMDV ĐẦU TƯ VÀ PHÁT TRIỂN KD TRẦN THẢO","0776110896"
"CÔNG TY TNHH ĐẦU TƯ SẢN XUẤT NÔNG NGHIỆP THÔNG MINH","0938284545"
"CÔNG TY CỔ PHẦN XUẤT NHẬP KHẨU VIỆT HƯNG THỊNH","0916847168"
"CÔNG TY TNHH MTV THƯƠNG MẠI DỊCH VỤ TRỌNG NGHĨA","0909480203"
"CÔNG TY TNHH SẢN XUẤT THƯƠNG MẠI DỊCH VỤ XUÂN MINH","0355353260"
"CÔNG TY TNHH KTM LONG AN","0905672737"
"CÔNG TY TNHH SX & KD BÁNH TRÁNG GIA THỊNH","0919455393"
"CÔNG TY TNHH XÂY DỰNG - NỘI THẤT NHÀ NHIỆT ĐỚI","0907959588"
"CÔNG TY TNHH CƠ KHÍ TÂN KIM HOÀN","0909585225"
"CÔNG TY CP TRUYỀN THÔNG PHẠM GIA MEDIA","0853202202"
"CÔNG TY TNHH THƯƠNG MẠI DỊCH VỤ AN LĨNH PHÁT","0909289595"
"CÔNG TY TNHH CÔNG NGHỆ NHỰA TƯỜNG THỊNH","0909032169"
"CÔNG TY TNHH TMDV ĐẦU TƯ KINH DOANH VẬN TẢI VÀ XÂY DỰNG THỊNH PHÁT","0899021327"
"CÔNG TY TNHH ĐIỆN TỬ DEXIAN VIỆT NAM","0966658352"
"CÔNG TY TNHH TMDV ĐẦU TƯ XÂY DỰNG NGUYỄN THÀNH","0898874626"
"CÔNG TY TNHH NHIỆT CƠ KHÍ ĐÀO PHƯƠNG BOILER","0922217848"
"CÔNG TY TNHH NÔNG TRẠI XANH BOTANICFARM","0906513184"
"CÔNG TY TNHH TMDV LÊ HOÀN 80","0778994064"
"CÔNG TY TNHH LÚA GẠO NGỌC SONG LONG","0918430502"
"CÔNG TY TNHH SẢN XUẤT THƯƠNG MẠI BÁCH HÓA LAVIS","0945370088"
"CÔNG TY TNHH COCO VIỆT","0938561033"
"CÔNG TY TNHH SẢN XUẤT THƯƠNG MẠI DỊCH VỤ NƯỚC ĐÁ THÀNH ĐẠT","0782871039"
"CÔNG TY TNHH DELIN VIETNAM","0365927788"
"CÔNG TY TNHH THƯƠNG MẠI XE ĐIỆN ĐẠI MY","0869698772"
"CÔNG TY TNHH ĐƯỜNG ỐNG CÔNG NGUYÊN VIỆT NAM","0373260188"
"CÔNG TY TNHH THƯƠNG MẠI NÔNG NGHIỆP HOÀNG KIM PHÁT","0969478908"
"CÔNG TY TNHH KD - TM THÀNH DANH III","0772133413"
"CÔNG TY TNHH MTV QUYỀN HUY","0938489796"
"CÔNG TY TNHH MTV THANH TÚ SLC","0972568085"
"CÔNG TY TNHH MỘT THÀNH VIÊN VẬT TƯ NÔNG NGHIỆP NÔNG PHÁT","0937955490"
"CÔNG TY TNHH TƯ VẤN XÂY DỰNG THƯƠNG MẠI PHÁT TRIỂN BÌNH AN","0797520971"
"CÔNG TY TNHH HUY PHƯỚC PHẠM GIA","0909725948"
"CÔNG TY TNHH CK TECH VINA","0768005334"
"CÔNG TY TNHH TM DV VẬN TẢI XÂY DỰNG NGỌC THU","0586276994"
"CÔNG TY TNHH VTNN TIẾN NÔNG","0937538567"
"CÔNG TY TNHH TÔN SẮT THÉP HỒNG XUÂN","0938619693"
"CÔNG TY TNHH THIẾT BỊ VỆ SINH CHÁNH MỸ VIỆT NAM","0798017697"
"CÔNG TY TNHH TMDV KINH DOANH XÂY DỰNG VÀ THI CÔNG TRƯƠNG BẢO","0899075561"
"CÔNG TY TNHH LABEE","0784074089"
"CÔNG TY TNHH TMDV VẬT LIỆU XÂY DỰNG VÀ THI CÔNG CÔNG TRÌNH THIÊN ÂN","089925760"
"CÔNG TY TNHH BẰNG TRIỂN","0355498138"
"CÔNG TY TNHH ĐO TRIỀU TÂN HƯNG","0846669399"
"CÔNG TY TNHH TMDV PHÁT TRIỂN ĐẦU TƯ TOÀN CẦU NGUYỄN LAN","0778805517"
"CÔNG TY TNHH THƯƠNG MẠI DỊCH VỤ PHÁT TRIỂN QUẢNG CÁO THÀNH LỘC","0778512217"
"CÔNG TY TNHH ĐẦU TƯ THIẾT BỊ PHỤ TÙNG CƠ KHÍ VÀ XÂY DỰNG TẤN TÀI","0898289026"
"CÔNG TY TNHH MEDIPED","0909091892"
"CÔNG TY TNHH SOLARISE VIỆT NAM","0366429061"
"CÔNG TY TNHH MTV PHAN THÀNH CÔNG","0933603935"
"CÔNG TY TNHH TMDV, SX&XNK BÌNH MINH LONG AN","0844329939"
"CÔNG TY TNHH TMDV ĐẦU TƯ KINH DOANH VẬN TẢI VÀ XÂY DỰNG THÁI NHÂN","0776462741"
"CÔNG TY TNHH TÂN THÀNH EXPRESS","0911679567"
"CÔNG TY TNHH TMDV ĐẦU TƯ VẬT LIỆU XÂY DỰNG TRUNG HẬU","0898227528"
"CÔNG TY TNHH PHÁT TRIỂN TOÀN CẦU MAY MẶC CAO LOAN","0899323022"
"CÔNG TY TNHH TK TRUNG KIÊN","0985672563"
"CÔNG TY TNHH XÂY DỰNG VÀ ĐẦU TƯ MINH ĐĂNG","0975051286"
"CÔNG TY TNHH TMDV KINH DOANH VẬT LIỆU XÂY DỰNG PHÚC NGUYỄN","0896112385"
"CÔNG TY TNHH VÔI THÀNH ĐÔ LONG AN","0911011628"
"CÔNG TY TNHH LONG HẢI PROTECT24H","0937728246"
"CÔNG TY TNHH TTQA ANH TRẦN","0374846601"
"CÔNG TY TNHH HÙNG ANH PHÁT INDUSTRY","0389700987"
"CÔNG TY TNHH TM DV MON","0974553805"
"CÔNG TY TNHH TMDV ĐẦU TƯ VÀ PHÁT TRIỂN NGUYÊN PHỤ LIỆU VÀ MAY MẶC ĐẶNG THÀNH","0778610974"
"CÔNG TY TNHH SUNYARD INDUSTRIAL","865227020"
"CÔNG TY TNHH THƯƠNG MẠI GLOBAL TRADE VIỆT","0815847823"
"CÔNG TY TNHH ĐIỆN LẠNH HOÀNG DŨNG - HD","0784425981"
"CÔNG TY TNHH TM DV CP BAO BÌ ĐẠI PHÁT LỘC","0913137172"
"CÔNG TY TNHH THIÊN PHÁT GROUP LONG AN","0966456416"
"CÔNG TY TNHH TMDV ĐẦU TƯ PHÁT TRIỂN VẬN TẢI HÙNG PHÁT MINH","0898018609"
"CÔNG TY TNHH HOU SHAN VIỆT NAM","0901354168"
"CÔNG TY TNHH TMDV ĐẦU TƯ THIẾT BỊ PHỤ TÙNG CƠ KHÍ VÀ XÂY DỰNG HOÀNG TIẾN","0776854874"
"CÔNG TY TNHH THƯƠNG MẠI DỊCH VỤ PHÁT TRIỂN MAY MẶC NGUYỄN HỒNG","0899287057"
"CÔNG TY TNHH KỸ THUẬT CÔNG NGHỆ HẢI NAM","0333256230"
"CÔNG TY TNHH VƯƠNG TRẦN VŨ","0898537898"
"CÔNG TY TNHH CƠ KHÍ HƯNG THÁI ANH","0982443506"
"CÔNG TY TNHH KIẾN THIẾT ĐÔ THỊ ĐỨC HÒA","0919600900"
"CÔNG TY TNHH TMDV PT ĐT KINH DOANH MAY MẶC ĐÀI TRANG","0776436204"
"CÔNG TY TNHH TMDV ĐT KD PHÁT TRIỂN MUA BÁN THIẾT BỊ PHỤ TÙNG CƠ KHÍ VÀ XÂY DỰNG HỒ VĂN","0899556861"
"CÔNG TY TNHH BẢO KHANG NT","0833338513"
"CÔNG TY TNHH TM HOÀNG TUẤN","0908864572"
"CÔNG TY TNHH SẢN XUẤT HOÀNG GIA FURNITURE","0917303047"
"TRUNG TÂM NGOẠI NGỮ Á CHÂU","0937834623"
"CÔNG TY TNHH MỘT THÀNH VIÊN ROBO JAPAN CREATE","0913232273"
"CÔNG TY TNHH ĐỨC MINH KHÔI LONG AN","0911681556"
"CÔNG TY TNHH THƯƠNG MẠI KỸ THUẬT M&E 195","0918347078"
"CÔNG TY TNHH TMDV TRƯƠNG HƯƠNG CB","0912551668"
"CÔNG TY TNHH TMDV DUY","0909711772"
"CÔNG TY TNHH HÀNG TIÊU DÙNG ASHAN","0373738494"
"CÔNG TY TNHH SX TM DV VIỆT LONG ĐỨC","0931235324"
"CÔNG TY TNHH TMDV ĐẶNG VẦN CHÌU","0913989701"
"CÔNG TY TNHH AURORAVERSE VIỆT NAM","85296545608"
"CÔNG TY TNHH HOÀNG LONG ELECTRIC","0945670100"
"CÔNG TY TNHH OPPORTUNITY PARTNERS","0368215676"
"CÔNG TY TNHH KIM TIỀN 2","0916987598"
"CÔNG TY TNHH TÂN ĐỨC LONG VIỆT NAM","0985003558"
"CÔNG TY TNHH TẤN PHÁT ĐỨC HÒA","0901466434"
"CÔNG TY TNHH THƯƠNG MẠI DỊCH VỤ NGUYỄN THƯ","0908678081"
"CÔNG TY TNHH QUẢNG CÁO XÂY DỰNG LINH NGUYỄN LONG AN","0377227667"
"CÔNG TY TNHH TMDV SUKAVINA","0585375051"
"CÔNG TY TNHH TMDV RETAIL YODY","0585498379"
"CÔNG TY TNHH THƯƠNG MẠI CÔNG NGHỆ TOÀN VIỆT","0568591402"
"CÔNG TY TNHH THƯƠNG MẠI DỊCH VỤ LISBOA","0586189435"
"CÔNG TY TNHH ĐT XD HUY KHÁNH","0903133235"
"CÔNG TY TNHH MTV THƯƠNG MẠI CAO GIA","0915929251"
"CÔNG TY TNHH TM - DV KIẾN TRÚC XÂY DỰNG NHẬT PHƯƠNG","0585786475"
"CÔNG TY TNHH TMDV DƯƠNG SONG","0912558706"
"CÔNG TY TNHH GIÀY NGUYÊN PHONG","0933596773"
"CÔNG TY TNHH SẢN XUẤT VÀ THƯƠNG MẠI GIÀY DÉP HẢI ĐẰNG","0908013685"
"CÔNG TY TNHH VI ĐIỆN TỬ SHEN ZHEN HOPE","0788290589"
"CÔNG TY TNHH ĐĂNG QUANG TG","0982019039"
"CÔNG TY TNHH THƯƠNG MẠI VÀ DỊCH VỤ HUỲNH DUY","0773634628"
"CÔNG TY TNHH KNIT YD","0585561107"
"CÔNG TY TNHH THƯƠNG MẠI DỊCH VỤ BỈM TÃ KIM CHI","0923606246"
"CÔNG TY TNHH NỘI THẤT TRÚC MỘC","0933333374"
"CÔNG TY TNHH SẢN XUẤT THƯƠNG MẠI NHÀ HƠI THANH LONG","0977377849"
"CÔNG TY TNHH THƯƠNG MẠI XĂNG DẦU CHUNG MINH TRÍ","0938153153"
"CÔNG TY TNHH TM - DV VẬN TẢI XÂY DỰNG NGUYỄN PHƯỢNG","0583921962"
"CÔNG TY TNHH TMDV TRIỆU HỒNG DT","0913669970"
"CÔNG TY TNHH TMDV QUỐC BẢO ĐÀM","0906899428"
"CÔNG TY TNHH TMDV HOÀNG DŨNG CB","0938650680"
"CÔNG TY TNHH TRƯƠNG HỒNG ĐN","0964128554"
"CÔNG TY TNHH SAN LẤP TẤN CƯỜNG","0908487990"
"CÔNG TY TNHH JAMES FINLAY TEA MOMBASA","0971688921"
"CÔNG TY TNHH PHÁT TRIỂN DỊCH VỤ BTN","09720852641"
"CÔNG TY TNHH REDERIJFRISIUM B. V","0348963733"
"CÔNG TY TNHH MỘT THÀNH VIÊN SẢN XUẤT VÀ KINH VÀNG HỒNG II","0935727272"
"CÔNG TY CỔ PHẦN DỆT TẤT VỚ VIỆT NAM","0707347573"
"CÔNG TY TNHH SX TM GIA AN","0916049377"
"CÔNG TY TNHH VẬT LIỆU XÂY DỰNG MINH HỒNG","0964943979"
"CÔNG TY TNHH THƯƠNG MẠI - DỊCH VỤ TUẤN DƯƠNG","0906972703"
"CÔNG TY TNHH CPDT MAIILISA DT","0368216459"
"CÔNG TY TNHH MAY MẶC PHẠM TUYẾT NHI","0969237578"
"CÔNG TY TNHH BỐI CONCEPT","0707057838"
"CÔNG TY TNHH TMDV DAI VIET LUAT","0812266459"
"CÔNG TY TNHH TMDV YD DYNAMIC","0585895041"
"CÔNG TY TNHH PHÂN PHỐI THÀNH TÀI","0944903375"
"CÔNG TY TNHH ĐẦU TƯ THƯƠNG MẠI XUẤT NHẬP KHẨU QUANG LONG","0888770723"
"CÔNG TY TNHH XUẤT NHẬP KHẨU NHỰA MINH TÂN","0888752523"
"CÔNG TY LUẬT TNHH MỘT THÀNH VIÊN UNIVERSE","0932234566"
"TRUNG TÂM NGOẠI NGỮ CHÍ VỸ- TÂN AN","0393775068"
"CÔNG TY TNHH DỊCH VỤ CHO THUÊ VÀ BÁN XE NÂNG HANGLI","0978257530"
"CÔNG TY TNHH TM DV SẮT THÉP LỘC PHÁT PHÁT","0777079478"
"CÔNG TY TNHH TM DV BÁN BUÔN KD SẮT THÉP LÊ MAI","0779011706"
"CÔNG TY TNHH VINH XƯƠNG","0378755538"
"CÔNG TY TNHH SẢN XUẤT CHILL CAY","0901622886"
"CÔNG TY TNHH ANH KHANH BOAT","0937133871"
"CÔNG TY TRÁCH NHIỆM HỮU HẠN THƯƠNG MẠI DỊCH VỤ LP AN THỊNH","0935531199"
"CÔNG TY TNHH NTB VIETNAM.","0915515544"
"CÔNG TY TNHH BỀN GIÀU","0903013254"
"CÔNG TY TNHH TM DV PGD","0837320237"
"CÔNG TY TNHH CMAGIC DOCTOR MAILISA","0964202315"
"CÔNG TY TNHH KINH DOANH PHẾ LIỆU 369","0984181823"
"CÔNG TY TNHH LƯƠNG THỰC DIỆU THIỆN","0908559449"
"CÔNG TY TNHH ĐTPT THỊNH VƯỢNG AN","0586065634"
"CÔNG TY TNHH MÔI TRƯỜNG VISIONARY VANGUARDS","0394455202"
"CÔNG TY TNHH MỘT THÀNH VIÊN NGUYỄN CHIẾN L.A","0376031219"
"CÔNG TY TNHH CPDT TKTK SHOP VIETNAM","0985216452"
"CÔNG TY TNHH GIAI TRI VIET NAM","0911262945"
"CÔNG TY TNHH KỸ THUẬT CÔNG NGHỆ SUNSHINE","0977849889"
"CÔNG TY TNHH KHÁM BỆNH, CHỮA BỆNH VIỆN Y DƯỢC LÂM SÀNG","0969789789"
"CÔNG TY TNHH THƯƠNG MẠI DỊCH VỤ SKY TEA","0865321046"
"CÔNG TY TNHH MTV HÀO CƠ","0936150670"
"CÔNG TY TNHH TM SULINA","0827283626"
"CÔNG TY TNHH TMDV MAI ANH","0835386079"
"CÔNG TY TNHH TM DV ĐĂNG KHOA L.A","0904779059"
"CÔNG TY TNHH THƯƠNG MẠI DỊCH VỤ PHÁT TRIỂN VÀ KINH DOANH XUYÊN PHÁT","0776462741"
"CÔNG TY TNHH CÔNG NGHIỆP COLORMATE (VIỆT NAM)","13586437997"
"HỢP TÁC XÃ DỊCH VỤ NÔNG NGHIỆP CÁNH ĐỒNG VÀNG","0976280086"
"CÔNG TY TNHH TM DỊCH VỤ KT ATP","0922454868"
"CÔNG TY TNHH THƯƠNG MẠI VINAWEAR","0933217552"
"CÔNG TY TNHH HONGTU VIỆT NAM","0349851860"
"CÔNG TY TNHH LÊ KHOA PLASTIC","0906748303"
"CÔNG TY TNHH THƯƠNG MẠI DỊCH VỤ XÂY DỰNG PHÁT TRIỂN HVB","0967026525"
"CÔNG TY TNHH BỆNH VIỆN MEDIC 115","091115115"
"CÔNG TY TNHH TRANG TRÍ ĐÔNG THẮNG VIỆT NAM","0766330017"
"CÔNG TY TNHH THƯƠNG MẠI CẨM VIỆT (VIỆT NAM)","0848269859"
"CÔNG TY TNHH TMDV ANH LẬP","0971750739"
"CÔNG TY TNHH CÔNG NGHỆ ĐIỆN ĐỘNG VIHAI","0335567907"
"CÔNG TY TNHH TM DV CƠ ĐIỆN QUỐC BẢO","0399347098"
"CÔNG TY TNHH MTV LÝ XUÂN BÁ","0798820027"
"CÔNG TY TNHH ĐẠI THÔNG L.A","0913921113"
"CÔNG TY TNHH XUẤT NHẬP KHẨU PHƯƠNG NHUNG","0828129179"
"CÔNG TY TNHH TMDV HOÀNG MINH KIÊN","0335110268"
"CÔNG TY TNHH TMDV BRIDGE YD","0585733216"
"CÔNG TY TNHH DỊCH VỤ DT ONION GLOBAL","0916645841"
"CÔNG TY TNHH SX TM DV GIA AN PHÁT","0898122697"
"TRUNG TÂM NGOẠI NGỮ MINH KHUÊ","0914499491"
"CÔNG TY TNHH THUYỀN BÁT NHÃ","0962034177"
"CÔNG TY TNHH THƯƠNG MẠI DỊCH VỤ HEXA","0366772399"
"CÔNG TY TNHH MTV SX TM THUẬN TRÍ","0909744784"
"CÔNG TY TNHH TM - DV PHÚ HƯNG LONG AN","0386709798"
"CÔNG TY TNHH THƯƠNG MẠI DỊCH VỤ CÁT TIÊN LONG AN","0936163173"
"CÔNG TY TNHH TMDV TOÀN CẦU PHÁT TRIỂN IN ẤN VÀ QUẢNG CÁO VĂN CAO","0896406487"
"CÔNG TY TNHH DISTRIBUTION TIKI","0585933858"
"CÔNG TY TNHH BẢO MINH ÂN VIỆT NAM","0963423423"
"CÔNG TY TNHH TMDV VĂN TRÍ","0786542256"
"CÔNG TY TNHH GIA LONG TRICOT VIỆT NAM","0981241416"
"CÔNG TY TNHH TM THÀNH DANH","0931535639"
"CÔNG TY TNHH XÂY DỰNG VẬN CHUYỂN VÕ AN","0799462595"
"CÔNG TY TNHH MTV SẢN XUẤT THƯƠNG MẠI DỊCH VỤ HỒNG PHÁT","0908157817"
"CÔNG TY TNHH KIM NGÂN PHÁT","0908214489"
"CÔNG TY TNHH KINH DOANH PHÁT TRIỂN ĐẦU TƯ CƠ KHÍ KIM LOẠI PHÁT","0779633947"
"CÔNG TY TNHH THƯƠNG MẠI DỊCH VỤ HÀNG HÓA PHƯƠNG DUY","0948823009"
"CÔNG TY TNHH MTV THIẾT KẾ XÂY DỰNG TRƯƠNG NHÂN","0332388192"
"CÔNG TY TNHH TMDV ĐẦU TƯ KINH DOANH THIẾT BỊ PHỤ TÙNG CƠ KHÍ VÀ XÂY DỰNG NGUYỄN HÙNG","0899905772"
"CÔNG TY TNHH TMDV ĐẦU TƯ VÀ PHÁT TRIỀN THIẾT BỊ PHỤ TÙNG CƠ KHÍ XÂY DỰNG VÕ OANH","0778295413"
"CÔNG TY TNHH TMDV ĐẦU TƯ VÀ PHÁT TRIỀN THIẾT BỊ PHỤ TÙNG CƠ KHÍ VÀ XÂY DỰNG NGUYỄN TÍNH","0896124641"
"CÔNG TY TNHH TMDV ĐẦU TƯ PHÁT TRIỂN XÂY DỰNG VÀ VẬN TẢI PHƯỚC HOÀNG","0896440708"
"CÔNG TY TNHH SUẤT ĂN HOÀNG PHÚC","0911477450"
"CÔNG TY TNHH MTV TM DV NHÂN HIẾU NGHĨA","0976345353"
"CÔNG TY TNHH THƯƠNG MẠI VÀ DỊCH VỤ ĐAN THƯ","0962424247"
"CÔNG TY TNHH TMDV VŨ NGỌC","0979856413"
"CÔNG TY TNHH TMDV NAM DAI PHAT","0779357852"
"CÔNG TY CỔ PHẦN SOLIA GROUP","0947373976"
"CÔNG TY TNHH OTO LE VAN LONG","0899558991"
"CÔNG TY TNHH TMDV TOÀN CẦU PHÁT TRIỂN IN ẤN VÀ QUẢNG CÁO HIỂU NGUYỄN","0778432273"
"CÔNG TY TNHH TMDV ĐẦU TƯ VÀ PHÁT TRIỀN TOÀN CẦU CAO HÙNG","0898204220"
"CÔNG TY TNHH SẢN XUẤT TRƯƠNG PHÁT","0903828894"
"CÔNG TY TNHH XM GLOBAL TRADE","0326710530"
"CÔNG TY TNHH NỆM DORMI","0867069685"
"CÔNG TY TNHH THƯƠNG MẠI DỊCH VỤ DỆT MAY TÂM CẨM","0932114846"
"CÔNG TY TNHH MTV TRẦN THANH TOÀN","0985951353"
"CÔNG TY TNHH NÔNG SẢN NGUYỄN HIẾU","08139757970848614"
"CÔNG TY TNHH XÂY LẮP ĐIỆN HOA THẮM THANH","0945058823"
"CÔNG TY TNHH VIỆT NAM L'OREAL","0909132160"
"CÔNG TY TNHH DV ĐẦU TƯ PHÁT TRIỂN KIM LOẠI MINH MINH PHÁT","0779482105"
"CÔNG TY TNHH AG CNC","0915246123"
"CÔNG TY TNHH THƯƠNG MẠI DỊCH VỤ ĐẦU TƯ VÀ PHÁT TRIỂN TÂN MINH KHANG","0776854874"
"CÔNG TY TNHH CÔNG NGHỆ VẢI KHÔNG DỆT OUYUE VIỆT NAM","0912670006"
"CÔNG TY TNHH UNIVERSAL FERTILIZER","0912843939"
"CÔNG TY TNHH TMDT TC HDSS VIETNAM","0985123569"
"CÔNG TY TNHH KIM LOẠI MÀU SONG TOÀN","09388163218"
"CÔNG TY TNHH SẢN XUẤT THƯƠNG MẠI DỊCH VỤ XUẤT NHẬP KHẨU THÀNH THỊNH PHÁT","0982667214"
"CÔNG TY TNHH TM ĐẦU TƯ SẮT THÉP CƠ KHÍ LỘC TOÀN PHÁT","0779904291"
"CÔNG TY TRÁCH NHIỆM HỮU HẠN DƯỢC PHẨM THANH LỊCH","0904543899"
"CÔNG TY TNHH MTV THANH PHÚC VN","0982339906"
"CÔNG TY TNHH PEACE - LON VIETNAM","0915515544"
"CÔNG TY TNHH MTV THƯƠNG MẠI DỊCH VỤ XÂY DỰNG THỊNH PHÁT","0396347287"
"CÔNG TY TNHH TMDV ĐẦU TƯ KINH DOANH THIẾT BỊ PHỤ TÙNG CƠ KHÍ VÀ XÂY DỰNG LÊ TRUNG","0896653531"
"CÔNG TY TNHH BTC VN","0334345888"
"CÔNG TY TNHH THƯƠNG MẠI DỊCH VỤ HẠNH SEN","0779700619"
"CÔNG TY TNHH GAME GIẢI TRÍ TRẦN THẠO","0977041819"
"CÔNG TY TNHH CÔNG NGHỆ VẬT LIỆU MỚI FU XIANG VIỆT NAM","0365210915"
"CÔNG TY TNHH MTV SẢN XUẤT THƯƠNG MẠI XUẤT NHẬP KHẨU ĐẠI PHÁT","0906810108"
"CÔNG TY TNHH MỘT THÀNH VIÊN TRÍ THÀNH","0777831232"
"CÔNG TY TNHH SX TM TRIỆU LONG MINH TRUNG LONG AN","0939956999"
"CÔNG TY TNHH CTCT TINVIETT","0567550413"
"CÔNG TY TNHH ĐĂNG QUANG VINA LONG AN","0903006146"
"CÔNG TY TNHH KINH DOANH XNK THÁI NGUYÊN","0964334688"
"CÔNG TY TNHH DT GENSTAR VIET NAM","0569780351"
"CÔNG TY TNHH TMDV ĐẦU TƯ KINH DOANH VẬN TẢI VÀ XÂY DỰNG NGUYỄN KHÁNH","0778776030"
"CÔNG TY TNHH KIM LOẠI BK VIỆT NAM","0937848768"
"CÔNG TY TNHH TMDV ĐẦU TƯ KINH DOANH VÀ PHÁT TRIỂN PHAN LINH","0896692146"
"CÔNG TY TNHH NHA KHOA HT DENTIST","0392554382"
"CÔNG TY TNHH TMDV ĐẦU TƯ PHÁT TRIỂN XÂY DỰNG VÀ VẬN TẢI MAI PHƯƠNG","0778194528"
"CÔNG TY TNHH TIẾN PHÁT GARMENT","0833616261"
"CÔNG TY TNHH VIỆT TÍN LOGISTICS","0934155586"
"CÔNG TY TNHH LINHAN HOME","0946276224"
"CÔNG TY TNHH DƯỢC LIỆU SỢI VÀNG","0393942389"
"CÔNG TY TNHH BẤT ĐỘNG SẢN LONG THỊNH LAND","0983845315"
"CÔNG TY TNHH THƯƠNG MẠI DỊCH VỤ ĐẦU TƯ TỔNG HỢP KHẢI TƯỜNG","0778760675"
"CÔNG TY TNHH ĐẦU TƯ XÂY DỰNG SOLENERGY","0762946361"
"CÔNG TY TNHH TMDV ĐẦU TƯ KINH DOANH VẬN TẢI VÀ XÂY DỰNG HẬU PHÁT","0778032080"
"CÔNG TY TNHH NK ECO FARM VIỆT NAM","0965364739"
"CÔNG TY TNHH THỰC PHẨM ĐẠI THÀNH PHÁT","0938165476"
"CÔNG TY TNHH BRIGHTER FORTUNE VIỆT NAM","85296545608"
"CÔNG TY TNHH THƯƠNG MẠI DỊCH VỤ PHÁT TRIỀN VÀ ĐẦU TƯ TOÀN CẦU PHÁT TÔ BÌNH","0778249673"
"CÔNG TY TNHH NORDIC STANDARD MANUFACTURE","0903686964"
"CÔNG TY TNHH MỘT THÀNH VIÊN TM XNK SONG LONG","0909200778"
"CÔNG TY TNHH THƯƠNG MẠI DỊCH VỤ PHÁT TRIỂN ĐT KD HÙNG MINH PHÁT","0896902475"
"CÔNG TY TNHH TSN SACHI","0703322323"
"CÔNG TY TNHH VẬT LIỆU MỚI HUI SHENG","0909854977"
"CÔNG TY TNHH SẢN XUẤT THƯƠNG MẠI THÉP NAM LONG AN","0909514487"
"CÔNG TY TNHH ĐẦU TƯ PHÁT TRIỂN ĐỨC HOÀNG LA","0896540130"
"CÔNG TY TNHH MTV HOÀNG HUY PHÁT","0828140406"
"CÔNG TY TNHH ELLA ROSE","0968327276"
"CÔNG TY TNHH SECHEPO","0333379020"
"CÔNG TY TNHH TM DV VÕ HỒNG ĐÀO","0962513250"
"CÔNG TY TNHH THE LIGHTNING VN","0935222338"
"CÔNG TY TNHH SẢN XUẤT THƯƠNG MẠI DỊCH VỤ PHÁT TRIỂN AN KHÔI","0918838708"
"CÔNG TY TNHH TMDV PHÁT TRIỂN NGUYÊN PHỤ LIỆU VÀ MAY MẶC DUY HƯNG PHÁT","0778914046"
"CÔNG TY TNHH TM DV TRÂM TỶ","0907140707"
"CÔNG TY TNHH XUẤT NHẬP KHẨU NHỰA NAM DƯƠNG","0888754485"
"CÔNG TY TRÁCH NHIỆM HỮU HẠN THƯƠNG MẠI DỊCH VỤ SẮT THÉP CÔNG MINH","0902703799"
"CÔNG TY TNHH TMDV PHÁT TRIỂN VÀ KINH DOANH MAY MẶC MINH NGỌC","0896612718"
"CÔNG TY TNHH XÂY DỰNG THƯƠNG MẠI XUẤT NHẬP KHẨU CÔNG TRÌNH ĐẠI THÀNH LỢI","0938766729"
"CÔNG TY TNHH CÔNG NGHIỆP NEW SUNRISE (VN)","0765863789"
"CÔNG TY TNHH XÂY DỰNG LÊ TẠO","0906538227"
"CÔNG TY TNHH XÂY DỰNG VÕ THÀNH TÂM","0569980951"
"CÔNG TY TNHH CAMERA AND SOLAR TKD","0378378083"
"CÔNG TY TNHH TMDV THANH THANH LOAN","0913514668"
"CÔNG TY TNHH TMDV CHÍ CÔNG NGUYỄN","0983510380"
"CÔNG TY TNHH DV - VT THÀNH CÔNG TRANSPORT","0793717818090729838"
"CÔNG TY TNHH DVTM NAM TIẾN","0943191118"
"CÔNG TY TNHH SẢN XUẤT THIẾT BỊ ĐIỆN SÀI GÒN TTL","0903031831"
"CÔNG TY TNHH KDTM MINH SUỐI","0907249348"
"CÔNG TY TNHH TÀI CHIÊU","0914704079"
"CÔNG TY TNHH TMDV THÚY DUYÊN","0966012570"
"CÔNG TY TNHH EKILA SOLUTIONS","0583838376"
"CÔNG TY TNHH TMDV VĂN THÀNH ĐẠT","0968981164"
"HỢP TÁC XÃ SINH THÁI ĐỨC HUỆ","0971010555"
"CÔNG TY TNHH DỊCH VỤ Y TẾ KHÔI KHOA","0907070528"
"CÔNG TY TRÁCH NHIỆM HỮU HẠN MỘT THÀNH VIÊN THƯƠNG MẠI TUẤN KHANG","0971494153"
"CÔNG TY TNHH XIN SHI YE HOTEL","0989585304"
"CÔNG TY TNHH SHERA SUN","0962038451"
"CÔNG TY TNHH TMDV VĂN THÀ","0938899424"
"CÔNG TY TNHH TMDV SÙNG LỬ","0942521337"
"CÔNG TY TNHH ĐẬU ÍCH KHANG","0369419673"
"CÔNG TY TNHH BAO BÌ NHỰA AN PHÁT ĐẠT","0908466619"
"CÔNG TY TNHH GILDAON VIỆT NAM","840888717414"
"CÔNG TY TNHH DỆT GAIFOO GROUP (VIỆT NAM)","0947218558"
"CÔNG TY TNHH ĐẦU TƯ XD VÀ THƯƠNG MẠI PHD","09818189997"
"CÔNG TY TNHH TH LOCPHAT68","0355634274"
"CÔNG TY TNHH KINH DOANH THƯƠNG MẠI DỊCH VỤ VẬN TẢI NGHĨA PHÁT","0843232633"
"CÔNG TY TNHH TM TỔNG HỢP HANDU","0399969039"
"CÔNG TY TNHH CON CUNG KID","0779496216"
"CÔNG TY TNHH SẢN XUẤT SKY EDEN","0907519513"
"CÔNG TY TNHH TMDV PHÁT TRIỂN VÀ KINH DOANH TỒNG HỢP HỒNG LÂM PHÁT","0778676682"
"CÔNG TY TNHH HOÀNG GIA NGUYÊN BUIDDING","0919980988"
"CÔNG TY TNHH CÔNG NGHỆ CHIẾU SÁNG THÔNG MINH ZHIMEI","0932572986"
"CÔNG TY TNHH TMDV CONSIDER","0779583174"
"CÔNG TY TNHH SHENG MAO VIỆT NAM","84938469911"
"CÔNG TY TNHH THƯƠNG MẠI DỊCH VỤ XE NÂNG VIỆT TRUNG","0703725762"
"CÔNG TY TRÁCH NHIỆM HỮU HẠN DỊCH VỤ VÀ LỮ HÀNH LIÊN MINH","0937031019"
"CÔNG TY TNHH TV KD DV GLOBAL","0775174134"
"CÔNG TY TNHH THƯƠNG MẠI THÉP KHUÔN MẪU AN PHÁT","0902630353"
"CÔNG TY TNHH AGRO INTEL PRO","0978538261"
"CÔNG TY TNHH CÔNG NGHIỆP NICHE VIỆT NAM","0367640383"
"CÔNG TY TNHH HOA NGHỆ MARTHA","0362802719"
"CÔNG TY TNHH KIM TRIỀU VỸ","0866007766"
"CÔNG TY TNHH MUA BÁN NÔNG SẢN BẢO MINH","0939257454"
"CÔNG TY TNHH TM HÀNH NGUYÊN","0354172459"
"CÔNG TY TNHH CZJB MOTOR (VIỆT NAM)","8613584552666"
"CÔNG TY TNHH THÚ Y THUỶ SẢN TRANG TRẠI XANH","0976648378"
"CÔNG TY TNHH THƯƠNG MẠI THIÊN THẠNH VIỆT NAM","0968718539"
"CÔNG TY TNHH TT CON CUNG KID","0934644201"
"CÔNG TY TNHH TMDV NGUYỄN CƯỜNG CT","0786689971"
"CÔNG TY TNHH THƯƠNG MẠI VÀ DỊCH VỤ LƯU CÚC","0915692260"
"CÔNG TY TNHH XUẤT NHẬP KHẨU TIÊN HỢP VN","0849917159"
"CÔNG TY TNHH KIẾN TRÚC & XÂY DỰNG HOÀNG HUY","0936161826"
"CÔNG TY TNHH VIỆT BẾP VN","0399182402"
"CÔNG TY TNHH VISION FAR LIN","0911359092"
"CÔNG TY TNHH MTV GIA CÔNG X.Y","0906793159"
"CÔNG TY CỔ PHẦN ĐẦU TƯ VÀ PHÁT TRIỂN N.H.T","0903345248"
"CÔNG TY TNHH KINH TẾ VÀ TÀI CHÍNH QUỸ QUAY VÒNG CỘNG ĐỒNG","0368885705"
"CÔNG TY CỔ PHẦN ĐẦU TƯ TÚI XÁCH VIỆT","0929881818"
"CÔNG TY TNHH LÊ THỊ K2","0362875766"
"CÔNG TY TNHH THỜI TRANG PHỤ KIỆN TREND","0085227858581"
"CÔNG TY TNHH TM - DV VÀ ĐÀO TẠO H&H","0911916067"
"CÔNG TY TNHH NHỰA ĐÔNG PHONG","0766769274"
"CÔNG TY TNHH TMDV TRƯƠNG TÌNH","0935447815"
"CÔNG TY TNHH TMDV CHÌU A TẠO","0933668945"
"CÔNG TY TNHH TMDV NGUYỄN KHÉO","0778445167"
"CÔNG TY TNHH TƯ VẤN THIẾT KẾ XÂY DỰNG QUANG HOÀNG LONG","0908228205"
"CÔNG TY TNHH GIẢI TRÍ HOÀNG VŨ 135","0941222567"
"CÔNG TY TNHH DV KỸ THUẬT HOÀN MỸ","0918591554"
"CÔNG TY TNHH HAPPY FOOTWEAR (VIỆT NAM)","13082560699"
"CÔNG TY TNHH HECHENG ENTERPRISE VIỆT NAM","0765586838"
"CÔNG TY TNHH ĐẦU TƯ DỊCH VỤ HỒNG LỘC PHÁT","0908544599"
"CÔNG TY TNHH XÂY DỰNG CẦU ĐƯỜNG ĐÊ KÈ THỦY LỢI MIỀN NAM","0901395275"
"CÔNG TY TNHH TM - DV NHÀ PHÂN PHỐI THÀNH LONG","0849503879"
"CÔNG TY TNHH THƯƠNG MẠI XĂNG DẦU LONG SƠN PHÁT PETRO","0938630007"
"CÔNG TY TNHH NGHĨA TRỌNG NHÂN","0949775258"
"CÔNG TY TNHH TM VÀ DV PHƯƠNG HÙNG","0968417283"
"CÔNG TY TNHH THV BẢO AN","0336464579"
"CÔNG TY TNHH TMDV ĐẶNG NHẤT","0916668996"
"CÔNG TY TNHH TMDV ĐẦU TƯ TOÀN CẦU KINH DOANH MINH NHỰT","0778914046"
"CÔNG TY TNHH SẢN XUẤT THƯƠNG MẠI CÔNG NGHỆ NHỰA BOXIN","0961796189"
"CÔNG TY TNHH TMDV ĐẦU TƯ VÀ PHÁT TRIỀN TỔNG HỢP SEN PHÁT","0778432273"
"CÔNG TY TNHH VN. TDCV PLASTIC & HARDWARE","0784788539"
"CÔNG TY TNHH ĐIỆN CƠ HUY PHÁT","0919683323"
"CÔNG TY TNHH THIẾT KẾ XÂY DỰNG SĨ HIẾU","087720471"
"CÔNG TY TNHH ĐẦU TƯ ROCK MILA","0988280127"
"CÔNG TY CỔ PHẦN XUẤT NHẬP KHẨU TOPPACK","093201377"
"CÔNG TY TNHH THIẾT KẾ SẢN XUẤT NỘI THẤT NAM VINH","0364777027"
"CÔNG TY TNHH ĐẦU TƯ XÂY DỰNG HỒNG NGUYỄN XD","0914072327"
"CÔNG TY TNHH TƯ VẤN VÀ THIẾT KẾ HUỲNH TÂN","0868228290"
"CÔNG TY TNHH ĐẦU TƯ - THƯƠNG MẠI, DỊCH VỤ TƯ VẤN THIẾT KẾ, XÂY DỰNG THÀNH CÔNG","09339768287097684851"
"CÔNG TY TNHH THƯƠNG MẠI DỊCH VỤ VẬN TẢI XĂNG DẦU PHI LONG","0946785767"
"CÔNG TY TNHH TMDV BÙI NGỌC TÂN","0918734776"
"CÔNG TY TNHH TMDV ĐẦU TƯ PHÁT TRIỂN TOÀN CẦU TRẦN THÀNH","0778760675"
"CÔNG TY TNHH TMDV ĐẦU TƯ VÀ PHÁT TRIỀN TỔNG HỢP TRẦN TRUNG","0778318209"
"CÔNG TY TNHH SẢN XUẤT VÀ THƯƠNG MẠI JF WINFONE VIỆT NAM","0373333128"
"CÔNG TY TNHH TMDV NÔNG BƯỞI","0916970045"
"CÔNG TY TNHH TMDV ĐẦU TƯ PHÁT TRIỂN TOÀN CẦU GIANG PHÁT","0778295413"
"TRUNG TÂM NGOẠI NGỮ SUN THẠNH HÓA","0944333706"
"CÔNG TY TNHH TMDV HALO","0368789014"
"CÔNG TY TNHH ORGANIC AMSTERDAM Z","0939048188"
"BAN HỘI HƯƠNG ĐÌNH CHÁNH THÔN","0908352337"
"CÔNG TY TNHH TM MINH THI LONG AN","0982801802"
"CÔNG TY TNHH RONG DA LONG AN","0862789243"
"CÔNG TY TNHH DVTM QUỐC TẾ LABCOOP LTD","0964210931"
"CÔNG TY TNHH MINDSET TRÍ TÂM","0332445954"
"CÔNG TY TNHH ĐẦU TƯ PHÁT TRIỂN GIÁO DỤC MỸ YÊN","0931338081"
"CÔNG TY TNHH THƯƠNG MẠI DỊCH VỤ SẢN XUẤT NHỰA PHÚC LỘC","091410569"
"CÔNG TY TNHH SX TM VÀ XNK SANGONE","0938252773"
"CÔNG TY TNHH NHẤT LIÊN","0931288866"
"CÔNG TY TNHH SẢN XUẤT SẢN PHẨM CAO SU VÀ NHỰA HẰNG TÍN","0902568828"
"CÔNG TY TNHH TMDV ĐĂNG LÃI","0865441625"
"CÔNG TY TNHH HONG THÁI","0938274132"
"CÔNG TY TNHH CƠ KHÍ XÂY DỰNG SKYTECH","0886934989"
"CÔNG TY TNHH SUNAGRI NM","0938107008"
"CÔNG TY TNHH CÔNG NGHIỆP XÍCH CHÁNH HƯNG","0943124218"
"CÔNG TY TNHH TMDV HOÀNG BỀN","0359668377"
"CÔNG TY TNHH MTV THƯƠNG MẠI - DỊCH VỤ KIM THÀNH","0866455311"
"CÔNG TY TNHH V&T ALLY FORGE","090712000"
"CÔNG TY TNHH TM DV LẬP THIỆN PHÁT","091818919"
"CÔNG TY TNHH SMART LINK GOLD VIỆT NAM","0563154118"
"CÔNG TY TNHH THƯƠNG MẠI LVD","0961388131"
"CÔNG TY TNHH NHẤT GIAI VIỆT NAM","0335177542"
"CÔNG TY TNHH MTV HOÀNG KIM 68","0977408458"
"CÔNG TY TNHH THƯƠNG MẠI - DỊCH VỤ - XUẤT NHẬP KHẨU MINH THÀNH","07022421"
"CÔNG TY TRÁCH NHIỆM HỮU HẠN MỘT THÀNH VIÊN THƯƠNG MẠI - DỊCH VỤ HÙNG THỊNH PHÁT","0988173319"
"CÔNG TY TNHH CÔNG NGHỆ SINH HỌC TOÀN CẦU ALLTEST","0901359077"
"CÔNG TY TNHH SẢN XUẤT THƯƠNG MẠI LONG TRƯỜNG SƠN","0966105511"
"CÔNG TY TNHH SẢN XUẤT THƯƠNG MẠI NAM PHƯƠNG VINA","0908782288"
"CÔNG TY TNHH CƠ KHÍ THƯƠNG MẠI XÂY DỰNG BẢO LONG","0969149899"
"CÔNG TY TNHH ĐẦU TƯ PHÁT TRIỂN ĐÀO TẠO GIÁO DỤC SAO MAI","0944880608"
"CÔNG TY TNHH METUO VIỆT NAM","0789136907"
"CÔNG TY TNHH MTV TM DIÊN HY","0908700913"
"CÔNG TY TNHH TMDV KD HOA PHÁT ĐẠT","0778676682"
"CÔNG TY TNHH TMDV TOÀN CẦU PHÁT TRIỂN VÀ ĐẦU TƯ BÙI THỊ","0778547370"
"CÔNG TY TNHH RICH MAN NGỌC GIÀU","0332445951"
"CÔNG TY TNHH MAY XUẤT KHẨU PHƯƠNG VINH","0979818238"
"CÔNG TY TNHH CAO NGUYÊN PHÍA BẮC","0563128977"
"CÔNG TY TNHH THƯƠNG MẠI DỊCH VỤ XNK HOÀNG HẢI NAM","0928061963"
"CÔNG TY TNHH SẢN XUẤT THƯƠNG MẠI KHẢI HUY LONG AN","0906622303"
"CÔNG TY TNHH KIẾN TRÚC XÂY DỰNG TRẤN VŨ THƯỢNG HẢI (VIỆT NAM)","0397377802"
"CÔNG TY TRÁCH NHIỆM HỮU HẠN XUẤT NHẬP KHẨU XIN XIN","0366117890"
"CÔNG TY TNHH PHÁT TRIỂN GIÁO DỤC VÀ NGHỆ THUẬT THIÊN DI","0372030056"
"CÔNG TY TNHH MTV LONG THÀNH QUANG","0939989191"
"CÔNG TY TNHH SX TM DV NHỰT LINH","0902952778"
"CÔNG TY TNHH SẢN XUẤT ĐỒNG PHỤC SAYDO","0938100459"
"CÔNG TY TRÁCH NHIỆM HỮU HẠN THƯƠNG MẠI MỘT THÀNH VIÊN PHÚC THƯ","0909053058"
"CÔNG TY TNHH HẢI ĐĂNG SOUND LIGHTING","0937089973"
"CÔNG TY TNHH TNHH THƯƠNG MẠI DỊCH VỤ PHÁT TRIỂN PHẠM TUẤN 3979","0792174358"
"CÔNG TY TNHH GIẤY BẢO NHUNG","0379735587"
"CÔNG TY TNHH SẢN XUẤT THƯƠNG MẠI XUẤT NHẬP KHẨU TÂN KHẢI VIỆT","0976669138"
"CÔNG TY TNHH SX TM PHÚC ĐẠT","0917999792"
"CÔNG TY TNHH MTV TM BẢO QUÂN PHÁT LONG AN","0974245345"
"CÔNG TY TNHH XDVT MAI THANH HÀ","0917771890"
"CÔNG TY TNHH THƯƠNG MẠI DỊCH VỤ XUẤT NHẬP KHẨU NÔNG SẢN BEAUTIFUL GARLIC","0567143820"
"CÔNG TY TNHH THƯƠNG MẠI DỊCH VỤ HÀ LÂM","0386105954"
"CÔNG TY TNHH TM KỸ THUẬT HÒA PHÁT","0908221282"
"CÔNG TY TNHH TM DV ĐẦU TƯ KIM PHÁT","0896406487"
"CÔNG TY TNHH JIANLIYUAN HEALTHCARE.","0932813763"
"CÔNG TY TNHH TM XD THIÊN BẢO","0564091715"
"CÔNG TY TNHH TMDV HOÀNG MINH KHAI","0919195670"
"CÔNG TY TNHH THƯƠNG MẠI VÀ DỊCH VỤ NGÔ HẠNH","0989447589"
"CÔNG TY TNHH TM & DV FU CHEONG (VIỆT NAM)","0868237124"
"CÔNG TY TNHH HƯƠNG MỘC BEAUTY","0939574506"
"CÔNG TY TNHH SAN BROTHERS VIỆT NAM","0912195627"
"CÔNG TY TNHH THƯƠNG MẠI VÀ DỊCH VỤ HOÀI THỊNH VINA","0915448164"
"CÔNG TY TNHH 4HEALTHY","0966333600"
"CÔNG TY TNHH NÔNG SẢN - LƯƠNG THỰC TUYẾT MAI","0886139867"
"CÔNG TY TNHH XUẤT NHẬP KHẨU NÔNG SẢN VÂN DANH","09330921"
"CÔNG TY TNHH ĐẦU TƯ TM DV NAM TIẾN PHÁT","0936876476"
"CÔNG TY TNHH MTV GIÁO DỤC SAO VIỆT","0908223739"
"CÔNG TY CỔ PHẦN DƯỢC MỸ PHẨM CHÂU NGỌC","0916781446"
"CÔNG TY TNHH TM GIA CÔNG TĂNG THỊNH","0705688632"
"CÔNG TY TNHH NGUYÊN LINH AGRI","0985185447"
"CÔNG TY TNHH CÔNG NGHỆ ĐIỆN TỬ SHARESUN (VIỆT NAM)","13857867200"
"CÔNG TY TNHH PHỤ KIỆN KIM LOẠI MAX POWER","8613958877701"
"CÔNG TY TNHH THIẾT KẾ THI CÔNG NỘI THẤT DIỆP ANH TRÚC","0937205230"
"CÔNG TY TNHH ĐẦU TƯ THƯƠNG MẠI TRIỀU DƯƠNG","0937918414"
"CÔNG TY TNHH THƯƠNG MẠI VÀ DỊCH VỤ VIỆT YÊN VINA","0942557846"
"CÔNG TY TRÁCH NHIỆM HỮU HẠN THƯƠNG MẠI DỊCH VỤ SẢN XUẤT TRƯỜNG AN FOOD","0984699288"
"CÔNG TY TNHH THƯƠNG MẠI VÀ DỊCH VỤ VĂN THÀNH VINA","0934185936"
"CÔNG TY TNHH THƯƠNG MẠI VÀ DỊCH VỤ PHẠM HỒNG QUÂN","0969625565"
"CÔNG TY TNHH MTV TM SX MINH KHANG","0913678634"
"CÔNG TY TNHH GIÀY JI DA","0766123076"
"CÔNG TY TNHH THƯƠNG MẠI VÀ DỊCH VỤ VĂN THUẬN","0968735364"
"CÔNG TY TNHH THƯƠNG MẠI VÀ SẢN XUẤT VĂN THÀNH","0964596168"
"CÔNG TY CỔ PHẦN VẬT LIỆU XÂY DỰNG MỚI SÀI GÒN","0972895098"
"CÔNG TY TNHH DVTM VND ENTERTAINMENT","0898408692"
"CÔNG TY TNHH SKATE & APPAREL HYB","0708297645"
"CÔNG TY TNHH TMDV HLLOLO GROUP","0917456893"
"CÔNG TY TNHH THƯƠNG MẠI VÀ DỊCH VỤ PHÍ TOAN","0983557444"
"CÔNG TY TNHH MAY GIA CÔNG GIÀY DA TIẾN PHÁT","0348696449"
"CÔNG TY TNHH MỘT THÀNH VIÊN THƯƠNG MẠI DỊCH VỤ VẠN HẠNH","0985682214"
"CÔNG TY TNHH THƯƠNG MẠI DỊCH VỤ VÕ DỨC","0778024045"
"CÔNG TY TNHH THƯƠNG MẠI DỊCH VỤ DUY HẢI VINA","0924011966"
"CÔNG TY TNHH THƯƠNG MẠI DỊCH VỤ THỰC PHẨM HOÀNG KIM SƠN","0937424728"
"CÔNG TY TNHH CÔNG NGHỆ XINHUI (VIỆT NAM)","07502039133"
"CÔNG TY TNHH MTV SX TM THỰC PHẨM LINH CHÂU","0879004664"
"CÔNG TY TNHH DVTM THỂ THAO & KỸ NĂNG SSA","0776110941"
"CÔNG TY CỔ PHẦN TẬP ĐOÀN AN KHANG VIỆT NAM","0925332322"
"CÔNG TY TNHH ĐIỀN LỤC EVNS","0977072164"
"CÔNG TY TNHH TMDV PHÁT TRIỂN TỔ CHỨC SỰ KIỆN VÀ QUẢNG CÁO HỒ NHANG","0896363396"
"CÔNG TY TNHH DEAL KIDS CON CƯNG","0357887831"
"CÔNG TY TNHH TMDV NGỌC HẢI HÀ","0918883062"
"CÔNG TY TNHH THƯƠNG MẠI DỊCH VỤ PHÁT TIẾN LỢI","0886736865"
"CÔNG TY TNHH PHÁT THÀNH THỊNH VƯỢNG","0913493539"
"CÔNG TY TNHH KD THỂ THAO VĂN HÓA VN","0898689017"
"CÔNG TY CỔ PHẦN THƯƠNG MẠI DỊCH VỤ BẢO VỆ VỆ SĨ AN NINH HƯNG THỊNH","0947821939"
"CÔNG TY TNHH GIÀY JING MENG VIỆT NAM","0856692588"
"CÔNG TY TNHH THƯƠNG MẠI XUẤT NHẬP KHẨU NGHỀ KIM MINH","0768773780"
"CÔNG TY TNHH GT CLB CLB NIGHT LOVE","0526883333"
"CÔNG TY TNHH REVIEW HÀ LINH OFFICIAL","052677732"
"CÔNG TY TNHH TM DV CƠ KHÍ XÂY DỰNG HỒNG LĨNH","0899018755"
"CÔNG TY TNHH TMDV NAM PHÁT MEP","0382355242"
"CÔNG TY TNHH ĐẠI DŨNG LONG AN FURNITURE","0914932728"
"CÔNG TY TNHH PHÁT TRIỂN NÔNG NGHIỆP ĐẠI VIỆT","0904666395"
"CÔNG TY TNHH BAO BÌ SEN HE VIỆT NAM","0326871688"
"CÔNG TY TNHH THIẾT BỊ KIM HOÀNG","0898781788"
"CÔNG TY CỔ PHẦN LƯƠNG THỰC MEKONG DELTA RICE","0909546707"
"CÔNG TY TNHH PHỤ KIỆN GIÀN GIÁO HƯNG THỊNH PHÚ","0936562565"
"CÔNG TY TNHH KINH DOANH VẬN TẢI VÀ XÂY DỰNG NGÔ PHÁT NGA","0776436204"
"CÔNG TY TNHH THƯƠNG MẠI DỊCH VỤ VÀ ĐẦU TƯ TRƯƠNG THẮNG","0908266633"
"CÔNG TY TNHH CÔNG TY TNHH MTV DỊCH VỤ THƯƠNG MẠI THÀNH CÔNG","0383892454"
"CÔNG TY TNHH PHÁT TRIỂN THƯƠNG MẠI VÕ THỊ","0898204220"
"CÔNG TY TNHH TMDV VT VIỆT KHANG","0934847414"
"CÔNG TY TNHH NÔNG NGHIỆP VĂN ĐEN","0332445955"
"CÔNG TY TNHH MỘT THÀNH VIÊN ANH HÀO LA","0916763439"
"CÔNG TY TNHH SẢN XUẤT THƯƠNG MẠI NHẬT LINH L.A","036606479"
"CÔNG TY TNHH THƯƠNG MẠI DỊCH VỤ PHƯỚC KIM LONG","0886736865"
"CÔNG TY CỔ PHẦN LƯƠNG THỰC AROMA RICE","0988170933"
"DNTN VẬN TẢI ANH THÀNH","0961395795"
"CÔNG TY TNHH TƯ VẤN LUẬT DNL LAWFIRM & PARTNERS","0765959994"
"CÔNG TY TNHH THƯƠNG MẠI DỊCH VỤ VESAPĐP","0875423677"
"CÔNG TY TNHH THƯƠNG MẠI ĐIỆN TỬ AEONMAIL LIMITED","0896493623"
"CÔNG TY TNHH NÔNG NGHIỆP THIỆN ANH","0974984983"
"CÔNG TY TNHH MTV TM DV TẤN TÀI","0932673811"
"CÔNG TY TNHH NỘI THẤT GIA DỤNG ANSSEN (VIỆT NAM)","84857230488"
"CÔNG TY TNHH KINH DOANH VẬN TẢI VÀ XÂY DỰNG QUÁCH DŨNG","0776766759"
"CÔNG TY TNHH THƯƠNG MẠI DỊCH VỤ MỸ KIỀU","0909812734"
"CÔNG TY TNHH CÔNG NGHỆ ĐỘNG LỰC PLANTECH (VIỆT NAM)","6594663573"
"CÔNG TY TNHH PHẠM GIA NAM ĐỊNH","0354864583"
"CÔNG TY TNHH KINH DOANH VẬN TẢI VÀ XÂY DỰNG HÀ ĐÔ","0778610974"
"CÔNG TY TNHH NÔNG NGHIỆP USA FARM","0938400077"
"CÔNG TY TNHH XÂY DỰNG ĐAN TUYỀN","0919870348"
"CÔNG TY TNHH XUẤT NHẬP KHẨU ĐỨC NÔNG","0909200778"
"CÔNG TY TNHH DƯỢC PHẨM SINH HỌC PROMEA","919100107777"
"CÔNG TY TNHH TMDV THI CÔNG VÀ VLXD TUYỀN PHẠM","0776004295"
"CÔNG TY TNHH ĐÔNG CHIÊU VĂN ĐẠT","0332445952"
"CÔNG TY TNHH LV DE FENG","0948763599"
"CÔNG TY TNHH NHẬT THỊNH GREEN","0878036568"
"CÔNG TY TNHH TMDV THI CÔNG VÀ VLXD THANH HÙNG","0778512217"
"CÔNG TY TNHH XD VÀ DV MÔI TRƯỜNG TÀI NĂNG","0848434500"
"DOANH NGHIỆP TƯ NHÂN DƯƠNG NGỌC VỦ","0981533392"
"CÔNG TY TNHH THƯƠNG MẠI VÀ DỊCH VỤ SÁU HOÀNG","0988711466"
"CÔNG TY TNHH SƠN TÂY NAM","0938184184"
"CÔNG TY TNHH DỊCH VỤ AN TOÀN LAO ĐỘNG COHA (VIỆT NAM)","0978440235"
"CÔNG TY TNHH XD QUANG ĐĂNG","0967110311"
"CÔNG TY TNHH HUỲNH NGA LC","0389107128"
"CÔNG TY TNHH TM DV VÂN VY LONG AN","0979445902"
"CÔNG TY TNHH KINH DOANH BẤT ĐỘNG SẢN TRẦN ANH NAM TIẾN","0931564359"
"CÔNG TY TNHH SẢN XUẤT THƯƠNG MẠI XUẤT NHẬP KHẨU TÂN VẠN PHƯỚC","0909345347"
"CÔNG TY TNHH THƯƠNG MẠI VÀ DỊCH VỤ ĐIỆN MÁY MIỀN TÂY","0946166789"
"CÔNG TY TNHH THƯƠNG MẠI VÀ DỊCH VỤ HÙNG MẠNH 86","0986757483"
"CÔNG TY TNHH MTV THÀNH PHONG 39","0932556869"
"CÔNG TY TNHH TM XD NGỌC ANH","0899450586"
"CÔNG TY TNHH PHÂN PHỐI ĐỒ GIA DỤNG HOÀNG QUÂN","0815213125"
"CÔNG TY TNHH LOGICTICS LƯỜNG PHÓNG","0837193125"
"CÔNG TY TNHH TMDV MỸ DUYÊN","09285206140"
"CÔNG TY TNHH TMDV HOA TIÊN","0934602422"
"CÔNG TY TNHH NHẬP KHẨU Ô TÔ HUY HOÀNG","0789267495"
"CÔNG TY TNHH KINH DOANH GLOBAL TRADING","0586699880"
"CÔNG TY TNHH THƯƠNG MẠI DỊCH VỤ LAN HỒ ĐIỆP ORCHIDS","0918801678"
"CÔNG TY TNHH TRÒ CHƠI GIẢI TRÍ THẾ GIỚI GAME","0976902978"
"CÔNG TY TNHH PHỤ KIỆN VÀ THỜI TRANG TRƯƠNG NGỌC","0946683990"
"CÔNG TY TNHH THƯƠNG MẠI DỊCH VỤ SẢN XUẤT HAI NHI","0918725470"
"CÔNG TY TNHH MTV TM DV MÔI TRƯỜNG PHÚ THỊNH","0528811808"
"CÔNG TY TNHH THƯƠNG MẠI VINAFAN","0933217552"
"CÔNG TY TNHH THƯƠNG MẠI MINH CHÂU VBA","0978282713"
"CÔNG TY CỔ PHẦN HÓA MỸ PHẨM S VIỆT AAB GROUP","0966685657"
"CÔNG TY TNHH NHẬT TRƯỜNG LONG AN","0789688989"
"CÔNG TY TNHH TM VÀ ĐT HUỲNH MINH","0973842513"
"CÔNG TY TNHH SMART MOTO SAIGON","0706290099"
"CÔNG TY TNHH THƯƠNG MẠI DỊCH VỤ XÂY DỰNG THẢO PHẠM","0779999039"
"CÔNG TY TNHH STARRY GROUP VIETNAM","0902566143"
"CÔNG TY TNHH TTTC TINVIET","0563436930"
"CÔNG TY TNHH JACKMAN QUỐC TOÀN","0332445958"
"CÔNG TY TNHH THƯƠNG MẠI VÀ DỊCH VỤ TƯ VẤN LPD","0939139200"
"CÔNG TY TNHH XÂY DỰNG NGUYỄN THÀNH LỘC TÂN AN","0977160292"
"CÔNG TY TNHH THVMC 6789","0776804770"
"CÔNG TY TNHH FASHION WEEK","0778647020"
"CÔNG TY TNHH KINH DOANH VÀNG BẠC ĐÁ QUÝ NGỌC MAI","0855338339"
"CÔNG TY CỔ PHẦN THƯƠNG MẠI DỊCH VỤ SẢN XUẤT ANH HƯNG PHÁT","0934004333"
"CÔNG TY TNHH TH MUA BÁN ONLINE TOÀN CẦU","0526721346"
"CÔNG TY TNHH THƯƠNG MẠI XKLD VÀ DU LỊCH","0523214188"
"CÔNG TY TNHH TDOCTOR MAILISA","0523797924"
"CÔNG TY CỔ PHẦN PHÂN BÓN NUTRI ONE","0932629369"
"CÔNG TY TNHH SX & TM KLD","0986790786"
"CÔNG TY TNHH THƯƠNG MẠI DỊCH VỤ XUẤT NHẬP KHẨU THANH TRANG TRẦN","0899917892"
"CÔNG TY TNHH ĐẦU TƯ SẢN XUẤT THƯƠNG MẠI TIẾN MINH","0333599130"
"CÔNG TY TNHH BỆNH VIỆN ĐA KHOA LAN HÀ L.A","0327467752"
"CÔNG TY TNHH PHÁT TRIỂN CÔNG VIÊN NAI LERT","0877580089"
"CÔNG TY TNHH TM HÀNG HOÁ TRẦN THANH","0768896492"
"CÔNG TY TNHH TÔN THÉP PHƯƠNG NHI","09389133286"
"CÔNG TY TNHH TẬP ĐOÀN THUẬN GIA","0783651835"
"CÔNG TY TNHH MỪNG MINH TUYỀN","0932950789"
"CÔNG TY TNHH ĐẦU TƯ TMDV LONG HÒA","0787961667"
"CÔNG TY TNHH DAWNING HAZE ORNAMENT (VN)","8613880990236"
"CÔNG TY TNHH THƯƠNG MẠI DỊCH VỤ CỪ TRÀM AN PHƯỚC","0931050907"
"CÔNG TY TNHH THƯƠNG MẠI & CÔNG NGHIỆP VF","0799961789"
"CÔNG TY TNHH VÕ MINH NGUYÊN","0933570516"
"CÔNG TY TNHH DV VÀ ĐT TRẦN ĐẠT","0961212241"
"CÔNG TY TNHH HUIZE VIỆT NAM","0979033980"
"CÔNG TY TNHH HUỲNH TOÀN HEMSWORTH","0332445958"
"CÔNG TY TNHH TM ĐẦU TƯ SOCIAL COMMERCE","0898815972"
"CÔNG TY TNHH SẢN XUẤT THƯƠNG MẠI DỊCH VỤ HOÁ CHẤT NAM SƠN PAINT","0907925176"
"CÔNG TY TNHH TM NHẤT VIỆT","0786186353"
"CÔNG TY TNHH SẢN XUẤT THƯƠNG MẠI VÀ TRANG TRÍ NỘI THẤT TA","0899793131"
"CÔNG TY TNHH TMDV SỐ LỘC VIỆT","0961092093"
"CÔNG TY TNHH DỊCH VỤ XUẤT NHẬP KHẨU TRƯỜNG AN","0876072479"
"CÔNG TY TNHH AGRINEXT","0388218935"
"CÔNG TY TNHH TMDV THI CÔNG XÂY DỰNG TRẦN PHÁT","0898200841"
"CÔNG TY TNHH THƯƠNG MẠI DỊCH VỤ XUẤT NHẬP KHẨU KIM MINH PHÁT PHÁT","0937047788"
"CÔNG TY TNHH XUẤT NHẬP KHẨU NINA AGRO","0765977123"
"CÔNG TY TNHH BI-LINK VIỆT NAM","0984908124"
"CÔNG TY TNHH VẬT LIỆU BAO BÌ BẢO VỆ MÔI TRƯỜNG HÁN NGHIỆP","0938328212"
"CÔNG TY CỔ PHẦN KIDS 3NC","0916332332"
"CÔNG TY TNHH SẢN XUẤT THƯƠNG MẠI DỊCH VỤ VĨNH TIẾN PHÁT CH","0962284734"
"CÔNG TY TNHH TM DV QT TÂN LỘC PHÁT","0938360108"
"CÔNG TY TNHH TM DV D&H","0934403949"
"CÔNG TY TNHH TM DV XNK LONG THỊNH","0383099738"
"CÔNG TY TNHH FUKUSHIMA SOUHATSU VIETNAM","0965779152"
"CÔNG TY TNHH MAY MẶC LONG AN QIYUE","0766835131"
"CÔNG TY TNHH DT THƯƠNG MẠI ENTERTAINMENT DOMESTIC","0896219834"
"CÔNG TY TNHH KÍNH HOÀNG THIÊN","09137277715"
"CÔNG TY TNHH MEI SHENG","0967787516"
"CÔNG TY TNHH THƯƠNG MẠI DỊCH VỤ TIẾN DŨNG NAV","0989125164"
"CÔNG TY TNHH THƯƠNG MẠI XUẤT NHẬP KHẨU KMC","0328777672"
"CÔNG TY TNHH TM-DV XÂY DỰNG QUANG TRƯỜNG","0583092748"
"CÔNG TY TNHH BAO BÌ NHỰA PHÚC CHƯƠNG","0906997468"
"CÔNG TY TNHH LOGISTICS DONG SHENG","0944554879"
"CÔNG TY TNHH THƯƠNG MẠI DỊCH VỤ XÂY DỰNG HỒNG LỘC PHÁT","0944257078"
"CÔNG TY TNHH TM-DV XÂY DỰNG NGỌC THẠCH","0584270941"
"CÔNG TY TNHH MTV DỊCH VỤ TỔNG HỢP GIA PHƯỚC","0896136663"
"CÔNG TY TNHH TM-DV XÂY DỰNG HUỲNH MINH HOÀNG","0583041336"
"CÔNG TY TNHH THƯƠNG MẠI MÁY MÓC TỰ ĐỘNG HÓA HÀN VIỆT","0935673034"
"CÔNG TY TNHH TM DỊCH VỤ VẬN TẢI NGUYỄN GIA","0902385258"
"CÔNG TY TNHH MAGIC DOCTOR MAILISA","0522186164"
"CÔNG TY TNHH SP DEALHOT CON CƯNG","0523164398"
"CÔNG TY TNHH SẢN XUẤT VÀ THƯƠNG MẠI VĂN HIỆP","0982478254"
"HỢP TÁC XÃ NÔNG NGHIỆP CÔNG NGHỆ CAO KHẢI HOÀNG","0819282585"
"CÔNG TY TNHH TM DV PHÁT KIM LONG","0357316651"
"CÔNG TY TNHH SX TM NHỰA TRUNG VIỆT","0903999845"
"CÔNG TY TNHH TM HÓA CHẤT ĐẠI HƯNG","0989052456"
"CÔNG TY TNHH THƯƠNG MẠI DỊCH VỤ SẢN XUẤT TẤN LỢI","0933292954"
"CÔNG TY TNHH DẦU KHÍ M.R.S","097866389"
"CÔNG TY TNHH THƯƠNG MẠI DỊCH VỤ XÂY DỰNG LÊ NHẬT PHÁT","0812737477"
"CÔNG TY TNHH MTV CƠ KHÍ MAI VĂN MINH","0378728239"
"CÔNG TY TNHH MTV AN GIA MINH","0944401668"
"CÔNG TY TNHH SẢN XUẤT THƯƠNG MẠI XUẤT NHẬP KHẨU HẮC LONG GIANG","0972584508"
"CÔNG TY TNHH SẢN XUẤT THƯƠNG MẠI XUẤT NHẬP KHẨU NÔNG THUẬN THIÊN","0985475088"
"CÔNG TY CỔ PHẦN DELIPACK","0912977697"
"CÔNG TY TNHH KỸ NĂNG SỐNG DIAMOND","0914959541"
"CÔNG TY TNHH THƯƠNG MẠI DỊCH VỤ IN ẤN ĐẠI PHÁT","0973071050"
"CÔNG TY TNHH DỊCH VỤ SẢN XUẤT ICATOOL","0856874524"
"CÔNG TY TNHH MTV TM - DV HOÀNG ANH L.A","0908937347"
"CÔNG TY TNHH TMDV TOÀN CẦU PHÁT TRIỂN QUẢNG CÁO LÂM NGHIÊM","0898204032"
"CÔNG TY TNHH SẢN XUẤT BỒN NƯỚC THIÊN THÀNH","0932825262"
"CÔNG TY TNHH NÔNG NGHIỆP ÂN ĐIỀN","0946436994"
"CÔNG TY TNHH THIẾT KẾ VÀ XÂY DỰNG ĐỨC SANG","0901879366"
"CÔNG TY TNHH TECHNOLOGY AND SERVICES NGỌC ANH","0774869342"
"CÔNG TY TNHH THƯƠNG MẠI VÀ DỊCH VỤ HỮU VĨNH HT","0389452162"
"CÔNG TY CỔ PHẦN ĐẦU TƯ NAM PHƯƠNG KIỆT","0912007744"
"CÔNG TY TNHH THƯƠNG MẠI PHÁT TRIỂN MKT","0909139892"
"CÔNG TY CỔ PHẦN ĐÀO TẠO VÀ PHÁT TRIỂN NHÂN TÀI VIỆT","0908622614"
"CÔNG TY TNHH INTERTRADING EU","0941889562"
"CÔNG TY TNHH THƯƠNG MẠI DỊCH VỤ HUẾ THANH PAS","0967881542"
"CÔNG TY TNHH THƯƠNG MẠI DỊCH VỤ PHAN NGUYỄN VN","0936126439"
"CÔNG TY TNHH THƯƠNG MẠI XUẤT NHẬP KHẨU KHẮC HUY","0778167270"
"CÔNG TY TNHH DỊCH VỤ XUẤT NHẬP KHẨU TRÍ HUỲNH","0778139341"
"CÔNG TY TNHH DT THƯƠNG MẠI ENTERTAINMENT PARADISE","0898893639"
"CÔNG TY TNHH CORD-SETS (V.N.)","0913742610"
"CÔNG TY TNHH GIẤY ĐỨC HOÀ VIỆT NAM","0933218988"
"CÔNG TY CỔ PHẦN FUTURE AGRI","0985898442"
"CÔNG TY TNHH TV TK XÂY DỰNG TM DV LONG AN","0907141407"
"CÔNG TY TNHH TM CƠ KHÍ MÁY MÓC HTH LONG AN","0987005523"
"CÔNG TY CỔ PHẦN LIÊN MINH XĂNG DẦU VN","0936296865"
"CÔNG TY TNHH G-TRADE","0939467898"
"CÔNG TY TNHH MTV DỊCH VỤ TỔNG HỢP PHƯỢNG ANH","0896502012"
"CÔNG TY TNHH MALEE","0903068242"
"HỢP TÁC XÃ THƯƠNG MẠI DỊCH VỤ THANH SƠN","0845511131"
"CÔNG TY TNHH THƯƠNG MẠI DỊCH VỤ ĐIỆN ANH TUẤN","0922735251"
"CÔNG TY TNHH BỒI DƯỠNG VĂN HÓA KỶ NGUYÊN MỚI","0909015999"
"CÔNG TY TNHH TM ĐT THÀNH LUÂN","0974482351"
"CÔNG TY TNHH MTV XÂY DỰNG QUỐC ANH","0337239418"
"CÔNG TY TNHH TMDV ĐẦU TƯ PHÁT TRIỀN KINH DOANH VẬN TẢI TƯỜNG PHÁT","0898881051"
"CÔNG TY TNHH DV XÂY DỰNG THANH SANG","0946153280"
"CÔNG TY TNHH TM DV SẮT THÉP MINH THỊNH PHÁT","0967892464"
"CÔNG TY TNHH TMDV ÁNH DƯƠNG VINA","0946654776"
"CÔNG TY TNHH TMDV VLXD TTNT KHANG THỊNH","0933509198"
"CÔNG TY TNHH PM NGỌC LINH","0964730469"
"CÔNG TY TNHH THƯƠNG MẠI - XUẤT NHẬP KHẨU PHÚ THỊNH MEKONG","0979162469"
"CÔNG TY TNHH DỊCH VỤ XUẤT NHẬP KHẨU MINH QUÂN","0778131181"
"CÔNG TY TNHH BẤT ĐỘNG SẢN VIN DIAMOND","0903006245"
"CÔNG TY TNHH TECHLY","0939711252"
"CÔNG TY TNHH THƯƠNG MẠI SẢN XUẤT MELA VN","0949006317"
"CÔNG TY TNHH TMDV THI CÔNG VÀ VLXD HUỲNH NGỌC","0898019059"
"CÔNG TY TNHH L&N VINA","0909920162"
"CÔNG TY TNHH MTV GIA BẢO PHÁT","0987730004"
"CÔNG TY TNHH CIL ĐOAN","0888167936"
"CÔNG TY TNHH VÀNG KIM MINH LẠC TẤN","0334116499"
"CÔNG TY TNHH NDT BEAUTY & COMESTIC","0902265538"
"CÔNG TY TNHH THƯƠNG MẠI - DỊCH VỤ - VẬN TẢI - XUẤT NHẬP KHẨU KIM TRUNG","0915585972"
"CÔNG TY TNHH KD DV ENDA","0823752331"
"CÔNG TY TNHH DẦU HẢO","0798003333"
"CÔNG TY TNHH BONG SEN GOLD","08982913320"
"CÔNG TY TNHH THƯƠNG MẠI DỊCH VỤ TẤN THẠCH","0907478403"
"CÔNG TY TNHH BAO BÌ HƯNG VƯỢNG GMC","0918857366"
"CÔNG TY TNHH TMDV VẬN TẢI PHÙNG KHẢI","0583485214"
"CÔNG TY TNHH PHÂN BÓN THUỐC BVTV ĐỨC HOÀ PHÁT","0975758715"
"CÔNG TY TNHH MTV DỊCH VỤ THỊNH PHÁT","08993218969"
"CÔNG TY TNHH TMDV VẬN TẢI TRỌNG NGHĨA","0583766584"
"CÔNG TY TNHH MTV APU FOOD LONG AN","0778755192"
"CÔNG TY TNHH MTV PHÁT THUẬN TÀI","0776730859"
"CÔNG TY TNHH THIẾT KẾ - XÂY DỰNG - TRANG TRÍ NỘI THẤT BÌNH AN","0968705668"
"CÔNG TY TNHH BÁN HÀNG TOÀN CẦU HÀ LINH OFFICIAL","0523493098"
"CÔNG TY CỔ PHẦN DỊCH VỤ ANPARC","0931955225"
"CÔNG TY TNHH PHÁT TRIỂN HÂN PHÚC","0974262036"
"CÔNG TY TNHH THỰC PHẨM BLUE OCEAN","0797001666"
"CÔNG TY TNHH TM VỰA HÀNG HIẾU","0823770203"
"CÔNG TY TNHH SX TMDV TÂN LỘC PHÁT","0898153968"
"CÔNG TY TNHH CS MAILISA","0921352917"
"CÔNG TY TNHH MINALOTT","0888710710"
"CÔNG TY TNHH SX TM TÀI PHÚ","0907067607"
"CÔNG TY TNHH MTV TRUNG XUÂN","0908905535"
"CÔNG TY TNHH MTV TRANSONE GLOBAL","0777030503"
"CÔNG TY TNHH MTV KHÔNG GIAN N&T","0975448705"
"CÔNG TY TNHH CÔNG NGHỆ INTRADIN (VIỆT NAM)","886226989606"
"CÔNG TY TNHH TM DV SAO THÁI BÌNH","0386225124"
"CÔNG TY TNHH ĐT VÀ QUẢN LÝ CHUNG NGHĨA","0974567492"
"CÔNG TY TNHH TMDV XÂY DỰNG VÀ THI CÔNG ĐIỆN HÀ LIỄU","0898298283"
"CÔNG TY TNHH HANSIYA VIỆT NAM","0819941319"
"CÔNG TY TNHH SẢN XUẤT BAO BÌ GUOSHEN","0706669209"
"CÔNG TY TNHH QUỐC ANH INVESTMENT","0973474689"
"CÔNG TY TNHH MTV PHƯỢNG AN PHÁT","0777192737"
"CÔNG TY TNHH TƯ VẤN ĐẦU TƯ XÂY DỰNG PHÚC ÂN","0901310088"
"CÔNG TY TNHH TMDV KINH DOANH KIM LOẠI MÀU HUY THỊNH","0868987883"
"CÔNG TY TNHH KUNSHAN PROTEC SAFETY PRODUCTS","0888340802"
"PHÒNG GIAO DỊCH SỐ 1 KHO BẠC NHÀ NƯỚC KHU VỤC VXII","0723871260"
"CÔNG TY TNHH VẬT LIỆU MỚI XIN DA","0836688690"
"CÔNG TY TNHH CUNG ỨNG NHÂN LỰC XKLD","0567902945"
"CÔNG TY TNHH SẢN XUẤT DỊCH VỤ THƯƠNG MẠI TRẦN DUY","0768956833"
"CÔNG TY TNHH Y DƯỢC SÀI GÒN VẠN PHƯỚC","0986256839"
"CÔNG TY TNHH NGUYỄN HÀ GIA","0896499189"
"CÔNG TY TNHH QUẢN LÝ HOÀNG HOA","0988067494"
"CÔNG TY TRÁCH NHIỆM HỮU HẠN G5 LA","0938988559"
"CÔNG TY TNHH GIA CÔNG MAY GIA PHÚC","0778226709"
"CÔNG TY TNHH CHÂU CHÍ HIẾU","0787857215"
"CÔNG TY TNHH SX TM BAO BÌ PHÚC ĐỨC","0797961868"
"CÔNG TY TNHH SMA CON CƯNG","0523430388"
"CÔNG TY TNHH XUẤT NHẬP KHẨU NÔNG SẢN THIỆN NGÂN","0942419279"
"CÔNG TY TNHH TC ĐẠI MINH","0967292036"
"CÔNG TY TNHH GMT CHÂU THÀNH","0978454409"
"CÔNG TY TNHH CHIKO LONG AN","0937046880"
"CÔNG TY TNHH THƯƠNG MẠI VÀ DỊCH VỤ KIM THIÊN PHÚC","0924568789"
"CÔNG TY TNHH THỂ THAO VÕ THUẬT LIÊN VÕ","0938592451"
"CÔNG TY TNHH THƯƠNG MẠI KÍNH MẮT NHÃ THỊ","0932450766"
"CÔNG TY TNHH PHÁT TRIỂN CÔNG NGHỆ AGW","0332332187"
"CÔNG TY TNHH THƯƠNG MẠI DỊCH VỤ KỸ THUẬT ĐỨC HÒA LONG AN","0903884888"
"TRUNG TÂM NGOẠI NGỮ NHẬT LINH","0377707456"
"CÔNG TY TNHH THƯƠNG MẠI DỊCH VỤ ĐÔNG Y GIA TRUYỀN","0814218740"
"CÔNG TY TNHH TU VAN THVFAST","0898304597"
"CÔNG TY TNHH MỘT THÀNH VIÊN HUY HOÀNG CHÂU THÀNH","0377441573"
"CÔNG TY TNHH DỊCH VỤ KỸ THUẬT VÀ THƯƠNG MẠI GIA HUY PHÁT","0909770550"
"CÔNG TY TNHH CÔNG NGHỆ DAMAONIU","0908929815"
"CÔNG TY TNHH THƯƠNG MẠI ĐẦU TƯ PHÁT TRIỂN MINH TUẤN","0933751720"
"CÔNG TY TNHH DỊCH VỤ CUNG ỨNG MINH THẢO","0911499313"
"CÔNG TY TNHH GIAO NHẬN VẬN TẢI QUỐC TẾ MANZHILIN VIỆT NAM","0962755798"
"CÔNG TY CỔ PHẦN ĐẦU TƯ PHÁT TRIỂN GIÁO DỤC MẶT TRỜI BÉ CON","0778709913"
"CÔNG TY TNHH TMDV VẬN TẢI KIM NHUNG","0706516213"
"CÔNG TY TNHH TMDV ĐỨC HUỆ","0787981747"
"CÔNG TY TNHH ĐẦU TƯ THIẾT KẾ VÀ XÂY DỰNG TIẾN ĐẠT","0779108999"
"CÔNG TY TNHH LUẬT VIỆT TOÀN CẦU","0898296799"
"CÔNG TY TNHH CƠ KHÍ CHẾ TẠO XT LONG AN","0367810252"
"CÔNG TY TNHH DỊCH VỤ VỆ SINH PHAN LONG GIA","07777387390976"
"CÔNG TY TNHH UNIX INTERNATIONAL NO. 100102 LTD","0981064940"
"CÔNG TY TNHH VÀNG BẠC ĐÁ QUÝ VẠN PHÚ","0816150583"
"CÔNG TY TNHH THỰC PHẨM AN LẠC LÀNG SEN","0388052058"
"CÔNG TY TNHH DỊCH VỤ GIẤY TỜ MINH THẮNG","0962957712"
"CÔNG TY TNHH THẢO KHÁNH TÂM","0846265925"
"CÔNG TY TNHH YONG KANG LONG AN","0912610983"
"CÔNG TY TNHH CÔNG TY TNHH MTV XÂY DỰNG VÀ THƯƠNG MẠI LÊ PHÚC","09092977111"
"CÔNG TY TNHH MỘT THÀNH VIÊN LƯƠNG CƯỜNG HƯNG THỊNH","0981898349"
"CÔNG TY TNHH SX TM DV NAM HỒNG TRUNG Á","0814038303"
"CÔNG TY TNHH SUẤT ĂN CÔNG NGHIỆP PHƯƠNG NAM","0876616633"
"CÔNG TY TNHH BỘT SƠN TĨNH ĐIỆN KIM THÀNH PHÁT","0933705377"
"CÔNG TY TNHH DVDT THƯƠNG MẠI BÁCH VIỆT 86","0898590812"
"CÔNG TY TNHH TMDV VẬN TẢI VƯƠNG THỊNH","07699364752"
"CÔNG TY TNHH AGRILIFE JAPAN","0903687052"
"CÔNG TY TNHH TRUYỀN THÔNG GIẢI TRÍ HIỆN ĐẠI MỚI","0988698327"
"CÔNG TY TNHH MTV NĂNG LƯỢNG HỒNG ANH","0907464787"
"CÔNG TY TNHH SƠN HÀ XANH LONG AN","0985120064"
"CÔNG TY TNHH JLJ","0326488719"
"CÔNG TY TNHH THV VAMC79","08990932038"
"CÔNG TY TRÁCH NHIỆM HỮU HẠN VẬT LIỆU POLYMER YINDA","0819111191"
"CÔNG TY TNHH ĐẦU TƯ DỊCH VỤ THƯƠNG MẠI XÂY DỰNG QUỐC DUY","0767048769"
"CÔNG TY TNHH MTV LOGIVIET EXPRESS","0947718255"
"CÔNG TY TNHH TM DV MTV NHÀ HÀNG VƯỜN NGON","0937218731"
"CÔNG TY TNHH TNHH TM DV XNK KIM HOÀNG PHÁT PHÁT","0942442244"
"CÔNG TY TNHH VSA MAILISA","0523465129"
"CÔNG TY CỔ PHẦN ECO RETREAT LAND","0978285688"
"CÔNG TY TNHH DU LỊCH LÊ PHONG","0975592180"
"CÔNG TY TNHH HÓA SINH USA","0766947777"
"CÔNG TY TNHH THƯƠNG MẠI SẢN XUẤT LION THÁI","0896352885"
"CÔNG TY TNHH ĐẦU TƯ XÂY DỰNG THƯƠNG MẠI DỊCH VỤ PHÁT TÀI","0822441460"
"CÔNG TY TNHH CC CON CUNG.KID","0921567553"
"CÔNG TY TNHH TM DV XNK THIÊN THIÊN KIM PHÁT","0949467737"
"CÔNG TY TNHH LEO VN","0907828272"
"CÔNG TY TNHH VI LIÊN HƯNG","0946151672"
"CÔNG TY TNHH TMDV HÀNG HOÁ ĐẠI DƯƠNG XANH","0725332461"
"CÔNG TY TNHH KINH DOANH THƯƠNG MẠI NGUYÊN PHỤ LIỆU HAVACO","0941046783"
"CÔNG TY TNHH TMDV CƠ KHÍ MÁY MÓC DIỆU THÙY VINA","0948578360"
"CÔNG TY TRÁCH NHIỆM HỮU HẠN MINH LỄ","0708803381"
"CÔNG TY TNHH SẢN XUẤT VÀ THƯƠNG MẠI PROSPERITY","0986899325"
"CÔNG TY TNHH TMDV IN ẤN VÀ QUẢNG CÁO NGUYỄN HIỀN","0899404319"
"CÔNG TY TNHH THƯƠNG MẠI DỊCH VỤ TÀI VẬN","0396442676"
"CÔNG TY TNHH DỊCH VỤ THƯƠNG MẠI ĐẦU TƯ LỘC PHÁT","0933751720"
"CÔNG TY TNHH DỊCH VỤ-THƯƠNG MẠI-VẬN TẢI PHÁT ĐẠT","0938176789"
"CÔNG TY TNHH MÔI TRƯỜNG GREEN SPACE TUDA","0903670266"
"CÔNG TY TNHH TỔ CHỨC SỰ KIỆN HƯNG THỊNH L.A","0907963879"
"CÔNG TY TNHH XE NÂNG UNT","0939563233"
"DOANH NGHIỆP TƯ NHÂN TRUNG TÂM NGOẠI NGỮ DUY NGÂN","0983491733"
"CÔNG TY TNHH TK IVY MODA","0336063217"
"CÔNG TY TNHH TMDV GIẤY KHẢI HOÀN","0978737535"
"CÔNG TY TNHH ORGANIC GLOBAL","0987326286"
"CÔNG TY CỔ PHẦN BAO BÌ HƯNG THÀNH - LONG AN","0304507634"
"CÔNG TY TNHH PHÒNG KHÁM PHỤC NGUYÊN","0385660680"
"CÔNG TY TNHH TMDV CELLSS VIỆT NAM","0753284213"
"CÔNG TY TNHH SẢN XUẤT THƯƠNG MẠI DƯƠNG LIỂU","0942548892"
"CÔNG TY TNHH ĐIỆN TỬ GANG QI (VIỆT NAM)","13829213664"
"CÔNG TY TNHH THƯƠNG MẠI VÀ DỊCH VỤ VẬN TẢI - DU LỊCH HOÀNG ANH (HÒA PHÚ)","0917189198"
"CÔNG TY TNHH THIẾT BỊ MÁY MÓC CƠ KHÍ CÔNG NGHIỆP CHÍ THANH LA","08989443811"
"CÔNG TY TNHH TM-DV NAM SƠN STEEL","0839126954"
"CÔNG TY TNHH NGUYÊN PHỤ LIỆU THÚY LOAN","0778473309"
"CÔNG TY TNHH DỊCH VỤ VẬN CHUYỂN TUẤN HIỀN","0778603398"
"CÔNG TY TNHH TMDV XNK AN PHÁT THỊNH","0868555271"
"CÔNG TY TNHH LTV TECH","0379341851"
"CÔNG TY TNHH HUI CHENG CHANG CARPET","0899953113"
"CÔNG TY TNHH TOÀN PHÁT LOGISTICS L.A","0783441441"
"CÔNG TY TNHH MTV VIMEX LOGISTICS","0902100035"
"CÔNG TY TNHH MTV EXIMPRO VIET","0902100035"
"CÔNG TY TNHH DẦU LƯU THIÊN HƯƠNG PHÚ QUỐC","0853347565"
"CÔNG TY TNHH XÂY DỰNG DƯƠNG VŨ","0976527852"
"CÔNG TY TNHH TỔ CHỨC SỰ KIỆN BẠCH KIM LONG AN","0948303939"
"CÔNG TY TNHH TƯ VẤN XÂY DỰNG THƯƠNG MẠI HỒNG PHÚ","0919673037"
"CÔNG TY TNHH MỘT THÀNH VIÊN THƯƠNG MẠI DỊCH VỤ SẢN XUẤT BẢO CHI","0909256308"
"CÔNG TY TNHH TỔNG HỢP THỰC PHẨM SANG THÀNH LỢI","0967231934"
"CÔNG TY TNHH TMDV VIRAL TRAVEL","0896674018"
"CÔNG TY TNHH TM DV NGUYỄN VĂN LỢI","0912914555"
"CÔNG TY TNHH SẢN XUẤT TM - DV VẬN TẢI ĐỊNH HƯNG","0901314789"
"CÔNG TY TNHH THƯƠNG MẠI DỊCH VỤ XÂY DỰNG NGỌC SƠN PHÁT","0901108988"
"CÔNG TY TNHH XÂY DỰNG LẮP ĐẶT NHÀ THÉP HỒNG ÂN STEEL","0908217865"
"CÔNG TY TNHH TMDV CƠ KHÍ NGA LONG VN","0948578361"
"CÔNG TY TNHH CAPSNSTUFF VIỆT NAM","0767205266"
"CÔNG TY TNHH THƯƠNG MẠI- DỊCH VỤ MINH THƯ L.A","0933819484"
"CÔNG TY TNHH THỦ CÔNG MỸ NGHỆ KHẢ TRIỂN (VIỆT NAM)","0988769959"
"CÔNG TY TNHH CÔNG THƯƠNG QUÁN VIỆT VN","0387513333"
"CÔNG TY TRÁCH NHIỆM HỮU HẠN KỸ THUẬT XÂY DỰNG NHẬT MINH - TÂN THẠNH","0916137935"
"CÔNG TY TNHH TMDV TOÀN CẦU ĐẦU TƯ PHÁT TRIỂN VŨ PHÚC MINH","0899287507"
"CÔNG TY TNHH TMDV VẬN TẢI VÀ XÂY DỰNG NGUYỄN TOÀN","0898466792"
"CÔNG TY TNHH XING LONG VIỆT NAM","0356689840"
"CÔNG TY TNHH MTV TM DV NGUYÊN BẢO NH","0935222858"
"CÔNG TY TNHH MTV GIÁO DỤC VÀ PHÁT TRIỂN LINH ANH","0937948109"
"CÔNG TY TNHH THIẾT BỊ KHOA HỌC VÀ DƯỢC PHẨM LABONE","0919990267"
"CÔNG TY TNHH VIETTECH LA","0902160700"
"CÔNG TY TNHH XÂY DỰNG NGUYÊN NGHĨA LONG AN","0914382666"
"CÔNG TY TNHH THANH THUẬN THÀNH","0969503369"
"CÔNG TY TNHH KINH DOANH DỊCH VỤ DŨNG ĐẶNG","0562988473"
"CÔNG TY TNHH TMDV XD VÀ VẬN CHUYỂN ĐÔNG THÀNH","0786941203"
"CÔNG TY TNHH SẢN XUẤT NGŨ KIM UMBOEN VIỆT NAM","0977353459"
"CÔNG TY TNHH NÔNG NGHIỆP PHÚ KHÁNH","0927655412"
"CÔNG TY TNHH HUỲNH NHI LONG AN","0984710620"
"CÔNG TY TNHH DNX TYRE","0862662099"
"CÔNG TY TNHH THU GOM RÁC ĐẠI PHÁT","0938844438"
"CÔNG TY TNHH KINH DOANH PHÁT TRIỂN THÀNH VIỆT","0563813650"
"CÔNG TY TNHH NÔNG SẢN NGUYỄN HOÀNG DŨNG","0862799762"
"CÔNG TY TNHH THIẾT KẾ ĐẦU TƯ XÂY DỰNG TÂN PHÚC THỊNH","0976263260"
"CÔNG TY CỔ PHẦN ĐỨC HÒA LOGISTICS PARK","0985366831"
"CÔNG TY TNHH BẢO VỆ KIM LONG HẢI","0334209647"
"CÔNG TY TNHH SẢN XUẤT THƯƠNG MẠI DỊCH VỤ VÀ VẬN TẢI HÙNG THỊNH","0933751720"
"CÔNG TY TNHH MTV GIÁO DỤC PHÚC HƯƠNG","0907424838"
"CÔNG TY TNHH MỘT THÀNH VIÊN THỂ THAO BÌNH ĐIỀN - LONG AN","072372554470723725566"
"CÔNG TY TNHH KAITHIN VINA","0989216896"
"CÔNG TY TNHH HƯƠNG LIỆU VÀ NGUYÊN LIỆU FECHII VIỆT NAM","0907408925"
"CÔNG TY TNHH BAO BÌ MODERN (VIỆT NAM)","0337585685"
"CÔNG TY TNHH TOÀN THẮNG LOGISTICS L.A","0933232445"
"CÔNG TY TNHH GỖ VÀ NỘI THẤT CƯỜNG PHÁT VINA","0948578222"
"CÔNG TY TNHH ĐỊNH HƯỚNG VÀ PHÁT TRIỂN GIÁO DỤC TRÍ TÍNH","0354172293"
"CÔNG TY CP ECO FACTORY","0983358830"
"CÔNG TY TNHH CƠ KHÍ CHẾ TẠO XÂY DỰNG THƯƠNG MẠI DỊCH VỤ TÂN TRƯỜNG SINH","0914055526"
"CÔNG TY TNHH TRUYỀN THÔNG VÀ QUẢNG CÁO NÉT VIỆT LA","0948578227"
"CÔNG TY TNHH TMDV TUYẾT OANH","0987355145"
"CÔNG TY TNHH SẢN XUẤT MAY MẶC MILAGROS SHUANGCHENG VIETNAM","0931422780"
"CÔNG TY TNHH LỒNG ĐÈN ĐỎ LONG AN","0358284006"
"CÔNG TY TNHH TM DV NGỌC QUẾ ANH","091398897708179889"
"CÔNG TY TNHH CƠ ĐIỆN HỶ PHÚC","09097379370913377"
"CÔNG TY TNHH THƯƠNG MẠI DỊCH VỤ LIN HAN","0988853749"
"CÔNG TY TNHH ĐÔNG TRÍ PHÁT","0981224552"
"CÔNG TY TNHH JINLIHAI INDUSTRIAL","0932641446"
"CÔNG TY TNHH THÀNH VINH NGUYỄN","0817006339"
"CÔNG TY TNHH TMDV PHÁT TRIỂN VÀ ĐẦU TƯ MAY MẶC HOÀNG TRINH","0898889073"
"CÔNG TY TNHH THỰC NGHIỆP ĐÔNG VIỆT","0356885880"
"CÔNG TY TNHH NGOẠI NGỮ MS.HẰNG","0979058803"
"CÔNG TY TNHH THƯƠNG MẠI DỊCH VỤ ĐẠI THẾ GIỚI LA","0328948387"
"CÔNG TY TNHH SX TM LINH KIỆN Ô TÔ MINH PHÁT","0918135693"
"CÔNG TY TNHH THƯƠNG MẠI DỊCH VỤ SWEET HOME LA","0374914749"
"CÔNG TY TNHH TMDV TOÀN CẦU PHÁT TRIỂN MAY MẶC PHẠM THÚY","0898874626"
"CÔNG TY TNHH ĐT XD KIẾN HOÀNG","0944242279"
"CÔNG TY TNHH KINH DOANH VẬN TẢI VÀ XÂY DỰNG HỒ TẤN","0898289026"
"CÔNG TY TNHH VẬT LIỆU COMPOSITE LỰC SÁNG","0932896397970909905"
"CÔNG TY TNHH TMDV XÂY DỰNG CÔNG TRÌNH VÀ VLXD TÔ PHÁT LONG AN","0899075561"
"CÔNG TY TNHH LÂM PHONG ĐỨC HÒA","0913738968"
"CÔNG TY TNHH .MLA","0909184234"
"CÔNG TY TNHH XUẤT NHẬP KHẨU VẬT LIỆU MỚI QUANXING","0328757231"
"CÔNG TY TNHH TM SX DƯỢC MỸ PHẨM HUFAT COS","0931923923"
"CÔNG TY TNHH DỊCH VỤ HP LOGISTICS","0376052051"
"CÔNG TY TNHH BÁCH HÓA TỔNG HỢP QUEEN HOME","0707060201"
"CÔNG TY TNHH SẢN XUẤT THƯƠNG MẠI NTP GROUP","0356938883"
"CÔNG TY TNHH TM DV LÂM ĐỨC LẬP","0383666642"
"CÔNG TY TNHH JIAYUAN","0399539308"
"CÔNG TY CỔ PHẦN TẬP ĐOÀN PHƯỚC THÀNH","0908622614"
"CÔNG TY TNHH ĐẦU TƯ XÂY DỰNG THƯƠNG MẠI DỊCH VỤ ĐOÀN LẮM","0889111131"
"CÔNG TY TNHH LỘC THỦY 04","09029032390"
"CÔNG TY TNHH TMDV KINH DOANH PHỤ TÙNG VÀ CƠ KHÍ XÂY DỰNG PHƯỢNG LÊ","0899323022"
"CÔNG TY TNHH THÊU VI TÍNH JINXIU","0368238803"
"CÔNG TY TNHH ĐẦU TƯ XÂY DỰNG PHÁT TRIỂN BĐS VINFIVE REAL","0911739868"
"CÔNG TY TNHH TMDV PHÁT TRIỂN BAO BÌ VÀ IN ẤN VŨ THỊ","0898407113"
"CÔNG TY TNHH MINH PHÚ 186","0918443362"
"CÔNG TY TNHH TMDV PHÁT TRIỂN VÀ ĐẦU TƯ TOÀN CẦU PHẠM DUNG","0898931350"
"CÔNG TY TNHH ĐIỆN LẠNH CHÂU PHÚ 3","0902952773"
"CÔNG TY TNHH TRUYỀN THÔNG QUẢNG CÁO VÀ SỰ KIỆN KIM ĐẠI PHÁT","0948578228"
"CÔNG TY TNHH SẢN XUẤT MAY ANNA","09171738737"
"CÔNG TY TRÁCH NHIỆM HỮU HẠN TEXLOT TEXTILE","090160386"
"CÔNG TY TNHH MTV TUYẾN NHỰT","080172002524"
"CÔNG TY TNHH CÔNG NGHỆ BAO BÌ KIM LOẠI ZHENG XING","0325949866"
"CÔNG TY TNHH RESEARCH AND DEVELOPMENT","0896964854"
"CÔNG TY TNHH TMDV VIỆT THÀNH NHỰT","0932586930"
"CÔNG TY TNHH TỰ ĐỘNG HOÁ ÁNH DƯƠNG","0389192101"
"CÔNG TY CỔ PHẦN ĐẦU TƯ PHÁT TRIỂN GIÁO DỤC MẶT TRỜI BÉ CON","0778709913"
"CÔNG TY TNHH GAME KIM MICKEY","0961243438"
"CÔNG TY TNHH TMDV THIỆN PHÁT LONG AN","0857345939"
"CÔNG TY TNHH TM BAO BÌ GIẤY TIÊN PHONG","09371799332"
"CÔNG TY TNHH - TƯ VẤN - THIẾT KẾ - THI CÔNG XÂY DỰNG TT","097625959"
"CÔNG TY TNHH TM DV SẮT THÉP XÂY DỰNG VẬN TẢI VŨ TIẾN THẢO","0948578333"
"CÔNG TY TNHH XNK THUỶ SẢN MỘT THÀNH VIÊN GIA KHANG","0907166656"
"CÔNG TY TNHH IEC GLOBAL ACADEMY","0933219999"
"CÔNG TY TNHH SX & DV ĐẠI PHÁT","0326523879"
"CÔNG TY TNHH MTV CÔNG NGHỆ TIÊN TIẾN BARIQ","0886964349"
"CÔNG TY TNHH MTV TM NHƯ Ý","0908585682"
"CÔNG TY TNHH QUẢNG CÁO D1 DESIGN","0764969730"
"CÔNG TY TNHH SẢN XUÂT - XUẤT NHẬP KHẨU QUỐC KHẢI","0918400088"
"CÔNG TY TNHH TM&PP PHÚC KHANG","0368942429"
"CÔNG TY TNHH MỘT THÀNH VIÊN CELLUTANE VIỆT NAM","0723638810"
"CÔNG TY TNHH KIẾN TRÚC XÂY DỰNG MINH QUÂN GROUP","0944405012"
"CÔNG TY TNHH TM ĐT PHỤ TÙNG VIỆT QUANG PHÁT VN","0944756250"
"CÔNG TY TNHH MAY MẶC TRUNG THÀNH","0374846663"
"CÔNG TY TNHH TM DV KIM HẠNH PHÁT","0938817540"
"TRUNG TÂM NGOẠI NGỮ THANH NAM","0792885155"
"CÔNG TY TNHH MTV SX- TM THIÊN BẢO AN","0973139688"
"CÔNG TY TNHH MTV XD TM BDS VINATECH","0907177317"
"CÔNG TY TNHH MIDNIGHT EXPRESS VN","0868186878"
"CÔNG TY TNHH TÂM NGUYỆN","0896701557"
"CÔNG TY TNHH THƯƠNG MẠI EDO","0848307540"
"CÔNG TY TNHH MTV CÁT TƯỜNG PHÚ THÁI","0931334913"
"CÔNG TY TNHH MỘT THÀNH VIÊN NGÔ KHIÊM","0913747661"
"CÔNG TY TNHH TRƯỜNG THÀNH LONG AN","0909989298"
"CÔNG TY TNHH THƯƠNG MẠI DỊCH VỤ VẬN TẢI HOÀNG PHÚC VN","09161331166"
"CÔNG TY TNHH GIÁO DỤC PHÚC VĨNH KHANG","0773990725"
"CÔNG TY TNHH BRIGHT COMMERCE","0382423755"
"CÔNG TY TNHH KINH DOANH VÀNG QUỲNH NGA ĐỨC HOÀ","0967577468"
"CÔNG TY TNHH GSL LA","0915936976"
"CÔNG TY TNHH TMDV NGÂN TRƯỜNG THỊNH","0855144523"
"CÔNG TY TNHH TMDV LOGISTICS THẮNG LỢI","0379598121"
"CÔNG TY CỔ PHẦN TNT TINY HOME","0931794540"
"CÔNG TY TNHH MTV VINH KHÔI - LONG AN","0918439994"
"CÔNG TY TNHH GIÁO DỤC ĐỨC LẬP","0902255917"
"CÔNG TY TNHH TM VÀ XNK ĐẠI THẮNG LA","0862988815"
"CÔNG TY TNHH THỦY LỰC KHÁNH LÂM","0985775454"
"CÔNG TY TNHH SXTMDV ĐẦU TƯ MP","0917500197"
"CÔNG TY TNHH NTS TGDD","0568433805"
"CÔNG TY TNHH TM DV XD CHIÊU ĐẠI PHÁT","0945932838"
"CÔNG TY TNHH TẬP ĐOÀN CHUỖI CUNG ỨNG ESTP","0862710833"
"CÔNG TY TNHH HỌC TỐT 360","0392757642"
"CÔNG TY TNHH XUẤT NHẬP KHẨU NHÔM ĐÔNG PHƯƠNG","0948786061"
"CÔNG TY TNHH CÔNG NGHIỆP NHỰA MINGZHI VIỆT NAM","0392839539"
"CÔNG TY TNHH TMDV TÂN VINH","0867415827"
"CÔNG TY TNHH MTV TRÍ KHANG","0916044382"
"CÔNG TY TNHH NAGAIKI VIỆT NAM","0398075728"
"CÔNG TY TNHH SẢN XUẤT THƯƠNG MẠI DỆT ĐẰNG PHÁT","0973842367"
"CÔNG TY TNHH MTV QUỲNH NGHI","0908494347"
"CÔNG TY TNHH THÉP TIÊN PHONG","0938262664"
"CÔNG TY TNHH SOCIO","0984504707"
"CÔNG TY TNHH TMDV QUỐC TẾ LUXURY","0333957387"
"CÔNG TY TNHH LEO LAB","0977705810"
"CÔNG TY CỔ PHẦN ĐẦU TƯ VÀ XÂY DỰNG PHÚ THẮNG LONG AN","0918290508"
"CÔNG TY TNHH CO VAN TAM AN","0866180613"
"CÔNG TY TNHH TMDV THOI TRANG YD","0869393824"
"TRUNG TÂM NGOẠI NGỮ THANH HIẾU LÊ","0989327201"
"CÔNG TY TNHH VIHATECH INTERNATIONAL","0919197338"
"CÔNG TY TNHH ĐÀO TẠO VÀ PHÁT TRIỂN NHÂN TÀI TRẺ","0395855338"
"CÔNG TY TNHH SẢN XUẤT THƯƠNG MẠI IN THỊNH GIA PHÁT","0934159239"
"CÔNG TY TNHH XIANGYE","0988555751"
"CÔNG TY TNHH SX V&K","0938335070"
"CÔNG TY TNHH THƯƠNG MẠI CHANG SHENG","0769660370"
"CÔNG TY TNHH THỦY SẢN LÂM THỊNH","0918177134"
"CÔNG TY TNHH ẨM THỰC BA ANH EM","0368112168"
"CÔNG TY TNHH XÂY DỰNG VÀ THƯƠNG MẠI TOÀN HƯNG PHÁT","0938694817"
"CÔNG TY TNHH TMDV PHÁT TRIỂN VÀ ĐẦU TƯ THẠCH PHÁT","0896042330"
"CÔNG TY TNHH NÔNG SẢN HƯNG ĐẠT","0974474825"
"CÔNG TY TNHH HT LONG AN","09098323671"
"CÔNG TY TNHH SẢN XUẤT THƯƠNG MẠI HÀ HUỲNH","0989220608"
"CÔNG TY TNHH DỆT MAY TRƯỜNG MINH","0904055337"
"CÔNG TY TNHH TMDV CƠ KHÍ MÁY MÓC QUANG KHẢI PHÁT","0948578223"
"CÔNG TY TNHH THIẾT BỊ ĐẰNG PHÁT","0328262142"
"CÔNG TY TNHH SÀN GIAO DỊCH BẤT ĐỘNG SẢN SOUTHGATE","0913488933"
"CÔNG TY TNHH TMDV GAS LINKS","0983406706"
"CÔNG TY TNHH TMDV ĐẦU TƯ TOÀN CẦU KINH DOANH PHÚ QUÝ","0896951300"
"CÔNG TY CỔ PHẦN THƯƠNG MẠI ENZYME VIỆT NAM","0971464047"
"CÔNG TY TRÁCH NHIỆM HỮU HẠN THƯƠNG MẠI DỊCH VỤ NGUYỄN NHI LONG AN","0888560950"
"CÔNG TY TNHH SX TM CƯỜNG PHÁT THÀNH AN","0935550111"
"CÔNG TY TNHH THƯƠNG MẠI DỊCH VỤ THANH BÌNH LUCKY","0907467394"
"CÔNG TY TNHH TM DV HÂN AN PHÁT","0366291445"
"CÔNG TY TNHH YUE SHENG KE JI","0988864479"
"CÔNG TY TNHH CHY VIỆT NAM","886972171155"
"CÔNG TY TNHH TSC MAILISA","0708977762"
"CÔNG TY TNHH MTV DỊCH VỤ CUNG CẤP SUẤT ĂN CÔNG NGHIỆP SAO VIỆT","0362726887"
"CÔNG TY TNHH TM MELANAI VN","0775913076"
"CÔNG TY TNHH KINH DOANH ĐẦU TƯ KHANG LONG AN","0768937217"
"CÔNG TY TNHH MỘT THÀNH VIÊN NHỰA LONG AN","035801009"
"CÔNG TY TNHH SX TM HOÀNG DIỆP ANH","0989404601"
"CÔNG TY TNHH THƯƠNG MẠI ĐẦU TƯ PHÁT TRIỂN XÂY DỰNG DIC","0929943754"
"CÔNG TY TNHH KHOAN GIẾNG TẤN ĐẠT","0938284349"
"CÔNG TY TNHH VÀNG BẠC ĐÁ QUÝ KIM PHÁT LONG AN","0964937505"
"CÔNG TY TNHH BỒI DƯỠNG GIÁO DỤC TRÍ ĐỨC EDUCATION","09637837192"
"CÔNG TY CỔ PHẦN SẢN XUẤT ECOFUTURE","0907055880"
"CÔNG TY TNHH SPARK FOAMTECH ENTERPRISE","0966975622"
"CÔNG TY TNHH SHINETEX VIỆT NAM","0353134943"
"CÔNG TY TNHH ĐIỆN LẠNH HMY","0356706176"
"CÔNG TY TNHH VẬN TẢI HƯNG THỊNH PHÁT L.A","0901649898"
"CÔNG TY TNHH PCCC ĐỨC HÒA","0965966114"
"CÔNG TY TNHH THƯƠNG MẠI SẢN XUẤT TRUNG ĐỨC","09032665832"
"CÔNG TY TNHH MINH HIẾU THÔNG","0936145472"
"CÔNG TY TNHH THUẬN PHÁT FUTURE","0919528779"
"CÔNG TY TNHH SẢN XUẤT THƯƠNG MẠI XUẤT NHẬP KHẨU BAO BÌ XANH","0908195213"
"CÔNG TY TNHH NỘI THẤT B.Y.F","0797888399"
"CÔNG TY TNHH XÂY DỰNG TRỌN GÓI AN HUY","0937285369"
"CÔNG TY TNHH SẢN XUẤT THƯƠNG MẠI HƯNG CƯỜNG THỊNH","0903954538"
"CÔNG TY TNHH SAN LẤP HOÀNG ĐÔNG","0943135337"
"CÔNG TY TNHH NGỌC HUỆ L.A","0961035939"
"CÔNG TY TNHH THANH AN PHÁT TÂN AN","0916955600"
"CÔNG TY TNHH MTV GIÁO DỤC PHÚC HƯƠNG","0907424838"
"CÔNG TY TNHH CÔNG NGHỆ YUAN DONG (VIỆT NAM)","0918872638"
"CÔNG TY TNHH GERMANY FARM","0907823283"
"CÔNG TY TNHH TRANMERE OIL TERMINAL","0813680327"
"CÔNG TY TNHH THƯƠNG MẠI DỊCH VỤ PHÂN PHỐI THANH THƯ","0977131420"
"CÔNG TY TNHH TERRA CHEMICAL","0337149389"
"CÔNG TY TNHH NGHỆ THUẬT TỔNG HỢP ƯỚC MƠ XANH","0383893152"
"CÔNG TY TNHH SX TM DV HUY HẢI","0839777999"
"CÔNG TY TNHH THƯƠNG MẠI SẮT THÉP HIẾU NGHĨA PLUS","0923567476"
"CÔNG TY TNHH TMDV VẬN CHUYỂN THÀNH LONG","0778963225"
"CÔNG TY TNHH KHÁNH VŨ EDUCATION","0377122966"
"CÔNG TY TNHH TM MỸ THUẬT NÉT CỌ XINH","0903915836"
"CÔNG TY TNHH ĐẠI HOÀNG PHÁT HR","0932694827"
"CÔNG TY TNHH THƯƠNG MẠI XÂY DỰNG ĐỨC TRUNG VH","0378983219"
"CÔNG TY TNHH MTV KAISUI MAREN VIỆT NAM","09082679130"
"CÔNG TY TNHH TƯ VẤN TỔNG HỢP LONG KHANG ĐAN","0904738213"
"CÔNG TY TNHH ĐẦU TƯ XÂY DỰNG PHÚ KHẢI","09032815605"
"CÔNG TY TNHH THƯƠNG MẠI DỊCH VỤ XE NÂNG HT","0972177740"
"CÔNG TY TNHH MTV ADAMJEE LUKMANJEE","0824235453"
"CÔNG TY TNHH HÀ TRÚC AN VY","0829713979"
"CÔNG TY TNHH TM DV XÂY DỰNG THÀNH ĐẠT","09666789"
"CÔNG TY TNHH TPSV CONCUNG","0707056381"
"CÔNG TY TNHH XUẤT NHẬP KHẨU GREENWAVE","0903703147"
"CÔNG TY TNHH TM & DV WNMART","0936407593"
"CÔNG TY TNHH NHỰA NGŨ KIM AODEMI","0931258925"
"CÔNG TY TNHH THƯƠNG MẠI XNK ÁNH VIỆT","0777061156"
"CÔNG TY TNHH KACISHOP99","0833714228"
"CÔNG TY TNHH THƯƠNG MẠI LIBRE","0379612560"
"CÔNG TY TNHH DV THƯƠNG MẠI LÊ VĂN VIỆT","0562684106"
"CÔNG TY TNHH ĐIỆN CƠ TQC","0986680095"
"CÔNG TY TNHH MTV NIÊN HƯƠNG","0937362454"
"CÔNG TY TNHH PT CHÁNH TÍN","0778676767"
"CÔNG TY TNHH DV TM VIỆT THẮNG LONG AN","0908466975"
"CÔNG TY CỔ PHẦN THƯƠNG MẠI DỊCH VỤ MỸ KIM GLOBAL","0983678909"
"CÔNG TY TNHH XUYÊN PHẠM","0366484857"
"CÔNG TY TNHH MTV ĐỨC VY PHÁT","0968636090"
"CÔNG TY TNHH THƯƠNG MẠI VÀ XÂY DỰNG ĐẠI PHÁT ĐH","0852914778"
"CÔNG TY TNHH TMDV SX MINH DƯƠNG","0909350357"
"CÔNG TY TNHH MAY NHÃ TRI","0898478960"
"CÔNG TY TNHH TUẤN THẮNG ĐH","09691858870869450"
"CÔNG TY TNHH TM - DV - CƠ KHÍ MINH PHÁT ĐẠT","0976996713"
"CÔNG TY TNHH MTV GIÁO DỤC THANH TÂN PHÁT","0812358479"
"CÔNG TY TNHH SẢN XUẤT THỰC PHẨM NẤM LIÊN HOA","035257771717"
"CÔNG TY TNHH SẢN XUẤT NHỰA QUÂN THÀNH","0908013685"
"CÔNG TY TNHH TM DV VẬT LIỆU CHỊU NHIỆT NGÂN HÀ","0913917695"
"CÔNG TY TNHH TMDV VẬN TẢI - XÂY DỰNG HOÀNG YẾN","0975859757"
"CÔNG TY TNHH KINH DOANH VÀ PHÁT TRIỂN ÁNH DƯƠNG","0904809552"
"CÔNG TY TNHH THƯƠNG MẠI PHÂN BÓN XNK THẢO THANH","0909200778"
"CÔNG TY TNHH TM DV VẬN TẢI ĐẶNG NGỌC QUÝ","0937632033"
"CÔNG TY TNHH MTV NGUYỄN TRẦN BẢO TOÀN","0966622266"
"CÔNG TY TNHH MAI PHÚC L.A","0942438737"
"CÔNG TY TRÁCH NHIỆM HỮU HẠN SHENG LIN","0961747313"
"CÔNG TY CỔ PHẦN TẬP ĐOÀN BIG VIỆT NAM","0968011699"
"CÔNG TY TNHH ỨNG DỤNG TÂM LÝ VÀ CAN THIỆP SỚM GÓC NHÀ KIẾN","0762568629"
"HỢP TÁC XÃ NÔNG NGHIỆP DỊCH VỤ MỸ QUÝ ĐÔNG","0367664969"
"CÔNG TY TNHH SẢN XUẤT THƯƠNG MẠI KIM PHÁT ALUMINIUM","0819797978"
"CÔNG TY TNHH CƠ KHÍ NGUYỄN NGỌC HIỀN","0937135172"
"CÔNG TY TNHH DỊCH VỤ VẬN TẢI THUẬN THẢO","0917446576"
"CÔNG TY TNHH XÂY DỰNG MỘT THÀNH VIÊN NAM PHAN VN","0705393649"
"CÔNG TY TNHH XÂY DỰNG GIA THÀNH LONG AN","0986743481"
"CÔNG TY TNHH CHẾ PHẨM NHỰA NGŨ KIM DELI","0974732133"
"CÔNG TY TNHH SẢN XUẤT THƯƠNG MẠI TÂN HIỆP PHÁT","0866183799"
"CÔNG TY TNHH PHÁT TRIỂN THƯƠNG MẠI TÂN THUẬN AN","0938869717"
"CÔNG TY TNHH THƯƠNG MẠI, XNK AN NAM","0918606999"
"CÔNG TY TNHH SOLARI BEV","035445461"
"CÔNG TY CỔ PHẦN MAXX4 VIỆT NAM","0903366927"
"CÔNG TY TNHH SẢN XUẤT THƯƠNG MẠI HÀO MÔN","0903748644"
"CÔNG TY TNHH THIẾT KẾ VÀ XÂY DỰNG ARCHIPRO","0788988999"
"CÔNG TY TNHH THƯƠNG MẠI SẢN XUẤT VẬT LIỆU GIÀY VIỆT TINH III","0777875835"
"CÔNG TY TNHH THƯƠNG MẠI XNK PHÂN BÓN BẢO KHANG","0909200778"
"CÔNG TY TNHH HỌC VIỆN TRÍ THỨC","0911921313"
"CÔNG TY TNHH DỆT SỢI HE LI","0918263780709377680"
"CÔNG TY TNHH TIÊU THẢO QUYÊN","0838333717"
"CÔNG TY TNHH ĐẦU TƯ KIM QUANG PHÁT","0988544665"
"CÔNG TY TNHH TMDV HOÀNG LUỸ","0909981453"
"CÔNG TY TNHH DV BẢO VỆ BÌNH AN VN 24H","0964378879"
"CÔNG TY TNHH MTV TTHCM","0918691828"
"CÔNG TY TNHH ĐẦU TƯ PHÁT TRIỂN HOÀNG TÂN","09321066918"
"CÔNG TY TNHH DỊCH VỤ TRẦN BẢO","0385749606"
"CÔNG TY CỔ PHẦN SEAL AND INDUSTRIAL ACCESSORIES LONG AN","0964879261"
"CÔNG TY TNHH MTV HIỀN MINH KHÔI","0938803673"
"CÔNG TY TNHH KỸ THUẬT CÔNG NGHỆ WIN","0703863735"
"CÔNG TY TNHH CHẤT PHỤ TRỢ BỔN HỢP","0367936002"
"CÔNG TY TNHH TMDV THÀNH CHÂU","0934978243"
"CÔNG TY TNHH TMDV TIÊN THUỶ","093426789"
"CÔNG TY TNHH TMDV HOÀNG MINH HOA","0909362541"
"CÔNG TY TNHH DESHINE VIỆT NAM","0777586418"
"CÔNG TY TNHH CÒN CÒN CỨNG","0567782981"
"TRƯỜNG MẦM NON SƠN CA","0337702079"
"CÔNG TY TNHH TMDV SX THÁI NGUYỄN TUẤN","0918021045"
"CÔNG TY TNHH PHÂN BÓN HÓA CHẤT DẦU KHÍ VIỆT NAM","0902892279"
"CÔNG TY TNHH THƯƠNG MẠI DỊCH VỤ SẢN XUẤT TÍN KIM LOAN","0383109245"
"CÔNG TY TNHH THƯƠNG MẠI DỊCH VỤ SẢN XUẤT THẠCH ĐOÀN KHÔI","0902121245"
"CÔNG TY TNHH TM DV ĐINH HOÀNG TUẤN","0911225115"
"CÔNG TY TNHH THƯƠNG MẠI ĐIỆN TỬ LONG HƯƠNG","0934349194"
"CÔNG TY TNHH BUÔN BÁN THIẾT BỊ ĐIỆN XUÂN HƯNG LA","0797353418"
"CÔNG TY TNHH ĐẦU TƯ VÀ PHÁT TRIỂN NGỌC QUANG LA","0768937217"
"TRUNG TÂM CHĂM SÓC, NUÔI DƯỠNG VÀ GIÁO DỤC TRẺ EM MỒ CÔI HUYỆN CẦN GIUỘC","0902548315"
"CÔNG TY TNHH BAO BÌ ZIRI VIỆT NAM","0328869211"
"CÔNG TY TNHH KINH DOANH VẬT LIỆU XÂY DỰNG NGỌC PHÁT","0376169884"
"CÔNG TY TNHH QUÁN NHẤT LONG AN","0909351998"
"DNTN KHÁCH SẠN MINH HẢI YẾN","0908744199"
"CÔNG TY TNHH THƯƠNG MẠI VÀ DỊCH VỤ BẰNG QUYÊN","0707563079"
"CÔNG TY TNHH CÔNG NGHỆ ĐIỆN TỬ LONG TƯỜNG","0903941033"
"CÔNG TY TNHH MTV ÁNH MINH LA","0939678149"
"CÔNG TY CỔ PHẦN Y KHOA SÀI GÒN Y DƯỢC TÂN THẠNH","0824050115"
"CÔNG TY CỔ PHẦN TRUSOIL VIETNAM","0982010575"
"CÔNG TY TNHH HONG YE VIETNAM","0345366529"
"CÔNG TY TNHH XÂY DỰNG DỊCH VỤ THƯƠNG MẠI SG TÂN PHÚC","0964493661"
"CÔNG TY TNHH MTV GIÁO DỤC HOA ĐĂNG","03722913832"
"CÔNG TY TNHH DV THƯƠNG MẠI ĐT BÙI VÂN","0562542216"
"CÔNG TY TNHH MTV SANTRA","0963163664"
"CÔNG TY TNHH SẢN XUẤT THƯƠNNG MẠI THAN SẠCH VIỆT","0901368048"
"CÔNG TY TNHH TMDV SX THỊ NHUNG","0562545106"
"CÔNG TY TNHH ĐẦU TƯ THƯƠNG MẠI DỊCH VỤ LAGI LONG AN","0947626962"
"CÔNG TY TNHH ĐTXD CÔNG VINH VH","0846453789"
"CÔNG TY TNHH HOA TƯƠI NGỌC THÚY","0937362454"
"CÔNG TY TNHH MTV THỰC PHẨM SÀI GÒN - LONG AN","0859291252"
"CÔNG TY TNHH THƯƠNG MẠI DỊCH VỤ XUẤT NHẬP KHẨU HỒNG HÀO","0868059836"
"CÔNG TY TNHH BA LÔ TÚI XÁCH THANH NGÂN","038326093"
"CÔNG TY TNHH TIKEN","0929888338"
"CÔNG TY TNHH CHẾ BIẾN SẢN XUẤT & THƯƠNG MẠI XNK FLAVOR FOOD","0988477949"
"CÔNG TY TNHH TAN TIEN DAT NEW ENERGY ( VIET NAM )","0972905802"
"CÔNG TY TNHH THÉP QUỐC ANH LONG AN","0981150583"
"CÔNG TY CỔ PHẦN CÔNG NGHỆ NNP GROUP","0918498369"
"CÔNG TY TNHH THƯƠNG MẠI XUẤT NHẬP KHẨU VIỆT - TRUNG - INDO","0779185493"
"CÔNG TY TNHH XÂY DỰNG SẢN XUẤT - DỊCH VỤ - THƯƠNG MẠI GIA LỘC","0937872566"
"CÔNG TY TNHH BẤT ĐỘNG SẢN VÀ XÂY DỰNG NHỰT KHANG","0985717651"
"CÔNG TY TNHH TRUNG QUÂN LONG AN","0909499544"
"CÔNG TY TNHH HƯNG TRƯỜNG THỊNH PHÁT","0937484464"
"CÔNG TY TNHH SX VÀ TM VĂN LỘC PHÁT","0986698530"
"CÔNG TY TNHH TM & DV SX KIM LOAN","09328593002"
"CÔNG TY TNHH THÁI THUẬN ĐỨC HUỆ","0971584316"
"CÔNG TY CỔ PHẦN NHỰA POLYEVA","0975480688"
"CÔNG TY TNHH MỘT THÀNH VIÊN BÌNH ẮC QUY HOÀNG VŨ","0913158448"
"CÔNG TY TNHH CAOCAP CONCUNG","0563253823"
"CÔNG TY TNHH THƯƠNG MẠI DỊCH VỤ NT 77","0938517777"
"CÔNG TY TNHH TƯ VẤN THIẾT KẾ XÂY DỰNG BELLA","0932872757"
"CÔNG TY TNHH DƯỢC PHẨM MINH LOAN","0938995529"
"CÔNG TY TNHH XÂY DỰNG CÔNG TRÌNH DÂN DỤNG HẠ TẦNG LONG AN","0398886563"
"CÔNG TY TNHH YUKO SÀI GÒN","0966719838"
"CÔNG TY CỔ PHẦN VẬT LIỆU XÂY DỰNG THANH PHÚC LA","0949464534"
"CÔNG TY TNHH CÔNG NGHỆ PHẦN CỨNG WETECH (VIỆT NAM)","8613605732096"
"CÔNG TY TNHH MERIDIAN HY VIỆT NAM","0765586838"
"CÔNG TY TNHH MỘT THÀNH VIÊN THƯƠNG MẠI DỊCH VỤ TƯỜNG DUỆ","0376337897"
"CÔNG TY TNHH MTV THƯƠNG MẠI HUỆ QUÂN","0937368279"
"CÔNG TY TNHH TMDV ĐT VŨ HUYỀN TRANG","0562654359"
"CÔNG TY TNHH MTV MASSAN INDUSTRY VIỆT NAM","0375656417"
"CÔNG TY TNHH GIÁO DỤC ĐÀO TẠO VYN.EDU","0943541467"
"CÔNG TY TNHH TMDV SẢN XUẤT HOÀNG BẢO THU","0562351986"
"CÔNG TY TNHH GAME KIM MICKEY","0961243438"
"CÔNG TY TNHH DỊCH VỤ THƯƠNG MẠI SX THU THANH","0562031849"
"CÔNG TY TNHH NGUYÊN VẬT LIỆU MỚI COLORTECH (VIỆT NAM)","0983650551"
"CÔNG TY TNHH PI PROHOME VIỆT NAM","0855757878"
"CÔNG TY TNHH SƠN TĨNH ĐIỆN THẮNG LỢI LONG AN","09318633298"
"CÔNG TY TNHH DỆT MAY GIA DỤNG RONGSHENG VIỆT NAM","0969031304"
"CÔNG TY TNHH THƯƠNG MẠI DV SẢN XUẤT MỘNG CẦM","0562733148"
"CÔNG TY TNHH TM DV HỒ QUỲNH HƯƠNG","0915661584"
"CÔNG TY TNHH MAY TÚI XÁCH THÀNH TÂM","0906294297"
"CÔNG TY TNHH ANH KHANG CAD","0564470786"
"CÔNG TY TNHH XÂY DỰNG - DỊCH VỤ - THƯƠNG MẠI HỒ HUỲNH HOÀNG THÁI","0352179334"
"CÔNG TY TNHH THƯƠNG MẠI DỊCH VỤ XÂY DỰNG NHÀ ĐẤT VẠN PHÁT","0909928910"
"CÔNG TY TNHH CƠ KHÍ TỔNG HỢP MINH QUÂN","0922826568"
"CÔNG TY TNHH SX-XNK VINH THỊNH","0708598002"
"CÔNG TY TNHH ĐIỆN MÁY MIỀN TÂY - LONG AN","0866868385"
"CÔNG TY TNHH HOA TƯƠI KHÁNH CHÂU","0937362454"
"CÔNG TY TNHH TƯ VẤN XÂY DỰNG NGỌC AN NHI","0328614627"
"CÔNG TY TNHH XÂY DỰNG TÂN MỸ PHÁT","09721018854"
"CÔNG TY TNHH MỘT THÀNH VIÊN THƯƠNG MẠI DỊCH VỤ HẠNH THI KT","0918128707"
"CÔNG TY TNHH KINH DOANH VLXD HỒNG THỊNH","0908993953"
"CÔNG TY TNHH LAGARDEN","0902345565"
"CÔNG TY TNHH THƯƠNG MẠI DV SẢN XUẤT TRẦN VĂN HÒA","0562333585"
"CÔNG TY TNHH NGUYỄN CHƯƠNG L.A","0913874753"
"CÔNG TY TNHH PHÒNG KHÁM ĐA KHOA Y DƯỢC THÀNH PHỐ","0938102188"
"CÔNG TY TNHH TM&DV SẢN XUẤT THỦY NGUYÊN","0562971479"
"CÔNG TY TNHH XUẤT NHẬP KHẨU GIA NGHĨA","0922382421"
"CÔNG TY TNHH BỜM AUDI 99","0372625513"
"CÔNG TY TNHH DV-TM NAM HỒNG PHÁT F","0966669477"
"CÔNG TY TNHH XÂY DỰNG TÍN NGUYỄN","0943391339"
"CÔNG TY TNHH IN NHÃN BAO BÌ TP VINA","0984050139"
"CÔNG TY CỔ PHẦN H-THACO","0911524566"
"CÔNG TY TNHH THIẾT KẾ XÂY DỰNG VÀ THƯƠNG MẠI PHƯỚC HƯNG THỊNH","0908512753"
"CÔNG TY TNHH ĐẦU TƯ PHÁT TRIỂN QUỐC VƯƠNG","0919124466"
"CÔNG TY TNHH THƯƠNG MẠI SẢN XUẤT ĐẠI LỢI THỊNH","0933558833"
"CÔNG TY TNHH SQUID LOCKER LABEL EVANS","0903341483"
"CÔNG TY TNHH YAOMING GIFT VN","0085230697644"
"CÔNG TY TNHH VẠN PHƯỚC VIỆT NAM","0723765588"
"CÔNG TY TNHH LAFRANCE VIỆT NAM","09032192269"
"CÔNG TY TNHH WANNING (VIỆT NAM)","0908369736"
"CÔNG TY TNHH AMPHENOL RF VIỆT NAM","85226992663"
"CÔNG TY TNHH NHÀ HÀNG HUYNH ĐỆ LONG AN","0358612906"
"CÔNG TY TNHH ĐÀO TẠO VÀ KIỂM ĐỊNH AN TOÀN AN ĐỊNH","0937135684"
"CÔNG TY TNHH TRỌNG NHÂN TÂN LONG","0919002281"
"CÔNG TY TNHH THỰC PHẨM NGHĨA TÍN","0357878450"
"CÔNG TY TNHH NHỰA TÂN HÙNG ĐỨC","0792810000"
"CÔNG TY TNHH IN ẤN THIẾT KẾ BAO BÌ LONG PHÚ","0373347447"
"CÔNG TY TNHH NHỰA VU TRÂN","0903984419"
"CÔNG TY TNHH THƯƠNG MẠI XÂY DỰNG QUỐC VINH","0359092219"
"CÔNG TY TNHH PHÁT TRIỂN NÔNG NGHIỆP ROSANO","0868767688"
"CÔNG TY TNHH MTV PHẠM ÚT TIẾN","0917427277"
"CÔNG TY TNHH DỆT MAY TOÀN PHÁT","0986401616"
"CÔNG TY TNHH MTV CỬU LONG XANH","0793446229"
"CÔNG TY TNHH SẢN XUẤT THƯƠNG MẠI XUẤT NHẬP KHẨU HẢI KIM HÀ","0903941033"
"CÔNG TY TNHH MỘT THÀNH VIÊN ĐÀO TẠO NGOẠI NGỮ NGHỀ BÁ LỘC ITECH","0528811808"
"CÔNG TY TNHH THƯƠNG MẠI DỊCH VỤ ĐIỆN TỬ XĂNG DẦU P.L.A","0878882787"
"CÔNG TY TNHH TM - DV PHẠM NGỌC ĐIỆP","0983464144"
"CÔNG TY TNHH SOFTWARE SKYVIET","0933186166"
"DOANH NGHIỆP TƯ NHÂN KIỀU ĐẶNG TẤN PHÁT","093986641"
"CÔNG TY CP THƯƠNG MẠI XUẤT NHẬP KHẨU NÔNG SẢN CHĂN NUÔI TÂN HƯNG","0792246222"
"CÔNG TY TNHH VẬN CHUYỂN THIÊN VY","0945555568"
"CÔNG TY TNHH SẢN XUẤT THƯƠNG MẠI DỊCH VỤ PROSPY","0335248435"
"CÔNG TY TNHH HUE YU","0984644939"
"CÔNG TY TNHH BẢO BẢO NGỌC LONG AN","0867925326"
"CÔNG TY TNHH THIẾT KẾ XÂY DỰNG THƯƠNG MẠI DỊCH VỤ NƯƠNG GIA","0919102922"
"CÔNG TY TNHH HENAN DUSE MACHINERY","0398801281"
"CÔNG TY TNHH TƯ VẤN VÀ DỊCH THUẬT AN LUẬT","0342277109"
"CÔNG TY TNHH KỸ THUẬT SILIC XANH","0944179279"
"CÔNG TY TNHH THƯƠNG MẠI DỊCH VỤ XUẤT NHẬP KHẨU LÊ THANH SƠN","0855608723"
"CÔNG TY TNHH BAO BÌ SUNNY","0386838301"
"CÔNG TY TNHH SUN GREEN LONG AN","0969813778"
"CÔNG TY TNHH VAN MACHINERY","0904087103"
"CÔNG TY TNHH XI MẠ HÙNG CƯỜNG","0932299112"
"CÔNG TY TNHH THƯƠNG MẠI - DỊCH VỤ MÔI TRƯỜNG NAM KHÁNH","0973799218"
"CÔNG TY TNHH KỸ THUẬT NÔNG NGHIỆP THÀNH ĐẠT","0797458136"
"CÔNG TY TNHH NGUYÊN VẬT LIỆU MỚI JUHUA","0359214016"
"CÔNG TY TNHH MEATDELI SÀI GÒN","0901845752"
"CÔNG TY TNHH SẢN XUẤT TỔNG HỢP TIẾN PHÁT","0335338455"
"CÔNG TY TNHH LÊ QUANG VINH L.A","0846165087"
"CÔNG TY TNHH SẢN XUẤT VÀ THƯƠNG MẠI TÂN ĐẠI TÍN T&T","0902594596"
"CÔNG TY TNHH THƯƠNG MẠI ĐIỆN TỬ VIỄN THÔNG HÒA PHÁT","0778211392"
"CÔNG TY TNHH MARUKAKU","0967778832"
"CÔNG TY TNHH HONG HAI VIỆT NAM","0917407806"
"CÔNG TY TNHH SẢN XUẤT THƯƠNG MẠI TỔNG HỢP ĐỆ NHẤT","0902538396"
"CÔNG TY TRÁCH NHIỆM HỮU HẠN SẢN XUẤT - THƯƠNG MẠI BẢO MINH BMG","0983909848"
"CÔNG TY TNHH VÕ MINH STAUNTON","0332445956"
"CÔNG TY TNHH SẢN XUẤT KINH DOANH HUA SHUN","0359245350"
"CÔNG TY TNHH NÔNG NGHIỆP TẬP ĐOÀN TM USA","0369555272"
"CÔNG TY CỔ PHẦN XÂY DỰNG 6263","0796527604"
"CÔNG TY TNHH SẢN PHẨM DỆT MAY XIAN SI","0963595015"
"CÔNG TY TNHH DV HOÀNG LONG PHI","0334916552"
"CÔNG TY TNHH MAY GIA CÔNG ĐỨC TRÍ","0945602662"
"CÔNG TY TNHH FURATON HOTEL","0984198922"
"CÔNG TY TNHH THƯƠNG MẠI ĐẦU TƯ CƯỜNG THỊNH VN","0869137844"
"CÔNG TY TNHH MINH NGÂN RICKMAN","033244595"
"CÔNG TY TNHH WASH JEANS VIỆT NAM ĐỨC LẬP HẠ","090334201"
"CÔNG TY TNHH NHUỘM THUẬN KIỀU","0375044956"
"CÔNG TY TNHH ĐẦU TƯ TM VÀ CUNG ỨNG NHÂN LỰC HỢP LỰC","0896368982"
"CÔNG TY TNHH DỊCH VỤ NHA KHOA THIỆN TÂM LAB","0933399130"
"CÔNG TY TNHH SX TM DV CƠ KHÍ & XÂY DỰNG NGUYỄN HOÀNG NHÂN","0938580397"
"CÔNG TY TNHH TMDV BAN MAI GROUP","0704416902"
"CÔNG TY TNHH SX CAO CAP HANG DU MUC","0338379803"
"CÔNG TY TNHH MỘT THÀNH VIÊN THƯƠNG MẠI VÀ DỊCH VỤ V2W","0986284846"
"CÔNG TY TNHH MAY GIA CÔNG THU TUYỀN","0902699474"
"CÔNG TY TNHH THƯƠNG MẠI DỊCH VỤ XĂNG DẦU CHÂU NGỌC TÂM","0707115551"
"CÔNG TY TNHH MTV SX TM DV TRÍ DŨNG","0967379947"
"CÔNG TY TNHH TMDV BẦU TRỜI SAO","0703324584"
"CÔNG TY TNHH SHOEFABRIK MANUFACTURING VN","84967818427"
"CÔNG TY TNHH THƯƠNG MẠI DỊCH VỤ PHÁT TRIỂN LƯƠNG GIA","0765797654"
"CÔNG TY TNHH MTV LGF","0938388088"
"CÔNG TY TNHH TM VÀ ĐT ĐOÀN THIỆN","097503559"
"CÔNG TY TNHH MỘT THÀNH VIÊN XUÂT NHẬP KHẨU THƯƠNG MẠI DỊCH VỤ THIÊN ÂN LA","0908986272"
"CÔNG TY TNHH XNK NÔNG SẢN MPT","0961363954"
"CÔNG TY TNHH THƯƠNG MẠI DỊCH VỤ LÝ QUÂN","0777710710"
"CÔNG TY TNHH THIÊN THÀNH HAIMERIC","0933639343"
"CÔNG TY TNHH TM DV VÕ THANH HẢI BẾN LỨC","0586832961"
"CÔNG TY TNHH THƯƠNG MẠI DỊCH VỤ XNK TÍN VIỆT","0568505286"
"CÔNG TY TNHH ĐẦU TƯ THƯƠNG MẠI DỊCH VỤ ANH KỲ","0946411060"
"CÔNG TY TNHH HỒNG THÁI NGỌC","09422770440931215"
"CÔNG TY TNHH FRONTIER BRANDS VIỆT NAM","09161504670"
"CÔNG TY TNHH TMDV XD & VLXD TÂN NAM PHÁT","0392675389"
"CÔNG TY TNHH TMDV EXPRESS QUICK","0703324584"
"CÔNG TY CỔ PHẦN TRUE CARE VIỆT NAM","0902383380"
"CÔNG TY TNHH DỊCH VỤ TƯ VẤN ACF","0878473737"
"CÔNG TY TNHH PHÂN PHỐI THIẾT BỊ ĐIỆN ĐỨC HÒA","0966333370"
"CÔNG TY TNHH SẢN XUẤT KINH DOANH NHỰA LẠC TRUNG","0977366070"
"CÔNG TY TNHH THƯƠNG MẠI ROZANA","0773190415"
"CÔNG TY TNHH TM DV KẾT NỐI YÊU THƯƠNG VN","0916165052"
"CÔNG TY TNHH KIMMAY","0976007437"
"CÔNG TY TNHH CÔNG NGHIỆP MÔ HÌNH HÀNG KHÔNG","0898055342"
"CÔNG TY TNHH ĐẦU TƯ XÂY DỰNG THƯƠNG MẠI NINH BÌNH","0968585661"
"CÔNG TY TNHH THƯƠNG MẠI DỊCH VỤ VEAVTV","0827668310"
"CÔNG TY TNHH NGUYEN THAI LONG AN","0862789243"
"CÔNG TY TNHH THỰC PHẨM TUẤN HÙNG","0816786956"
"CÔNG TY CỔ PHẦN GREENSUN TECH","0932815201"
"CÔNG TY TNHH Y HỌC HIỆN ĐẠI","0902365775"
"CÔNG TY TNHH SẢN XUẤT KINH DOANH THƯƠNG MẠI YONG HONG","0972987305"
"CÔNG TY TNHH DIỄM TRẦN STORE","0764015927"
"CÔNG TY TNHH XÂY DỰNG VẬN TẢI LÊ HOÀNG","0383979166"
"CÔNG TY TNHH THƯƠNG MẠI DỊCH VỤ VĂN KHÁ","0336409926"
"CÔNG TY TNHH CÔNG NGHIỆP CHANGHE VIỆT NAM","0931258925"
"CÔNG TY TNHH SẢN XUẤT THƯƠNG MẠI TRUNG NGUYÊN","0987629122"
"CÔNG TY TNHH TM NÔNG NGHIỆP THIÊN ÂN 888","0888450888"
"CÔNG TY TNHH ỨNG DỤNG TÂM LÝ TƯƠNG LAI","0911988526"
"CÔNG TY TNHH GREATPOWER TOOLS VIỆT NAM","0907970642"
"CÔNG TY TNHH THƯƠNG MẠI PHÚC THỊNH GOLD","0918782879"
"CÔNG TY TNHH MTV ẮC QUY VÀ DẦU NHỚT TÂN AN","0933786262"
"CÔNG TY TNHH XÂY DỰNG KIM THÀNH TIỀN","0961664334"
"CÔNG TY TNHH THÀNH LUÂN EVENT & WEEDING","0337493918"
"CÔNG TY TNHH TMDV HẢI QUÝ","0585310092"
"CÔNG TY TNHH TMDV VĂN HIỀN","0325425999"
"CÔNG TY TNHH THƯƠNG MẠI XĂNG DẦU TÂN LONG PHÁT","0938630007"
"CÔNG TY TNHH PHƯỚC 62 L.A","0867678114"
"CÔNG TY TNHH XÂY DỰNG VÀ THIẾT KẾ NỘI NGOẠI THẤT TIẾN ĐẠT","0928827228"
"CÔNG TY TNHH CSGT - TW","0522192785"
"CÔNG TY TNHH CÔNG NGHỆ DỊCH VỤ LOCK CHIP LOCAL","0909248673"
"CÔNG TY TNHH MINH THỦY HR","0943007590"
"CÔNG TY CỔ PHẦN AG HOLDING","0969682793"
"CÔNG TY TNHH TM-DV SƠN TÙNG HOTEL","0916816769"
"CÔNG TY TNHH LÔ TÔ SHOW QUỐC ĐẠI","0983033548"
"CÔNG TY TNHH HOÀNG SƠN L.A","0988963738"
"CÔNG TY TNHH ĐẦU TƯ PHÁT TRIỂN VÀ THƯƠNG MẠI MINH KIÊN","0815016962"
"CÔNG TY TNHH INVESTMENT TRADE GLOBAL","097952029"
"CÔNG TY TNHH SX TM DV XNK XIN AN","0919793575"
"CÔNG TY TNHH SẢN XUẤT THƯƠNG MẠI XNK MINH KHÔI","0911584560"
"CÔNG TY TNHH MTV THẮNG TY NA","0918593621"
"CÔNG TY TNHH VẬT LIỆU GIÀY LISHI LONG AN","0903033280"
"CÔNG TY CỔ PHẦN DRAGONKING - GLOBAL","0947758817"
"CÔNG TY TNHH TM DV AN TÍN PHÁT T&T","0907886681"
"CÔNG TY TNHH MUYE HOME FASHION VIỆT NAM","0382928320"
"CÔNG TY TNHH BAO BÌ XANH MỸ HƯNG KHANG","0903128515"
"CÔNG TY TNHH XÂY DỰNG PHƯỚC THỊNH L.A","0908807680"
"CÔNG TY TNHH XUẤT NHẬP KHẨU THANH VINH","0379746886"
"CÔNG TY TNHH PHÁT TRIỂN DỊCH VỤ TỔNG HỢP KB","0828822733"
"CÔNG TY TNHH WON SEAL TECH","0938021391"
"CÔNG TY CỔ PHẦN BPG RECYCLE","0968866806"
"CÔNG TY TNHH TƯ VẤN MÔI GIỚI BẤT ĐỘNG SẢN TUẤN PHƯƠNG GROUP","0989763188"
"CÔNG TY TNHH CƠ THỊNH LONG AN","0967359379"
"CÔNG TY TNHH PHÂN BÓN THIÊN MINH LONG AN","0932152899"
"CÔNG TY TNHH TM VÀ ĐT MT NGUYỄN ÍCH","0972508749"
"CÔNG TY TNHH TƯ VẤN - XÂY DỰNG THƯƠNG MẠI VÀ CÔNG NGHỆ THIỆN TÂM LONG AN","0969777390"
"CÔNG TY TNHH ĐẦU TƯ THƯƠNG MẠI DỊCH VỤ XUẤT NHẬP KHẨU THÁI HÒA","0914336197"
"CÔNG TY CỔ PHẦN DỊCH VỤ NÔNG NGHIỆP VÀ TÀI NGUYÊN, MÔI TRƯỜNG LONG AN","0349338088"
"CÔNG TY TNHH PHÁT LỘC LONG AN","0986795354"
"CÔNG TY TNHH SINDOLY","0396327972"
"CÔNG TY TNHH TM DV TOÀN CẦU PHÁT TRIỂN CÔNG QUỐC","0896653531"
"CÔNG TY TNHH TM DV KINH DOANH ĐẦU TƯ PHÁT TRIỂN TRẦN LÊ","0896039565"
"CÔNG TY TNHH THƯƠNG MẠI XUẤT NHẬP KHẨU THỊNH LỢI","0977366675"
"CÔNG TY TNHH THƯƠNG MẠI DỊCH VỤ KINH TẾ GLOBAL","0373806577"
"CÔNG TY TNHH TM DV PHÁT TRIỂN NGUYỄN HẠNH","0898320690"
"CÔNG TY TNHH TM DV TOÀN CẦU ĐẦU TƯ PHÁT TRIỂN DƯƠNG LOAN","0896540130"
"CÔNG TY TNHH NHÀ TRỌ NGUYỄN THANH KIẾM","093344612"
"CÔNG TY TNHH XÂY DỰNG ĐẠI THỌ PHÁT","0903776664"
"CÔNG TY TNHH TM DV ĐẦU TƯ VÀ PHÁT TRIỂN THIỆN PHÁT","0899257607"
"CÔNG TY TNHH TM DV XÂY DỰNG CÔNG TRÌNH VÀ VLXD HOÀNG ANH","0896124641"
"CÔNG TY TNHH TM DV PHÁT TRIỂN VÀ ĐẦU TƯ NHẬT SANG","0899138395"
"CÔNG TY TNHH TM DV PHÁT TRIỂN TOÀN CẦU HỒNG NGỌC TÂM","0898574720"
"CÔNG TY TNHH TM DV KINH DOANH VÀ PHÁT TRIỂN TỔNG HỢP SANG PHÁT","0898156797"
"CÔNG TY TNHH TM DV PHÁT TRIỂN VÀ ĐẦU TƯ NGỌC TRANG","0899811051"
"CÔNG TY TNHH TM DV VLXD VÀ THI CÔNG XÂY DỰNG PHAN TUYỀN","0896738044"
"CÔNG TY TNHH TM DV KINH DOANH TỔNG HỢP SƠN HỒNG PHÁT","0899905772"
"CÔNG TY TNHH TM DV PHÁT TRIỂN VÀ ĐẦU TƯ HUỲNH TRUNG","0896719329"
"CÔNG TY TNHH TM DV VẬN TẢI VÀ XÂY DỰNG NGUYỄN TRÂN","0899431373"
"CÔNG TY TNHH XNK LEI XIN","0937309638"
"CÔNG TY TNHH SẢN XUẤT THƯƠNG MẠI VÀ DỊCH VỤ MAY MẶC THANH HÙNG","0796832782"
"CÔNG TY TNHH MỘT THÀNH VIÊN QUỐC TẾ KHOA HỌC KỸ THUẬT ĐÔNG HẰNG","0977033340"
"CÔNG TY TNHH TM DV ĐẦU TƯ TOÀN CẦU LONG AN SIA","0899734330"
"CÔNG TY TNHH KINH DOANH VẬN TẢI VÀ XÂY DỰNG BẢO HÂN","0898287528"
"CÔNG TY TNHH DỊCH VỤ NHÀ HÀNG THIÊN PHÚC","0876787131"
"CÔNG TY TNHH MTV HÓA DẦU MITEC","0375388638"
"CÔNG TY TNHH TM DT LATIV","0913042258"
"CÔNG TY TNHH TM DV XÂY DỰNG VÀ THI CÔNG LẮP ĐẶT ĐIỆN HÙNG PHÁT","0778295413"
"CÔNG TY TNHH SẢN XUẤT THƯƠNG MẠI XING KAI","0906592139"
"CÔNG TY TNHH VẬN TẢI HUỲNH QUỐC TOẢN","0787869953"
"CÔNG TY TNHH GIÀY THỊNH NGUYÊN","0983554657"
"CÔNG TY TNHH TMDV SAKÊ QUÁN","0964333019"
"CÔNG TY CỔ PHẦN THƯƠNG MẠI ĐẦU TƯ PHÁT TRIỂN VNFAST","0816424556"
"CÔNG TY TNHH CÔNG NGHIỆP GIA BẢO (LONG AN)","0393324339"
"CÔNG TY CỔ PHẦN ĐẦU TƯ THƯƠNG MẠI DỊCH VỤ THÁI KHANG","0931441589"
"CÔNG TY CỔ PHẦN GROUP DR.NANE VN","0773090098"
"CÔNG TY TNHH THƯƠNG MẠI VÀ SẢN XUẤT KỸ NGHỆ KÉO VIỆT NAM","0985900758"
"CÔNG TY TNHH SẢN XUẤT THƯƠNG MẠI PS","0842731268"
"CÔNG TY TNHH VẬN TẢI HÀNG HÓA HÙNG DŨNG","0915514967"
"VĂN PHÒNG LUẬT SƯ VÕ CÔNG DANH","0833988838"
"CÔNG TY TNHH DÂY CÁP HAOWAVE","0336535150"
"CÔNG TY TNHH TRÍ TUỆ AI NAGA VN","0964171043"
"CÔNG TY TNHH TM DV XÂY DỰNG VÀ SAN LẤP HOÀNG TRÍ","0707120872"
"CÔNG TY TNHH KIM LOẠI RUIHONG LONG AN","0931258925"
"CÔNG TY TNHH THƯƠNG MẠI THIẾT BỊ HIỂN THỊ KAIYUAN","0909959782"
"CÔNG TY TRÁCH NHIỆM HỮU HẠN OCOP LONG AN","0844339399"
"CÔNG TY CỔ PHẦN ĐẦU TƯ XÂY DỰNG QTV","0961672555"
"CÔNG TY TNHH THƯƠNG MẠI DỊCH VỤ THÀNH ĐẠT PHÁT LA88","0792601229"
"CÔNG TY CỔ PHẦN AGAPE LONG AN","0586758758"
"CÔNG TY TNHH XNK VÀ XÂY DỰNG 168","0941219038"
"CÔNG TY TRÁCH NHIỆM HỮU HẠN MỘT THÀNH VIÊN XÂY DỰNG NGUYỄN DƯƠNG LA","0918321093"
"CÔNG TY TNHH SẢN XUẤT THƯƠNG MẠI XUẤT NHẬP KHẨU BAO BÌ XANH","0908195213"
"CÔNG TY TNHH XÔNG HƠI XOA BÓP MASSAGE ĐẠI PHÁT","0813938839"
"CÔNG TY TNHH SUẤT ĂN CÔNG NGHIỆP AN LẠC PHÁT","0908232168"
"CÔNG TY TNHH AGRI FARM GROUP","0907671136"
"CÔNG TY TNHH XUẤT NHẬP KHẨU BA NĂNG","09032015711"
"CÔNG TY TNHH DỊCH VỤ THƯƠNG MẠI XÂY DỰNG VŨ MINH","0938447400"
"CÔNG TY TNHH SUẤT ĂN CÔNG NGHIỆP FOOD POWER LONG AN","0939150108"
"CÔNG TY TNHH TMDV SẢN XUẤT HOÀNG BẢO KHÁNH","0562214789"
"CÔNG TY CỔ PHẦN GIẢI PHÁP AN NINH TÂY SƠN","0906723196"
"CÔNG TY TNHH NHẬT HOÁ LINH HOA","0865190054"
"CÔNG TY TNHH GIA PHÚC LA","0906338781"
"CÔNG TY TNHH KINH DOANH VẬN TẢI MINH TRỌNG","0971969334"
"CÔNG TY CỔ PHẦN XUẤT NHẬP KHẨU NHỰA ĐƯỜNG QUỐC TẾ LONG AN","0362711614"
"CÔNG TY TNHH INVESTMENT RUBY","0989806248"
"CÔNG TY TNHH SẢN XUẤT GIÀY HƯNG THÀNH","096161521"
"CÔNG TY TNHH TMDV THẠCH KHÔI","0705808069"
"CÔNG TY TNHH TƯ VẤN XÂY DỰNG - PCCC LONG AN","0937393135"
"CÔNG TY TNHH THỰC PHẨM ON","0933262572"
"CÔNG TY TNHH DỊCH VỤ DU LỊCH VÀ VẬN TẢI KHẮC HUY","0865222628"
"CÔNG TY TNHH TMDV DT NGỌC KIM HOA","0776697951"
"CÔNG TY TRÁCH NHIỆM HỮU HẠN HOÀNH LỢI ĐẠT","0768688788"
"CÔNG TY TNHH LIÊN DOANH SẢN XUẤT VÀ XUẤT NHẬP KHẨU GALAXY","03558173810935577"
"CÔNG TY CỔ PHẦN KINH DOANH VÀ PHÂN PHỐI GAS THÀNH TÀI","0907535392"
"CÔNG TY TNHH GLORY TECHNOLOGY","0917036936"
"CÔNG TY TNHH ĐẦU TƯ- THƯƠNG MẠI - DỊCH VỤ MEKONG DELTA LONG AN","0908216226"
"CÔNG TY TNHH SẢN XUẤT THƯƠNG MẠI XNK THÉP KIM THÀNH","0937229829"
"CÔNG TY TNHH HOÀNG HUY PHÚC LA","0978883979"
"CÔNG TY TNHH TM DV SONG SINH","0528811808"
"CÔNG TY TNHH TULIP HOME VIET NAM","0773417499"
"HỢP TÁC XÃ NÔNG NGHIỆP ẤP ÔNG NHAN TÂY","0813222515"
"CÔNG TY TNHH MTV DV HUỲNH TRÂM","0962297911"
"CÔNG TY TNHH KTS VIRTUAL MONEY VIET NAM","0899117213"
"CÔNG TY TNHH XÂY DỰNG TUẤN THÀNH BẾN LỨC","0969333348"
"CÔNG TY TNHH PHÁT TRIỂN GIA ĐÌNH HLP","0932525679"
"CÔNG TY TRÁCH NHIỆM HỮU HẠN THỜI TRANG MINH HY","0944788692"
"CÔNG TY TNHH HAIDILAO VIET NAM","0898930697"
"CÔNG TY TNHH MARCH METAL VIỆT NAM","8613604086465"
"CÔNG TY TNHH SAMWOO VIỆT NAM - LONG AN","0774724602"
"CÔNG TY TNHH MTV HỒNG PHƯỚC LONG AN","0917282404"
"CÔNG TY TNHH THƯƠNG MẠI HARRY VĂN","0332445956"
"CÔNG TY TNHH LIFE CARE INTERNATIONAL","0977536799"
"CÔNG TY TNHH THƯƠNG MẠI QUỐC DANIEL","0332445956"
"CÔNG TY TNHH SẢN XUẤT THƯƠNG MẠI VÀ DỊCH VỤ BỐN MÙA HOA QUẢ","0962874139"
"CÔNG TY TNHH THƯƠNG MẠI SẢN XUẤT & XNK HỒNG ÂN EMB","0932712672"
"CÔNG TY TNHH TM DV MAI THÀNH ĐƯỢC","0962738738"
"CÔNG TY TNHH CÔNG NGHỆ VẬT LIỆU MỚI MING XUAN VIỆT NAM","08335007710843"
"CÔNG TY TNHH THƯƠNG MẠI XNK NÔNG NGHIỆP VÀNG","0937902039"
"CÔNG TY TNHH PHÂN BÓN CON VOI VÀNG","0909200778"
"CÔNG TY TNHH ĐẦU TƯ QUỐC TẾ PEARL","0386052437"
"CÔNG TY TNHH KIM HẢI PHÚC","0903979794"
"CÔNG TY TNHH DV&TM AN PHÚ LẠC","0932160612"
"CÔNG TY TNHH MTV THU NGỌC HỢP","0918792983"
"CÔNG TY TNHH DỊCH VỤ VÀ HÀNG TIÊU DÙNG TDGROUP","0865329511"
"CÔNG TY TNHH TM CẤP NƯỚC THANH LIÊM","0901906498"
"CÔNG TY TNHH THƯƠNG MẠI VÀ DỊCH VỤ LÂM LÂM","0778701415"
"CÔNG TY TNHH BICARDY","0906378642"
"CÔNG TY TNHH SUNISE","0988175624"
"CÔNG TY TNHH TM SẮT THÉP SƠN MINH PHÁT","0902826575"
"CÔNG TY TNHH IN ẤN QUÀ TẶNG PHƯƠNG NAM","0938608550"
"CÔNG TY TNHH BENE HOME TREE & CRAFTS","0869587205"
"CÔNG TY TNHH NHÀ TRỌ VÀ KHÁCH SẠN THƯỢNG ĐẠI","0348485508"
"CÔNG TY TNHH DV THƯƠNG MẠI MỘT THÀNH VIÊN HỮU HÒA PHÁT","0918659215"
"CÔNG TY TNHH MTV VẬN TẢI QUÝ LÝ","0785888856"
"CÔNG TY TNHH TMDT WALMART VN","0996418985"
"HỢP TÁC XÃ NÔNG NGHIỆP SINH THÁI ĐÔNG TÂY FRAM","0909999053"
"CÔNG TY TNHH XNK HÓA CHẤT APT","0909228860"
"CÔNG TY TNHH SORENTO","0369007021"
"CÔNG TY TNHH MTV XÂY DỰNG VÀ DỊCH VỤ TRƯỜNG THÀNH L.A","0916324719"
"CÔNG TY TNHH VIETTRAVEL VNA","0353326197"
"CÔNG TY TNHH VẬT LIỆU MỚI ZHENGHUI VIỆT NAM","0399342306"
"CÔNG TY TNHH MỘT THÀNH VIÊN SẢN XUẤT THƯƠNG MẠI GIÀY HẠNH PHÚC","0902883986"
"CÔNG TY TNHH SX TM ĐIỆN TỬ VIỄN THÔNG KENTECH","0911718808"
"CÔNG TY TNHH MTV TUẤN PHÁT - LONG AN","0798553725"
"CÔNG TY TNHH THỜI TRANG ASIANA TOÀN CẦU","0368483697"
"CÔNG TY TNHH FLOWER FOREST","0797938446"
"CÔNG TY TNHH ANH KHA.K.L.A MASSAGE ĐẠI LỘC PHÁT","0857575557"
"CÔNG TY TNHH THƯƠNG MẠI DỊCH VỤ HASAKI","0848711715"
"CÔNG TY TNHH MÔI TRƯỜNG CÔNG DANH","09622757167"
"CÔNG TY TNHH THƯƠNG MẠI VÀ DỊCH VỤ HERU GROUP LONG AN","0937523642"
"CÔNG TY CỔ PHẦN QUEENFOOD","0917032828"
"CÔNG TY TNHH DT TC THƯƠNG MẠI BÁCH KHOA VN","0568416841"
"CÔNG TY TNHH TM - DV DTK COSMETIC VINA","0962292963"
"CÔNG TY CỔ PHẦN LOGISTICS MEREX","0946906431"
"CÔNG TY TNHH PHƯƠNG NGUYÊN L.A","0938294029"
"CÔNG TY TNHH CÔNG NGHỆ VÀ NĂNG LƯỢNG THIÊN ÂN","0379423939"
"CÔNG TY TNHH ĐẦU TƯ GIÁO DỤC TRẦN ANH","0934078125"
"CÔNG TY TNHH THỰC PHẨM SẠCH QUỲNH PHÁT TN","0868799958"
"CÔNG TY TNHH MTV DV NGÔ PHÁT","0903328660"
"CÔNG TY TNHH TM DV LÝ THÀNH HOÀNG PHÁT","0819629645"
"CÔNG TY TNHH MAY MẶC PHƯỢNG OANH","0337676557"
"CÔNG TY TNHH TƯ VẤN XÂY DỰNG PBT","0978422422"
"CÔNG TY TNHH DT TC TỔNG HỢP CƠ KHÍ VN","0568416990"
"CÔNG TY TNHH XD - TM TRƯỜNG VINH","0948546915"
"CÔNG TY TRÁCH NHIỆM HỮU HẠN THUYỀN QUÁN","0938227394"
"CÔNG TY TNHH MTV PHÂN BÓN BÌNH ĐIỀN CỬU LONG","0916905777"
"CÔNG TY TNHH SPOT ON VN","0356575503"
"CÔNG TY TNHH MÀN HÌNH LIZI","0907020285"
"CÔNG TY TNHH TMDV HK SUPER CARS","0829755932"
"CÔNG TY TNHH CƠ KHÍ BAO BÌ CƯỜNG THỊNH","0908391362"
"CÔNG TY TNHH TRUYỀN THÔNG NEWHIGHS STAR","0948319064"
"CÔNG TY TNHH TM DV KỸ THUẬT CÔNG NGHỆ XIAOLONG VIỆT NAM","09798781"
"CÔNG TY TNHH TMDV ĐT SẢN XUẤT VŨ HOÀNG","0813582821"
"CÔNG TY TNHH TRUYỀN THÔNG DIGIVOICE VN","0849385664"
"CÔNG TY CỔ PHẦN KIẾN TẠO SỨC KHỎE VINA","0989296398"
"CÔNG TY TNHH THƯƠNG MẠI DỊCH VỤ KỸ THUẬT AN DI","0335743267"
"CÔNG TY TNHH THƯƠNG MẠI VÀ SẢN XUẤT THỰC PHẨM ĐẶNG GIA","0833390769"
"CÔNG TY TNHH CÔNG NGHỆ KHOA HỌC LINGHANG VN","0329426246"
"CÔNG TY CỔ PHẦN ĐẦU TƯ MSSC","0769830838"
"CÔNG TY TNHH QUALMART STORE VN","0706425984"
"CÔNG TY TNHH MTV THƯƠNG MẠI DỊCH VỤ SẢN XUẤT XUÂN TÍN","0588145354"
"CÔNG TY TNHH THỰC PHẨM NGỌC TƯỜNG","0812071188"
"CÔNG TY TNHH TRUYỀN THÔNG ĐA PHƯƠNG TIỆN VICTORY","0777839439"
"CÔNG TY TNHH XUẤT NHẬP KHẨU THƯƠNG MẠI DỊCH VỤ TỔNG HỢP CẨM TÀI","0911297078"
"CÔNG TY TNHH TƯ VẤN THIẾT KẾ HOÀNG THÔNG LONG AN","0989331495"
"CÔNG TY TNHH SẢN XUẤT THƯƠNG MẠI VẬT LIỆU MỚI VĨNH ÍCH VIỆT NAM","0816173639"
"CÔNG TY TNHH XUA FRESH FOODS","0903820940"
"CÔNG TY CỔ PHẦN HÓA CHẤT ROYAL","0931722286"
"CÔNG TY TNHH LAFRANCE VIỆT NAM","09032192269"
"CÔNG TY TNHH MTV TM DV CÔNG ÍCH TIẾN PHÁT ĐẠT","0786104959"
"CÔNG TY TNHH ĐỨC MẠNH TITANUM","0833398516"
"CÔNG TY TNHH GALAXY MOVIE","0901465412"
"CÔNG TY TNHH THƯƠNG MẠI ĐIỆN TỬ QUỐC TẾ WALMART","0703174365"
"CÔNG TY TNHH PHÂN BÓN TUẤN PHÁT","0909200778"
"CÔNG TY TNHH SẢN XUẤT THƯƠNG MẠI DỊCH VỤ T&P CONSTRUCTION","0911693158"
"CÔNG TY TNHH CƠ KHÍ - XÂY DỰNG - THƯƠNG MẠI THÉP NAM PHONG","0933189679"
"CÔNG TY TNHH THƯƠNG MẠI TỔNG HỢP TRÒ CHƠI ĐIỆN TỬ NGỌC BẢO","0763803022"
"CÔNG TY TNHH ẮC QUY ĐẠI THỊNH PHÁT","0907370485"
"CÔNG TY TNHH XÂY DỰNG TÂM CHÍ HƯỚNG","0947981023"
"CÔNG TY TNHH ĐẠI NAM BÌNH LA","0336813237"
"CÔNG TY TNHH IASO GLOBAL","0902212278"
"CÔNG TY TNHH CÔNG NGHỆ INNOTECHCO DISPLAY VIỆT NAM","0971607991"
"CÔNG TY TNHH MTV EVERON","0778285245"
"CÔNG TY TNHH TM DV KIM HỒNG LONG AN","0948881128"
"CÔNG TY TNHH THƯƠNG MẠI TRẦN VÕ YẾN VY","09686936160344885"
"CÔNG TY TNHH PHÚC NHÂN TIÊN","0397446839"
"CÔNG TY TNHH EVERTEX LIN'S","0827575936"
"CÔNG TY TNHH TM DV ĐẦU TƯ TOÀN CẦU NGUYỄN HÀ","0899489527"
"CÔNG TY TNHH TM DV XÂY DỰNG VÀ THI CÔNG LẮP ĐẶT ĐIỆN TÂN HUỲNH ĐIỆP","0898423126"
"CÔNG TY TNHH DVTMHH TÍN VIỆT VN","0898832455"
"CÔNG TY TNHH SẢN XUẤT THƯƠNG MẠI BÁNH KẸO HƯNG THỊNH","09691170832"
"CÔNG TY TNHH SẢN XUẤT TÂN TÂN HÙNG","0978085069"
"CÔNG TY TNHH VẬT LIỆU MÔI TRƯỜNG JINQIU LIFENG (VIỆT NAM)","8617858380999"
"CÔNG TY TNHH MTV TC SOLANA","0898619909"
"CÔNG TY TNHH CƠ GIỚI SB THIÊN LONG","0902419507"
"CÔNG TY TNHH MTV GIA PHÚ CAR","0966949452"
"CÔNG TY TNHH THƯƠNG MẠI DỊCH VỤ VÀ BÁN LẺ 365","0838476388"
"CÔNG TY TNHH THƯƠNG MẠI THẾ VĨ","0933831425"
"CÔNG TY TNHH PHONG ĐẠT NGUYÊN","0902355818"
"CÔNG TY CỔ PHẦN DỆT NHUỘM THUẬN KIỀU","0375044956"
"CÔNG TY TNHH TM BIILY PRINTING","0784564989"
"CÔNG TY TNHH XI MẠ HOÀNG LONG","0933061548"
"CÔNG TY TNHH SẤY XANH GREENY","0938171647"
"BAN CHỈ HUY QUÂN SỰ HUYỆN MỘC HÓA","0366679723"
"CÔNG TY TNHH THƯƠNG MẠI PHÁT TRIỂN THÀNH PHÁT 86 VN","0337700418"
"CÔNG TY TNHH PHÁT AN PHÚ LONG AN","0936330865"
"CÔNG TY TNHH PHẦN CỨNG - THIẾT BỊ ĐIỆN YONGHUI","0379902987"
"CÔNG TY TNHH VẬT LIỆU VÀ CƠ KHÍ XÂY DỰNG THÀNH SƠN","0822666788"
"CÔNG TY TNHH MTV DỊCH VỤ ĂN UỐNG BẢO BỐI","0908980108"
"CÔNG TY CỔ PHẦN ĐT PT XD HTC","0985968851"
"CÔNG TY TNHH KINH DOANH DỊCH VỤ XĂNG DẦU KIM QUANG","0868915161"
"CÔNG TY TNHH TM DV CHUYỂN PHÁT THUẬN THIÊN","0979539239"
"CÔNG TY TNHH HOÀNG PHÁT F R U I T","0989959947"
"CÔNG TY TNHH DỊCH VỤ VÀ TƯ VẤN ỨNG DỤNG CÔNG NGHỆ THÔNG MINH NEXTGEN","0707756868"
"CÔNG TY CỔ PHẦN NGUYÊN LIỆU PHÚ MAI ANH","0766693779"
"CÔNG TY CỔ PHẦN ĐẦU TƯ PHAN VŨ PRECAST","0913914940"
"CÔNG TY TNHH CÔNG NGHỆ TRUYỀN THÔNG MEDIAZVN","0778437845"
"CÔNG TY TNHH THƯƠNG MẠI DỊCH VỤ PHẠM THANH HẢI","0826910154"
"CÔNG TY TNHH VẬN TẢI BOU-FA","0937976988"
"CÔNG TY TNHH TMĐT HOÀNG 999","0941303515"
"CÔNG TY TNHH KINH DOANH DỊCH VỤ XĂNG DẦU TÂN XUÂN","0786357777"
"CÔNG TY TNHH HAI THÀNH VIÊN DỊCH VỤ XE MÁY MK","077777761070777717"
"CÔNG TY TNHH SẢN XUẤT THƯƠNG MẠI BAO BÌ THUẬN THÀNH LONG AN","0949087788"
"CÔNG TY TNHH PHÁT TÀI PHÚ","0988835162"
"CÔNG TY TNHH PHÂN BÓN SƯ TỬ THÁI","0909200778"
"CÔNG TY TNHH MTV LUẬT THIÊN VINH","0354044440"
"CÔNG TY TNHH KIM KAT RESTAURANT FOOD AND BEVERAGE","0912397733"
"CÔNG TY TNHH THÊU VI TÍNH THIỆN ANH","0347290112"
"CÔNG TY TNHH TM DV KINH DOANH VÀ PHÁT TRIỂN TỔNG HỢP BÁ VĂN","0898204220"
"CÔNG TY TNHH TMDV XNK VN","0568402486"
"CÔNG TY TNHH YUSHI KYOTO","0909552232"
"CÔNG TY TNHH THÙY TRANG ACADEMY","0528811808"
"CÔNG TY TNHH THƯƠNG MẠI PHÁT TRIỂN ĐẠI MAI 86","0327472508"
"CÔNG TY TNHH TM DV VẬN TẢI VÀ XÂY DỰNG CAO TUYẾT","0776462741"
"CÔNG TY TNHH TM SX GIA CÔNG HONGYUAN VN","0906821361"
"CÔNG TY TNHH MTV SPA DIỆP ANH","0948621515"
"CÔNG TY TNHH THƯƠNG MẠI DỊCH VỤ Ô TÔ THANH THỊNH","0916253353"
"CÔNG TY TNHH TM DV PHÁT TRIỂN VÀ ĐẦU TƯ TRẦN LIÊN","077895579"
"CÔNG TY TNHH LINH CHAO","0984695812"
"CÔNG TY TNHH MAI TÁNG DUY VUI","0909770550"
"CÔNG TY TNHH BỆNH VIỆN AN LỘC - 824","0878949973"
"CÔNG TY TNHH JACKBIO","0909483873"
"CÔNG TY TNHH TM DV VẬN TẢI VÀ XÂY DỰNG NGUYỄN HUYÊN","0776854874"
"CÔNG TY TNHH TM DV PHÁT TRIỂN TOÀN CẦU VŨ HIỀN","0776766759"
"CÔNG TY TNHH TM DV PHÁT TRIỂN VÀ ĐẦU TƯ TÂN ĐOÀN NHIÊN","0898326751"
"CÔNG TY TNHH KINH DOANH VẬN TẢI QUỐC THẠNH","0896692146"
"CÔNG TY TNHH TM DV KINH DOANH ĐẦU TƯ PHÁT TRIỂN HÀ KHANH","0898018609"
"CÔNG TY TNHH NÔNG TRANG YÊN CẢNH","0915544320"
"CÔNG TY TNHH MTV SẢN XUẤT VÀ THƯƠNG MẠI THANH GIA","0708900176"
"CÔNG TY TNHH XƠ SỢI AN THÁI","0984588554"
"CÔNG TY TNHH CP TEMU VN","0902967963"
"CÔNG TY TNHH TM DV KINH DOANH TỔNG HỢP CAO HUYỀN","0778194528"
"CÔNG TY TNHH TM DV XÂY DỰNG VÀ THI CÔNG LẮP ĐẶT ĐIỆN TÂN TRẦN YẾN","0899021327"
"CÔNG TY TNHH TM DV TOÀN CẦU PHÁT TRIỂN VŨ NGA","0896730974"
"CÔNG TY TNHH XÂY DỰNG VÀ THI CÔNG TÔ ĐỊNH L.A","0778318209"
"CÔNG TY TNHH TM DV ĐẦU TƯ VÀ PHÁT TRIỂN PHẠM NGÂN","0776110896"
"CÔNG TY TNHH DỊCH VỤ QUẢNG CÁO & THIẾT KẾ WEBSITE 60S","0777044170"
"CÔNG TY TNHH TM DV PHÁT TRIỂN VŨ QUANG","0896440708"
"CÔNG TY TNHH TM DV PHÁT TRIỂN VÀ ĐẦU TƯ KINH DOANH TRẦN HUÊ","0896612718"
"CÔNG TY TNHH TM DV TOÀN CẦU PHÁT LÊ THỦY","0778032080"
"CÔNG TY TNHH TM DV XÂY DỰNG ĐÀO MINH","0896902475"
"CÔNG TY TNHH TM DV VLXD VÀ XÂY DỰNG THI CÔNG ĐỖ TƯỜNG","0896406487"
"CÔNG TY TNHH TMDV MINH DIỆU","0793393343"
"CÔNG TY TNHH XUẤT NHẬP KHẨU MẠNH MẠNH CƯỜNG","0933554896"
"CÔNG TY TRÁCH NHIỆM HỮU HẠN ZHONG SEN","0366117890"
"CÔNG TY TNHH BỐC XẾP SÀI GÒN 247","0827234234"
"CÔNG TY TNHH KINH DOANH DỊCH VỤ XĂNG DẦU LONG AN","0522559966"
"CÔNG TY TNHH GIÀY VIỆT TINH VIỆT NAM","0946390593"
"CÔNG TY CỔ PHẦN TẬP ĐOÀN VERNELL VIỆT NAM","0923276666"
"CÔNG TY TNHH SOLICS","0796251443"
"CÔNG TY TNHH THƯƠNG MẠI DỊCH VỤ XÂY DỰNG HỒ ĐIỆP","0903392269"
"CÔNG TY TNHH THƯƠNG MẠI DỊCH VỤ SHENGLI","0586569799"
"CÔNG TY TNHH SẢN XUẤT THƯƠNG MẠI DỊCH VỤ HỒNG LINH PHÁT","0862313106"
"CÔNG TY TNHH MTV SX - TM LT","09096320118"
"CÔNG TY TNHH THƯƠNG MẠI DỊCH VỤ AN HẠ VN","0778737436"
"CÔNG TY TNHH SX TM DV XNK KHẢI PHONG","0329866109"
"CÔNG TY CỔ PHẦN ĐẦU TƯ - XÂY DỰNG - DỊCH VỤ - XUẤT NHẬP KHẨU TOÀN NGỌC GROUP","09329101067"
"CÔNG TY TNHH GD THỂ THAO QUỐC TẾ","0584076058"
"CÔNG TY TNHH MAY BA LÔ KIM NGỌC","0382351278"
"CÔNG TY TNHH DTDV PHÁT TRỌNG LỰC","0584047129"
"HỢP TÁC XÃ HỢP TÁC XÃ CHĂN NUÔI HUY HOÀNG","0987282828"
"CÔNG TY TNHH SẢN PHẨM KIM LOẠI SHUNXINYI","0933962168"
"CÔNG TY TNHH NHÂN LỰC TRUNG NGUYỄN","0949864831"
"CÔNG TY CỔ PHẦN SẢN XUẤT THƯƠNG MẠI VÀ DỊCH VỤ THÉP VTS","0901831889"
"CÔNG TY TNHH NĂNG LƯỢNG ĐỨC HÒA LONG AN","0973302849"
"CÔNG TY TNHH THIẾT KẾ XÂY DỰNG KIM THUỶ","0837667788"
"CÔNG TY TNHH MTV VCREDIT","0365608321"
"CÔNG TY TNHH TV VÀ ĐTXD KHÔI NGUYÊN VN","0919796854"
"CÔNG TY TNHH ĐẦU TƯ PHÁT TRIỂN VÀ CÔNG NGHỆ DỊCH VỤ MÔI TRƯỜNG CSR VISA","0989921354"
"CÔNG TY TNHH THƯƠNG MẠI THỤY TƯỜNG VIỆT NAM","0888438128"
"CÔNG TY TNHH THƯƠNG MẠI DỊCH VỤ VÀ THIẾT KẾ XÂY DỰNG USC PLUS","0356269971"
"CÔNG TY TNHH ĐỘNG LỰC THUẬN THÁI","0977366675"
"CÔNG TY TNHH THỊNH MINH HY","0396013953"
"CÔNG TY TNHH XÂY DỰNG - BẤT ĐỘNG SẢN TIỀN NGỌC PHÁT","0941828762"
"CÔNG TY TNHH TMDV TÀI LỘC GREEN","0898464824"
"CÔNG TY TNHH DỊCH VỤ VÀ THƯƠNG MẠI VIỆT HẰNG","0778283702"
"CÔNG TY TNHH TMDV ĐẦU TƯ ĐỖ LIÊN LA","0829755719"
"CÔNG TY CỔ PHẦN XÂY DỰNG HẠ TẦNG THÁI NAM","0903073619"
"CÔNG TY TNHH MTV YẾN NHI FOOD","0819196234"
"CÔNG TY TNHH TMDV SHOPIEE AFFILIATE VN","0943355742"
"CÔNG TY TNHH TC FUTURENEST","0925586936"
"CÔNG TY TNHH NĂNG LƯỢNG ECOGRID","0913725678"
"CÔNG TY CỔ PHẦN PHÙ SA CỮU LONG","0976034144"
"CÔNG TY TNHH THƯƠNG MẠI CHÍ HẢI","0582136214"
"CÔNG TY TNHH THƯƠNG MẠI VÀ SẢN XUẤT CẦN HƯNG","0988800628"
"CÔNG TY TNHH PHỤ LIỆU GIÀY CÁT PHÚC","0777164603"
"CÔNG TY TNHH ĐẦU TƯ VÀ CÔNG NGHỆ CỬU LONG","0966922607"
"CÔNG TY TNHH NÔNG SẢN TÙNG VI","0888757030"
"CÔNG TY TNHH NÔNG NGHIỆP THUẬN PHONG THỦY","0822436868"
"CÔNG TY CỔ PHẦN NAM Y LONG AN","0912680098"
"CÔNG TY TNHH PHÚC BẢO TIẾN","0906227799"
"CÔNG TY TNHH SẢN PHẨM NHỰA BOLIDA VIỆT NAM","0771816703"
"CÔNG TY CỔ PHẦN XUẤT NHẬP KHẨU NÔNG SẢN BẢO NGÂN","0769743333"
"CÔNG TY TNHH VẬN TẢI VÀ XUẤT NHẬP KHẨU THÁI THÙY LINH","0985807973"
"CÔNG TY TNHH DỊCH VỤ VẬN TẢI ĐĂNG PHÁT","0907814484"
"CÔNG TY TNHH CÔNG NGHỆ IN ẤN CHUANG XIN VIỆT NAM","0788817319"
"CÔNG TY TNHH CNC ANT GROUP","0989469177"
"CÔNG TY TNHH TMDV THU HUYỀN VN","0899231489"
"CÔNG TY TNHH MTV SẢN XUẤT THƯƠNG MẠI XUẤT NHẬP KHẨU NHỰA LONG THIÊN","0932629341"
"CÔNG TY TNHH TÚI & BAO BÌ SHANGHONG VIỆT NAM","0979829800"
"HỢP TÁC XÃ NÔNG NGHIỆP DỊCH VỤ MỸ THẠNH TÂY","0901173994"
"CÔNG TY TNHH DỊCH VỤ VẬN TẢI VÀ DU LỊCH THANH VÂN","0984050331"
"CÔNG TY TNHH TRUYỀN THÔNG & CÔNG NGHỆ NGỌC VÀNG","0922415907"
"CÔNG TY TNHH TMDV HELPING HAND","0928633826"
"CÔNG TY TNHH NHỰA HUY THỊNH LONG AN","0919599168"
"CÔNG TY TNHH CP THƯƠNG MẠI VÀ ĐIỆN TỬ ĐÔNG Á","0898088174"
"CÔNG TY TNHH IKUN GAMING","0329606010"
"CÔNG TY TNHH SẢN XUẤT THƯƠNG MẠI VẢI SỢI HẢI NAM","0703560718"
"CÔNG TY TNHH TMDV NGỌC MINH CHÂU LONG AN","0569966219"
"CÔNG TY TNHH DỊCH VỤ THƯƠNG MẠI TỔNG HỢP PHÚ QUÝ","0964343539"
"CÔNG TY TRÁCH NHIỆM HỮU HẠN ĐẦU TƯ TÂN HOA SEN","0499698336"
"CÔNG TY TNHH GOLD COIN FEEDMILL ĐỒNG NAI Ẵ CHI NHÁNH LONG AN","0916338181"
"CÔNG TY TNHH NGUYÊN LIỆU GIÀY YITAI VIỆT NAM","0776363666"
"CÔNG TY TNHH SẢN XUẤT THƯƠNG MẠI DỊCH VỤ HUỲNH ĐÚNG","0901626459"
"CÔNG TY TNHH NÔNG SẢN QUỐC TRUNG","0974433039"
"CÔNG TY TNHH MINH QUÂN DEVELOP HR","0945964313"
"CÔNG TY TNHH TÁI CHẾ NHỰA NHẬT MINH","09068266788"
"CÔNG TY TNHH GAS VIỆT HÀ LPG","0961687600"
"CÔNG TY TNHH XNK THẠCH THẢO L.A","0966171708"
"CÔNG TY TNHH TMDV PHÚC THIÊN TÂM","0898399384"
"CÔNG TY TNHH TIBIM","0869458187"
"CÔNG TY TNHH MTV PHƯỚC VINH HUỲNH","0855103979"
"CÔNG TY TNHH XUẤT KHẨU MTCSPROJECT COMPANY","0879215396"
"CÔNG TY TNHH THƯƠNG MẠI DỊCH VỤ DIAMOND VN","0778059571"
"CÔNG TY TNHH YEN HONG LIN","0796460375"
"CÔNG TY TNHH BAIWEI LONG AN FURNITURE INDUSTRY","21748030"
"CÔNG TY TNHH MEGAHOME LONG AN","0932061979"
"CÔNG TY CỔ PHẦN PHÒNG KHÁM ĐA KHOA SÀI GÒN ĐỨC HÒA","0387604887"
"CÔNG TY TNHH SANSETSU VIỆT NAM","0972999179"
"CÔNG TY TNHH DV TM - CÁNH ĐỒNG XANH","0913805449"
"CÔNG TY TNHH TMXNK QUỐC TRUNG","0974433039"
"CÔNG TY TNHH NÔNG SẢN THẠCH THẢO L.A","0966171708"
"CÔNG TY TNHH TƯ VẤN THIẾT KẾ KIÊN THỊNH","0899185972"
"CÔNG TY TNHH THƯƠNG MẠI VÀ DỊCH VỤ ĐIỆN LẠNH HOÀNG THANH","0915675042"
"CÔNG TY TNHH MỘT THÀNH VIÊN DÁNG HƯƠNG","0937731716"
"CÔNG TY CỔ PHẦN TBG SÀI GÒN","0945061018"
"CÔNG TY TNHH QUANG VINH ĐỨC HÒA","0908377086"
"CÔNG TY TNHH THƯƠNG MẠI VÀ DỊCH VỤ TRUNG KIÊN REDDING","0899660870"
"CÔNG TY TNHH SX TM DV BAO BÌ NHỰA THIÊN PHÚ ĐH","0909663599"
"CÔNG TY TNHH SẢN XUẤT GIA CÔNG CƠ KHÍ GIA CƯỜNG THỊNH","0932630890"
"CÔNG TY TNHH HÓA CHẤT HIỆP THÀNH LỢI","0935201402"
"CÔNG TY TNHH XÂY DỰNG THƯƠNG MẠI NMD","0794484084"
"CÔNG TY TNHH ĐẦU TƯ KINH DOANH VÀNG BẠC ĐÁ QUÝ KIM NGÂN","0935797934"
"CÔNG TY TNHH PHÂN BÓN THĂNG LONG","0937472877"
"CÔNG TY TNHH KINH DOANH DỊCH VỤ DU LỊCH VIỆT","0899938336"
"CÔNG TY TNHH NHÀ PHÚC HẬU","0389727902"
"CÔNG TY TNHH SUẤT ĂN CÔNG NGHIỆP LA","0383128967"
"CÔNG TY TNHH MTV TMDV SXTP TẤN TÀI","0909481456"
"CÔNG TY TNHH THƯƠNG MẠI VÀ DỊCH VỤ MH SERVICE","0898088174"
"CÔNG TY TNHH CƯỜNG BÍCH","0982023439"
"CÔNG TY TNHH KIẾN TRÚC XÂY DỰNG LAI ARCHI","0919271997"
"CÔNG TY TNHH DỊCH VỤ GIAO NHẬN VẬN TẢI VÀ THƯƠNG MẠI MINH SỬ VN","0898747385"
"CÔNG TY TNHH ITER ECLATI","0375138177"
"CÔNG TY TNHH XÂY DỰNG SUHAHU","0972179795"
"CÔNG TY TNHH THIẾT KẾ XÂY DỰNG THƯƠNG MẠI TTCONS TANAN","0919718770"
"CÔNG TY TNHH XÂY DỰNG TIÊN THUẬN PHÁT","0938371258"
"CÔNG TY TNHH PICKLEBALL TÂN AN","0944719078"
"CÔNG TY TNHH ĐỈNH LẬP PHÚ","0989216896"
"CÔNG TY TNHH TMDV BÁCH HÓA VẠN XUÂN","0977433123"
"CÔNG TY TNHH XÂY DỰNG THƯƠNG MẠI VÀ ĐẦU TƯ PHÁT TRIỂN HỒNG VIỆT","0819721098"
"CÔNG TY TNHH TMDV HQ QUANG VINH","0977034301"
"CÔNG TY TNHH SẢN XUẤT AUKEINO VIỆT NAM","0942222733"
"CÔNG TY TNHH CHP PHÁT HƯNG","0981807961"
"CÔNG TY TNHH TMDV SẢN XUẤT NAM KHANG","0358892013"
"CÔNG TY TNHH TMDV BÁCH HOÁ ÁNH DƯƠNG","0358419474"
"CÔNG TY TNHH THỰC PHẨM TRƯỜNG PHÁT TP","0965619212"
"CÔNG TY TNHH THƯƠNG MẠI ĐẠI LONG CĐ","09333423330764"
"CÔNG TY TNHH TMDV THẤT PHONG","0899319346"
"CÔNG TY TNHH THƯƠNG MẠI CÔNG NGHỆ HOÀ NHIÊN","0917629956"
"CÔNG TY TNHH SẢN XUẤT VÀ THƯƠNG MẠI DỊCH VỤ CHÂU ANH XANH","0912902006"
"CÔNG TY TNHH SX TM DV CƯỜNG PS","0869696534"
"CÔNG TY TNHH THƯƠNG MẠI DỊCH VỤ LHG HOÀNG LONG","0966733704"
"CÔNG TY TNHH THƯƠNG MẠI DỊCH VỤ DAVIDSON","091118099"
"CÔNG TY TNHH THƯƠNG MẠI - DỊCH VỤ THẾ GIỚI ĐẠI DƯƠNG","0767581304"
"DNTN BÙI NGUYỄN MINH AN","0908124674"
"CÔNG TY TNHH OWLLA","0931456077"
"CÔNG TY TNHH THƯƠNG MẠI MÁY MÓC THIẾT BỊ KIM MINH LONG AN","0909490055"
"CÔNG TY TNHH DỊCH VỤ THỚI AN","0906430726"
"CÔNG TY TNHH THƯƠNG MẠI DỊCH VỤ TIẾP VẬN QUỲNH ANH PHẠM","0568953454"
"CÔNG TY TNHH COSUNCO","0348888035"
"CÔNG TY TNHH TƯ VẤN DỊCH VỤ PHƯƠNG ANH LA","0352618638"
"CÔNG TY TNHH ĐẦU TƯ VÀ PHÁT TRIỂN CÔNG - NÔNG NGHIỆP NAM VIỆT SKY","0901004110"
"CÔNG TY TNHH MIGA RICE","0813364789"
"CÔNG TY TNHH THƯƠNG MẠI DỊCH VỤ NGUYỄN ĐỨC MẠNH","0919481820"
"CÔNG TY TNHH MOSAIC HOME TEXTILE VIỆT NAM","138632859868"
"CÔNG TY TNHH TRIỀU HOA HUY","0375018096"
"CÔNG TY TNHH ĐẦU TƯ TMDV THẠCH LONG","0927560309"
"CÔNG TY TNHH PHÁT TRIỂN VÀ ĐẦU TƯ VĂN LINH","0927439792"
"CÔNG TY TNHH KINH DOANH PHÁT TRIỂN QUANG HUY","0927758394"
"CÔNG TY TNHH ĐẦU TƯ TMDV PHÚC THÀNH","0928250037"
"CÔNG TY TNHH ĐẦU TƯ VÀ PHÂN PHỐI CÁT LỢI","0896025097"
"CÔNG TY TNHH ĐẦU TƯ XÂY DỰNG TÂN HOÀNG BÁCH","0916849499"
"CÔNG TY TNHH TƯ VẤN THƯƠNG MẠI ĐẦU TƯ GIANG THU TRANG","0989078998"
"CÔNG TY TNHH CORPORATION EXNESS","0344464469"
"CÔNG TY TNHH THƯƠNG MẠI XĂNG DẦU MỸ LẠC","0931814483"
"CÔNG TY TNHH KANG HUI","0866900021"
"CÔNG TY TNHH TM DV NGUYỄN HOÀNG ĐÔ","0392905141"
"CÔNG TY TNHH KINH DOANH TMDV QUỐC PHÚ","0927442193"
"CÔNG TY TNHH TMDV QUỐC PHÚ LÂM HÂN","0928207397"
"CÔNG TY TNHH PHÁT TRIỂN XD VÀ THƯƠNG MẠI TÂN TOÀN PHÁT","0778259698"
"CÔNG TY TNHH KINH DOANH TMDV HỮU LỘC","0928246053"
"CÔNG TY TNHH TMDV VÀ VẬN CHUYỂN ĐÌNH BẢO","0927977335"
"CÔNG TY TNHH DỊCH VỤ VẬN TẢI AN PHÁT 79","0906995666"
"CÔNG TY TNHH THÉP PHÚC LỘC BẢO GIA HƯNG","0913260260"
"CÔNG TY TNHH NÔNG SẢN XANH BANANA","0776204999"
"CÔNG TY TNHH XNK DƯỢC MỸ PHẨM KIM LIÊN","0962362159"
"CÔNG TY TNHH HIẾU THÀNH BẾN LỨC","09711131"
"CÔNG TY TNHH XÂY DỰNG TÂN THÀNH PHÁT","0933627251"
"CÔNG TY TNHH DT TMDV HÀNG HIỆU VN","0584045806"
"DOANH NGHIỆP TƯ NHÂN DV TM LAM HƯƠNG","0937731716"
"CÔNG TY TNHH CALFVOI VIỆT NAM","0356763035"
"CÔNG TY TNHH TMDV QUỐC ANG","0898199396"
"CÔNG TY TNHH MỘT THÀNH VIÊN XUẤT NHẬP KHẨU THẾ KIỆT","0909731409"
"CÔNG TY TNHH QUỐC TẾ LEON","0971487547"
"CÔNG TY TNHH GK. AGRICULTURE","03446872870937662"
"CÔNG TY TNHH VẬT TƯ NGÀNH NƯỚC THIÊN NAM PHÁT","0982555495"
"CÔNG TY TNHH MTV THIÊN TRƯỜNG LA","094450159"
"CÔNG TY TNHH SẢN XUẤT THƯƠNG MẠI XUẤT NHẬP KHẨU ĐẠI TOÀN PHONG","0912887333"
"CÔNG TY TNHH TMDV THỦY TÀI","0909837428"
"CÔNG TY TNHH KINH DOANH VÀNG BẠC ĐÁ QUÝ KIM GIA BẢO","0901601369"
"CÔNG TY TNHH CPV PLASTIC","0817276465"
"CÔNG TY TNHH THƯƠNG MẠI DỊCH VỤ DƯƠNG BẢO HÂN","0523481897"
"CÔNG TY TNHH PHÚ QUÍ LA","0903068329"
"CÔNG TY TNHH TMDV THƯ KỲ LONG AN","0899144768"
"CÔNG TY TNHH SẢN XUẤT THƯƠNG MẠI KIM TUYỀN PHÁT","0913396939"
"CÔNG TY TNHH BETAGRO VIỆT NAM","0979625378"
"CÔNG TY TNHH MTV MINH ANH BLS","093664199"
"CÔNG TY TNHH MTV DỊCH VỤ KỸ THUẬT CÔNG NGHIỆP DUHA","0903338247"
"CÔNG TY TNHH NHÀ HÀNG KHÁCH SẠN ĐỂ NHỚ","0908752455"
"CÔNG TY TNHH SX THƯƠNG MẠI TỔNG HỢP THANH DŨNG","09186742710909244"
"CÔNG TY TNHH MAY ĐỒNG PHỤC ÁNH KIM","0918012808"
"CÔNG TY TNHH ĐẦU TƯ TRẦN XUÂN","0372179559"
"CÔNG TY TNHH TM DV ĐT LỘC AN FARM","0907958871"
"CÔNG TY TNHH PHÁT TRIỂN THI CÔNG XÂY DỰNG TÂN PHÁT ĐẠT","0778610974"
"CÔNG TY TNHH Y DƯỢC VẠN PHƯỚC","0908991368"
"CÔNG TY CỔ PHẦN THỰC PHẨM GN","0838734893"
"CÔNG TY TNHH KỸ THUẬT ĐIỆN TỰ ĐỘNG VĨNH PHÁT","0377551439"
"CÔNG TY TNHH TM-SX HEYU PLASTIC","0981326361"
"CÔNG TY TNHH HƯƠNG LIỆU VÀ NGUYÊN LIỆU FECHII VIỆT NAM","8617767325081"
"CÔNG TY TNHH THƯƠNG MẠI DỊCH VỤ MR TIN LONG AN","0984437556"
"CÔNG TY TNHH THƯƠNG MẠI ĐẦU TƯ VÀ PHÁT TRIỂN PHAN GIANG","0795092486"
"CÔNG TY TNHH THIẾT KẾ THI CÔNG NGỌC AN NHIÊN","0937578939"
"CÔNG TY TNHH CÔNG NGHỆ SINH HỌC BOXIN VIỆT NAM","0358945678"
"CÔNG TY TNHH VẬN TẢI RIWAY","0902320313"
"CÔNG TY TNHH SẢN XUẤT THƯƠNG MẠI ANH ĐÀO SAKURA","0901817289"
"CÔNG TY TNHH THƯƠNG MẠI GIẤY PHẾ LIỆU LÂM MỘC","0933520161"
"CÔNG TY TNHH DTTM ĐẦU TƯ TỔNG HỢP VFASTS","0584046403"
"CÔNG TY TNHH TMDV THẠCH ĐA","0909837428"
"CÔNG TY TNHH ĐẦU TƯ BAILLIE GIFFORD VN","0584046598"
"CÔNG TY TNHH THIẾT BỊ PHỤ TÙNG CƠ KHÍ XÂY DỰNG LY AN","0776436204"
"CÔNG TY TNHH MTV PHÒNG CHÁY CHỮA CHÁY THÀNH LONG GROUP","0935390649"
"CÔNG TY TNHH THÉP NAM VIỆT PHÁT","0787329702"
"CÔNG TY TNHH HAI THÀNH VIÊN TUẤN PHƯƠNG","0938333273"
"CÔNG TY TNHH PHÁT TRIỂN VẬN TẢI VÀ XÂY DỰNG TRƯƠNG XUÂN","0778024045"
"CÔNG TY TNHH PHÁT TRIỂN ĐẦU TƯ TOÀN CẦU THANH TÙNG","0778776030"
"CÔNG TY TNHH ĐIỆN BÍCH TUYỀN","0523979901"
"CÔNG TY TNHH ĐẦU TƯ PHÁT TRIỂN VẬN TẢI VÀ XÂY DỰNG VIỄN ĐÔNG","0778760675"
"CÔNG TY TNHH QUẾ TRÂN FOOD","0523979901"
"CÔNG TY TNHH NIGERDOCK FZE","0986158599"
"CÔNG TY TNHH THƯƠNG MẠI VÀ DỊCH VỤ XNK EQUIPCHEM VIỆT NAM","0905828499"
"CÔNG TY TNHH PHÁT TRIỂN VÀ ĐẦU TƯ KINH DOANH VẬN TẢI HOÀNG TUẤN PHÁT","0778432273"
"CÔNG TY TNHH PHÁT TRIỂN VÀ ĐẦU TƯ XÂY DỰNG NGUYỄN SƠN","0778295413"
"CÔNG TY TNHH DM TEXTILES","84901825762"
"CÔNG TY CỔ PHẦN GIẢI TRÍ SỰ KIỆN VIOLET","0933342201"
"CÔNG TY TNHH PHÁT TRIỂN VÀ ĐẦU TƯ XÂY DỰNG THI CÔNG LẮP ĐẶT ĐIỆN PHAN KIÊN","0778914046"
"CÔNG TY TNHH ĐẦU TƯ PHÁT TRIỂN TOÀN CẦU TÂN NGUYỄN QUẾ","0778805817"
"CÔNG TY TNHH XÂY DỰNG PHÚC THỊNH PHÁT VN","0963821723"
"CÔNG TY TNHH DỊCH VỤ VẬN TẢI THANH TRÚC","0368600647"
"CÔNG TY TNHH TM DV HỮU THẮNG TVT","0776535041"
"CÔNG TY TNHH TMDV VƯƠNG HOÀNG","0898199396"
"CÔNG TY TNHH THIẾT BỊ PHỤ TÙNG CƠ KHÍ XÂY DỰNG LONG XING","0776004295"
"CÔNG TY TNHH MTV THIẾT KẾ VÀ XÂY DỰNG ĐỨC MINH LONG","0938257575"
"CÔNG TY TNHH ĐẦU TƯ MAILISA INFORMATION","0986473482"
"CÔNG TY TNHH PHÁT TRIỂN ĐẦU TƯ TOÀN CẦU HOÀNG THÙY LINH","0778249673"
"CÔNG TY TNHH TM DV PHÁT SƠN VN","0776535041"
"CÔNG TY TNHH THƯƠNG MẠI TỔNG HỢP TRÒ CHƠI ĐIỆN TỬ MÂY TRẮNG LONG AN","0906740853"
"CÔNG TY TNHH THƯƠNG MẠI PHÁT TRIỂN VIỆT XANH","0375007068"
"CÔNG TY TNHH ĐẦU TƯ PHÁT TRIỂN TỔNG HỢP NGUYỄN HIỆP","0899431373"
"CÔNG TY TNHH GOTOP TEXTILE (VIETNAM)","0913574474"
"CÔNG TY TNHH PHÒNG KHÁM NHI ĐỒNG 123","0932773199"
"CÔNG TY TNHH CƠ KHÍ HỢP KIM PHÁT","0904475689"
"CÔNG TY TNHH THỦY CUNG VÀNG","0901798208"
"CÔNG TY TNHH MTV THANH THANH NGÂN","0908827516"
"CÔNG TY TNHH THƯƠNG MẠI THÉP HỒNG HẠNH","0934286733"
"CÔNG TY TNHH ĐẦU TƯ PHÁT TRIỂN QUẢNG CÁO THANH PHƯƠNG","0778547370"
"CÔNG TY TNHH THƯƠNG MẠI TỔNG HỢP TRÒ CHƠI ĐIỆN TỬ THỎ NGỌC LONG AN","0867896929"
"CÔNG TY TNHH DỊCH VỤ SẢN XUẤT THƯƠNG MẠI NGUYÊN AN","0909001060"
"CÔNG TY TNHH THƯƠNG MẠI DỊCH VỤ LỤC LONG VN","0778844046"
"CÔNG TY TNHH CƠ KHÍ ĐÚC CHẾ TẠO TÂN HOÀNG MINH","0975233821"
"CÔNG TY TNHH HOÀNG KIM PHÁT L-A","0982146687"
"CÔNG TY TNHH PHÁT TRIỂN XÂY DỰNG THI CÔNG LẮP ĐẶT ĐIỆN CÔNG HÀ","0778512217"
"CÔNG TY TNHH THIẾT KẾ QUẢNG CÁO TIÊN PHONG","0906742499"
"CÔNG TY TNHH SX KD TM NHỰA PHÚC THÀNH","0909446595"
"CÔNG TY TNHH PHÁT TRIỂN QUẢNG CÁO NGỌC HOA","0778676682"
"CÔNG TY TNHH MỘT THÀNH VIÊN PEACH PINK","0948546239"
"CÔNG TY TNHH TV TK TRUNG NGHĨA","0778931620"
"CÔNG TY TNHH MUA BÁN VẬT LIỆU XÂY DỰNG NGỌC DŨNG","0338731669"
"CÔNG TY TNHH AVICO SAS","0912716705"
"CÔNG TY TNHH THƯƠNG MẠI DỊCH VỤ KỸ THUẬT MÁY TÍNH QUANG MINH","0909154507"
"CÔNG TY TNHH DỊCH VỤ TRÒ CHƠI GIẢI TRÍ VTV BILIARDS GROUP","0922222032"
"CÔNG TY TNHH THƯƠNG MẠI GIẤY PHẾ LIỆU VẬN TẢI QUỲNH NHƯ","0937002537"
"CÔNG TY TNHH DỆT JIN XIN","0358374895"
"CÔNG TY TNHH TMDV LỆ SPRING","0776725093"
"CÔNG TY TNHH KỸ THUẬT CƠ KHÍ VÀ XÂY DỰNG THÀNH AN","0876632643"
"CÔNG TY TNHH DỊCH VỤ NHÂN NHÂN ÁI","0933107108"
"CÔNG TY TNHH QUỐC TẾ THÀNH ĐẠT VINA","0904826647"
"CÔNG TY TNHH THƯƠNG MẠI DỊCH VỤ CÁT TƯỜNG LA","0919444123"
"CÔNG TY TNHH FULL MANNER VIỆT NAM","2101865"
"CÔNG TY TNHH MTV GỖ VÀ NỘI THẤT HỒ DƯƠNG PALET","0584413379"
"CÔNG TY TNHH HEDER","0937247029"
"CÔNG TY TNHH SẢN XUẤT GIA CÔNG CƠ KHÍ LỘC PHÁT METAL","0901442968"
"CÔNG TY TNHH VẬT TƯ THIẾT BỊ Y TẾ MEDICAL LONG AN","0896130204"
"CÔNG TY TNHH NATURAL PHARMACY","0903994879"
"CÔNG TY TNHH MAI MAI LISA","0776126781"
"CÔNG TY TNHH XĂNG DẦU SÀI GÒN NSG","09032630592"
"CÔNG TY TRÁCH NHIỆM HỮU HẠN MIN TÂM","0969824326"
"CÔNG TY TNHH XUẤT NHẬP KHẨU HƯNG GIA","0912699171"
"CÔNG TY CỔ PHẦN CÔNG NGHỆ SINH HỌC BACI RISTA","0354135359"
"CÔNG TY TNHH THƯƠNG MẠI XÂY DỰNG CÔNG NGHIỆP THUẬN PHÁT","0846411363"
"CÔNG TY TNHH TM DV XNK NÔNG SẢN THỊNH PHÁT","0866956839"
"CÔNG TY TNHH TM-DV-QC XÂY DỰNG CHÂU GIA L-A","0778291737"
"CÔNG TY TNHH SẢN XUẤT THƯƠNG MẠI THUẬN PHÁT LONG AN","0932718508"
"CÔNG TY TNHH QUẢNG CÁO DIỆP MINH AN","0898929778"
"CÔNG TY TNHH THƯƠNG MẠI DỊCH VỤ MÔI TRƯỜNG VIỆT HOA","091897768"
"CÔNG TY TNHH TM TUYỀN CÓ LONG AN","0373513759"
"CÔNG TY TNHH TM DV KINH DOANH BẤT ĐỘNG SẢN TRẦN GIA","0777623838"
"CÔNG TY TNHH SẢN XUẤT THƯƠNG MẠI CHÍ HÙNG","0909512515"
"CÔNG TY TNHH KINH DOANH TP CHƯƠNG HỨA HUY","0918334923"
"CÔNG TY TNHH THƯƠNG MẠI DỊCH VỤ MÔI TRƯỜNG HQL","0975784643"
"CÔNG TY TNHH TMDV ÁNH SÁNG TRẮNG","0778859520"
"CÔNG TY TNHH SẢN XUẤT THƯƠNG MẠI HLG","0363060467"
"CÔNG TY TNHH TM DV SẢN XUẤT GIA CÔNG THUẬN PHÁT","0704054946"
"CÔNG TY TNHH BAO BÌ NHỰA DUY NGUYỄN","0908972778"
"CÔNG TY TNHH THƯƠNG MẠI DỊCH VỤ THANH TÂM LA","0787776264"
"CÔNG TY TNHH MAY MẶC TTT","0834432192"
"CÔNG TY TNHH SẢN XUẤT THƯƠNG MẠI QUỐC ANH LONG AN","076801091"
"CÔNG TY TNHH XÂY LẤP VÀ VẬT LIỆU XÂY DỰNG TÂM NHƯ","0929095050"
"CÔNG TY TNHH THIẾT BỊ ĐIỆN VÀ CƠ ĐIỆN LẠNH TRUNG HIẾU","0353632472"
"CÔNG TY CỔ PHẦN THẾ GIỚI NỆM XANH","0982995347"
"CÔNG TY CỔ PHẦN BEST BROTHERS FOOD","088641211"
"CÔNG TY TNHH THƯƠNG MẠI DỊCH VỤ QUANG SỰ LONG AN","0787565623"
"CÔNG TY TNHH ĐT TM VẬN CHUYỂN TÂM AN","0896145727"
"CÔNG TY TNHH THƯƠNG MẠI DỊCH VỤ ĐẶNG THIÊN","0901817866"
"CÔNG TY TNHH SX TM VƯỢT THỜI GIAN","0798291413"
"CÔNG TY TNHH XUẤT NHẬP KHẨU DKP GROUP","0966847849"
"CÔNG TY TNHH MỘT THÀNH VIÊN THƯƠNG MẠI DỊCH VỤ NHÂN LÊ","09338400790918756"
"CÔNG TY TNHH DV SX HTY","0977880181"
"CÔNG TY TNHH DVTM TỔNG HỢP HOME","0364185413"
"CÔNG TY TNHH THƯƠNG MẠI DỊCH VỤ MTV KIM THANH VIỆT NAM","0776701350"
"CÔNG TY TNHH XE ĐIỆN GENWAY","0776363666"
"CÔNG TY TNHH SẢN XUẤT VÀ THƯƠNG MẠI XD HOME","0965778475"
"CÔNG TY TNHH VẬT LIỆU MỚI QUẢNG THÁI VIỆT NAM","0986876466"
"CÔNG TY CỔ PHẦN XUẤT NHẬP KHẨU - THƯƠNG MẠI QUỐC TẾ HOÀNG LONG","0903309199"
"CÔNG TY TNHH DỊCH VỤ BẢO VỆ QUYẾT TÂM LONG AN","0933395519709212950"
"CÔNG TY TNHH MTV CÔNG NGHỆ PHÂN BÓN TÂY ĐÔ","0931418256"
"CÔNG TY TNHH CHANGSHU QIU TRADE COMPANY","0987991587"
"CÔNG TY TNHH THƯƠNG MẠI DỊCH VỤ XĂNG DẦU PHÚ VINH HOA","0909955458"
"CÔNG TY TNHH SX XNK TM ĐT HƯNG PHÁT","0933651616"
"CÔNG TY CỔ PHẦN PHÂN BÓN MẦM XANH VN","09081627890965123"
"CÔNG TY TNHH ÂN KIM LONG","0914043774"
"CÔNG TY TNHH TM-DV MOTOR XE MÁY NGỌC HUY","0903816692"
"CÔNG TY TNHH THƯƠNG MẠI DỊCH VỤ VẬT LIỆU XÂY DỰNG DUY HIỆP","0906250745"
"CÔNG TY TNHH MTV PHÂN BÓN THUẬN TÀI","0913550138"
"CÔNG TY TNHH THƯƠNG MẠI - XUẤT NHẬP KHẨU NGUYỄN LÊ","0909484165"
"HỢP TÁC XÃ DỊCH VỤ NÔNG NGHIỆP HOÀNG PHƯƠNG","0902449774"
"CÔNG TY CỔ PHẦN TƯ VẤN KIỂM ĐỊNH KHU VỰC MIỀN NAM","0982615533"
"CÔNG TY TNHH KINH DOANH - XÂY DỰNG & TRANG TRÍ NỘI THẤT AN KHANG","0931315742"
"CÔNG TY TNHH GỖ VÀ NỘI THẤT PHÚC GIA PHÁT","0765407240"
"CÔNG TY TNHH SẢN XUẤT GIA CÔNG CƠ KHÍ LỘC PHÁT METAL","0901442968"
"TRUNG TÂM NGOẠI NGỮ MỘT THẾ GIỚI","0965967967"
"CÔNG TY TNHH GREENCANS INDUSTRIES (VIỆT NAM)","0972756060"
"CÔNG TY TNHH TMDV VŨ ĐẠI","0765407240"
"CÔNG TY TNHH MỸ PHẨM HÀ NỘI","0987666898"
"CÔNG TY TNHH THƯƠNG MẠI CƠ KHÍ XÂY DỰNG VIỆT MINH THẮNG","0908218939"
"CÔNG TY TNHH TƯ VẤN THANH THUỶ","094296330"
"CÔNG TY TNHH OEM AN PHÁT","0911222445"
"CÔNG TY TNHH PHÂN PHỐI DẦU NHỚT VẠN PHÚ THỊNH","0932663379"
"CÔNG TY TNHH SẢN XUẤT CRAFTEX","497151992000"
"CÔNG TY TNHH PATINA FOOTWEAR SOLUTION","0879327322"
"CÔNG TY TNHH NEW YORK GOLD","0397534219"
"CÔNG TY TNHH DỊCH VỤ ĐẦU TƯ XÂY DỰNG PHÚC HƯNG LONG AN","0345603489"
"CÔNG TY TNHH TMDV MÁY MÓC VÀ THIẾT BỊ VẬT TƯ VĂN SỰ","0899120716"
"CÔNG TY TNHH ĐẦU TƯ XÂY DỰNG VÀ THƯƠNG MẠI SÀI GÒN T&T","0933696373"
"CÔNG TY TNHH DỊCH VỤ SẢN XUẤT CƠ KHÍ ĐỨC GIANG","0987011972"
"CÔNG TY TNHH GIÁO DỤC TRÍ PHÁT UY","07861643670799778"
"CÔNG TY TNHH THỨC ĂN CHĂN NUÔI CÔNG SANH","0903838748"
"CÔNG TY TNHH PHÂN BÓN HỮU CƠ SINH HỌC RUBY","0937029049"
"CÔNG TY TNHH MỘT THÀNH VIÊN THƯƠNG MẠI & SẢN XUẤT BAO BÌ NHỰA TUẤN PHÁT","0906745623"
"CÔNG TY TNHH NETWORK - COMPUTER HIẾU THIỆN","0911994114"
"CÔNG TY TNHH MTV LONG AN 246","0836362639"
"CÔNG TY TNHH MỘT THÀNH VIÊN NHỰA FUYE LONG AN (VIỆT NAM)","0972304581"
"CÔNG TY TNHH DV VT BÌNH ANH","0976377199"
"CÔNG TY CỔ PHẦN KỸ NGHỆ CƠ KHÍ M.A.X","0868373973"
"CÔNG TY TNHH GUY - LEONARD","0777992272"
"CÔNG TY TNHH TOP TRUST HOUSE & HOME","0898782748"
"CÔNG TY TNHH MKM GROUP","0777992272"
"CÔNG TY TNHH BAO BÌ LTP","0963985651"
"CÔNG TY TNHH RĂNG HÀM MẶT NHA KHOA NỤ CƯỜI","0822830789"
"CÔNG TY TNHH SẢN XUẤT KINH DOANH THỰC PHẨM GIA PHÚC","0346996237"
"CÔNG TY TNHH SẢN XUẤT HỮU CƠ GIÁ THỂ LỤC BÌNH NGUYỄN VĂN DẠN","0362633618"
"CÔNG TY TNHH MINH QUỐC HẢI","0344055983"
"CÔNG TY TNHH NHA KHOA BẾN LỨC","0352322499"
"CÔNG TY TNHH LONGJIE SHOES VIỆT NAM","086186658861"
"CÔNG TY TNHH XUÂN THU ĐÔNG","0346997641"
"CÔNG TY TNHH THỰC PHẨM A & A","0989172986"
"CÔNG TY TNHH THƯƠNG MẠI VÀ DỊCH VỤ ĐẠI SONG HỶ","0934411692"
"CÔNG TY CỔ PHẦN SẢN XUẤT PHÁT TRIỂN THƯƠNG MẠI VP","0825162743"
"CÔNG TY TNHH XE CHUYÊN DÙNG MIỀN NAM","0977665364"
"CÔNG TY TNHH THƯƠNG MẠI VÀ PHÁT TRIỂN CÔNG NGHỆ CAO VĨNH AN","0934017159"
"CÔNG TY TNHH DV TM LƯƠNG THỰC SION","0931252559"
"CÔNG TY TNHH ĐIỆN TỬ PERFECT BRAVE VIỆT NAM","85227239193"
"CÔNG TY CỔ PHẦN DỊCH VỤ GIẢI PHÁP Y TẾ DOANH NGHIỆP TG","0937900195"
"CÔNG TY TNHH SẢN XUẤT VÀ THƯƠNG MẠI THÚY BÌNH VN","0388932878"
"CÔNG TY TNHH THƯƠNG MẠI DỊCH VỤ TRẦN TRƯỜNG ANH","0587964496"
"HỢP TÁC XÃ NÔNG NGHIỆP PHƯỚC LẠI","0903133261"
"CÔNG TY TNHH DỊCH VỤ TƯ VẤN MÔI GIỚI KHO XƯỞNG ĐỨC HÒA","0908718718"
"CÔNG TY TNHH MTV TM DV THIÊN LONG LA","0907584129"
"CÔNG TY TNHH TỔ CHỨC SỰ KIỆN NGỌC QUÂN","0903339068"
"CÔNG TY TNHH THỰC PHẨM L&P VINA FOODS","0933789908"
"CÔNG TY TNHH SX TM DV TỊNH NHI","093771157"
"CÔNG TY TNHH HỒ VẠN PHÚC","0346186801"
"CÔNG TY TNHH TM XNK PHÂN BÓN VIỆT AN","0935142474"
"CÔNG TY TNHH CƠ KHÍ - XÂY DỰNG - THƯƠNG MẠI - DỊCH VỤ BÌNH DƯƠNG","0904442646"
"CÔNG TY TNHH XÂY DỰNG THƯƠNG MẠI HỮU THỊNH","0917576677"
"CÔNG TY TNHH MTV NGUYỄN ĐOÀN LA","0392184077"
"CÔNG TY TNHH SẢN XUẤT THƯƠNG MẠI YI CHING","0336276736"
"CÔNG TY TNHH ĐẦU TƯ XÂY DỰNG PHÚ DƯƠNG KHÔI","0908965970"
"CÔNG TY TNHH MTV VẠN KHA","0948853689"
"CÔNG TY TNHH MỘT THÀNH VIÊN ĐẦU TƯ PHÁT TRIỂN KHUÔN MẪU NHỰA ĐẠI THÀNH","0971728352"
"CÔNG TY TNHH SX TM DV HUGI LONG AN","0932329432"
"CÔNG TY TNHH ĐT XD TM DV LÊ HÙNG CƯỜNG","0799073737"
"CÔNG TY TNHH THƯƠNG MẠI HOA TÂN KIM","0898507566"
"CÔNG TY TNHH VISAS FOR FUTURE","13235772355"
"CÔNG TY TNHH MỘT THÀNH VIÊN ANH THƯ VND","0962656578"
"CÔNG TY CỔ PHẦN XÂY DỰNG LBC","0975520026"
"CÔNG TY TNHH SOUTHERN FARM","0912888533"
"CÔNG TY TNHH THƯƠNG MẠI DỊCH VỤ LONG LÊ","0703292414"
"CÔNG TY TNHH TM-DV ĐẦU TƯ MỘC LÂM","0355852276"
"CÔNG TY TNHH THIẾT BỊ PHỤ TÙNG CƠ KHÍ XÂY DỰNG GIA HUY","0388224801"
"CÔNG TY TNHH LIÊN HOA GLOBLA","0971877158"
"CÔNG TY TNHH KHẢI HOÀN LONG AN","0797944333"
"CÔNG TY TNHH SẢN XUẤT THƯƠNG MẠI LONG TÀI PHÁT","0784433339"
"CÔNG TY TNHH ASTRUM NEXUS","0918367128"
"CÔNG TY TNHH XÂY DỰNG THƯƠNG MẠI VÀ DỊCH VỤ TÂM CƠ KHÍ","0969853078"
"CÔNG TY TNHH THƯƠNG MẠI IN ẤN VÀ MÁY MÓC DANH VIỄN","0986847697"
"CÔNG TY TNHH TM DV - CƠ KHÍ - GIA THỊNH PHÁT","0902098059"
"CÔNG TY TNHH TMDV ĐẦU TƯ PHÁT TRIỂN MẠNH ĐỨC","0587698325"
"CÔNG TY TNHH TM DỊCH VỤ MÔI TRƯỜNG LONG KHÁNH","0961098918"
"CÔNG TY TNHH THƯƠNG MẠI CÔNG NGHỆ HẢI NAM PUNDI","0348156003"
"CÔNG TY CỔ PHẦN PHÁT TRIỂN THỂ THAO LONG AN","0933900666"
"CÔNG TY TNHH BĐS BLUELANDS","0909844872"
"CÔNG TY TNHH TM DV BÔNG SỢI ĐỨC PHÁT","0814616639"
"CÔNG TY TNHH ĐẦU TƯ THƯƠNG MẠI DỊCH VỤ TỔNG HỢP VĂN MINH 88","0924060063"
"CÔNG TY TNHH SAN LẤP HPMP","0586610039"
"CÔNG TY TNHH HÓA CHẤT XIN HONG YUN","0976003539"
"CÔNG TY TNHH VẬN TẢI EXPRESSS","0813330846"
"CÔNG TY TNHH THƯƠNG MẠI PHÁT TRIỂN ĐÔNG PHƯỚC AN","0932498952"
"CÔNG TY TNHH HẢI NGUYÊN VN","0908801185"
"CÔNG TY TNHH DƯỢC PHẨM PHÚC AN NGUYÊN","0856425746"
"CÔNG TY TNHH ĐẦU TƯ THƯƠNG MẠI MY ICP VIỆT NAM","0923476311"
"CÔNG TY TNHH APOLLO LA","0868106206"
"CÔNG TY TNHH MAY MẶC VÀ THIẾT KẾ GIA BẢO","0813330548"
"CÔNG TY TNHH NÔNG NGHIỆP BAY TƯƠNG LAI","0768162162"
"CÔNG TY TNHH TM XL NGỌC THÀNH ĐẠT","09099798790943"
"CÔNG TY TNHH TMDV IN ẤN QUẢNG CÁO NGỌC TRÂM","0899130815"
"CÔNG TY TRÁCH NHIỆM HỮU HẠN THƯƠNG MẠI FECISUM VIỆT NAM","0386847396"
"CÔNG TY TNHH THƯƠNG MẠI DỊCH VỤ NHÀ HÀNG KHÁCH SẠN GIA NGHI","0589786369"
"CÔNG TY TNHH VẬN TẢI HÂN NGUYỄN","0987498261"
"CÔNG TY TNHH SX TM TƯ VẤN THIẾT KẾ DTD","0931873747"
"CÔNG TY TNHH TMDV NHIÊN LIỆU QUỐC BẢO","0899120307"
"CÔNG TY TNHH CHUANGJIN VIỆT NAM","0353764217"
"CÔNG TY TNHH SX - TM - DV - NỘI THẤT - AN PHƯƠNG","0906753882"
"CÔNG TY TNHH XUẤT NHẬP KHẨU SẢN XUẤT HỒNG VÂN","0982440403"
"CÔNG TY TNHH BỆNH VIỆN THANH LỊCH","0987303057"
"CÔNG TY TNHH MÔI TRƯỜNG VÀ NÔNG DƯỢC","0366546929"
"CÔNG TY TNHH ĐT XÂY DỰNG THƯƠNG MẠI K.L.M VÕ GIA","0931957275"
"CÔNG TY TNHH KEVEN NUT","03933394671"
"CÔNG TY TNHH SẮT THÉP XÂY DỰNG VĨNH KHANG","0813330744"
"CÔNG TY TNHH DỊCH VỤ SẢN XUẤT XÂY DỰNG KIM NGÂN PHÁT","0915216607"
"CÔNG TY TRÁCH NHIỆM HỮU HẠN THƯƠNG MẠI SKYLINK VIỆT NAM","0387818995"
"CÔNG TY TNHH TM DV XÂY DỰNG THANH XUÂN LA","0839744441"
"CÔNG TY TNHH TM DV TÀI LỘC ĐỨC HÒA","0938972904"
"CÔNG TY TNHH TM DV THIÊN PHƯỚC ĐỨC HÒA","0901773052"
"CÔNG TY TNHH QUANTUM TEXTILES","0393782660"
"CÔNG TY TNHH VẬT LIỆU XÂY DỰNG TÂM HIỆP","0813330846"
"CÔNG TY TNHH ĐẦU TƯ THƯƠNG MẠI DỊCH MỘC XANH","0899310344"
"CÔNG TY TNHH TMDV THU GOM PHẾ LIỆU VÀ KINH DOANH SẮT THÉP ĐÔNG HƯNG","0899821802"
"CÔNG TY TNHH SANGWON VINA","0876211967"
"CÔNG TY TNHH MAY LIPAI","0908213158"
"CÔNG TY TNHH KÍNH MẮT YCC (VIỆT NAM)","0704907879"
"CÔNG TY TNHH TM DV ĐẦU TƯ XÂY DỤNG ĐỖ LIÊN","0522883692"
"CÔNG TY TNHH THIÊN NGỌC HẢI","0784403686"
"CÔNG TY TRÁCH NHIỆM HỮU HẠN MỘT THÀNH VIÊN THƯƠNG MẠI - XĂNG DẦU VUI DƯ","0937742028"
"CÔNG TY TNHH DV ÁNH DƯƠNG CRYSTAL","0388881451"
"CÔNG TY TNHH NỘI THẤT NHƠN HÒA LONG AN","0906753882"
"CÔNG TY TNHH TM DV ĐẦU TƯ XÂY DỰNG NGUYỄN NAM","0522884514"
"CÔNG TY TNHH ĐẦU TƯ CƠ KHÍ MÁY MÓC THĂNG LONG","0526987669"
"CÔNG TY TNHH TM DV SẮT THÉP PHẾ LIỆU NIỀM NGUYỄN","0896610425"
"CÔNG TY TNHH TM DV KINH DOANH VẬN TẢI NGỌC LÂM","0528065857"
"CÔNG TY TNHH SẢN XUẤT THƯƠNG MẠI 4T GARMENT","0982050700"
"CÔNG TY TNHH NÔNG NGHIỆP JIA LONG","0964999680"
"CÔNG TY TNHH DỊCH VỤ THƯƠNG MẠI SST NGUYÊN VY","0787434185"
"CÔNG TY TNHH MTV NGÂN BẢO AN","0924695458"
"CÔNG TY TNHH TM DV SẮT THÉP MINH TÂM","0522884275"
"CÔNG TY TNHH TMDV KIM NGUYỄN","0899828319"
"CÔNG TY TNHH TM DV SẮT THÉP LÊ KIỀU","0522884275"
"CÔNG TY TNHH PHUC KHANG HWA VINA","0333342639"
"HỢP TÁC XÃ SẢN XUẤT THƯƠNG MẠI DỊCH VỤ NÔNG NGHIỆP XÂY DỰNG VÀ MÔI TRƯỜNG XÃ MỸ QUÝ TÂY","09032707255"
"CÔNG TY TNHH TM DV SẮT THÉP NGUYỄN LÂM","0585817346"
"CÔNG TY TNHH VẬT LIỆU CÔNG NGHỆ CAO LONGDA WEIFANG VIỆT NAM","0909789826"
"CÔNG TY CỔ PHẦN LONG MỸ PHÁT","0913927497"
"CÔNG TY TNHH NÔNG SẢN CAO NGUYÊN","0365101067"
"CÔNG TY CỔ PHẦN THƯƠNG MẠI BLUE SEA","0909407099"
"CÔNG TY TNHH THƯƠNG MẠI DỊCH VỤ XÂY DỰNG KIM NAM ANH","0866151665"
"CÔNG TY CỔ PHẦN FAMICARE LONG AN","093760339"
"CÔNG TY TNHH TMDV VẬT LIỆU XÂY DỰNG PHÚ QUÝ","0378987658"
"CÔNG TY TNHH CÔNG NGHỆ SUM TSZ (VIỆT NAM)","0338841919"
"CÔNG TY TNHH HARVEST EDEN","0333877189"
"CÔNG TY TNHH BỆNH VIỆN ĐA KHOA QUỐC TẾ BẮC HOÀN","0988971401"
"TRẠM Y TẾ XÃ BÌNH TÂN","0942352939"
"CÔNG TY TNHH ĐẦU TƯ THƯƠNG MẠI VÀ DỊCH VỤ N2","0984991869"
"CÔNG TY TNHH THƯƠNG MẠI DỊCH VỤ GIA HÀNH","0369838051"
"CÔNG TY TNHH MAY MẶC THỜI TRANG VIỆT THẮNG","0973560976"
"CÔNG TY TNHH ĐẦU TƯ VÀ XÂY DỰNG NGUYỄN VƯƠNG","0878338889"
"CÔNG TY TNHH TM DV XD CHÍ HẢI","0859080480"
"CÔNG TY TNHH TM DV TTLA","0948262032"
"CÔNG TY TNHH CÔNG NGHỆ PHẦN CỨNG WETECH (VIỆT NAM)","8613605732096"
"CÔNG TY TRÁCH NHIỆM HỮU HẠN SẢN XUẤT THƯƠNG MẠI DỊCH VỤ NGUYỄN HIỀN","0919331622"
"CÔNG TY TNHH TM DV SX DRAGON","0942334171"
"CÔNG TY TNHH LÝ KIM KHOA","0941046783"
"CÔNG TY CỔ PHẦN TAKUMI GROUP","0961325005"
"CÔNG TY TNHH THƯƠNG MẠI DỊCH VỤ KW GARDEN","0344231589"
"CÔNG TY TNHH SẢN XUẤT DỊCH VỤ THƯƠNG MẠI THÉP LONG AN","0975188488"
"CÔNG TY TNHH MTV DOME GARDEN VIỆT NAM","0902190210"
"CÔNG TY TNHH SX-TM ETERNAL PROWESS LONG AN","0903979151"
"CÔNG TY TNHH BAO BÌ TÍN NHÂN","0907335117"
"CÔNG TY TNHH PG LOGISTICS","0967639229"
"CÔNG TY TNHH DỊCH VỤ GAME LA 18","0345818818"
"CÔNG TY TNHH TMDV AN NHIÊN VN","0776191432"
"CÔNG TY TNHH SX-TM BAO BÌ TÂN HẢI ÂU","0908706653"
"CÔNG TY TNHH MTV NHÓM HOÀN HẢO","0899300117"
"CÔNG TY TNHH TM DV KENCO","0389592266"
"CÔNG TY TNHH ĐẠI AN L.A","0345504508"
"CÔNG TY TNHH TM DN KIM BẢO THÀNH","0357126953"
"CÔNG TY TNHH SẢN XUẤT BAO BÌ ĐỨC TRINH PHÁT","0784719355"
"CÔNG TY TNHH PHÁT TRIỂN THI CÔNG XÂY DỰNG SƠN LINH PHÁT","0899431373"
"CÔNG TY TNHH THƯƠNG MẠI DỊCH VỤ HỒ ĐẠT KIM","0568548732"
"CÔNG TY TNHH TMDV VÀ ĐẦU TƯ SẢN XUẤT LÊ HỒNG","0569757593"
"CÔNG TY TNHH SX TM MAY THÊU TLA","0918674877"
"CÔNG TY TNHH THƯƠNG MẠI XÂY DỰNG VÀ VẬN TẢI TRẦN TRUNG","0397857879"
"CÔNG TY TNHH Y SÀI GÒN CẦN ĐƯỚC","0939545115"
"CÔNG TY TNHH ĐẦU TƯ BẤT ĐỘNG SẢN ĐĂNG TIẾN","0908169864"
"CÔNG TY TNHH TỰ NHIÊN THÀNH","0382439939"
"CÔNG TY TNHH DỊCH VỤ THƯƠNG MẠI BẢO VỆ TÂM AN","0373837262"
"CÔNG TY TNHH TMDV THẠCH THIẾP","0912616586"
"CÔNG TY TNHH DTX ELECTRONICS (VIETNAM)","0086075529719578"
"CÔNG TY TNHH ĐẦU TƯ VIỆT TRẦN","0901338696"
"CÔNG TY TNHH TECHNOLOGY VORK VIỆT NAM","0988021495"
"CÔNG TY TNHH ARTTEX VIỆT NAM","0339051168"
"CÔNG TY TNHH CƠ KHÍ CHÍNH XÁC RUNTO","0765586838"
"CÔNG TY TNHH THƯƠNG MẠI ĐẦU TƯ TỔNG HỢP TÂN QUANG","0589778696"
"CÔNG TY TNHH MINH LONG VẠN PHÚC","0982870081"
"CÔNG TY TNHH HOÁ CHẤT HUAN TUO VIỆT NAM","0388682505"
"CÔNG TY TNHH CÔNG NGHỆ SINH HỌC NGỌC MINH CHÂU","0944636663"
"CÔNG TY TNHH SX TM NHỰA MINH HÒA","0913624434"
"CÔNG TY TNHH THƯƠNG MẠI DƯƠNG ANH VINA PHÁT","0845275378"
"CÔNG TY TNHH XNK THỰC PHẨM MOON PHẠM","0962424243"
"CÔNG TY TNHH THƯƠNG MẠI KỸ THUẬT XÂY DỰNG LONG CƯỜNG","0703292414"
"CÔNG TY TNHH SẢN XUẤT THƯƠNG MẠI VÀ ĐẦU TƯ SONG ANH","0989666725"
"CÔNG TY TNHH TOPFOOD VIỆT NAM","0944337733"
"CÔNG TY TNHH NUÔI TRỒNG THỦY SẢN MỸ DUYÊN","0938249737"
"CÔNG TY TNHH SX TM XNK HỒNG MINH TKC","0962579767"
"CÔNG TY TNHH SX TM KINH DOANH VẬT LIỆU NGỌC CHÂU","0896139982"
"CÔNG TY TNHH THIẾT BỊ Y TẾ MINH QUANG PRO","0333777918"
"CÔNG TY TNHH DỊCH VỤ BẢO VỆ HIẾU THIÊN","0785777809"
"CÔNG TY TNHH THƯƠNG MẠI VÀ DỊCH VỤ GIA NHẤT VN","0776712998"
"CÔNG TY TNHH OCEAN GIFT SEA MOSS","0768030939"
"TỔ HỢP TÁC GÒ BA CẢNH","0367728836"
"CÔNG TY TNHH TMDV PHÁT TRIỂN VŨ HÀ","0939897656"
"CÔNG TY TNHH SẢN XUẤT VÀ TMDV MAY MẶC VĂN THỨC","0778715002"
"CÔNG TY TNHH LP VINA FOOD","0933789908"
"CÔNG TY TNHH TMDV NHÀ HÀNG KHÁCH SẠN CÁT TƯỜNG","0898831664"
"CÔNG TY TNHH CÔNG NGHỆ ĐIỆN HUADI (VIỆT NAM)","8613906680808"
"CÔNG TY TNHH THƯƠNG MẠI DỊCH VỤ VẬN TẢI THẠCH ĐĂNG PHÚ","0921172159"
"CÔNG TY TNHH SẢN XUẤT VÀ THƯƠNG MẠI KIM HẢI HUY","0932317973"
"CÔNG TY TNHH THƯƠNG MẠI DỊCH VỤ KHẢI HƯNG AN","0568700508"
"CÔNG TY TNHH TRƯỜNG LỘC TẤN HƯNG","0834418478"
"CÔNG TY TNHH VƯƠNG LAN SINH","0342803813"
"CÔNG TY TNHH ĐẦU TƯ PHÁT TRIỂN KINH DOANH TÂN HÒA PHÁT","0899021327"
"CÔNG TY TNHH XÂY DỰNG KIM THÀNH KHÔI","0357527512"
"CÔNG TY TNHH TMDV NHÀ HÀNG TRẦN LONG","0898046133"
"CÔNG TY TNHH MTV SX TMDV PHÚC PHÚC YÊN","0981822671"
"CÔNG TY TNHH THƯƠNG MẠI DỊCH VỤ XÂY DỰNG RỒNG XANH","0835798563"
"CÔNG TY TNHH TM & XD NỘI NGOẠI THẤT THE ART HOUSE","0961341879"
"CÔNG TY TNHH ĐẦU TƯ VÀ PHÁT TRIỂN LÊ HIỀN","0898156797"
"CÔNG TY TNHH PHÁT TRIỂN VÀ ĐẦU TƯ NGUYỄN THẢO","0898272528"
"CÔNG TY TNHH ĐẦU TƯ PHÁT TRIỂN KINH DOANH MAI HOA PHÁT","0898018609"
"CÔNG TY TNHH ĐẦU TƯ PHÁT TRIỂN TOÀN CẦU PHẠM NGA","0898574720"
"CÔNG TY TNHH TM DV XÂY DỰNG KIM TIẾN PHÁT","0357526781"
"CÔNG TY TNHH THƯƠNG MẠI DỊCH VỤ VẬN TẢI KIM THÀNH VINH","0866171523"
"CÔNG TY TNHH PHÁT TRIỂN VÀ ĐẦU TƯ TÂN PHÁT THẮNG","0896039565"
"CÔNG TY CỔ PHẦN KIỂM ĐỊNH HUẤN LUYỆN VÀ TƯ VẤN GIẢI PHÁP AN TOÀN LA","0903650309"
"CÔNG TY TNHH THIẾT KẾ KIẾN TRÚC XÂY DỰNG TENGFEI","03732800618"
"CÔNG TY TNHH PHÁT TRIỂN VÀ ĐẦU TƯ XÂY DỰNG PHẠM HÙNG","0898125674"
"CÔNG TY TNHH XNK GRANGTING VIỆT","0938711106"
"CÔNG TY TNHH TM ĐẠI PHÚC LỘC","0901906498"
"CÔNG TY TNHH XUẤT NHẬP KHẨU MINH LONG GROUP","0397425100"
"CÔNG TY TNHH PHÁT TRIỂN VÀ ĐẦU TƯ XÂY DỰNG HỒNG VƯƠNG PHÁT","0898363192"
"CÔNG TY TNHH PHÁT TRIỂN VÀ ĐẦU TƯ XÂY DỰNG THI CÔNG ĐẶNG TUYỀN","0899257607"
"CÔNG TY TNHH TM DV CÔNG TRÌNH VIỆT THỊNH PHÁT","0909854977"
"CÔNG TY TNHH THƯƠNG MẠI XÂY DỰNG ĐẠI ĐỒNG NHẤT","0962371294"
"CÔNG TY TNHH TM DV XÂY DỰNG QUANG THÀNH","0357526790"
"CÔNG TY CỔ PHẦN ĐẦU TƯ TÂY NAM HƯNG PHÚ LONG AN","0906825268"
"CÔNG TY TNHH ĐẦU TƯ VÀ PHÁT TRIỂN GIÁO DỤC TUỆ MẪN","0976566997"
"CÔNG TY TNHH ĐẦU TƯ PHÁT TRIỂN VẠN LỢI VIỆT NAM","0917662869"
"CÔNG TY TNHH TMDV TRẦN PHÁT","0908988298"
"CÔNG TY CỔ PHẦN ECOTHERMS","0969011018"
"CÔNG TY TNHH PHÁT TRIỂN KINH DOANH TẤN LỘC","0931072577"
"CÔNG TY TNHH Y TẾ HỒNG GIA VIỆT NAM","0912906836"
"CÔNG TY TNHH MỘT THÀNH VIÊN HOÀNG PHÁT ĐẠT","0913958268"
"CÔNG TY TNHH BẢO NGUYÊN PLASTIC","0933250105"
"CÔNG TY TNHH TAMAGRI","0919935354"
"CÔNG TY TNHH THƯƠNG MẠI VÀ DỊCH VỤ MINH TRUYỀN VIỆT NAM","0776536949"
"CÔNG TY TNHH TM DV ĐT YUAN YUAN","0937788803"
"CÔNG TY CP ĐẦU TƯ ADG LONG AN","0932190038"
"CÔNG TY TNHH MTV TRƯƠNG ĐĂNG KHÔI","0342016626"
"CÔNG TY TNHH SẢN XUẤT THƯƠNG MẠI DV TRƯỜNG PHÁT","0396789268"
"CÔNG TY TNHH MTV TM - DV LONG AN MOTOR","0978893154"
"CÔNG TY TNHH LA HOÀNG LONG","0939738268"
"CÔNG TY TNHH TM DV SX THỰC PHẨM ĐẠI VIỆT","0903661149"
"CÔNG TY TNHH MỘT THÀNH VIÊN TƯ VẤN XÂY DỰNG THƯƠNG MẠI NGÔ THẢO TT","0827879199"
"CÔNG TY TNHH DỊCH VỤ CÔNG NGHỆ KHÔNG DÂY HOÀNG TRUNG TÍN","0909364789"
"CÔNG TY TNHH MÔI TRUÒNG XANH LPT - LONG AN","0931880428"
"CÔNG TY TNHH THƯƠNG MẠI THANH PHƯƠNG GLOBLA","0896978438"
"CÔNG TY TNHH TAVADA PHARMA","0903876108"
"CÔNG TY TNHH THƯƠNG MẠI DỊCH VỤ VẬN TẢI VÀ GIA CÔNG HÀNG MAY MẶC HOÀNG PHÁT","0988894068"
"CÔNG TY TNHH SẢN XUẤT PHÚ QUÝ VIỆT","0878480548"
"HỢP TÁC XÃ NÔNG NGHIỆP XANH SONXI","0938596909"
"CÔNG TY TNHH MEGMILK SNOW BRAND VIỆT NAM","0368873690"
"CÔNG TY TNHH VÀNG TRANG SỨC ANH THY LUXURY","0933178679"
"CÔNG TY CỔ PHẦN CÔNG NGHỆ XANH BAWIN","0822625555"
"CÔNG TY TNHH SẢN XUẤT CƠ KHÍ VIỆT NGA","0908261668"
"CÔNG TY TNHH CƠ KHÍ ĐÔNG KINH","0975660598"
"CÔNG TY TNHH THƯƠNG MẠI KD VT BÁCH VẠN THIÊN","0939728952"
"CÔNG TY CỔ PHẦN TANAMAZ","0909254867"
"CÔNG TY TNHH HEJIAYING","0949994937"
"CÔNG TY TNHH TMDV MINH NHƯ","0923179652"
"CÔNG TY TNHH SX TM KẾT CẤU THÉP NSX","0902735858"
"CÔNG TY TNHH THƯƠNG MẠI VÀ DỊCH VỤ HUY HOÀNG VN","0778109615"
"CÔNG TY TNHH TM XUẤT NHẬP KHẨU TOÀN CẦU","0903165463"
"CÔNG TY TNHH SO STORY VN","0975653100"
"CÔNG TY TNHH GIÀY HƯNG BẢO","0776737823"
"CÔNG TY TNHH PHÁT TRIỂN TCL VIỆT","0896339478"
"CÔNG TY TNHH THIÊN LỘC PHÁT LA","0985837152"
"CÔNG TY TNHH ĐẦU TƯ VÀ XÂY DỰNG THƯƠNG MẠI 336","0919343336"
"CÔNG TY TNHH SX & TM BAO BÌ THIÊN PHÚC","0934558029"
"CÔNG TY TNHH THƯƠNG MẠI DỊCH VỤ HH18","0355763105"
"CÔNG TY TNHH TM DV ĐẦU TƯ XÂY DỰNG NGUYỄN NIỀM","0522893981"
"CÔNG TY TNHH THƯƠNG MẠI DỊCH VỤ VÀ SẢN XUẤT MAY MẶC PHỤ LIỆU ĐÔNG CHÍ","0961787834"
"CÔNG TY TNHH TMDV THÁI BÌNH VN","0776956718"
"CÔNG TY CP PHOSPHATE VIỆT NAM","0918264008"
"CÔNG TY TNHH VÀNG BẠC ĐÁ QUÝ KIM PHƯỚC ĐỨC HÒA","0918764595"
"CÔNG TY TNHH SỢI LEN VẠN XUÂN LONG AN","0387840434"
"CÔNG TY TNHH SX TM DV ĐĂNG HÂN","0939973974"
"CÔNG TY TNHH THIẾT KẾ XÂY DỰNG DIB","0977441450"
"CÔNG TY TNHH TM DV SẮT THÉP PHẾ LIỆU NGUYỄN TOÁN","0899778543"
"CÔNG TY TNHH SX TM DV THÀNH ĐẠT PHÁT","0966272907"
"CÔNG TY TNHH MỘC NHIÊN XANH","0944795181"
"CÔNG TY TNHH ĐẦU TƯ PHÁT TRIỂN DỊCH VỤ KIM HẠNH","0779274060"
"CÔNG TY TNHH THI CÔNG XÂY DỰNG - THƯƠNG MẠI ĐẶNG LÊ","0794215768"
"CÔNG TY TNHH DỊCH VỤ TƯ VẤN THƯƠNG MẠI VÀ ĐẦU TƯ AN TÍN","0986095637"
"CÔNG TY TNHH UNIVAL S.R.L","0398801281"
"CÔNG TY TNHH THƯƠNG MẠI VÀ DỊCH VỤ SẢN XUẤT XUÂN HOÀ","0588937632"
"CÔNG TY TNHH SẢN XUẤT THƯƠNG MẠI TỔNG HỢP PHÁT LA","0589786364"
"CÔNG TY TNHH THƯƠNG MẠI DỊCH VỤ VÀ PHÁT TRIỂN HỮU THÀNH","0773702483"
"CÔNG TY TNHH CÔNG TY TNHH SARL ALPA","0398801281"
"CÔNG TY TNHH THƯƠNG MẠI DỊCH VỤ RUSTAR","0777965463"
"CÔNG TY TNHH TM DV XNK CAO THẮNG (VN)","0332770976"
"CÔNG TY TNHH CHÍN TƯ DALAT","0399097191"
"CÔNG TY TNHH NÂNG CHỈNH NHÀ NGHIÊNG THẦN ĐÈN QUỐC THỊNH","0939927187"
"CÔNG TY TNHH TM - DV ST TRƯƠNG THANH","0898346208"
"CÔNG TY TRÁCH NHIỆM HỮU HẠN MỘT THÀNH VIÊN VÀNG BẠC ĐÁ QUÝ NGỌC KHÁNH LINH","0901261513"
"CÔNG TY TNHH THƯƠNG MẠI DỊCH VỤ TRƯƠNG GIA LONG AN","0911797880"
"CÔNG TY TNHH TMDV IN ẤN HÓA CHẤT TRẦN NINH","0914219903"
"CÔNG TY TNHH TMDV VẬN TẢI XÂY DỰNG HOÀNG HẢI LA","0914228613"
"CÔNG TY TNHH MTV XÂY DỰNG LAN ANH - LA","0797227046"
"CÔNG TY CỔ PHẦN XÂY DỰNG ACONS","0915883842"
"CÔNG TY TNHH TM DỊCH VỤ TUẤN TÚ","0909186529"
"CÔNG TY TNHH TMDV TỔNG HỢP CS-ONE","0879035431"
"CÔNG TY CỔ PHẦN QUỐC TẾ VINCEN GROUP","0898999504"
"CÔNG TY TNHH XÂY DỰNG VÀ THƯƠNG MẠI DỊCH VỤ NDT","0817859889"
"CÔNG TY TNHH AN AN THÀNH","0589417753"
"CÔNG TY TNHH ĐẦU TƯ THƯƠNG MẠI VẬN TẢI NGUYÊN KHÔI","0947368038"
"CÔNG TY TNHH DỊCH VỤ VẬN TẢI THUỶ BỘ HOÀNG ANH","0949380024"
"CÔNG TY TNHH SẢN XUẤT MAY MẶC THẠCH PHƯỢNG","0964976852"
"CÔNG TY CỔ PHẦN NÔNG SẢN VNFOOD SÔNG CỬU LONG","0919789915"
"CÔNG TY TNHH TMDV XNK NGUYỄN THÁI","0792087285"
"CÔNG TY TNHH LIÊN HOA MARKET","0847761761"
"CÔNG TY TNHH TMDV VẬN CHUYỂN PHƯỚC LÂM CG","0778662036"
"CÔNG TY TNHH MTV DỊCH VỤ BẢO VỆ HƯNG THỊNH","0942225353"
"CÔNG TY TNHH ĐIỆN CƠ KHÍ MÁY MÓC MINH HIỆP","0917171831"
"CÔNG TY TNHH THƯƠNG MẠI DỊCH VỤ HẢI LONG ĐÔNG","09858881"
"CÔNG TY TNHH THƯƠNG MẠI DỊCH VỤ TƯ VẤN XÂY DỰNG QUÝ TIẾN","0342722088"
"CÔNG TY TNHH TM DV PHÁT TRIỂN QUẢNG CÁO TRẦN KHÁNH","0896406487"
"CÔNG TY TRÁCH NHIỆM HỮU HẠN NÔNG NGHIỆP XANH - YẾN SÀO TÂN ÂN","0914198368"
"CÔNG TY TNHH TM TƯ VẤN ĐẦU TƯ XÂY DỰNG PHƯƠNG TOÀN","0981012931"
"CÔNG TY TNHH SẢN XUẤT GIA CÔNG GIÀY ĐÔNG DƯƠNG","0337574705"
"CÔNG TY TNHH DỊCH VỤ ĂN UỐNG HE DONG XIAO GUAN","0813263239"
"CÔNG TY TNHH XÂY DỰNG ĐẠI ĐỨC ĐỊNH","0836789129"
"CÔNG TY TNHH KHOA HỌC KỸ THUẬT VẬT LIỆU MỚI TÂN BÀNG (MIỀN NAM)","0963706339"
"CÔNG TY TNHH TMDV HỒ BẮC","0926965754"
"CÔNG TY TNHH MTV NHA KHOA BẢO THI","0981270990"
"CÔNG TY TNHH SX TMDV THỰC PHẨM NGỌC DIỄM FOODS","0899130117"
"CÔNG TY TNHH VẬT LIỆU THÉP TIẾN ĐẠT","0792094401"
"CÔNG TY TNHH XNK CAO HẢI","0858295463"
"CÔNG TY TNHH THƯƠNG MẠI DỊCH VỤ NHÀ SÁCH - VĂN PHÒNG PHẨM PHƯƠNG DUNG","0938206397"
"CÔNG TY TNHH SỢI ĐẠI THÀNH","0936830968"
"CÔNG TY TNHH KHÍ CÔNG NGHIỆP TARGET","0974804844"
"CÔNG TY TNHH THƯƠNG MẠI VẬN TẢI VÀ DU LỊCH TRÍ NGHĨA","0967058939"
"CÔNG TY TNHH MASTER FITNESS INTERNATIONAL","8613823330143"
"CÔNG TY TNHH PHÁT TRIỂN NHÀ 340 L.A","0989251546"
"CÔNG TY TNHH THỔ SINH KIM LA","0948408489"
"CÔNG TY TNHH ĐỨC TÍN ĐỨC HUỆ","0911464437"
"DOANH NGHIỆP TƯ NHÂN TM - DV - XD TIẾN ĐẠT","0949484989"
"CÔNG TY TNHH SẢN PHẨM NHỰA KIỆT PHONG","0965976978"
"CÔNG TY TNHH PHÁT TRIỂN VÀ ĐẦU TƯ TÙNG PHÁT","0898423126"
"CÔNG TY TNHH PHÁT TRIỂN VÀ ĐẦU TƯ XÂY DỰNG BÙI SƠN","0899489527"
"CÔNG TY TNHH THIẾT BỊ PHỤ TÙNG CƠ KHÍ XÂY DỰNG TUẤN PHÁT","0896692146"
"CÔNG TY TNHH PHÚ AN BL","0981014397"
"CÔNG TY TNHH PHÁT TRIỂN VÀ ĐẦU TƯ XUÂN HÙNG","0896730974"
"CÔNG TY TNHH HOÀNG KIM BL","0765136015"
"CÔNG TY TNHH TM DV ĐẦU TƯ PHÁT TRIỂN QUẢNG CÁO TRẦN DƯƠNG","0896612718"
"CÔNG TY TNHH ĐẦU TƯ VÀ PHÁT TRIỂN ĐINH MÔN PHÁT","0896902475"
"CÔNG TY TNHH MỘT THÀNH VIÊN VẬT LIỆU MÔI TRƯỜNG HẠN CHẾ KIM THU LI PHONG (VIỆT NAM)","0932313639"
"CÔNG TY TNHH PHÁT TRIỂN THI CÔNG XÂY DỰNG CHIẾN PHÁT","0896440708"
"CÔNG TY TNHH ĐẦU TƯ PHÁT TRIỂN TOÀN CẦU PHÁT NGUYỄN","0898326751"
"CÔNG TY TNHH TM-SX-DV-VT TOÀN PHÁT","0528313942"
"CÔNG TY TNHH TAGS AN PHÚ","0394390007"
"CÔNG TY TNHH ĐẦU TƯ PHÁT TRIỂN KINH DOANH HÙNG PHÁT","0898204220"
"CÔNG TY TNHH NHÂN NGHĨA LA","0889888992"
"CÔNG TY TNHH THÊU VI TÍNH KIM LOAN VINA","0787678299"
"CÔNG TY TNHH XÂY DỰNG DỊCH VỤ PHƯƠNG MINH","0932519144"
"CÔNG TY TNHH THƯƠNG MẠI DỊCH VỤ SẢN XUẤT PHÁT TRIỂN AN LỘC","0588763278"
"CÔNG TY TNHH VẠN NIÊN VNT","0773909468"
"CÔNG TY TNHH THƯƠNG MẠI VÀ DỊCH VỤ ĐẠI SONG PHÁT","0588935617"
"CÔNG TY TNHH SẢN XUẤT THƯƠNG MẠI DỊCH VỤ HÀ MAI","0847666331"
"CÔNG TY TNHH SX - TM ANH NGUYÊN KHANG","0981384539"
"CÔNG TY TNHH THƯƠNG MẠI TAISHAN","0354172458"
"CÔNG TY TRÁCH NHIỆM HỮU HẠN CƠ KHÍ VÀ NHÔM KÍNH THÀNH TÀI","0973814581"
"CÔNG TY TNHH TMDV MAY MẶC MINH HUY","0896130204"
"CÔNG TY TNHH THƯƠNG MẠI DỊCH VỤ KHẢI PHÁT LONG AN","0938832811"
"CÔNG TY TNHH BẾN LỨC SATOPURE","84383094125"
"CÔNG TY TNHH MASSAGE NỮ NHI","0938015221"
"CÔNG TY CỔ PHẦN THÀNH ĐẠT TTH-CONS","0334213333"
"CÔNG TY TNHH MTV SÁU NGỌ","0947780801"
"CÔNG TY TNHH THƯƠNG MẠI XUẤT NHẬP KHẨU HTM VIỆT NAM","0918186456"
"CÔNG TY TNHH THƯƠNG MẠI VÀ KỸ THUẬT ĐĂNG QUANG SOLAR","0907590544"
"CÔNG TY TNHH ĐỔ TRƯỜNG THỌ","0585929402"
"CÔNG TY TNHH NÔNG NGƯ CƠ DƯƠNG BÌNH","0979657617"
"CÔNG TY TNHH TƯ VẤN XÂY DỰNG CAO MINH ĐẠT","0845122777"
"CÔNG TY CỔ PHẦN SẢN XUẤT VÀ THƯƠNG MẠI PHÁT ĐẠI THÀNH","0982919191"
"CÔNG TY TNHH THƯƠNG MẠI DỊCH VỤ SẮT THÉP DŨNG VĂN","0585598035"
"CÔNG TY TNHH MTV THẾ HIỂN TRADING","0985037903"
"CÔNG TY TNHH THẾ HIỂN DESIGN","092696711"
"CÔNG TY TNHH CHĂM SÓC DA HERBAL NATURAL","0583866621"
"CÔNG TY TNHH TƯ VẤN THIẾT KẾ XÂY DỰNG THIỆN TUYẾT","052841411"
"CÔNG TY TNHH TƯ VẤN THIẾT KẾ XÂY DỰNG LÂM NGHĨA HÂN","0945128149"
"CÔNG TY TNHH Á CHÂU POLYMER LONG AN","0903950836"
"CÔNG TY TNHH XÂY DỰNG THIẾT KẾ NUNA","0912037070"
"CÔNG TY TNHH KINGPLAS LONG AN","09032809536"
"CÔNG TY TNHH ĐỨC TÂN UYÊN","0917695707"
"CÔNG TY TNHH MTV THƯƠNG MẠI DỊCH VỤ TẤN TÀI","0978971197"
"CÔNG TY TNHH KINH DOANH TỔNG HỢP TRÂM ANH","0912034477"
"CÔNG TY TNHH THƯƠNG MẠI HÀ ĐẠI PHÁT","0983914242"
"CÔNG TY TNHH TMDV TIÊN PHÚ","0327729897"
"CÔNG TY TNHH MY ANS","0909762788"
"CÔNG TY TNHH MTV TMDV MINH HUY","0944985757"
"CÔNG TY TNHH ANV LUXURIOUS MODULAR HOMES","0946195588"
"CÔNG TY TNHH TRANG TRÍ NỘI THẤT VÀ XÂY DỰNG PHƯỚC ĐẠT","0334833633"
"CÔNG TY TNHH TMDV KINH DOANH PHÁT TÀI","0853227788"
"CÔNG TY TNHH KHẮC SƠN HÀ PHÁT","0585929420"
"CÔNG TY TNHH ĐÁ TỰ NHIÊN THỊNH PHÁT","0788822882"
"CÔNG TY TNHH TMDV TỔNG HỢP VĂN TAM","0915362178"
"CÔNG TY TNHH CƠ KHÍ CÔNG NGHIỆP GIA HÂN","0842220748"
"CÔNG TY TNHH TMDV VẬN TẢI CAO TỐC 1","0916751178"
"CÔNG TY TNHH THƯƠNG MẠI VÀ KỸ THUẬT HỒNG THỊNH TECHCO","0902886919"
"CÔNG TY TNHH THƯƠNG MẠI DỊCH VỤ VỊNH TÂN KỲ","0588468526"
"CÔNG TY TNHH PHÁT TRIỂN TỔNG HỢP QUỐC THANH","08865533200"
"CÔNG TY TNHH THƯƠNG MẠI - DV AN NHIÊN","079632193"
"CÔNG TY TNHH KINH DOANH NGỌC VINH","09215577111"
"CÔNG TY TNHH HẢI SẢN TƯƠI THỦY SINH VƯƠNG","0393661350"
"CÔNG TY TNHH MTV TUYẾT SƯƠNG","0976031669"
"CÔNG TY TNHH TMDV QUỐC VIỆT","0925961444"
"CÔNG TY TNHH ĐẦU TƯ THIẾT KẾ XÂY DỰNG HẠ TẦNG RB-CONS","0799867279"
"CÔNG TY TNHH THIẾT KẾ MAY MẶC QUANG LÊ","0911487578"
"CÔNG TY TNHH TMDV SẢN XUẤT GỖ VÀ NỘI THẤT TÀI PHÁT","0916012978"
"CÔNG TY TNHH TM DỊCH VỤ XÂY DỰNG HƯNG PHÁT","0796113379"
"CÔNG TY TNHH TẬP ĐOÀN PHÁP VIỆT USA","0909821624"
"CÔNG TY TNHH VÀNG BẠC ĐÁ QUÝ KIM PHƯỚC BẾN LỨC","0938794567"
"CÔNG TY TNHH TMDV SỬA CHỮA VÀ BÁN BUÔN MÁY MÓC CHU ÂN","84522315420"
"CÔNG TY TNHH MỘT THÀNH VIÊN XÂY DỰNG AN LONG","0859018956"
"HỢP TÁC XÃ HỢP TÁC XÃ NÔNG NGHIỆP LONG GIANG","0945278900"
"CÔNG TY TNHH NÔNG SẢN SẠCH NÀNG HƯƠNG","0522477796"
"CÔNG TY TNHH ĐIỆN GIA DỤNG BÙI TUẤN","0383014911"
"CÔNG TY TNHH MAY MẶC THỤY TRINH","0869145849"
"CÔNG TY TNHH THƯƠNG MẠI DỊCH VỤ ĐẦU TƯ VÀ PHÁT TRIỂN LONG PHƯƠNG","0899644922"
"CÔNG TY TNHH TM SẢN XUẤT GỖ QUAN ĐĂNG","0813943829"
"CÔNG TY TNHH TM DV ĐẦU TƯ TỔNG HỢP THÙY DƯƠNG","0814697863"
"CÔNG TY TNHH THƯƠNG MẠI DỊCH VỤ NAM LÂM SÁNG","0776276193"
"CÔNG TY TNHH ẨM THỰC TƯƠI THIÊN THIÊN","0933252100"
"CÔNG TY TNHH TMDV DUY ĐINH","0915211578"
"CÔNG TY TNHH THẮNG KHẢI","0903780488"
"CÔNG TY TNHH TMDV VÕ GIA","0946693933"
"CÔNG TY TNHH HẢI ĐĂNG FOAM","0937505377"
"CÔNG TY TNHH TMDV KINH DOANH GỖ GIA LAI","84522325611"
"CÔNG TY TNHH TM DV SX PHÁT TRIỂN SONG LONG","0778547370"
"CÔNG TY TNHH TMDV SẮT THÉP TRIỀU TIÊN","84522314084"
"CÔNG TY TNHH THƯƠNG MẠI DỊCH VỤ SẢN XUẤT ĐẠI CÁT LỢI","0588935441"
"CÔNG TY TNHH MỘT THÀNH VIÊN PHƯƠNG HOÀNG PHÁT","0817816292"
"CÔNG TY TNHH TMDV KINH DOANH GỖ THÁI SƠN","84522256974"
"CÔNG TY TNHH TƯ VẤN VÀ HỖ TRỢ GIÁO DỤC GOLDSUN SPED","0334848459"
"CÔNG TY TNHH SẢN XUẤT GIA CÔNG D.N","0945715949"
"CÔNG TY TNHH GLOBAL DISPOSABLE TOWELS","0901358099"
"CÔNG TY TNHH TMDV PHA THANH HP","0912937278"
"CÔNG TY TNHH SƠN KHÁNH HÀ","0909963447"
"HỢP TÁC XÃ DỊCH VỤ NÔNG NGHIỆP PHƯỚC ĐÔNG","0904595098"
"CÔNG TY TNHH KINH DOANH THƯƠNG MẠI XÂY DỰNG T&D","0942522479"
"CÔNG TY TNHH TRUYỀN THÔNG VÀ GIẢI TRÍ HAT","0901828281"
"CÔNG TY TNHH THUẬN HÒA LONG AN","0943837436"
"CÔNG TY TRÁCH NHIỆM HỮU HẠN TLP LONG AN","0944702038"
"CÔNG TY TNHH TMDV KINH DOANH SẮT THÉP NAM BẮC","0522315408"
"CÔNG TY TNHH SẢN XUẤT THƯƠNG MẠI LÁ PHONG XANH","0901368048"
"CÔNG TY TNHH NGŨ KIM HUI XIN","0798562518"
"CÔNG TY TNHH SẮT THÉP VÀ VLXD ĐỒNG TÂM","0522267095"
"CÔNG TY TNHH THƯƠNG MẠI PHÁT TRIỂN KTH","0839281022"
"CÔNG TY TNHH MTV THỜI TRANG VIỆT","0906690685"
"CÔNG TY TNHH PIXIE RETAIL","09880119832"
"CÔNG TY TNHH SX - TM KIẾN THÀNH","0896688853"
"CÔNG TY TNHH MTV TRUNG TÍN VN","0778933653"
"CÔNG TY TNHH THƯƠNG MẠI DỊCH VỤ VẬN TẢI XÂY LẮP PHÚC KHANG","09123465390856494"
"CÔNG TY TNHH THƯƠNG MẠI DỊCH VỤ ĐẦU TƯ & PHÁT TRIỂN VĂN QUỐC","0586841191"
"CÔNG TY TNHH TMDV THIẾT BỊ CHỒI XANH","0776551586"
"CÔNG TY TNHH SAN LẤP HOÀNG YÊN","0937326089"
"CÔNG TY TNHH DỊCH VỤ ĂN UỐNG HỦ TIẾU A KHẢI","0971959570"
"CÔNG TY TNHH XÂY DỰNG CƠ GIỚI VÀ MUA BÁN LÚA GẠO HUỲNH KIỂNG","0948880600"
"CÔNG TY TNHH ĐIỆN - TỰ ĐỘNG TƯỜNG NGUYÊN","0902768172"
"CÔNG TY TNHH TCL FOOD","0978294369"
"CÔNG TY TNHH TM DV XD THUÝ LIỄU ĐỨC HOÀ","0937289314"
"CÔNG TY TNHH SƠN XE MÁY Ô TÔ BÌNH PAINT","0937196239"
"CÔNG TY TNHH CÂY XANH VỮNG THÀNH","0971283378"
"CÔNG TY TNHH TM DV PHÁT TRIỂN QUẢNG CÁO DƯƠNG PHÁT","0778547370"
"CÔNG TY TNHH THƯƠNG MẠI DỊCH VỤ TAOBOO MAX","0938932628"
"CÔNG TY TNHH CÔNG NGHỆ HONGMAO VIỆT NAM","0881059816"
"CÔNG TY TNHH KAILASH CERAMIC","0916686822"
"CÔNG TY TNHH THƯƠNG MẠI VÀ DỊCH VỤ MÃI THIÊN ÂN","0778178304"
"CÔNG TY TNHH TM DV QUẢNG CÁO HOÀNG HỒNG","0778676682"
"CÔNG TY TNHH XUẤT NHẬP KHẨU NÔNG NGHIỆP VÀ THỦY SẢN ALPHA","0855061998"
"CÔNG TY TNHH GARA TRỌNG PHÚC TÀI","0906709347"
"CÔNG TY TNHH TM VÀ DV VĂN PHÒNG PHẨM TRẦN ĐỨC","0915561104"
"CÔNG TY TNHH ĐẦU TƯ VÀ PHÁT TRIỂN GIÁO DỤC ÁNH SÁNG","0903827773"
"CÔNG TY TNHH THƯƠNG MẠI DỊCH VỤ MTV VICTORIA","0778693384"
"CÔNG TY TNHH SẢN XUẤT KINH DOANH VÀNG KIM NGỌC TÂM","084678901"
"CÔNG TY TNHH TM DV NGUYỄN VĂN TƯ","0934581832"
"CÔNG TY TNHH HƯNG THÀNH CÔNG VIỆT NAM","09398183231"
"CÔNG TY TNHH ĐẦU TƯ VŨ PHÁT L.A","0778318209"
"CÔNG TY TNHH MAY NGỌC NGUYÊN","0965414506"
"CÔNG TY TNHH ĐẦU TƯ XÂY DỰNG THÀNH CÔNG CONTINUOUS","0947559399"
"CÔNG TY TNHH THIẾT BỊ XĂNG DẦU ĐĂNG QUANG","0356319710"
"CÔNG TY TNHH PHÁT TRIỂN VÀ ĐẦU TƯ ÁNH PHÁT NGUYỄN","0778547370"
"CÔNG TY TNHH ĐẦU TƯ PHÁT TRIỂN TRƯƠNG OANH","0778194528"
"CÔNG TY TNHH THƯƠNG MẠI DỊCH VỤ THỊ SIM","0787129036"
"CÔNG TY TNHH THI CÔNG PHÁT TRIỂN XÂY DỰNG TRẦN CAN","0778318209"
"CÔNG TY CỔ PHẦN GIÁO DỤC VÀ GIẢI TRÍ TRUNG AN","0931252559"
"CÔNG TY TNHH PHÁT TRIỂN VÀ ĐẦU TƯ MAY MẶC HẠNH PHÁT","0778032080"
"CÔNG TY TNHH PHÁT TRIỂN VÀ ĐẦU TƯ PHẠM VĂN","0778194528"
"CÔNG TY TNHH THIẾT BỊ PHỤ TÙNG CƠ KHÍ XÂY DỰNG VÕ CƯỜNG","0778032080"
"CÔNG TY TNHH THIẾT BỊ PHỤ TÙNG CƠ KHÍ XÂY DỰNG PHÁT HOÀN","077895579"
"CÔNG TY TNHH THI CÔNG XÂY DỰNG PHẠM THANH PHÁT","0778676682"
"CÔNG TY TNHH MAY MẶC NGUYỄN HIỆP","077895579"
"CÔNG TY TNHH GỖ CÔNG NGHIỆP MỘC TÂM AN","0927206225"
"CÔNG TY TNHH THƯƠNG MẠI VÀ DỊCH VỤ DREAM HOME","0778693384"
"CÔNG TY TNHH KIM PHÁT ELECTROPLATE","0975678000"
"CÔNG TY TNHH SẢN XUẤT MOVE VIỆT NAM","0919293176"
"CÔNG TY TNHH THỰC PHẨM GIA BẢO L.A","0937189209"
"CÔNG TY TNHH XANH THU HÀ TRẦN","0584927786"
"CÔNG TY TNHH QUẢNG THẮNG ( VIET NAM)","0328510279"
"CÔNG TY TNHH KIM TRINH TECHNICAL","0987023638"
"CÔNG TY TNHH TMDV BÙI ANH SP","0911217578"
"CÔNG TY CP EASTCHEM VN","0937888219"
"CÔNG TY TNHH THƯƠNG MẠI DỊCH VỤ ĐÔNG PHƯỚC AN","0588937865"
"CÔNG TY TNHH MTV DESI","0799707787"
"CÔNG TY TNHH NGUYÊN LIỆU PHỤ LIỆU XUÂN LÂM","0356048033"
"CÔNG TY TNHH MỘT THÀNH VIÊN THƯƠNG MẠI DỊCH VỤ ĐỨC LINH","0903011048"
"CÔNG TY TNHH QUỲNH UYÊN","0908128647"
"CÔNG TY TNHH THƯƠNG MẠI DỊCH VỤ CÔNG THẮNG","0585660645"
"CÔNG TY TNHH THƯƠNG MẠI DỊCH VỤ TRỊNH DŨNG","0585128707"
"CÔNG TY TNHH THƯƠNG MẠI DỊCH VỤ VĂN NAM","0585598035"
"CÔNG TY TNHH HOTEL KHANG ĐIỀN","0963483939"
"CÔNG TY TNHH TMDV VẬN CHUYỂN THẾ HƯNG","0569704003"
"CÔNG TY TNHH TMDV MINH HẢI TP","0911871278"
"CÔNG TY TNHH TMDV VŨ HUYỀN","0911139411"
"CÔNG TY TNHH ĐẦU TƯ PHÁT TRIỂN KIM NGỌC TP","0913841878"
"CÔNG TY TNHH TÂN VIỆT PHÁT LTD","0763837878"
"CÔNG TY TNHH TMDV MUA BÁN LƯƠNG THỰC VÀ THỰC PHẨM THANH LẬP","0569702353"
"CÔNG TY TNHH TMDV VĂN GIÀU","0366723174"
"CÔNG TY TNHH DV MUA BÁN TỔNG HỢP BÙI THỊ PHƯƠNG","0943359925"
"CÔNG TY TNHH 1TV THANH THIỆN NHÂN","0907713866"
"CÔNG TY TNHH THƯƠNG MẠI VÀ DỊCH VỤ TRỌNG NHÂN HSM","0778767017"
"CÔNG TY TNHH TMDV KIM LAN NGUYỄN","0588119886"
"CÔNG TY TNHH TMDV ĐẦU TƯ VỎ THU","0914531878"
"CÔNG TY TNHH NHỰA LÊ PHƯƠNG LA","0934110988"
"CÔNG TY TNHH ĐẦU TƯ THƯƠNG MẠI DỊCH VỤ TỔNG HỢP THÁI SƠN","0565785015"
"CÔNG TY TNHH PHÂN BÓN HÀN QUỐC","0932744456"
"CÔNG TY TNHH NGHI HƯNG VIỆT NAM","0976209250"
"CÔNG TY TNHH THƯƠNG MẠI DỊCH VỤ SẢN XUẤT DT","0979060668"
"CÔNG TY TNHH MỘT THÀNH VIÊN THƯƠNG MẠI DỊCH VỤ LOGISTICS XANH","0985682214"
"TRƯỜNG TIỂU HỌC VÀ TRUNG HỌC CƠ SỞ VĨNH CHÂU B","0914187239"
"CÔNG TY TNHH SX TM XNK CON NGỰA XANH","0918204214"
"CÔNG TY TNHH TỔNG HỢP DỊCH VỤ KIM THOA","0588090548"
"CÔNG TY TNHH THƯƠNG MẠI DỊCH VỤ DUY PHÁT 79","0989956247"
"CÔNG TY TNHH NHỰA JUN CHENG VIỆT NAM","0908013685"
"CÔNG TY TNHH VẢI SỢI VIỆT NAM","0878696988"
"CÔNG TY TNHH PHÁT TRIỂN NĂNG LƯỢNG MỚI NAM BỘ","0377690897"
"CÔNG TY TNHH THƯƠNG MẠI VÀ DỊCH VỤ PHÚ QUÝ MB","0778543172"
"CÔNG TY TNHH ZBPOWER VIỆT NAM","0989216896"
"CÔNG TY TNHH THƯƠNG MẠI XÂY DỰNG CƠ KHÍ NVP","0909159304"
"CÔNG TY TNHH TM DV ĐẦU TƯ PHÁT TRIỂN PHƯỚC LÊ","0915789255"
"CÔNG TY TNHH VẬT LIỆU MỚI HANTE VIỆT NAM","0337917626"
"CÔNG TY TNHH AN MINH KG","0937392565"
"CÔNG TY TNHH THƯƠNG MẠI DỊCH VỤ MỸ HẠNH VN","0776110181"
"CÔNG TY TNHH TRÚC MAI ĐẠT","0944468458"
"CÔNG TY TNHH ĐIỆN TỬ VĂN PHÁP","09197333213"
"CÔNG TY TNHH TM DV XNK VÂN NAM","0933217998"
"CÔNG TY TNHH KIẾN TRÚC XÂY DỰNG THƯƠNG MẠI MAKHUYA","0981256895"
"CÔNG TY TNHH XÂY DỰNG CÔNG TRÌNH PHÚC THỊNH","0906312337"
"CÔNG TY TNHH ÁNH DƯƠNG AXL","0854051511"
"CÔNG TY TNHH SẢN XUẤT THƯƠNG MẠI NHƯ HẢO AQUA","0961799977096179979"
"CÔNG TY TNHH PEACE - LON VIETNAM","0915515544"
"CÔNG TY TNHH NĂNG LƯỢNG XANH VF LONG AN","0896460709"
"CÔNG TY TRÁCH NHIỆM HỮU HẠN THƯƠNG MẠI DỊCH VỤ VẬN TẢI HOÀNG THIÊN MINH","0943393949"
"CÔNG TY TNHH FOOTWEAR PUDA LONGAN","0961063761"
"CÔNG TY TNHH THƯƠNG MẠI DỊCH VỤ TỔNG HỢP ĐỨC ĐÔNG","0896520654"
"CÔNG TY TNHH TMDV PHAN HOÀNG","0918241047"
"CÔNG TY TNHH SX VÀ TM NÓN BẢO HIỂM CAO PHONG","0937573737"
"CÔNG TY TNHH DỊCH VỤ THUÝ HẰNG ANH","0584684436"
"CÔNG TY TNHH MTV HỒ CƯỜNG","0917914880"
"CÔNG TY TNHH THIẾT BỊ XÂY DỰNG LINH PHONG","0938247488"
"CÔNG TY TNHH THƯƠNG MẠI VÀ DỊCH VỤ NGỌC DUNG VN","0776997015"
"CÔNG TY TNHH THƯƠNG MẠI SẢN XUẤT VẬT LIỆU GIÀY HIỆP THỊNH","0777875835"
"CÔNG TY TNHH THANH THÚY SSK","0396660524"
"CÔNG TY CỔ PHẦN XÂY DỰNG QUANG THỊNH L.A","0944557769"
"CÔNG TY TNHH MỘT THÀNH VIÊN KNOW-TECH","0909332739"
"CÔNG TY TNHH DỊCH VỤ TRỌNG NGHỊ","0348257556"
"CÔNG TY TNHH THƯƠNG MẠI VÀ VẬN TẢI TMT THANH LIÊM","0582278302"
"CÔNG TY TNHH BAO BÌ GIẤY VŨ QUANG","0917599876"
"CÔNG TY TNHH THƯƠNG MẠI DỊCH VỤ XUÂN THỊNH","0368750732"
"CÔNG TY TNHH GIÀY SEMS VIỆT NAM","0908369736"
"CÔNG TY TNHH TM-DV ĐẦU TƯ ĐẠI LÂM MỘC","0355852276"
"CÔNG TY TNHH LƯỚI THÉP NGHĨA HƯNG","0981362559"
"TRƯỜNG TIỂU HỌC VÀ TRUNG HỌC CƠ SỞ THẠNH HƯNG","0978608059"
"CÔNG TY TNHH TỔNG HỢP THƯƠNG MẠI NGỌC TRÂM","0587606501"
"CÔNG TY TRÁCH NHIỆM HỮU HẠN VINH PHẠM","0937111466"
"TRƯỜNG MẦM NON TỔ ONG VÀNG","0938873554"
"CÔNG TY TNHH DỆT MAY EVEREST VIỆT NAM","0393930990"
"CÔNG TY TNHH MTV LỘC TOÀN PHÁT LP","0386832277"
"CÔNG TY TNHH TM DV ĐẦU TƯ & PHÁT TRIỂN NGÔ VĂN","0585730959"
"CÔNG TY TNHH MTV CÂU CÁ GIẢI TRÍ THANH PHONG","0785869629"
"CÔNG TY TNHH TM XD DV TRẦN GIA","0972420570"
"CÔNG TY TNHH MỸ CHI FOODS","0933626233"
"CÔNG TY TNHH MTV THIÊN KHẢI","0335845092"
"CÔNG TY TNHH ĐẦU TƯ THƯƠNG MẠI XÂY DỰNG BẢO KHANG AN","0939966993"
"CÔNG TY TNHH TMDV QUÁN ĂN BA NGON","0914056578"
"CÔNG TY TNHH TM SX TÂN AN LONG","0566066748"
"CÔNG TY TNHH DỊCH VỤ PHÚC BẢO GIA","0769918539"
"CÔNG TY TNHH THƯƠNG MẠI XÂY DỰNG CƠ KHÍ MINH PHÚ","0919863905"
"CÔNG TY TNHH DỊCH VỤ KỸ THUẬT CÔNG NGHỆ AN KHANG","0562880341"
"CÔNG TY TNHH THƯƠNG MẠI DỊCH VỤ ĐẠI HÒA THẮNG","0927206193"
"CÔNG TY CỔ PHẦN TÁI CHẾ TÂN ĐẠI PHÁT","0909188185"
"CÔNG TY TNHH MẬU DỊCH CHUNCHENG","0908939353"
"CÔNG TY TNHH ỐC XINH 3","0915362178"
"CÔNG TY TNHH ĐẦU TƯ VÀ PHÁT TRIỂN LÊ VĂN","0585817346"
"CÔNG TY TNHH TM NHẬP KHẨU LẠC GIA HÂN","0907172225"
"CÔNG TY TNHH SX TM-DV TV NỘI THẤT HOÀNG TÂM","0937847577"
"CÔNG TY TNHH THỜI TRANG MINGLE","0982020407"
"CÔNG TY TNHH MTV CƠ KHÍ YZ - 9","0776738967"
"CÔNG TY TNHH THƯƠNG MẠI DỊCH VỤ ĐẦU TƯ XÂY DỰNG THANH TÙNG VN","0585730959"
"CÔNG TY TNHH TM DV XÂY DỰNG KIẾN TRÚC SONG TUYỀN","0584590204"
"CÔNG TY TNHH THƯƠNG MẠI DỊCH VỤ LÝ THƯ","0937210479"
"CÔNG TY TNHH MTV PHẠM HOÀNG LONG AN","0845541980"
"CÔNG TY TNHH THƯƠNG MẠI DỊCH VỤ THIẾT BỊ CÔNG NGHIỆP H&T","0584621377"
"CÔNG TY TNHH ĐẦU TƯ THƯƠNG MẠI DỊCH VỤ SẮT THÉP THANH HÒA LA","0584492854"
"CÔNG TY TNHH ĐẦU TƯ THƯƠNG MẠI DỊCH VỤ VẬN TẢI H&N","0584125138"
"CÔNG TY TNHH SẢN XUẤT GIA CÔNG CƠ KHÍ LỘC PHÁT","0909900384"
"CÔNG TY TNHH MTV GỖ VÀ NỘI THẤT TRẦN LIỀN","0583547586"
"CÔNG TY LUẬT TNHH WELLSPRING & ATTORNEYS","0984104979"
"BAN QUẢN LÝ, SỬ DỤNG VÀ KHAI THÁC CÁC CÔNG TRÌNH CẤP NƯỚC SẠCH NÔNG THÔN TẬP TRUNG XÃ TÂN TÂY","0946153355"
"TRẠM Y TẾ XÃ THẠNH HƯNG","0974213479"
"HỢP TÁC XÃ THƯƠNG MẠI DỊCH VỤ NÔNG NGHIỆP TỔNG HỢP TÂN NHƠN NINH","0336327686"
"CÔNG TY TNHH DỊCH VỤ THƯƠNG MẠI TIẾN PHÁT TÀI","0901348377"
"CÔNG TY TNHH THƯƠNG MẠI DỊCH VỤ XUẤT NHẬP KHẨU ECHO VIỆT NAM","0839281022"
"CÔNG TY TNHH THƯƠNG MẠI DỊCH VỤ ĐẦU TƯ SỸ TUẤN","0584998483"
"CÔNG TY TNHH ASSHB","0917909160"
"CÔNG TY TNHH TM - DV - ĐT XÂY DỰNG QUYẾT THẮNG","0848990152"
"CÔNG TY TNHH SẢN XUẤT THƯƠNG MẠI MÔI TRƯỜNG THUẬN PHÁT","0847515298"
"CÔNG TY CỔ PHẦN THỂ THAO BẢO LONG","0934414868"
"CÔNG TY TNHH THƯƠNG MẠI DỊCH VỤ VẬN TẢI HIẾU PHÁT","0933838219"
"CÔNG TY TNHH MỘT THÀNH VIÊN KZN","0978466653"
"CÔNG TY TNHH MTV KIỀU THỊNH PHÁT","0898029639"
"CÔNG TY TNHH QC VÀ TC SỰ KIỆN THÁI BAN","0912110878"
"CÔNG TY CỔ PHẦN KINH DOANH VÀ ĐẦU TƯ PHÁT TRIỂN BẤT ĐỘNG SẢN PHÁT ĐẠT LASTING","0931288228"
"CÔNG TY TNHH E-GREEN SMART","0932705528"
"CÔNG TY TNHH SẢN XUẤT THƯƠNG MẠI THÉP KIM HỒNG PHÁT","0765745788"
"CÔNG TY TNHH ANH NGỮ DU HỌC ĐỊNH CƯ","0917618872"
"CÔNG TY TNHH THƯƠNG MẠI DỊCH VỤ NHỰA BẢO NGỌC","0986577985"
"CÔNG TY TNHH THƯƠNG MẠI DỊCH VỤ HẠO NGUYÊN","0349088707"
"CÔNG TY TNHH HOTA NHỰA HÙNG THÁI","0975348276"
"CÔNG TY TNHH PHÂN PHỐI XNK THỰC PHẨM","0903968756"
"CÔNG TY TNHH THƯƠNG MẠI DỊCH VỤ HOA HỒNG VN","0778302597"
"CÔNG TY TNHH THƯƠNG MẠI VÀ DỊCH VỤ LONG AN HP","0778949182"
"CÔNG TY TNHH THÉP HƯNG PHÁT LONG AN","0355857570"
"CÔNG TY TNHH THƯƠNG MẠI VẬN TẢI CÁ MẬP XANH","0706946972"
"CÔNG TY TNHH GIẢI PHÁP TRUYỀN THÔNG ZOZO","0918218952"
"CÔNG TY TNHH MTV TỔNG HỢP QLA","0948939038"
"CÔNG TY TNHH THƯƠNG MẠI DỊCH VỤ TRƯỜNG AN VN","0822184706"
"CÔNG TY TNHH TƯ VẤN XÂY DỰNG TRẦN LONG","0973450123"
"CÔNG TY TNHH TÂN AN SHIP","0979484264"
"CÔNG TY TNHH THƯƠNG MẠI VÀ DỊCH VỤ EMS VN","0778622937"
"CÔNG TY TNHH MTV THƯƠNG MẠI SẢN XUẤT AN NHIÊN LONG","0947858959"
"CÔNG TY TNHH TRUYỀN THÔNG VIETNAMESE FUTURE","0917615236"
"CÔNG TY TNHH TRUYỀN THÔNG LEXICA","0918221417"
"CÔNG TY TNHH TM VẬN TẢI MINH QUÂN","0933127945"
"CÔNG TY TNHH CUNG ỨNG NHÂN LỰC LAO ĐỘNG VÀ XÂY DỰNG LOUISA","0902617668"
"CÔNG TY TNHH CƠ KHÍ CHUNG THUẬN PHÁT","0764843213"
"CÔNG TY TNHH THƯƠNG MẠI DỊCH VỤ PHÁT TRIỂN TỔNG HỢP ĐÌNH QUÝ","0565501513"
"CÔNG TY TNHH THƯƠNG MẠI FOOD BEER","0914531878"
"CÔNG TY TNHH THƯƠNG MẠI VÀ GIA CÔNG THỊNH PHÁT","0898938818"
"CÔNG TY CỔ PHẦN ĐẦU TƯ PHÚC HẢO","0908809541"
"CÔNG TY TNHH SẢN XUẤT THƯƠNG MẠI DỊCH VỤ VĨNH HÂN","097366009"
"CÔNG TY TNHH MTV THƯƠNG MẠI TIẾN THỊNH","0792103213"
"CÔNG TY CỔ PHẦN TMDV VIOLET LONG AN","0933342201"
"CÔNG TY TNHH XÂY DỰNG NGUYỄN SINH","0797849295"
"CÔNG TY TNHH TRUYỀN THÔNG DMX STAR","0835354737"
"CÔNG TY TNHH CÔNG NGHỆ VẬT LIỆU CAO CẤP YORK","0974341918"
"CÔNG TY TNHH ĐẦU TƯ THƯƠNG MẠI DỊCH VỤ NAM ĐÔ","09082331"
"CÔNG TY TNHH THÉP PHÚ NHẬT MINH","0355857570"
"CÔNG TY TNHH MTV NGUYỄN CƯỜNG","0933917993"
"CÔNG TY TNHH THƯƠNG MẠI XUẤT NHẬP KHẨU XÁN HƯNG ĐẠT","0937254231"
"CÔNG TY TNHH TRUYỀN THÔNG DRAGON CITY","0372448704"
"CÔNG TY TNHH THƯƠNG MẠI VÀ DỊCH VỤ TOÀN TÂM VN","0776414921"
"CÔNG TY TNHH NÔNG SẢN NGỌC PHÚ","0937504507"
"CÔNG TY TNHH TƯ VẤN ĐẦU TƯ VÀ MÔI TRƯỜNG HÀO PHÁT","0949631349"
"CÔNG TY TNHH TM DV BAO BÌ NHỰA ANH TUẤN","0767549658"
"CÔNG TY TNHH TM DV XD DUYÊN THÀNH DANH TÂN THẠNH","098777117127"
"CÔNG TY TNHH TRUEWAVE MEDIA","0354642956"
"CÔNG TY TNHH THU TUYẾT BBQ","0374792903"
"CÔNG TY TNHH TM DV ĐẦU TƯ PHÁT TRIỂN AN TRÍ","0705820066"
"CÔNG TY TNHH THƯƠNG MẠI VÀ DỊCH VỤ TOÀN THẮNG VN","0776679063"
"CÔNG TY TNHH THƯƠNG MẠI VÀ DỊCH VỤ SƠN ĐÔNG VIỆT NAM","0778957267"
"CÔNG TY TNHH IN HOA DONG YI","0906888148"
"CÔNG TY TNHH TM DV PHÚC CƯỜNG LONG AN","0797445624"
"CÔNG TY TNHH MTV DỊCH VỤ SEN VÀNG","0778975725"
"CÔNG TY TNHH THƯƠNG MẠI DỊCH VỤ ĐỆ NHẤT VN","0776900190"
"CÔNG TY TNHH DVTM QUÝ HÀO VN","0588935505"
"CÔNG TY TNHH SẢN XUẤT THƯƠNG MẠI DỊCH VỤ TPC","0971892895"
"CÔNG TY TNHH PHẾ LIỆU PHẠM TÔN","0908066125"
"CÔNG TY TNHH XÂY DỰNG QUYỀN MỸ","0355406874"
"CÔNG TY TNHH SẢN XUẤT THƯƠNG MẠI DỊCH VỤ NAM PHƯƠNG ĐÔNG","0334056345"
"CÔNG TY TNHH MTV HUỲNH ĐĂNG - MINH THÙY LA","0964276276"
"CÔNG TY CỔ PHẦN ĐẦU TƯ HƯNG QUỐC THỊNH","0982041224"
"CÔNG TY TNHH THƯƠNG MAI DỊCH VỤ ĐĂNG KHÔI","0815443668"
"CÔNG TY TNHH GIÀY ROVIET","0365506980"
"CÔNG TY TNHH TCN AUDIO - THÀNH CÔNG NGUYỄN","0917980537"
"CÔNG TY TNHH PHÂN PHỐI HỮU NGHỊ","0937583399"
"CÔNG TY TNHH TM SOLANA","0904171326"
"CÔNG TY TNHH SẢN XUẤT VÀ THƯƠNG MẠI THÉP ĐOÀN MINH","0775112344"
"CÔNG TY TNHH THƯƠNG MẠI DỊCH VỤ TIẾN MINH VIỆT NAM","0859896179"
"CÔNG TY TNHH VẬN TẢI VẬN THIÊN","0934717331"
"CÔNG TY TNHH ĐẠI THỊNH THÀNH","0944160252"
"CÔNG TY TNHH NHIÊN KHANG","0963005239"
"CÔNG TY TNHH ĐẠI VÂN SƠN","0941474883"
"CÔNG TY TNHH XÔNG HƠI XOA BÓP HỒNG PHÁT","0333702001"
"CÔNG TY TNHH MTV MÁY VĂN PHÒNG LÊ GIA COPIER","0933857388"
"CÔNG TY TNHH THƯƠNG MẠI & DỊCH VỤ MIRA","0911683788"
"CÔNG TY TNHH THƯƠNG MẠI DỊCH VỤ VĂN PHÚ LA","0776714564"
"CÔNG TY TNHH THƯƠNG MẠI VÀ DỊCH VỤ QUANG MINH VN","0778975725"
"CÔNG TY TNHH ĐẦU TƯ VÀ PHÁT TRIỂN NHÀ ĐẤT AN PHÚC LAND","0974626192"
"CÔNG TY TNHH MAO LƯƠNG HOA HML","0931828026"
"CÔNG TY TNHH TMDV SẢN XUẤT TRẦN PHƯƠNG PHƯƠNG","0588932811"
"CÔNG TY TNHH SẢN XUẤT THƯƠNG MẠI NHỰA PET LONG AN","0979494558"
"CÔNG TY TNHH TRUYỀN THÔNG HỒNG NHI","0942419157"
"CÔNG TY TNHH THƯƠNG MẠI DỊCH VỤ HẢI PHÒNG HP","0813103689"
"CÔNG TY TNHH PHI YẾN PY","0931510926"
"CÔNG TY TNHH TMDV SAO HẢI DƯƠNG","0588935266"
"CÔNG TY TNHH XÂY DỰNG THƯƠNG MẠI DỊCH VỤ TRẦN HUỲNH LONG AN","0908869975"
"CÔNG TY TNHH HỮU DƯ 88","0586413912"
"CÔNG TY TNHH VÂN LẠC VLA","09318532316"
"CÔNG TY TNHH MTV XÂY DỰNG THƯƠNG MẠI DỊCH VỤ TRƯỜNG SƠN","0942632718"
"CÔNG TY TNHH IN TÂN THÀNH NHÂN","0908646480"
"CÔNG TY TNHH ĐẦU TƯ VÀ THƯƠNG MẠI NHẤT ĐÔNG","0899958146"
"CÔNG TY TNHH THÉP GIA PHÁT LONG AN","0963092395"
"CÔNG TY TNHH XÂY DỰNG CẦU ĐƯỜNG THÁI MINH - LONG AN","0888178199"
"CÔNG TY TNHH XÂY DỰNG - DỊCH VỤ - THƯƠNG MẠI THÀNH ĐẠT","0706156505"
"CÔNG TY CỔ PHẦN PHÁT TRIỂN KHU ĐÔ THỊ TÂN AN","0868665089"
"HỢP TÁC XÃ DỊCH VỤ NÔNG NGHIỆP KHÁNH PHỤNG","0779988606"
