name,phone,taxCode
CÔNG TY TNHH GỖ RISUN GLOBAL,"0355504159
","3703345596
"
CÔNG TY TNHH CÔNG NGHIỆP YI FENG,"02749998568
","3703345511
"
CÔNG TY TNHH DƯỢC PHẨM ANH TRANG,"0978961331
","3703345652
"
CÔNG TY TNHH SX TM ĐẠI HÀO PHÁT,"0965140764
","3703345564
"
CÔNG TY TNHH THƯƠNG MẠI ĐẦU TƯ TỔNG HỢP TIẾN THÀNH,"0967345339
","3703345074
"
DNTN SẢN XUẤT THỰC PHẨM CHAY CHỮ THIÊN,"0933334496
","3703345109
"
CÔNG TY TNHH GIA CÔNG GỐM SỨ PHONG NGÂN,"0971795926
","3703344962
"
CÔNG TY TNHH MINH CHÍN SỮA-TÃ-YẾN SÀO,"0976713709
","3703344585
"
CÔNG TY TNHH PT TÂM CHÂU,"0975034991
","3703344578
"
CÔNG TY TNHH NĂNG LƯỢNG MẶT TRỜI TRẦN MINH,"0989857231
","3703344553
"
CÔNG TY TNHH MTV HOÀNG PHÚ AN GIA,"0886493736
","3703344546
"
CÔNG TY TNHH SX XNK TM DV NAM HƯNG,"0985345178
","3703344507
"
CÔNG TY TNHH QUẾ ANH HUỲNH,"0828551439
","3703344497
"
CÔNG TY TNHH THIẾT BỊ ĐIỆN GIA DỤNG CỐ PHONG,"0975046626
","3703344472
"
CÔNG TY TNHH TM DV TRUNG KIÊN KJO,"0911000095
","3703344465
"
CÔNG TY TNHH TÔN THÉP NGỌC MINH DƯƠNG,"0964428808
","3703344458
"
CÔNG TY TRÁCH NHIỆM HỮU HẠN THỰC PHẨM VIỆT TRINH,"0353388587
","3703344440
"
CÔNG TY TNHH DỊCH VỤ TƯ VẤN OURUI NUO,"0933317813
","3703344433
"
CÔNG TY TNHH VẬN TẢI DU LỊCH XUÂN ANH,"0979889576
","3703344426
"
CÔNG TY TNHH TM DV ANH TUẤN LIGHTING,"0969499289
","3703344401
"
CÔNG TY TNHH THANH HUYỀN PHÁT,"0968027329
","370334439
"
CÔNG TY TNHH NHÀ HÀNG XIANGGELILA,"02743814988
","3703344384
"
CÔNG TY TNHH THƯƠNG MẠI VIỆT NAM HENGLI,"0899005138
","3703344377
"
CÔNG TY TNHH TM - DV VY NAM TIẾN PHÁT,"0797697789
","3703344352
"
CÔNG TY TNHH EASY TEXTILES (VIỆT NAM),"0898558677
","3703344345
"
CÔNG TY TNHH NGUYÊN LIỆU MI GIẢ LÝ ÁNH,"0933184926
","3703344338
"
CÔNG TY TNHH NHÂN PHÁT FOOD,"0357933052
","3703344320
"
CÔNG TY TNHH HÀ AN HOUSE,"02873051678
","3703344313
"
CÔNG TY TNHH KKL,"0931100933
","3703344306
"
CÔNG TY TNHH AN PHÚC KHANG BD,"0949055638
","3703343983
"
CÔNG TY TNHH THƯƠNG MẠI KV KHÁNH VY,"0937199152
","3703343976
"
CÔNG TY TNHH MINH VY EYELASH,"0329596592
","3703343969
"
CÔNG TY TNHH VIET PACK SOLUTIONS,"0783282709
","3703343944
"
CÔNG TY TNHH GIA BẢO GARDEN,"0961676879
","3703343937
"
CÔNG TY TNHH THƯƠNG MẠI QUỐC TUẤN HUỲNH,"0589650296
","3703343912
"
CÔNG TY TNHH THƯƠNG MẠI DỊCH VỤ VÀ NGŨ KIM LÂM VÂN,"0797121998
","3703343863
"
CÔNG TY TNHH MỘC LIÊN PHƯỚC,"0813411689
","3703343856
"
CÔNG TY TNHH THƯƠNG MẠI VÀ NHẬP KHẨU THÀNH MẠNH PHÁT,"035431931
","3703343849
"
CÔNG TY TNHH NHẬT PHÁT NC,"0934016832
","3703343824
"
CÔNG TY TNHH NỘI THẤT BẢO CHÂU CERAMIC,"0971886377
","3703343655
"
CÔNG TY TNHH KẾT CẤU XÂY DỰNG THƯƠNG MẠI DỊCH VỤ VẬN TẢI ANH NHÂN PHÁT,"0903725279
","3703343870
"
CÔNG TY CỔ PHẦN KHAI THÁC VÀ BUÔN BÁN VLXD THUẬN THỊ EXPLOIT,"0798843565
","3703345363
"
CÔNG TY TNHH HUY NGUYỄN BLUE,"0587845446
","3703345356
"
CÔNG TY TNHH THƯƠNG MẠI DỊCH VỤ ẮC QUY THANH TÙNG,"0775438289
","3703344634
"
CÔNG TY TNHH KHUNG HÌNH THẾ HƯỞNG,"0987098819
","3703344715
"
CÔNG TY TNHH BÃI XE KIM OANH,"0909276881
","3703345116
"
CÔNG TY TNHH THƯƠNG MẠI DỊCH VỤ JINFENG,"0333210297
","3703344909
"
CÔNG TY TNHH TM DV XÂY DỰNG VÀ BẢO TRÌ PHÚC ĐAN,"0989413875
","3703345148
"
CÔNG TY TNHH HK THÀNH TÂM,"0960634057
","3703345130
"
CÔNG TY TNHH TOREALM,"0332668460
","3703344874
"
CÔNG TY TNHH TM-DV KIM LOẠI MÀU VÂN ĐỊNH,"0896474489
","3703344810
"
CÔNG TY TNHH TẠP HOÁ ĐỒ GIA DỤNG TƯƠI HIẾU,"0357762739
","3703344881
"
CÔNG TY TNHH ĐIỆN NƯỚC ĐẠI PHÁT,"0965841417
","3703344867
"
CÔNG TY TNHH CƠ KHÍ WINDY,"0931257735
","3703344708
"
CÔNG TY TNHH KIM KHÍ THẢO NGỌC,"0767083939
","3703344666
"
CÔNG TY TNHH THƯƠNG MẠI DỊCH VỤ GIA CẦM HẢI TRANG,"0342626515
","3703345395
"
CÔNG TY TNHH VẬT LIỆU MỚI HYT VIỆT NAM,"0898030304
","3703344793
"
CÔNG TY TNHH SẢN XUẤT MÁY MÓC LIBANG,"09716332903
","3703344698
"
CÔNG TY TNHH TƯ VẤN & PHÁT TRIỂN ÁNH DƯƠNG,"0343874563
","3703345324
"
CÔNG TY TNHH THƯƠNG MẠI DỊCH VỤ VẬN TẢI HUY ANH PHÁT,"0909972757
","3703345162
"
CÔNG TY TNHH HT TIẾN ĐẠT,"0988624729
","3703344747
"
CÔNG TY TNHH XUẤT NHẬP KHẨU ĐẦU TƯ & XÂY DỰNG AN THỊNH PHÁT,"0969334664
","3703345317
"
CÔNG TY TNHH CÁI TIỆM NHỎ XÍU,"0916608460
","3703344602
"
CÔNG TY TNHH MTV CƠ KHÍ QUANG THỊNH,"0378676601
","3703344592
"
CÔNG TY TNHH GAME GIẢI TRÍ ĐẠI THÀNH CÔNG,"0987719126
","3703344560
"
CÔNG TY TNHH LIÊN DUY KHÔI,"0917182452
","3703344539
"
CÔNG TY TNHH XÂY DỰNG YUCHANG,"0932325998
","3703344521
"
CÔNG TY TNHH SƠN THÀNH MINH KHANG,"0932756348
","3703344514
"
CÔNG TY TNHH CÔNG NGHỆ THƯƠNG MẠI HUNMOON,"0819256513
","3703343905
"
CÔNG TY TNHH MTV DV TM ANH MINH,"0365939468
","3703343888
"
CÔNG TY TRÁCH NHIỆM HỮU HẠN BOOKING DENTAL,"0919631899
","3703343831
"
CÔNG TY TNHH GIẢI PHÁP THƯƠNG MẠI QUỐC VINH,"0898420297
","3703343817
"
CÔNG TY TNHH ĐÔNG PHÁT FUNITURE,"0919213375
","3703343687
"
CÔNG TY TNHH KHÍ HÓA LỎNG TUYẾT TÂM KHÁNH BÌNH,"0961250474
","3703344225
"
CÔNG TY TNHH THƯƠNG MẠI DỊCH VỤ ĐIỆN NƯỚC ĐỨC TUẤN PHÁT,"0983386003
","3703344190
"
,,
CÔNG TY TNHH NGŨ KIM JINGYI,"0355587025
","3703344176
"
CÔNG TY TNHH CÔNG NGHỆ NỘI THẤT SÁNG TẠO HUỆ TRÍ,"0389915096
","3703344137
"
CÔNG TY TNHH TM LONG HẢI,"086241791
","3703344264
"
CÔNG TY TNHH ĐIỆN NƯỚC HUY THÀNH PHÁT,"0397244236
","3703344088
"
CÔNG TY TNHH SẢN XUẤT THƯƠNG MẠI THỰC PHẨM BÌNH MINH,"0908828213
","3703343990
"
CÔNG TY TNHH MTV ÁNH ĐỨC PHÁT,"0938224281
","3703343951
"
CÔNG TY TNHH THƯƠNG MẠI DỊCH VỤ SẢN XUẤT TRƯỜNG PHÁT HOME,"0355570947
","3703343782
"
CÔNG TY TNHH DỊCH VỤ VẬN TẢI DIỆP KIM NGÂN,"0979286432
","3703343775
"
CÔNG TY TNHH SẢN XUẤT VÀ DỊCH VỤ ÁNH DƯƠNG,"0962065412
","3703343768
"
,,
CÔNG TY TNHH BẢO HIỂM VINH,"0909154439
","3703343736
"
,,
CÔNG TY TNHH MTV MỸ PHẨM NAM PHÁT,"0926640926
","3703343711
"
,,
CÔNG TY TNHH LAB HOÀNG CƯỜNG,"0966216210
","3703343207
"
,,
CÔNG TY TNHH MAY MẶC KIẾN AN VINH,"0336957043
","3703343140
"
CÔNG TY TNHH GIẢI PHÁP VÀ CÔNG NGHỆ NAM HƯNG,"0912323995
","3703342901
"
CÔNG TY TNHH TTL EXPRESS,"0975001570
","5600350005
"
CÔNG TY TNHH TTL EXPRESS,"0975001570
","5600350005
"
CÔNG TY TNHH MTV DỊCH VỤ THƯƠNG MẠI HOÀNG PHÁT ĐẠT,"0988124365
","3703344627
"
CÔNG TY TNHH CƠ GIỚI THUỶ HÀ,"0372334170
","3703344105
"
CÔNG TY TNHH MÔI TRƯỜNG HÒA THÀNH TIẾN,"0354880404
","3703344070
"
CÔNG TY TNHH GIA BẢO CBGB,"0906123493
","3703344095
"
CÔNG TY TNHH GARAGE Ô TÔ TUẤN HƯNG,"0944996773
","3703344296
"
CÔNG TY TNHH TINH VÂN GOURMET,"0346865288
","3703344289
"
CÔNG TY TNHH TUYÊN PHÚ LỘC,"0969140378
","3703344257
"
CÔNG TY TNHH SẢN XUẤT THƯƠNG MẠI DỊCH VỤ SƠN THỊNH,"0938149679
","3703344144
"
CÔNG TY TNHH KỸ THUẬT CƠ KHÍ ĐẠI LỢI,"0852795765
","3703344112
"
CÔNG TY TNHH SẮT THÉP VIỄN DƯƠNG,"0975511411
","3703344211
"
CÔNG TY TNHH DỊCH VỤ BẢO VỆ LONG TAM VN,"0908936634
","3703344169
"
CÔNG TY TNHH MỘT THÀNH VIÊN VÕ VĂN THÀNH,"0915538888
","3703344218
"
CÔNG TY TNHH SX TM DV QUẢNG CÁO SÁNG TẠO TRẺ,"0961729080
","3703344200
"
CÔNG TY TNHH SỬA CHỮA ÔTÔ TẢI THANH GIANG,"091749995509181801
","3703344151
"
CÔNG TY TNHH VIEMEDI GLOBAL,"0353153988
","3703344063
"
CÔNG TY TNHH TIÊU DÙNG PHƯƠNG ĐÔNG,"0972490777
","3703344056
"
CÔNG TY TNHH CÔNG NGHỆ KỸ THUẬT THỐNG NHẤT VIỆT NAM,"0933611378
","3703343341
"
CÔNG TY TNHH SX TM NEOPRENE HỒNG VẬN,"0933121168
","3703343327
"
CÔNG TY TNHH 35MM CREATIVE STUDIO,"0969693969
","3703343302
"
CÔNG TY TNHH MTV THƯƠNG MẠI - DỊCH VỤ BÁCH HÓA PHƯƠNG NGHI MART,"0987456627
","3703343260
"
CÔNG TY TNHH HGP.CONSTRUCTION,"0827191819
","3703343246
"
CÔNG TY TNHH TUỆ LÂM GIA,"0769346393
","3703343221
"
CÔNG TY TNHH VẬT LIỆU MỚI JIN FENG,"02743990200
","3703343214
"
CÔNG TY TNHH DỊCH VỤ KARAOKE CHIỀU TÍM,"0908197663
","3703343172
"
CÔNG TY TNHH THƯƠNG MẠI DỊCH VỤ XUẤT NHẬP KHẨU HELEN,"0384822807
","3703343091
"
CÔNG TY TNHH THÀNH PHƯƠNG FOODS,"0922064392
","3703342651
"
CÔNG TY TNHH TTL EXPRESS,"0975001570
","5600350005
"
CÔNG TY TNHH TTL EXPRESS,"0975001570
","5600350005
"
CÔNG TY TNHH MTV SX - TM HOÀNG GIA KHÁNH,"0857826826
","3703342588
"
CÔNG TY TNHH MTV SX TM BAO BÌ THANH PHONG,"0969446747
","3703342549
"
CÔNG TY TNHH VẬT LIỆU MỚI HAO MING,"02743990200
","3703342531
"
CÔNG TY TNHH TẦM AN KHANG,"0394773729
","3703342404
"
CÔNG TY TNHH MỘT THÀNH VIÊN KINH DOANH VẬN TẢI VŨ MINH TIẾN,"0937316636
","3703344017
"
CÔNG TY TNHH KARAOKE NHẤT PHƯƠNG,"0985556979
","3703343630
"
CÔNG TY TNHH THỜI TRANG ANH TRÍ,"0935152288
","3703343599
"
CÔNG TY TNHH THƯƠNG MẠI DỊCH VỤ VẬN TẢI NGỌC THỊNH PHÁT,"0583796789
","3703343574
"
CÔNG TY TNHH DỊCH VỤ VẬN TẢI BẢO PHAN,"0386282686
","3703343542
"
CÔNG TY TNHH DỊCH VỤ HẢI SẢN CỬA BIỂN NEW 9,"0978221059
","3703343528
"
CÔNG TY TNHH SẢN XUẤT THƯƠNG MẠI DỊCH VỤ QUANG CHUNG,"0982924770
","3703343662
"
CÔNG TY TNHH MÁY LẠNH Ô TÔ THUẬN PHÁT,"0356688451
","3703343359
"
CÔNG TY TNHH CỬA SẮT THANH XUÂN,"0947540539
","3703343334
"
CÔNG TY TNHH ỨNG DỤNG KHOA HỌC TÂM LÝ THƯƠNG THƯƠNG,"0358403879
","3703343292
"
CÔNG TY TNHH ĐẦU TƯ SẢN XUẤT KIM LONG PHÁT PLASTIC,"0939304119
","3703343285
"
CÔNG TY TNHH MTV TH TECHNICAL VIỆT NAM,"0944382238
","3703343253
"
CÔNG TY TNHH THƯƠNG MẠI VÀ DỊCH VỤ GIÁO DỤC NINH PHÁT,"0347741639
","3703343239
"
CÔNG TY TNHH PHÚ PHÚ HÀO,"0976890096
","3703343165
"
CÔNG TY TNHH DV-VT HÀ KIM PHÁT,"0913412378
","3703343126
"
CÔNG TY TNHH DV MINH CHIẾN,"0858973785
","3703343119
"
CÔNG TY TNHH THƯƠNG MẠI ĐIỆN NƯỚC TẤN PHÁT,"0977885407
","3703343084
"
CÔNG TY TNHH KỸ THUẬT ĐIỆN DUY TIẾN,"0382494058
","3703343077
"
CÔNG TY TNHH CƠ KHÍ TỊNH TIẾN,"03387278717
","3703343052
"
CÔNG TY TNHH THƯƠNG MẠI - DỊCH VỤ ECO MINH KHANG,"0888249444
","3703342595
"
CÔNG TY TNHH SẢN XUẤT THƯƠNG MẠI XUẤT NHẬP KHẨU NGỌC HƯƠNG,"0961447088
","3703342570
"
CÔNG TY TNHH XE QUỐC ĐẠT BÌNH DƯƠNG,"0913749618
","3703342556
"
CÔNG TY TNHH KINH DOANH THƯƠNG MẠI ĐẶNG HIỀN,"0706652486
","3703342394
"
CÔNG TY TNHH TTL EXPRESS,"0975001570
","5600350005
"
CÔNG TY TNHH THƯƠNG MẠI DỊCH VỤ SỮ THÀNH TRUNG,"0853176719
","3703343623
"
CÔNG TY TNHH THƯƠNG MẠI CƯỜNG MAI,"0393024014
","3703343616
"
CÔNG TY TNHH TM DV HAI TIẾN,"0979188489
","3703343609
"
CÔNG TY TNHH THƯƠNG MẠI DỊCH VỤ DU LỊCH BÌNH THUẬN,"0972725127
","3703343581
"
CÔNG TY TNHH HOÀNG DŨNG HOÀNG,"0901848879
","3703343567
"
CÔNG TY TNHH PHÁT TRIỂN TRI THỨC THE KEY,"0978911115
","3703343535
"
CÔNG TY TNHH MTV TÍN NGHĨA PHÁT,"0967355584
","3703343503
"
CÔNG TY TNHH CAPCO WAI SHING VIỆT NAM (NỘP HỘ NTNN),"0283948258102839482580
","3703344049
"
CÔNG TY TNHH ĐẦU TƯ - XÂY DỰNG TÂN PHÚ (NỘP HỘ NTNN),"02743755039702743755700
","3703344031
"
CÔNG TY TNHH SUNVIET TECHNOLOGY INDUSTRIAL (NỘP HỘ NTNN),"85221521630
","3703344024
"
CÔNG TY TNHH TRẦN THÌN BUSINESS,"0972766399
","3703343510
"
CÔNG TY TNHH THƯƠNG MẠI VÀ ĐẦU TƯ SMART SOLAR,"0962232907
","3703343493
"
CÔNG TY TNHH DỊCH VỤ THƯƠNG MẠI VẬN TẢI KHÁNH LY,"0932888779
","3703343278
"
CÔNG TY TNHH THƯƠNG MẠI PHỤ TÙNG Ô TÔ YẾN THANH,"0968898879
","3703343133
"
CÔNG TY TNHH NHA KHOA THẨM MỸ VUZELA HT,"0523364669
","3703343101
"
CÔNG TY TNHH ÂN RS,"0984062196
","3703341640
"
CÔNG TY TNHH THỜI TRANG SMART FASHION,"0973545558
","3703343479
"
CÔNG TY TNHH BÁN BUÔN TMDV ĐỒNG TÂM,"0373793923
","3703342958
"
"CÔNG TY TNHH TAHA,S CAFE","0985732039
","3703342732
"
CÔNG TY TNHH DỊCH VỤ & THƯƠNG MẠI THE BEST,"0909680960
","3703341753
"
CÔNG TY TNHH MỘT THÀNH VIÊN NGUYỄN THẠCH SET DESIGN,"0934887552
","3703341697
"
CÔNG TY TNHH THƯƠNG MẠI DỊCH VỤ VẬN TẢI PHẠM ÁNH VIỆT NAM,"0988563434
","3703341672
"
CÔNG TY TNHH SAKUYA COFFEE & MART,"0982941989
","3703343486
"
CÔNG TY TNHH ĐẠI DƯƠNG KHANG,"0972722378
","3703343447
"
CÔNG TY TNHH NHÀ MAY KIỀU NHÂN,"0933774877
","3703343422
"
CÔNG TY TNHH NỘI THẤT AOTONG (VIỆT NAM),"0973522774
","3703342757
"
CÔNG TY TNHH QUỐC TẾ SEATECH,"0355915052
","3703343461
"
CÔNG TY TNHH THIẾT BỊ NGHE NHÌN THIÊN ĐẾ,"0824822220
","3703343454
"
CÔNG TY TNHH SX TM SONG PHÁT,"0847579679
","3703343415
"
CÔNG TY TNHH THƯƠNG MẠI DỊCH VỤ ĐẦU TƯ ĐIỆN NƯỚC HƯNG PHÁT,"0977691023
","3703343408
"
CÔNG TY TNHH SẢN XUẤT THƯƠNG MẠI MINH THUẦN PHÁT,"0933369243
","3703343398
"
CÔNG TY TNHH ĐÁ HOA CƯƠNG SÀI GÒN STONE,"0962894309
","3703343380
"
CÔNG TY TNHH THƯƠNG MẠI SẢN XUẤT KHÁNH PHÁT,"0976804537
","3703343373
"
CÔNG TY TNHH KỸ THUẬT TIẾN AN,"0398535001
","3703343366
"
CÔNG TY TNHH TMDV GIA PHÁT PHÚ,"0938636988
","3703343158
"
CÔNG TY TNHH SX- TM-DV MINH THƯ,"0973757758
","3703343045
"
CÔNG TY TNHH MỘT THÀNH VIÊN THƯƠNG MẠI VÀ DỊCH VỤ KIM THÀNH DANH MP3,"0818249999
","3703343038
"
CÔNG TY TNHH MY GFF VN,"0399990438
","3703343020
"
CÔNG TY TNHH TMDV HOÀNG VĂN 9999,"0963600933
","3703343006
"
CÔNG TY TNHH XUẤT NHẬP KHẨU GOLDEN PATH,"0902879536
","3703342997
"
CÔNG TY TNHH TM DV ĐỨC PHÁT AUTO,"0908020336
","3703342972
"
CÔNG TY TNHH TM QUANG KHÔI,"0978997492
","3703342965
"
CÔNG TY TNHH DỊCH VỤ CƠ ĐIỆN BAN MAI,"0933043432
","3703342940
"
CÔNG TY TNHH TRANG TRÍ HỒNG UY (VIỆT NAM),"0366977918
","3703342933
"
CÔNG TY TNHH KINH DOANH THƯƠNG MẠI HỮU TÙNG,"089926780
","3703342926
"
CÔNG TY TNHH DỊCH VỤ BẢO VỆ NAM TRƯỜNG THÀNH,"09162780790967
","3703342919
"
CÔNG TY TNHH PHÚ THỊNH PETROL,"0979184878
","3703342891
"
CÔNG TY TNHH HM LOGISTIC,"0968518701
","3703342884
"
CÔNG TY TNHH TM DV VẬN TẢI HOAN PHI LONG PHÁT,"0985014445
","3703342877
"
CÔNG TY TNHH SPMP LISAN VN,"0793322583
","3703342852
"
CÔNG TY TNHH WB ENERGY,"09068133288
","3703342845
"
CÔNG TY TNHH TMDV THIẾT KẾ XÂY DỰNG ĐẠI TÂN HƯNG,"0898519076
","3703342838
"
CÔNG TY TNHH SẢN XUẤT THƯƠNG MẠI SẮT THÉP HOÀNG AN,"0914081954
","3703342820
"
CÔNG TY TNHH MTV NGUYÊN KHÔI FOOD,"0397447977
","3703342813
"
CÔNG TY TNHH TM DV CÔNG DANH PHÁT,"0985832730
","3703342806
"
CÔNG TY TNHH TIẾP VẬN SẾU XANH,"0913481246
","3703342796
"
CÔNG TY TNHH THƯƠNG MẠI DỊCH VỤ MỸ TRANG PHÁT,"0834120225
","3703342789
"
CÔNG TY TNHH DỊCH VỤ VẬN TẢI HÀNG HOÁ MINH KHÔI,"0777108968
","3703342711
"
CÔNG TY TNHH THƯƠNG MẠI XI NAN,"0931155888
","3703342764
"
CÔNG TY TNHH TM DV LÂM AN PHÚC,"0705451321
","3703342725
"
CÔNG TY TNHH TỔNG HỢP THƯƠNG MẠI DỊCH VỤ VẬN TẢI HỒNG LONG,"0898329130
","3703342718
"
CÔNG TY TNHH DỊCH VỤ NHA KHOA ĐẠI PHÁT,"0972275131
","3703342700
"
DOANH NGHIỆP TN TM DV TH DUY TÂN,"0906874447
","3703342690
"
CÔNG TY TNHH TM DV VẬN TẢI VIỆT PHÁT,"0384037878
","3703342683
"
CÔNG TY TNHH MTV THƯƠNG MẠI TỔNG HỢP LAN ANH,"0974150179
","3703342676
"
CÔNG TY TNHH MTV SAO MỘC,"0982992229
","3703342669
"
CÔNG TY TNHH SX TM VÀ DV VẬT TƯ IN LỤA PHÚ SƠN,"0972702744
","3703342524
"
CÔNG TY TNHH THƯƠNG MẠI TRUNG NGHĨA HÒA,"0824566598
","3703342482
"
CÔNG TY TNHH HOTEL NHẬT MINH,"0971464749
","3703342436
"
CÔNG TY TNHH GIA DỤNG ĐỨC SANG,"0938797355
","3703342073
"
CÔNG TY TNHH THƯƠNG MẠI DỊCH VỤ TỔNG HỢP SƠN KIM,"0898842311
","3703341785
"
CÔNG TY TNHH THƯƠNG MẠI DỊCH VỤ XÂY DỰNG Q&H,"0388319194
","3703341714
"
CÔNG TY TNHH TM DV PHONG VƯƠNG ĐẠT,"0933402770
","3703341707
"
CÔNG TY TNHH DV TM TỔNG HỢP MTV KIM LONG,"0898165943
","3703341665
"
CÔNG TY TNHH ANH LONG SPORT,"0917411744
","3703341658
"
CÔNG TY TNHH THƯƠNG MẠI VÀNG BẠC KIM TRỌNG,"0983757920
","3703341986
"
CÔNG TY TNHH LÔNG MI LÊ HẰNG,"0908158178
","3703341954
"
CÔNG TY TNHH LÔNG MI ĐỈNH AN,"0945545402
","3703341947
"
CÔNG TY TNHH NỘI THẤT THẾ KỶ VIỆT NAM,"0977100933
","3703341908
"
CÔNG TY TNHH MTV 141 NOTES,"0969456545
","3703341880
"
CÔNG TY TNHH SƠN Ô TÔ XUÂN HÒA,"0901434097
","3703341866
"
CÔNG TY CỔ PHẦN ĐẦU TƯ - XÂY DỰNG VÀ PHÁT TRIỂN NAM VIỆT GROUP,"0777770006
","3703342034
"
CÔNG TY TNHH SPA LAN,"0909480870
","3703340686
"
CÔNG TY TNHH XUẤT NHẬP KHẨU BẢN THỂ LỚN,"0987687476
","3703342115
"
CÔNG TY TNHH SẢN XUẤT NỘI THẤT NAM TRUNG,"0961327909
","3703342644
"
CÔNG TY TNHH HOA TƯƠI BẢO BÌNH,"0392719568
","3703342637
"
CÔNG TY TNHH THIẾT BỊ ĐIỆN NƯỚC - ĐIỆN CÔNG NGHIỆP THẮNG THỊNH PHÁT,"0976370600
","3703342612
"
CÔNG TY TNHH KINH DOANH THÉP TÂN THÀNH,"0965542430
","3703342605
"
CÔNG TY TNHH TH DV NAM MINH TRƯỜNG,"0335610877
","3703342429
"
CÔNG TY TNHH DỊCH VỤ KĨ THUẬT PCCC TRẦN GIA THỊNH,"0784935286
","3703342387
"
CÔNG TY TNHH ĐỒ CHƠI HÙNG THẮM,"0974929078
","3703342362
"
CÔNG TY TNHH PHỤ TÙNG CƠ GIỚI A TÀI,"0979796040
","3703342355
"
CÔNG TY TNHH GIẢI PHÁP THƯƠNG MẠI THÀNH TRUNG,"0782443437
","3703342348
"
CÔNG TY TNHH QUỐC TẾ HUANTENG (VIETNAM),"0393277511
","3703342330
"
CÔNG TY TNHH THƯƠNG MẠI DỊCH VỤ ĐẦU TƯ THÀNH CÔNG PHÁT,"0369849926
","3703342323
"
CÔNG TY TNHH CÔNG NGHỆ TC 2025,"0385840064
","3703342316
"
CÔNG TY TNHH DỊCH VỤ VẬN TẢI ĐÔNG DƯƠNG PHÁT,"0963263471
","3703342309
"
CÔNG TY TNHH ĐẦU TƯ HẠ TẦNG VIỄN THÔNG LNL,"0974070427
","3703342299
"
"CÔNG TY TNHH THƯƠNG MẠI DỊCH VỤ ÂN VŨ KHÁNH","0833636440
","3703342274
"
"CÔNG TY TNHH THƯƠNG MẠI DỊCH VỤ THỰC PHẨM LUCKIN","0797995529
","3703342267
"
"CÔNG TY TNHH THƯƠNG MẠI VÀ DỊCH VỤ MINH ĐƯỢC","0975204915
","3703342242
"
"CÔNG TY TNHH MTV TM DV THÁI LAN ANH","0963536255
","3703342235
"
"CÔNG TY TNHH NỘI THẤT QUÝ NHI","03639468680368
","3703342228
"
"CÔNG TY TNHH SẢN XUẤT THƯƠNG MẠI BAO BÌ DTK","0865105782
","3703342210
"
"CÔNG TY TNHH THƯƠNG MẠI NGỌC HẢI ANH","0975906406
","3703342203
"
"CÔNG TY TNHH THƯƠNG MẠI DỊCH VỤ ĐÀO ĐIỆP","0398702937
","3703342193
"
"CÔNG TY TNHH RC VIET","0978036310
","3703342186
"
"CÔNG TY TNHH XUẤT NHẬP KHẨU QUỐC TẾ ĐẠI PHÚC","09710066780915012
","3703342179
"
"CÔNG TY TNHH THƯƠNG MẠI DỊCH VỤ Ô TÔ LONG THÀNH PHÁT","0974878832
","3703342161
"
"CÔNG TY TNHH THƯƠNG MẠI DỊCH VỤ MAY MẶC THỊNH PHÁT","0964498955
","3703342147
"
"CÔNG TY TNHH MỘT THÀNH VIÊN AN GIA PHÁT","0962828140
","3703342122
"
"CÔNG TY TNHH VK BOND","0937286567
","3703342108
"
"CÔNG TY TNHH THƯƠNG MẠI DỊCH VỤ PALLET NHẬT TIẾN","0918520937
","3703342098
"
,,
"CÔNG TY TNHH THUẬN AUTO","097471210
","3703342002
"
"CÔNG TY TNHH CHIANTI VIỆT NAM","0786578188
","3703341979
"
"CÔNG TY TNHH THƯƠNG MẠI DỊCH VỤ TRẦN GIA TRANG","0937849863
","3703341961
"
"CÔNG TY TNHH THƯƠNG MẠI DỊCH VỤ ĐIỆN MÁY NGỌC SƠN","0906879805
","3703341922
"
"CÔNG TY TNHH THƯƠNG MẠI DỊCH VỤ Ô TÔ ĐỈNH HOẢ","0917102342
","3703341915
"
"CÔNG TY TNHH THƯƠNG MẠI XUẤT NHẬP KHẨU ĐẠI THÀNH PHÁT.VN","0986489190
","3703341898
"
"CÔNG TY TNHH CƠ KHÍ CHÍNH XÁC HDQ","0362178936
","3703341873
"
"CÔNG TY TNHH DƯỢC PHẨM KHANG NHIÊN","0972122918
","3703341859
"
"CÔNG TY TNHH KIM SA KHOA HOC KY THUAT","0904619387
","3703341841
"
"CÔNG TY TNHH TMDV SẢN XUẤT MAY MẶC PHƯƠNG ANH","0985077138
","3703341834
"
"CÔNG TY CỔ PHẦN GREAT TIMES HOLDINGS","0902342988
","3703341827
"
"CÔNG TY TNHH NÔNG SẢN BẢO ĐỨC FOOD","093261171
","3703341802
"
"CÔNG TY CP XUẤT NHẬP KHẨU ORITIC","0568968989
","3703341778
"
"CÔNG TY TNHH XÂY DỤNG PC","0932575857
","3703341760
"
"CÔNG TY TNHH TM DV ANH HƯƠNG","0986522186
","3703341746
"
"CÔNG TY TNHH SẢN XUẤT VÀ THƯƠNG MẠI SANDANI","0908553677
","3703341739
"
"CÔNG TY TNHH IN - PHOTOCOPY PHƯƠNG NGÂN","0925789879
","3703340887
"
"CÔNG TY TNHH DP STEEL","0973010290
","3703340301
"
"CÔNG TY TNHH SẢN XUẤT MUA BÁN GỖ SƠN TRẦN","0909242373
","3703341993
"
"CÔNG TY TNHH GẠCH ỐP LÁT BẢN VIỆT","09859257177
","3703342027
"
"CÔNG TY TNHH TM - DV ANH THỊNH PHÁT","0965705789
","3703340333
"
"CÔNG TY TNHH SX - TM - DV ĐỨC PHONG","0776995018
","3703340326
"
"CÔNG TY TNHH VẬT LIỆU XÂY DỰNG XANH THÁI NHẤT","0343452123
","3703340284
"
"CÔNG TY TNHH MTV KTV","02746514429
","3703340735
"
"CÔNG TY TNHH XÂY DỰNG VÀ THƯƠNG MẠI ĐP ĐẠI PHÁT","0964791776
","3703340277
"
"CÔNG TY TNHH NEWVIN","0969056303
","3703340213
"
"CÔNG TY TNHH THƯƠNG MẠI KYLO","0899253202
","3703340196
"
"CÔNG TY TNHH MỘT THÀNH VIÊN LONG PHÁT","0378454387
","3703340069
"
"CÔNG TY TNHH GỖ VP","09081191
","370334020
"
"CÔNG TY TNHH CÔNG NGHIỆP THIẾT BỊ LOGISTICS TOPSUN (NỘP HỘ NTNN)","008613777628688
","3703342066
"
"CÔNG TY TNHH SẢN XUẤT BAO BÌ AN PHÁT","0776662389
","3703342059
"
"CÔNG TY TNHH QUẢNG CÁO THƯƠNG MẠI DỊCH VỤ SẢN XUẤT KMA MEDIA","0978917092
","3703342041
"
"CÔNG TY TNHH PRINPROS VIỆT NAM","016092505355
","3703341792
"
"CÔNG TY TNHH THƯƠNG MẠI DỊCH VỤ HOÀNG SANH","0977212208
","3703341633
"
"CÔNG TY TNHH THƯƠNG MẠI DỊCH VỤ HOÀNG VIỆT PHÁT","0335723748
","3703341626
"
"CÔNG TY TNHH NĂNG LƯỢNG XANH MINH ĐĂNG","0362526678
","3703341619
"
"CÔNG TY TNHH MTV TM DV ÁNH THẢO","0866054154
","3703341601
"
"CÔNG TY TNHH CƠ NHIỆT - NỒI HƠI QUANG VIỆT","0924765183
","3703341591
"
"CÔNG TY TNHH GIA CÔNG CƠ KHÍ HỒ THÁI","0339753139
","3703341584
"
"CÔNG TY TNHH MỘT THÀNH VIÊN NỆM SKYOO","0933018001
","3703341577
"
"CÔNG TY TNHH NỆM VIỆT THẮNG LỢI","09238868880903018
","3703341552
"
"CÔNG TY TNHH VLXD VIỆT NGUYỄN","0968141639
","3703341545
"
"CÔNG TY TNHH SỰ KIỆN THỊNH PHÁT","0974698343
","3703341538
"
"CÔNG TY TNHH THƯƠNG MẠI TCV KIDS","0908254758
","3703341520
"
"CÔNG TY TNHH DV THƯƠNG MẠI VẬN TẢI HUY HOÀNG PHÁT","02746562256
","3703341513
"
"CÔNG TY TNHH MTV THƯƠNG MẠI DỊCH VỤ PHÚ HỒNG PHÁT","0384702672
","3703341506
"
"CÔNG TY TNHH SẢN PHẨM THỂ THAO VÀ GIẢI TRÍ ZHONG QISHENG (VIỆT NAM)","0987601254
","3703341496
"
"CÔNG TY TNHH XDVT HOÀNG TIẾN OFFICIAL","0919195560
","3703341489
"
"CÔNG TY TNHH MỘT THÀNH VIÊN THƯƠNG MẠI DỊCH VỤ XÂY DỰNG LONG BÌNH PHÁT","0919735566
","3703341411
"
"CÔNG TY TNHH DV VẬN TẢI CƯỜNG PHÁT","0985717282
","3703341464
"
"CÔNG TY TNHH GIA CÔNG SOFA TIẾN PHÁT","0359934684
","3703341457
"
"CÔNG TY TNHH ĐIÊU KHẮC GỖ DUY PHÁT","0979346766
","3703341432
"
"CÔNG TY TNHH THƯƠNG MẠI DỊCH VỤ THỰC PHẨM THANH HÀ","0977972218
","3703341425
"
"CÔNG TY TNHH MTV VIỆT HƯNG THỊNH","0983917019
","3703341418
"
"CÔNG TY TNHH KỸ THUẬT VÀ THƯƠNG MẠI TÂN TIẾN DŨNG","0817925483
","3703341400
"
"CÔNG TY TNHH TƯ VẤN DỊCH VỤ HT HOMES","0912777515
","3703341390
"
"CÔNG TY TNHH DỊCH VỤ JV TRAVEL","0941234395
","3703341383
"
"CÔNG TY TNHH VÁN ÉP - NỘI THẤT NAM MỘC PHÁT","0982257261
","3703341376
"
"CÔNG TY TNHH SẢN XUẤT THƯƠNG MẠI VÀ DỊCH VỤ HIẾU THÀNH","0949995846
","3703341369
"
"CÔNG TY TNHH TM DV KIM LOẠI MÀU THỊ PHƯƠNG","0937721870
","3703341351
"
"CÔNG TY TNHH TM - DV XÂY DỰNG LÊ ĐỊNH","0334079543
","3703341344
"
"CÔNG TY TNHH THIẾT BỊ & MÁY XÂY DỰNG TIẾN ĐẠT","0346659678
","3703341337
"
"CÔNG TY TNHH MTV NHỰT HUY PHÁT","0917414648
","3703341312
"
"CÔNG TY TNHH TM DV MẠNH TIẾN PHÁT","0937355697
","3703341305
"
"CÔNG TY TNHH SẢN XUẤT THƯƠNG MẠI SẮT THÉP ĐỨC THÀNH","0868050811
","3703341295
"
"CÔNG TY TNHH TM DV ĐẦU TƯ XÂY DỰNG HẠ TẦNG TIẾN PHÁT","0339945468
","3703341288
"
"CÔNG TY TNHH TM DV Ý TÂM","0976102589
","3703341270
"
"CÔNG TY TNHH VẬT LIỆU XÂY DỰNG THUẬN GIANG","0938938069
","3703341263
"
"CÔNG TY TNHH ÂU VIỆT LIFT","0823468268
","3703341256
"
"CÔNG TY TNHH TƯ VẤN - ĐẦU TƯ ĐỊA ỐC PHÁT ĐẠT","0926387838
","3703341231
"
"CÔNG TY TNHH THƯƠNG MẠI DỊCH VỤ ĐẦU TƯ TÂN PHÁT","0913786699
","3703341224
"
"CÔNG TY TNHH NHÂN SỰ JINWEI","0906802968
","3703341217
"
"CÔNG TY TNHH THƯƠNG MẠI DỊCH VỤ NHẬT HÀ TB","0364785855
","3703341182
"
"CÔNG TY TNHH THƯƠNG MẠI DỊCH VỤ LÂM HÙNG ĐẠI","0585100839
","3703341175
"
"CÔNG TY TNHH NHỰA VIET FAST","0898067595
","3703341168
"
"CÔNG TY CỔ PHẦN ĐƯỜNG VÀNH ĐAI 4 THÀNH PHỐ HỒ CHÍ MINH","0834098888
","3703341136
"
"CÔNG TY TNHH MỘT THÀNH VIÊN THÀNH HƯNG VIỆT NAM","0366026016
","3703341129
"
"CÔNG TY TNHH THƯƠNG MẠI DỊCH VỤ HÙNG CƯƠNG FOODS","0357332792
","370334111
"
"CÔNG TY TNHH SẢN XUẤT-THƯƠNG MẠI HẢI KIM PHÁT","0788317777
","3703341104
"
"CÔNG TY TNHH SẢN XUẤT - GIA CÔNG NGUYÊN LẬP THUẬN","0369307291
","3703341094
"
"CÔNG TY CỔ PHẦN ĐẦU TƯ LÊ HUY CAPITAL","0703681368
","3703341087
"
"CÔNG TY TNHH LOFACO","0984052590
","3703341062
"
"CÔNG TY TNHH KHUÔN BẾ NGUYÊN KHANG","0988971465
","3703340742
"
"CÔNG TY TNHH THƯƠNG MẠI XUẤT NHẬP KHẨU TƯỜNG ĐỈNH","0969385620702743721329
","3703340703
"
"CÔNG TY TNHH THƯƠNG MẠI SẢN XUẤT INOX TRƯỜNG KHA","0906866375
","3703340693
"
"CÔNG TY TNHH TM DV VẬN TẢI HÂN HUY","0932099282
","3703340319
"
"CÔNG TY TNHH MTV LƯƠNG KHÁNH","0987909357
","3703340252
"
"CÔNG TY TNHH ẮC QUY THỊNH PHÁT BÌNH DƯƠNG","0917931769
","3703340245
"
"CÔNG TY TNHH TMDV HƯƠNG ĐIỀN","0332476648
","3703340238
"
"CÔNG TY TNHH CƠ KHÍ TRUNG TÂY","0907494099
","3703340206
"
"CÔNG TY TNHH THƯƠNG MẠI GIÁO DỤC BẢO PHÚC","0986525226
","3703340044
"
"CÔNG TY CỔ PHẦN THỂ THAO SỨC SỐNG VIỆT","0786767586
","3703340037
"
"CÔNG TY TNHH TRÁI CÂY VÀ HOA TƯƠI XYNH","0358585531
","3703340012
"
"CÔNG TY CỔ PHẦN ĐẦU TƯ ĐẦU TƯ PHÁT TRIỂN NHẤT TÍN LAND","0902424342
","3703340005
"
"CÔNG TY TNHH TM DV CÔNG NGHỆ TẤN DƯƠNG","0977111978
","3703339994
"
"CÔNG TY TNHH YẾN SÀO HOÀ CHÂU","0981902689
","3703339955
"
"CÔNG TY TNHH HÙNG VĨ PHÁT","0869989753
","3703339948
"
"CÔNG TY TNHH THƯƠNG MẠI VÀ DỊCH VỤ CƯỜNG THỊNH PHÁT VN","098751614
","3703339930
"
"CÔNG TY TNHH THƯƠNG MẠI DỊCH VỤ TÔ ÁNH LAN","0349157889
","3703339923
"
"CÔNG TY TNHH ĐẦU TƯ THƯƠNG MẠI BÌNH DƯƠNG XANH","0985296860
","3703339899
"
"CÔNG TY TNHH THƯƠNG MẠI DỊCH VỤ XÂY DỰNG TRÚC VIỆT","0937907122
","3703341150
"
"CÔNG TY TNHH WEIHONG","0979554853
","3703341143
"
"CÔNG TY TNHH VĂN KHẢI PHÁT","0963198193
","3703341055
"
"CÔNG TY TNHH SỢI ANH MINH","0978711899
","3703341048
"
"CÔNG TY TNHH TM MÔI TRƯỜNG MINH QUÂN","0976033766
","3703341030
"
"CÔNG TY TNHH NHA KHOA SÀI GÒN THUẬN AN","0909708633
","3703341023
"
"CÔNG TY TNHH CƠ KHÍ KN","0983911807
","3703341016
"
"CÔNG TY TNHH NHÀ PHÂN PHỐI NGỌC BÍCH","0908115447
","3703341009
"
"CÔNG TY TNHH BAO BÌ GIẤY THỊNH VƯỢNG VIỆT NAM","0344983638
","3703340975
"
,,
"CÔNG TY TNHH TRÁI CÂY NHẬP KHẨU LH FRUIT","0908911134
","3703340950
"
"CÔNG TY TNHH TM-DV VLXD & TTNT PHƯỚC THỊNH II","0981828823
","3703340943
"
"CÔNG TY TNHH SEEK & LINK","0967004599
","3703340936
"
"CÔNG TY TNHH HOÀNG SỰ JEWELRY","0708909898
","370334091
"
"CÔNG TY TNHH THƯƠNG MẠI DỊCH VỤ THỰC PHẨM NGỌC SINH","0944692669
","3703340904
"
"CÔNG TY TNHH THƯƠNG MẠI DỊCH VỤ H&T COSMETIC&BEAUTY","0935749768
","3703340894
"
"CÔNG TY TNHH THƯƠNG MẠI THÔNG NGỌC PHƯỚC","0974819540
","3703340982
"
"CÔNG TY TNHH TM DV MÔI TRƯỜNG LỘC PHƯỚC","0398122711
","3703340929
"
"CÔNG TY TNHH CÔNG NGHỆ THƯƠNG MẠI DỊCH VỤ POPO RETAIL GROUP","0336614161
","3703340710
"
"CÔNG TY TNHH NỘI THẤT KIÊN KHANG BÌNH DƯƠNG","0942541798
","3703340478
"
"CÔNG TY TNHH FOREDEN","0964540989
","3703340340
"
"CÔNG TY TNHH HẢI SẢN TẤN PHÁT VIỆT NAM","0946713913
","3703339578
"
"CÔNG TY TNHH GIUSE BE NA DO","0972202090
","3703340862
"
"CÔNG TY TNHH NỘI THẤT AN THY","0329004428
","3703340809
"
"CÔNG TY TNHH THƯƠNG MẠI DỊCH VỤ VẬN TẢI TRÍ THIỆN","0974393953
","3703340799
"
"CÔNG TY TNHH THƯƠNG MẠI DỊCH VỤ AP VN","0983620853
","3703340781
"
"CÔNG TY TNHH VẬT TƯ ĐIỆN NƯỚC TRUNG KIÊN","0983915244
","3703340767
"
"CÔNG TY TNHH BAO BÌ JEMSTONE","0379795705
","3703340728
"
"CÔNG TY TNHH KUBO KUBAP CAR","0343691052
","3703340679
"
"CÔNG TY TNHH VÀNG BẠC ĐÁ QUÝ PHƯỚC THÀNH","0334679663
","3703340661
"
"CÔNG TY TNHH SẢN XUẤT THƯƠNG MẠI DỊCH VỤ ĐỊNH NGÂN","0932985333
","3703340647
"
"CÔNG TY TNHH KGR VIỆT NAM","0876499737
","3703340622
"
"CÔNG TY TNHH THƯƠNG MẠI PHÚC HÒA LỢI","0912436879
","3703340615
"
"CÔNG TY TNHH TM DV THUẬN HOÀNG PHÁT","0582584773
","3703340608
"
"CÔNG TY TNHH BÁCH HÓA THỊNH PHÁT","0987978775
","3703340598
"
"CÔNG TY TNHH TM. M&P","0976087123
","3703340580
"
"CÔNG TY TNHH - TM - DV - HỒNG THANH CANDY","09083218823
","3703340573
"
,,
"CÔNG TY TNHH CƠ ĐIỆN LẠNH TTH","0915769060
","3703340559
"
"CÔNG TY TNHH THIẾT BỊ Y TẾ ĐINH THẮNG","0868795890
","3703340541
"
"CÔNG TY TNHH SẢN XUẤT VÀ THƯƠNG MẠI FUDO","0983599578
","3703340534
"
"CÔNG TY TNHH PCCONS VIỆT NAM","0916902919
","3703340527
"
"CÔNG TY TNHH THIẾT BỊ MÁY XÂY DỰNG MẠNH KHỞI","0981708616
","3703340502
"
"CÔNG TY TNHH SẮT THÉP LÂM PHÁT","0936020808
","3703340492
"
"CÔNG TY TNHH MTV DỊCH VỤ HẢI QUAN, LOGISTICS TRƯỜNG ANH","0935134589
","3703340485
"
,,
"CÔNG TY TNHH HÙNG VƯƠNG PHÁT","0979889177
","3703340453
"
"CÔNG TY TNHH GOLDEN TRACK AUTO PRIME","0966983908
","3703340446
"
"CÔNG TY TNHH NIMEKS ORGANIK TARIM URUNLERI SAN VE TIC","0369930738
","3703340439
"
"CÔNG TY TNHH THIẾT BỊ MÁY CÔNG TRÌNH PHƯỚC TƯỜNG","0869100636
","3703340421
"
"CÔNG TY TNHH THƯƠNG MẠI & XUẤT NHẬP KHẨU SONNET","0868056732
","3703340414
"
"CÔNG TY TNHH CÔNG NGHỆ THÔNG MINH KHỞI ĐẦU MỚI","0899930489
","3703340407
"
"CÔNG TY TNHH SẢN XUẤT THƯƠNG MẠI DỊCH VỤ LƯU ANH","0975002111
","3703340397
"
"CÔNG TY TNHH HÙNG HUY WINDOW","0978735699
","3703340372
"
"CÔNG TY TNHH THƯƠNG MẠI DỊCH VỤ ĐẠI ĐĂNG KHÔI","0978947573
","3703340365
"
"CÔNG TY TNHH SẢN XUẤT VÀ THƯƠNG MẠI NHẤT KIÊN CƯỜNG","0983691689
","3703340358
"
"CÔNG TY TNHH ĐẦU TƯ WOLPAK VIỆT NAM","0918454516
","3703340164
"
"CÔNG TY TNHH MTV TÙNG QUẾ MILK","0819567999
","3703340132
"
"CÔNG TY TNHH DỊCH VỤ TOÀN CẦU BÌNH DƯƠNG","0919222225
","3703340118
"
"CÔNG TY TNHH THƯƠNG MẠI KIM PHÚ LONG","0974300135
","3703340100
"
"CÔNG TY TNHH MAY MẶC X&TC FASHION","0985449642
","3703340090
"
"CÔNG TY TNHH CHUNG ĐỨC PHÁT VIỆT NAM","0919075473
","3703340083
"
"CÔNG TY TNHH BÁCH HÓA TÂN TIẾN","0919753118
","3703340076
"
"CÔNG TY TNHH VẢI THƯỜNG HẰNG THỦ","0899168008
","3703339916
"
"CÔNG TY TNHH THƯƠNG MẠI DƯỢC PHẨM VÀ THIẾT BỊ Y TẾ DŨNG ĐẠI PHÁT","0977425603
","3703339585
"
"CÔNG TY TNHH XÂY DỰNG ĐẠI MINH PHÁT VN","0979532468
","3703339539
"
"CÔNG TY TNHH THƯƠNG MẠI QI SHENG VIỆT NAM","0869593753
","3703339546
"
"CÔNG TY TNHH HÀNG RÀO BÊ TÔNG LẮP GHÉP TUẤN LINH","0987376669
","3703340774
"
"CÔNG TY TNHH THƯƠNG MẠI DỊCH VỤ BÁNH KẸO HOÀNG MAI","0394777842
","3703340654
"
"CÔNG TY TNHH CÔNG NGHỆ MDA VIỆT NAM (NỘP HỘ NTNN)","13602681007
","3703340848
"
"CÔNG TY TNHH ĐẦU TƯ BẤT ĐỘNG SẢN THÀNH LỘC (NỘP HỘ NTNN)","02822601188
","3703340830
"
"CÔNG TY TNHH CÔNG NGHIỆP GỖ XINFA VIỆT NAM (NỘP HỘ NTNN)","0334360559
","3703340823
"
"CÔNG TY TNHH SƠN NƯỚC ĐẠI LỘC PHÁT","0989640094
","3703339634
"
"CÔNG TY TNHH TM DV NGỌC ĐAN THƯ","0979422076
","3703339909
"
"CÔNG TY TNHH ĐIỆN TỬ CHÚC ANH","0929587868
","3703339602
"
"CÔNG TY TNHH INK KWANG MYUNG","0364692311
","3703340189
"
"CÔNG TY TNHH BÁCH HOÁ THU HƯƠNG","0916111660
","3703340125
"
"CÔNG TY TNHH MTV THƯƠNG MẠI A SINH","0977973500
","370334011
"
"CÔNG TY TNHH THỊNH PHÁT PETROL","0983809124
","3703340157
"
"CÔNG TY TNHH THƯƠNG MẠI VÀ DỊCH VỤ MÁY MAY TS TRƯỜNG SA","0961461679
","3703339962
"
"CÔNG TY TNHH MOTEL THU THỦY","0902849794
","3703339874
"
"CÔNG TY TNHH ĐẦU TƯ VÀ PHÁT TRIỂN ĐỊA ỐC THIÊN ÂN LAND","0346493932
","3703339842
"
"CÔNG TY TNHH TM DV TRANG DƯƠNG","0969815493
","3703339810
"
"CÔNG TY TNHH THƯƠNG MẠI - DỊCH VỤ THÁI BẢO MINH","0865264018
","3703339761
"
"CÔNG TY TNHH KIẾN TRÚC XÂY DỰNG NỘI THẤT HLAB","0368288209
","3703339747
"
"CÔNG TY TNHH BÁCH HÓA TỔNG HỢP NGỌC MINH PHÁT","0966141929
","3703339666
"
"CÔNG TY TNHH LÂM NGHỆ PHÁT","0933114485
","3703339641
"
"CÔNG TY TNHH GIA QUÝ CƯỜNG","0367209993
","3703339627
"
"CÔNG TY TNHH THƯƠNG MẠI DỊCH VỤ TOÀN PHÁT BÌNH DƯƠNG","0968681861
","3703339592
"
"CÔNG TY TNHH TM HỒNG KHANH","0983822892
","3703339521
"
"CÔNG TY TNHH THƯƠNG MẠI DỊCH VỤ XE NÂNG BÌNH DƯƠNG","0918728358
","3703339514
"
"CÔNG TY TNHH MTV KIM THUỲ DƯƠNG","0985936942
","3703339722
"
"CÔNG TY TNHH QUỐC TẾ LIHENGDA","0385942484
","3703339828
"
"CÔNG TY TNHH THƯƠNG MẠI VÀ DV VẬN TẢI HOÀNG GIA","0989894875
","3703339987
"
"CÔNG TY TNHH BÁCH KHOA CƠ KHÍ XKLD 403","0333043258
","3703339867
"
"CÔNG TY TNHH ĐIỆN NƯỚC GIA DỤNG TỔNG HỢP AN TƯỜNG PHÁT","0398472029
","3703339793
"
,,
"CÔNG TY TNHH KHÁCH SẠN BIỆT THỰ 2 SINGAPORE","096367599
","3703339779
"
"CÔNG TY TNHH NGŨ KIM TIẾN ĐẠT TM","0896200029
","3703339698
"
"CÔNG TY TNHH TMDV HỮU THÀNH ÁNH","0777221924
","3703340051
"
"CÔNG TY TNHH DANH UY VIỆT NAM","0921809128
","3703339803
"
"CÔNG TY TNHH TMDV THÁI BÌNH SKY","0917771860
","3703339680
"
"CÔNG TY TNHH TM DV GIA HÂN PHÁT","0906819678
","3703339673
"
"CÔNG TY TNHH TƯ VẤN THIẾT KẾ VÀ XÂY DỰNG ĐẠI HỒ","0342868969
","3703339708
"
"CÔNG TY TNHH DỊCH VỤ THƯƠNG MẠI XUẤT NHẬP KHẨU LÊ XUÂN","0813355888
","3703339200
"
"CÔNG TY TNHH KINH DOANH TẠP HÓA NƯỚC GIẢI KHÁT THIÊN LỘC","0963169479
","3703339881
"
"CÔNG TY TNHH THƯƠNG MẠI VÀ DỊCH VỤ TỔNG HỢP THIÊN BẢO NGỌC","0364399812
","3703339507
"
"CÔNG TY TNHH THƯƠNG MẠI THIẾT BỊ TRƯỜNG PHÁT","0329761385
","3703338775
"
"CÔNG TY TNHH SẢN XUẤT DỊCH VỤ PHÚC ĐẠT AN","0944003557
","3703338750
"
"CÔNG TY TNHH XÂY DỰNG TMDV THIÊN CÁT CÁT","0898321165
","3703338648
"
"CÔNG TY TNHH HOÀNG THIỆN FUTURE","0962991988
","3703339095
"
"CÔNG TY TNHH BÁCH HÓA NHẬT THƯ","0905436001
","3703339835
"
"CÔNG TY TNHH TMDV XANH THIÊN ÂN","0332608180
","3703339754
"
"CÔNG TY TNHH THƯƠNG MẠI CAO SU THỊNH PHÁT","0373789557
","3703339715
"
"CÔNG TY TNHH TM DV HOÀNG SÂM","0981394141
","3703339560
"
"CÔNG TY TNHH GIẢI PHÁP CÔNG NGHỆ KHẢI ĐĂNG","0842440442
","3703339553
"
"TRƯỜNG MẦM NON BÀN CHÂN NHỎ","0962269589
","3703339659
"
"CÔNG TY TNHH LÔNG MI TRẦN BẢO","0933677944
","3703338292
"
"CÔNG TY TNHH NHẬT ÁNH LINH","0523248789
","3703339144
"
"CÔNG TY TNHH SẢN XUẤT THƯƠNG MẠI & DỊCH VỤ ASIANFURNI VIỆT NAM","0909555589
","3703339472
"
"CÔNG TY TNHH THÊU VI TÍNH BÌNH DƯƠNG","0972302692
","3703339465
"
"CÔNG TY TNHH XÂY DỰNG VÀ CƠ KHÍ SÔNG CHÍNH ĐẠI","0932642968
","3703339458
"
"CÔNG TY TNHH TMDV AN PHÁT FOODS","0707839999
","3703339401
"
"CÔNG TY TNHH NỘI THẤT ANH ĐẠT","0989984337
","3703339419
"
"CÔNG TY TNHH KỸ THUẬT & SẢN XUẤT S4T","0976817992
","3703339497
"
"CÔNG TY TNHH SWEET BLOOM","0933114189
","3703339433
"
"CÔNG TY TNHH THƯƠNG MẠI - DỊCH VỤ PHỐ ĐỒNG AN","0966907517
","3703339391
"
"CÔNG TY TNHH ĐẦU TƯ PHÚC CHÂU","0905140913
","3703339377
"
"CÔNG TY TNHH LLB VN","0334381583
","3703339338
"
"CÔNG TY TRÁCH NHIỆM HỮU HẠN MAY MẶC NGỌC HIỆP PHÁT","0389753996
","3703339313
"
"CÔNG TY TNHH MTV VẬN TẢI HƯƠNG QUỲNH","0898531809
","3703339306
"
"CÔNG TY TNHH THƯƠNG MẠI TỔNG HỢP ĐẠI PHƯỚC ST","0347007400
","3703339151
"
"CÔNG TY TNHH TRÀ DƯA BÍ ĐAO PINLEDAU","0976646598
","3703339112
"
"CÔNG TY TNHH THƯƠNG MẠI HÀ NHUNG","0979632918
","3703339063
"
"CÔNG TY TNHH TM DV THANH HOÀNG","0972935879
","3703339440
"
"CÔNG TY TNHH SẢN XUẤT THƯƠNG MẠI HÚT ẨM PHƯỚC AN","0827634268
","3703339426
"
"CÔNG TY TNHH TC APAY VN","0798454934
","3703339320
"
"CÔNG TY CỔ PHẦN NASAGA VIỆT NAM","0945405060
","3703339264
"
"CÔNG TY TNHH EARTH-PANDA ADVANCE MAGNETIC MATERIAL","0347024155
","3703339169
"
"CÔNG TY TNHH YUXING STUDIO","0382010171
","3703339105
"
"CÔNG TY TNHH CÔNG NGHIỆP THỦ CÔNG GIA HOA THĂNG","0396119418
","3703339056
"
"CÔNG TY TNHH MỘT THÀNH VIÊN THƯƠNG MẠI DỊCH VỤ NTD","0848489678
","3703338630
"
"CÔNG TY TNHH VẬT LIỆU XÂY DỰNG VÀ TC XÂY DỰNG PHÁT ĐẠT","0907396258
","3703338366
"
"CÔNG TY TNHH THIẾT BỊ CÔNG NGHỆ TUẤN KIỆT","0919367568
","3703338334
"
"CÔNG TY TNHH MỘT THÀNH VIÊN THƯƠNG MẠI NAM HOÀ PHÁT","0967676939
","3703338327
"
"CÔNG TY TNHH THƯƠNG MẠI - XÂY DỰNG NHÔM CÁT TƯỜNG","0933060345
","3703338302
"
"CÔNG TY CỔ PHẦN THIẾT KẾ XÂY DỰNG THƯƠNG MẠI TAKYSU","0784972682
","3703338285
"
"CÔNG TY TNHH VẬT LIỆU BAO BÌ HUAMEI VIỆT NAM","0948271618
","3703338207
"
"CÔNG TY TNHH HEO QUAY ÚT MẬP","0982274744
","3703338197
"
"CÔNG TY TNHH XÂY DỰNG TMDV PHƯỚC HOÀ PHÚ 68","0898521758
","3703339384
"
"CÔNG TY TNHH DỊCH VỤ ALINA HOUSE","0839856161
","3703339352
"
"CÔNG TY TNHH PHÁT TRIỂN THƯƠNG MẠI DỊCH VỤ HOÀNG ÁNH","0927883183
","3703339345
"
"CÔNG TY TNHH TM DV LÊ MỸ","0946183818
","3703339296
"
"DOANH NGHIỆP TƯ NHÂN KIM NGỌC ĐIỀN","0932059040
","3703339289
"
"CÔNG TY TNHH MTV VẬN TẢI TM VÀ DV THANH HÀ","0966125779
","3703339271
"
"CÔNG TY TNHH TMDV TRẦN HƯNG PHÁT","0776919515
","3703339257
"
,,
"CÔNG TY TNHH THỜI TRANG MIOIM VIỆT NAM","0327420951
","3703339225
"
"CÔNG TY TNHH MTV THẢO MỘC XANH","0847680098
","3703339218
"
"CÔNG TY TNHH GỖ VIỆT SÂM PHÁT","0918123542
","3703339190
"
"CÔNG TY TNHH SẢN XUẤT TM DV QUẢNG CÁO HOÀNG GIA","0945977779
","3703339183
"
"CÔNG TY TNHH SẢN XUẤT THƯƠNG MẠI VIỆT THỨC","0988579576
","3703339176
"
"CÔNG TY TNHH SẢN XUẤT THƯƠNG MẠI THÁI HÒA PHÁT","0395631412
","3703339137
"
"CÔNG TY TNHH DẦU KHÍ TÍN THÀNH CÔNG","0989813803
","3703339070
"
"CÔNG TY TNHH CÔNG NGHỆ WINNERS POWDER VIỆT NAM","8613612805005
","3703338782
"
"CÔNG TY TNHH Ô TÔ HƯNG ĐẠT","0879969595
","3703338359
"
"CÔNG TY TNHH HOÁ CHẤT SUNWAH POTROCHEM VIET NAM","0947395278
","3703338341
"
"CÔNG TY CỔ PHẦN ES DEPOT VIỆT NAM","0343253586
","3703338278
"
"CÔNG TY TNHH TM DV NGỌC HƯƠNG","0395521652
","3703338260
"
"CÔNG TY TNHH NATURAL HARDWOOD LUMBER (NỘP THAY NTNN)","0937761755
","3703339088
"
"CÔNG TY TNHH THƯƠNG MẠI DỊCH VỤ VẬN TẢI LONG SƠN LOGISTICS","0919199135
","3703338983
"
"CÔNG TY TNHH DỊCH VỤ CỬA BIỂN 3 NEW","0978221059
","3703338976
"
"CÔNG TY TNHH MỘT THÀNH VIÊN HOÀNG THÁI HÀ","0397992399
","3703338969
"
"CÔNG TY TNHH THƯƠNG MẠI BẢO SAN","0911155916
","3703338951
"
"CÔNG TY TNHH GIA CÔNG CƠ KHÍ HSP VINA","0985852689
","3703338937
"
"CÔNG TY TNHH KD TỔNG HỢP TẤN MINH GROUP","0332125372
","3703338905
"
"CÔNG TY TNHH THƯƠNG MẠI DỊCH VỤ XUẤT NHẬP KHẨU NOVA STAR","0908545552
","3703338870
"
"CÔNG TY TNHH THƯƠNG MAI DỊCH VỤ TÂN PHÚ THANH","0971118205
","3703338447
"
"CÔNG TY TNHH ĐẠI PHÚC HUY","0908316449
","3703339017
"
,,
"CÔNG TY TNHH MTV MAY MẶC D&B","0966485385
","3703338895
"
"CÔNG TY TNHH MỘT THÀNH VIÊN VẬN TẢI HƯNG THỊNH LỘC PHÁT","0902518182
","3703338888
"
"CÔNG TY TNHH BÁCH HÓA VIỆT NAM","0923212121
","3703338126
"
"CÔNG TY TNHH VẬN TẢI HỒNG PHÁT 247","0911099979
","3703338831
"
"CÔNG TY TNHH GSVOS MIỀN ĐÔNG","0988722907
","3703338817
"
"CÔNG TY TNHH QI SHENG VIỆT NAM","0817698618
","37033383732
"
"CÔNG TY TNHH DMDMAX","0969633979
","3703338253
"
"CÔNG TY TNHH MỘT THÀNH VIÊN HOÀNG ANH MOTOR","0982161617
","3703339024
"
"CÔNG TY TNHH THƯƠNG MẠI - DỊCH VỤ BÁCH HÓA THIÊN SANH","0795418492
","3703338768
"
"CÔNG TY TNHH HOÀNG KHÔI TRANSPORT","0989438338
","3703338214
"
"CÔNG TY TNHH THƯƠNG MẠI DỊCH VỤ HOA THƯƠNG HƯNG PHÁT","0937345677
","3703338165
"
"CÔNG TY TNHH CÔNG NGHỆ YUEJIXING (VIỆT NAM)","860329164099
","3703338623
"
"CÔNG TY TNHH THƯƠNG MẠI DỊCH VỤ ẮC QUY HÒA TÌNH","0983819369
","3703338422
"
"CÔNG TY TNHH KARTCHEN","0856989598
","3703338408
"
"CÔNG TY TNHH SẢN XUẤT THƯƠNG MẠI HOÀNG VÂN PHÁT","0989248838
","3703338380
"
"CÔNG TY TNHH MINH THÀNH NGÂN STEEL","0938640280
","3703338172
"
"CÔNG TY TNHH MTV XÂY DỰNG VẬN TẢI ANH TUẤN","0918202789
","3703338415
"
"CÔNG TY TNHH XUYÊN VIỆT TECHFOODS","0969442222
","3703338398
"
"CÔNG TY CỔ PHẦN TẬP ĐOÀN 369","0913817284
","3703338246
"
"CÔNG TY TNHH SOWINGROUP VIỆT NAM (NỘP HỘ NTNN)","0846411015
","3703339049
"
"CÔNG TY TNHH THƯƠNG MẠI QUỐC TẾ WELFOUND VIỆT NAM (NỘP HỘ NTNN)","0949247922
","3703339031
"
"CÔNG TY TNHH THƯƠNG MẠI DỊCH VỤ DŨNG ANH BÌNH DƯƠNG","0916653755
","3703338944
"
"CÔNG TY CỔ PHẦN THƯƠNG MẠI DỊCH VỤ KIẾN TRÚC WINHOUSE","0976204020
","3703338912
"
"CÔNG TY TNHH TƯ VẤN VÀ ĐÀO TẠO TIN HỌC - NHÂN SỰ -TIẾNG TRUNG TÂN UYÊN","0984796409
","3703338863
"
"CÔNG TY TNHH QUÂN BÁCH","0936564562
","3703338856
"
"CÔNG TY TNHH TRÀ MỘC HƯƠNG LÂM ĐỒNG","0866700828
","3703338849
"
"CÔNG TY TNHH TMDV NÔNG ĐÀ BK","0982449764
","3703338824
"
"CÔNG TY TNHH BAO BÌ GIẤY HÀ TĨNH","0903824847
","3703338239
"
"CÔNG TY TRÁCH NHIỆM HỮU HẠN SƠN NGHỆ NĂNG","0819505168
","3703338567
"
"CÔNG TY TNHH SẢN XUẤT VÀ THƯƠNG MẠI TÂM MINH AN","0986235365
","3703338461
"
"CÔNG TY TRÁCH NHIỆM HỮU HẠN VINA GLOW","0972400756
","3703338454
"
"CÔNG TY TNHH THƯƠNG MẠI DỊCH VỤ TÚ QUỲNH","0978650589
","3703338736
"
"CÔNG TY TNHH TRANG TRÍ NỘI THẤT NHẬT HOÀNG LÁI THIÊU","0936064288
","3703338729
"
,,
"CÔNG TY TNHH DỊCH VỤ LÁI THUÊ VIET-T DRIVER","0908352620
","3703338119
"
"CÔNG TY TNHH SẢN XUẤT - THƯƠNG MẠI - DỊCH VỤ - XUẤT NHẬP KHẨU PHÚ ANH PHÁT","0939458266
","3703338528
"
"CÔNG TY TNHH KINH DOANH DỊCH VỤ TỔNG HỢP NGỌC ANH","0364706326
","3703338662
"
"CÔNG TY TNHH MTV LÝ ĐƯỜNG BẾN CÁT","0965309319
","3703338581
"
"CÔNG TY TNHH TM DV AN HÒA PHÁT","093616867407932
","3703338493
"
"CÔNG TY TNHH THIẾT BỊ GIA DỤNG VÀ LINH KIỆN VIETNAM XJ","0751730023
","3703338486
"
"CÔNG TY CỔ PHẦN VTT FOOD","09141081939
","3703338221
"
"CÔNG TY TNHH PHỤ TÙNG HOÀN MỸ","0902408849
","3703338743
"
"CÔNG TY TNHH CAFESQUE","0968779976
","3703338711
"
"CÔNG TY TNHH GỖ MỸ NGHỆ HOÀNG VINH","0961187468
","3703338704
"
"CÔNG TY TNHH MTV THƯƠNG MẠI DỊCH VỤ THIÊN LỘC PHÁT","0987279069
","3703338694
"
"CÔNG TY TNHH KINH DOANH TM DV TỔNG HỢP THÀNH ĐẠT","0936626933
","3703338687
"
"CÔNG TY TNHH XÂY DỰNG HỒNG VY","0948955917
","3703338655
"
"CÔNG TY TNHH SẢN XUẤT TÂN BÁCH THỤY","0397971396
","3703338616
"
"CÔNG TY TNHH TM DV VT HOÀNG MINH AN","0763446509
","3703338609
"
"CÔNG TY TNHH TMDV GIAO NHẬN VÀ VẬN TẢI HOÀNG PHÁT","0933122156
","3703338599
"
"CÔNG TY TNHH KHẢI PHONG ĐẠT","0899277662
","3703338574
"
"CÔNG TY TNHH PHÂN PHỐI THỰC PHẨM ĐĂNG QUANG","0946214436
","3703338542
"
"CÔNG TY TNHH TM DV VẬN TẢI CHÂU NGỌC PHÁT","0938534660
","3703338535
"
"CÔNG TY TNHH HANCOPR","0387098343
","3703338503
"
"CÔNG TY TNHH THƯƠNG MẠI DỊCH VỤ THÀNH PHÁT OFFICIAL","0899319346
","3703338479
"
"CÔNG TY TNHH TƯ VẤN THIẾT KẾ XÂY DỰNG VŨ TƯỜNG","0912063088
","3703338158
"
"CÔNG TY TNHH THƯƠNG MẠI DỊCH VỤ NGỌC PHÁT VINA","0896346708
","3703338140
"
"CÔNG TY TNHH SUẤT ĂN CÔNG NGHIỆP HOÀNG KHANG","0966795331
","3703338133
"
"CÔNG TY TNHH THƯƠNG MẠI CÀ PHÊ ĐẬM","0369499157
","3703338101
"
"CÔNG TY TNHH ẨM THỰC CƯỜNG PHÁT","0986390359
","3703337933
"
"CÔNG TY TNHH CHUỖI CUNG ỨNG SHIYI VIỆT NAM","0816592033
","370333800
"
"CÔNG TY TNHH SẢN XUẤT GIA CÔNG MAY MẶC THÁI HÀ","0926999926
","3703338084
"
"CÔNG TY TNHH MÔI TRƯỜNG ĐĂNG PHÁT","0975407067
","3703338052
"
"CÔNG TY TNHH ĐẦU TƯ XÂY DỰNG KIM PHƯỢNG HOÀNG","0898748956
","3703338077
"
"CÔNG TY TNHH THƯƠNG MẠI DỊCH VỤ MÔI TRƯỜNG KIM GIANG","0969337952
","3703337997
"
"CÔNG TY TNHH THƯƠNG MẠI BẢO VỆ THỰC VẬT AN GIANG","0989808028
","3703338038
"
"CÔNG TY TNHH ĐẦU TƯ THƯƠNG MẠI DỊCH VỤ AN NAM VIỆT","09181792988
","3703338020
"
"CÔNG TY TNHH FUNNY GAME","0822406477
","3703338013
"
"CÔNG TY TNHH MTV CHANG HONG","0969954952
","3703338006
"
"CÔNG TY TNHH PHƯỚC HẬU VIỆT NAM","0963504443
","3703337940
"
"CÔNG TY TNHH TMDV HÙNG DŨNG PHD","0372587872
","37033371711
"
"CÔNG TY TNHH TAMA VN","0933038707
","3703337757
"
"CÔNG TY TNHH NPP HÙNG PHƯƠNG","0923212121
","3703337549
"
"CÔNG TY TNHH TM XNK YI FAN VIÊT NAM","0963116555
","3703337517
"
"CÔNG TY TNHH SẢN XUẤT THƯƠNG MẠI GỖ HOA NAM","0972424913
","3703338045
"
"CÔNG TY TNHH XÂY DỰNG THẾ VINH VTV","0368238531
","3703337972
"
"CÔNG TY TNHH TM VẬN TẢI DV TỔNG HỢP TRÚC MAI","0902119779
","3703337958
"
"CÔNG TY TNHH BÁCH HÓA BẢO NAM","0941285990
","3703337926
"
"CÔNG TY TNHH KD HAPPY KIDS","0988822133
","3703337965
"
"CÔNG TY TNHH TM- DV D&K SÀI GÒN DA","0965320282
","3703337556
"
"CÔNG TY TNHH XÂY DỰNG THI CÔNG VINNAN BALTIC VN","0848124480
","3703337789
"
"CÔNG TY TNHH JERRICH INDUSTRY","0914485618
","3703337764
"
"CÔNG TY TNHH ỐC VÍT BẢO CHỨNG","61283321531
","3703337725
"
"CÔNG TY TNHH YONG HEE","0822589836
","3703337718
"
"CÔNG TY TNHH THƯƠNG MẠI KỸ THUẬT AE TECH","0353141755
","3703337612
"
"CÔNG TY TNHH THƯƠNG MẠI BÁCH HÓA TỔNG HỢP GIA PHÁT","0914599700
","3703337605
"
"CÔNG TY TNHH MAY MẶC GIA KHÁNH PHÁT VINA","0984571645
","3703337524
"
"CÔNG TY TNHH MỘT THÀNH VIÊN XUẤT NHẬP KHẨU MINH HẢI PHÁT","0968768434
","3703337468
"
"CÔNG TY TNHH THỰC PHẨM CHAY DUY","0921782782
","3703337443
"
"CÔNG TY TNHH TMDV PURO","0782443437
","3703337563
"
"CÔNG TY TNHH ĐẦU MỐI GIA CẦM HD","0978194836
","3703337732
"
"CÔNG TY TNHH ĐỒ DA PHÚC KHANG","902200288
","3703337676
"
"CÔNG TY TNHH TM - DV SONG KIỀU FOOD","0913068607
","3703337644
"
"CÔNG TY TNHH CÔNG NGHỆ VẾT SAO CODE VIỆT NAM","0585958637
","3703337595
"
"CÔNG TY TNHH TMDV CƯỜNG THỊNH 68","0933577068
","3703337588
"
"CÔNG TY TNHH TRI KIẾN EDUCATION","0938206760
","3703337570
"
"CÔNG TY TNHH AN GIA LOGISTICS","0978214508
","3703337482
"
"CÔNG TY TNHH THIẾT BỊ VĨNH DƯƠNG","0911619212
","3703337475
"
"CÔNG TY TNHH BÁCH HÓA DẠ THẢO","0972724838
","3703337450
"
"CÔNG TY TNHH THƯƠNG MẠI & SẢN XUẤT MỸ PHẨM BT GROUP","0855737979
","3703337436
"
"CÔNG TY TNHH THƯƠNG MẠI PHƯỚC THUẬN THÀNH","0868573859
","3703337700
"
"CÔNG TY TNHH NĂNG LƯỢNG XANH ANH ĐỨC","0963326409
","3703337690
"
"CÔNG TY TNHH THƯƠNG MẠI GIA DỤNG ANH CƯỜNG","0777987559
","3703337683
"
"CÔNG TY TNHH THƯƠNG MẠI DỊCH VỤ TÂM Ý PHARMACY","0931770500
","3703337669
"
"CÔNG TY TNHH TM DV TÂN TIẾN VINH CNC","0979756103
","3703337651
"
"CÔNG TY TNHH TBM RENTAL","0933992384
","3703337531
"
"CÔNG TY TNHH DV SƠN THẠCH","0822715606
","3703337429
"
"CÔNG TY TNHH SX KD AN VĨNH PHÁT","0907519579
","3703337845
"
"CÔNG TY TNHH ẨM THỰC XANH HAPPY BÌNH DƯƠNG","0916378737
","3703337820
"
"CÔNG TY TNHH SX VÀ TM MINH LỘC","0918905608
","370333780
"
"CÔNG TY TNHH TM DV VẬN TẢI AN PHÚ KHANG","0908234584
","3703337877
"
"CÔNG TY TNHH TMDV NGỌC CẦN THƠ","0898372251
","3703337901
"
"CÔNG TY TNHH SẢN XUẤT THƯƠNG MẠI NHỰA NGUYỄN TUÂN","0982015295
","3703337884
"
"CÔNG TY TNHH PHỤ KIỆN NỘI THẤT PINGYANG TERXIN (BÌNH DƯƠNG TERXIN)","0329725389
","3703337852
"
"CÔNG TY TNHH THƯƠNG MẠI DỊCH VỤ TẤN TRỌNG","0924434939
","3703337838
"
"CÔNG TY TNHH TMDV THIÊN AN VN","0935562256
","3703337919
"
"CÔNG TY TNHH CAMERA - THIẾT BỊ MẠNG PNP","0936367468
","3703337813
"
"CÔNG TY TNHH XÂY DỰNG NỀN MÓNG MINH KHÔI","0986179286
","3703337806
"
"CÔNG TY TNHH TM DV VẬN TẢI LÂM PHÁT","0908237438
","3703337796
"
"CÔNG TY TNHH MTV THƯƠNG MẠI DỊCH VỤ XÂY DỰNG NHẬT DŨNG","0988836787
","3703337637
"
"CÔNG TY TNHH LÂM HƯNG FOOD","0974625358
","3703337274
"
"CÔNG TY TNHH NĂNG KHIẾU NHƯ Ý","0967762068
","3703337267
"
"CÔNG TY TNHH THƯƠNG MẠI TÔ VĂN HÀO","0337341912
","3703337242
"
"CÔNG TY TNHH THIẾT KẾ VÀ XÂY DỰNG SANG DESIGN","0365668405
","3703337210
"
"CÔNG TY TNHH MAY MẶC BÁCH THỊNH","0336957043
","3703337115
"
"CÔNG TY TNHH THƯƠNG MẠI BẢO ĐẠI PHÁT","0918527298
","3703337098
"
"CÔNG TY TNHH SX TM DV NAM HẢI","0965075830
","3703337066
"
,,
,,
,,
,,
"CÔNG TY TNHH THƯƠNG MẠI TỔNG HỢP HỒNG HẠNH","0389999309
","3703336369
"
"CÔNG TY TNHH THƯƠNG MẠI DƯƠNG NGUYỄN DT","0984158639
","3703336295
"
"CÔNG TY TNHH SẮT THÉP ĐẠI PHÁT","0909570988
","3703336263
"
"CÔNG TY TNHH MTV HÙNG MAI BÌNH DƯƠNG","0963790476
","3703337034
"
"CÔNG TY TNHH MỘT THÀNH VIÊN SẢN XUẤT THƯƠNG MẠI NAM HUY","02746511268
","3703337394
"
"CÔNG TY TNHH TM - DV LỘC KIM AN","0866177712
","3703337387
"
"CÔNG TY TNHH THƯƠNG MẠI DỊCH VỤ LOGISTICS MINH ANH","0356701259
","3703337348
"
"CÔNG TY TNHH HÀO HIỆP AG","0976734848
","3703337309
"
"CÔNG TY TNHH DỊCH VỤ GIẢI PHÁP CÔNG NGHỆ KIM TIẾN","0979882293
","3703337299
"
"CÔNG TY TNHH ĐẠI VẠN THANH","0964299774
","3703337281
"
"CÔNG TY TNHH NEW BÀNG TRÌNH","02742222626
","3703337235
"
"CÔNG TY TNHH ĐẶNG HÒA MILK","0973769501
","3703337228
"
"CÔNG TY TNHH YU YANG VIỆT NAM","0785295726
","3703336954
"
"CÔNG TY TNHH THIẾT KẾ QUẢNG CÁO JU FENG","0705605295
","3703336834
"
"CÔNG TY TNHH THƯƠNG MẠI DỊCH VỤ ĐIỆN NƯỚC QUANG HUY 2","0934765130
","3703336249
"
"CÔNG TY TNHH TT GIA TUỆ","0946204787
","3703336175
"
"CÔNG TY TNHH TV XD TM DV TRƯỜNG GIA PHÁT","09329099667
","3703336168
"
"HIỆP HỘI KINH DOANH KHÍ HÓA LỎNG TỈNH BÌNH DƯƠNG","0528669966
","3703337411
"
"CÔNG TY TNHH THƯƠNG MẠI VÀ DỊCH VỤ Ô TÔ THANH TÙNG","0795685295
","3703337404
"
"CÔNG TY TNHH SEA & AIR ST","0931875948
","3703337362
"
"CÔNG TY TNHH DỊCH VỤ THƯƠNG MẠI TỔNG HỢP KIM TUYẾN","0978934937
","3703337355
"
"CÔNG TY TNHH GIA LẠC PHÚC","0975216168
","3703337330
"
"CÔNG TY TNHH THƯƠNG MẠI & DỊCH VỤ TIN HỌC NAM VỸ","0941448118
","3703337323
"
"CÔNG TY TNHH MTV LÊ NGUYÊN KHANG","0867784579
","3703336337
"
"CÔNG TY TNHH XUẤT NHẬP KHẨU ML ECO","0944998238
","3703336111
"
"CÔNG TY TNHH THƯƠNG MẠI DỊCH VỤ Ô TÔ BẢO THẮNG","0903677495
","3703336094
"
"CÔNG TY TNHH MT SOLUTIONS","0902852125
","3703336062
"
"CÔNG TY TNHH THƯƠNG MẠI TỔNG HỢP PHAN VŨ","0984770655
","3703336055
"
"CÔNG TY TNHH KHÁNH KHÔI ĐAN FOOD","0772528675
","3703336023
"
"CÔNG TY TNHH MỘT THÀNH VIÊN HOÀI THAO","0387033473
","3703336009
"
"CÔNG TY TNHH OMI SPA","0987010070
","3703335982
"
"CÔNG TY TNHH LUX PRO","0356388868
","370333650
"
"CÔNG TY TNHH XỬ LÝ MÔI TRƯỜNG TUẦN HOÀN XANH","0378361639
","3703336672
"
"CÔNG TY TNHH KIÊN PHÁP","0931441168
","3703336584
"
"CÔNG TY TNHH LỊCH SỬ VĂN HÓA HỒNG MÔN THẾ GIỚI","0986669216
","3703336577
"
"CÔNG TY TNHH THƯƠNG MẠI KIM SAO","0977212286
","3703336506
"
"CÔNG TY TNHH TNHH THƯƠNG MẠI DỊCH VỤ NỘI THẤT GIA LINH","0937037666
","3703336457
"
"CÔNG TY TNHH TMDV PHAN THỊ","0967111029
","3703336418
"
"CÔNG TY TNHH TM DV NGỌC ANH STORE","0938278999
","3703336400
"
"CÔNG TY TNHH KÍNH TÂN TIẾN THÀNH","0975073009
","3703336383
"
"CÔNG TY TNHH CLB THỂ THAO KIM LONG","0982253853
","3703336270
"
"CÔNG TY TNHH TM DV HÀ NĂNG","0858744442
","3703336143
"
"CÔNG TY TNHH DỊCH VỤ VÀ PHÁT TRIỂN HƯNG THỊNH PHÁT","0797678356
","3703336552
"
"CÔNG TY TNHH VINAORA HOSPITALITY FURNITURE","0902878762
","3703336513
"
"CÔNG TY TNHH ANZ REALTY","0902029982
","3703336471
"
"CÔNG TY TNHH MTV TMDV NÔNG SẢN LÊ NGỌC BD","0877804979
","3703336432
"
"CÔNG TY TNHH THUỐC THÚ Y KIM LIÊN","0862776686
","3703336376
"
"CÔNG TY TNHH MỘT THÀNH VIÊN XỬ LÝ NƯỚC THẢI VÀ THOÁT NƯỚC BIWASE","02743814081
","3703336150
"
"CÔNG TY TNHH SARANGBANG VINA","0777021878
","3703336802
"
"CÔNG TY TNHH NAM KIM NGÂN","0978262657
","3703336707
"
"CÔNG TY TNHH THƯƠNG MẠI VÀ ĐẦU TƯ TRỌNG KHÔI","0924680680
","3703336390
"
"CÔNG TY TNHH XÂY DỰNG KIẾN TRÚC - THƯƠNG MẠI - ĐẦU TƯ THÀNH THÁI BẢO","0896336031
","3703336087
"
"CÔNG TY TNHH DỊCH VỤ CÔNG NGHIỆP UNITED VIỆT NAM","0908074234
","3703335799
"
"CÔNG TY TNHH DV TM MINH TÂM","0834518894
","3703335767
"
"CÔNG TY TNHH ĐÀO TẠO VÀ TƯ VẤN DOANH NGHIỆP VNMAX VIỆT NAM","0358899679
","3703336425
"
"CÔNG TY TNHH THƯƠNG MẠI VẬT LIỆU XÂY DỰNG SAO VÀNG","0963598764
","3703336640
"
"CÔNG TY TNHH TMDV KIM LOẠI MÀU LOAN THẢO","0899239025
","3703336136
"
"CÔNG TY TNHH THƯƠNG MẠI DỊCH VỤ CƠM NIÊU BẾN CÁT","0918711999
","3703335781
"
"CÔNG TY TNHH CƠ KHÍ TỔNG HỢP HÙNG DŨNG PHÁT","097311216
","3703336619
"
"CÔNG TY TNHH XÂY DỰNG DỊCH VỤ VÀ THƯƠNG MẠI NGỌC LONG","0983700504
","3703336305
"
"CÔNG TY TNHH MỘT THÀNH VIÊN THƯƠNG MẠI NHƠN AN","0768966636
","3703336231
"
"CÔNG TY TNHH MỘT THÀNH VIÊN THƯƠNG MẠI ĐỨC TRUNG","0329696031
","3703336658
"
"CÔNG TY TNHH TỔNG HỢP HOÀNG YẾN II","0936148121
","3703336520
"
"CÔNG TY TNHH TÔN THÉP TĂNG HỒNG PHÚ","0911950369
","3703336464
"
,,
"CÔNG TY TNHH NGỌC BẢO PHÁT","0984323097
","3703336538
"
"CÔNG TY TNHH TM DV PHÚ KHANG VN","0859205637
","3703336496
"
"CÔNG TY TNHH PHƯỚC THUẬN SPICE","0977138844
","3703336489
"
"CÔNG TY TNHH CÔNG NGHIỆP BAO BÌ OU BAO VIỆT NAM (NTNN)","09420721
","3703336792
"
"CÔNG TY TNHH MARVELLTEK","0383285821
","3703336697
"
"CÔNG TY TNHH THƯƠNG MẠI XÂY DỰNG VẬN TẢI TRƯỜNG SƠN TP","0564804815
","3703335943
"
"CÔNG TY TNHH DỊCH VỤ SẢN XUẤT PHÓ LÝ","0911047375
","3703335911
"
"CÔNG TY TNHH VÂN LÂM TÙNG","0392431818
","3703335830
"
"CÔNG TY TNHH THƯƠNG MẠI BÁCH HÓA TỔNG HỢP TUẤN HÙNG","0389299140
","3703335816
"
"CÔNG TY TNHH TMDV THẢO PHÁT TTT","0876669340
","3703335742
"
"CÔNG TY TNHH SẢN XUẤT VIÊN NÉN GỖ HUY ANH KB59","0902457739
","3703335848
"
"CÔNG TY TNHH GARA Ô TÔ VẠN TÍN","0968194592
","3703336048
"
"CÔNG TY TNHH TM DV TỔNG HỢP THÁI BÌNH DƯƠNG","0867101009
","3703335929
"
"CÔNG TY TNHH CỬA HÀNG TIỆN LỢI AOCHI VIỆT NAM","0908068585
","3703336182
"
"CÔNG TY TNHH EMIVN","0908811633
","3703335975
"
"CÔNG TY TNHH KỲ PHONG VN","0919251394
","3703335968
"
"CÔNG TY TNHH TMDV TRỌNG TÍN PHÁT","0907341327
","3703335904
"
"CÔNG TY TNHH THƯƠNG MẠI SƠN NGUYỄN THIÊN PHÚC","0934285638
","3703335855
"
"CÔNG TY TNHH THƯƠNG MẠI DỊCH VỤ TỔNG HỢP LÊ QUANG","0943929599
","3703335661
"
"CÔNG TY TNHH XUẤT NHẬP KHẨU TÚ TOÀN PHÁT","0989351649
","3703335950
"
"CÔNG TY TNHH THƯƠNG MẠI DV THANH LAN","0941840904
","37033359364
"
"CÔNG TY TNHH THƯƠNG MẠI MỸ PHẨM HOÀNG KHẢI","0775487838
","3703336030
"
"CÔNG TY TNHH THƯƠNG MẠI DỊCH VỤ KIM THÀNH PHÁT PRO","0385882679
","3703336016
"
"CÔNG TY TNHH GỖ ƯU PHẨM VIỆT NAM","0989211713
","3703335679
"
"CÔNG TY TNHH ATN SOLUTIONS VIỆT NAM","0354599001
","3703335615
"
"CÔNG TY TNHH TMDV TRẦN HẰNG PHÁT ANH GO","0876669465
","3703334957
"
"CÔNG TY TNHH THƯƠNG MẠI DỊCH VỤ THU BẮC","0338864103
","3703335693
"
"CÔNG TY TNHH VẬT LIỆU BAO BÌ QUỐC ĐẰNG VIỆT NAM","0966248756
","3703335686
"
"CÔNG TY TNHH TMDV PHỤ TÙNG THIẾT BỊ MÁY MÓC BẢO QUỐC","0876669280
","3703335654
"
"CÔNG TY TNHH TMDV XNK THU PHƯỢNG HAPPY","0876669303
","3703335608
"
"CÔNG TY TNHH GK GIA KHANG","0898347046
","3703335598
"
"CÔNG TY TNHH TMDV VẬN TẢI OANH PHÁT CỪ KHÔI","0876669264
","3703335622
"
"CÔNG TY TNHH CÔNG TY TNHH MTV ĐÀO TẠO VÀ PHÁT TRIỂN KARATE PHÚ GIÁO","0352487584
","3703335862
"
"CÔNG TY TNHH TM VÀ DV TỔNG HỢP HÙNG NGUYỄN","0918777424
","3703334202
"
"CÔNG TY TNHH TRUSTLINK GLOBAL","0396811299
","3703335894
"
"CÔNG TY TNHH BẢO VỆ VỆ SỸ SEPER","0978120492
","3703335887
"
"CÔNG TY TNHH SẢN XUẤT THƯƠNG MẠI DỊCH VỤ HẢI GIA PHÁT","0977665825
","3703334594
"
"CÔNG TY TNHH DƯỢC PHẨM HÀ AN PHARMA","0963202659
","3703334442
"
"CÔNG TY TNHH TM VÀ DV HƯƠNG CHÍ","0327034663
","3703334393
"
"CÔNG TY TNHH MTV TMDV HOÀNG CƯỜNG PHÁT","0348858072
","3703334361
"
"CÔNG TY TNHH VOYA","0934164056
","3703334234
"
"CÔNG TY TNHH THƯƠNG MẠI XE NÂNG NĂNG LƯỢNG MỚI KHẢI NĂNG","0827370894
","3703335728
"
"CÔNG TY TNHH CÔNG NGHỆ CƠ ĐIỆN GRAINGER VIỆT NAM","0867563718
","3703335132
"
"CÔNG TY TNHH BÁCH HÓA YẾN CHI","0383599258
","3703335118
"
"CÔNG TY TNHH THƯƠNG MẠI DỊCH VỤ TỔNG HỢP QUỐC THẮNG","0902080706
","3703334996
"
"CÔNG TY TNHH TRÀ NGUYÊN CHẤT","0987390858
","3703334971
"
"CÔNG TY TNHH TIẾP VẬN QUỐC TẾ TESA","0394996370
","3703334890
"
"CÔNG TY TNHH QUẢN LÝ CHUỖI CUNG ỨNG QUỐC TẾ TENGHUY","0906672481
","3703334548
"
"CÔNG TY TNHH TM DV BẰNG HỮU","0784455588
","3703335005
"
"CÔNG TY TNHH TRÀ VÂN LÂM","0939324249
","3703335823
"
"CÔNG TY TNHH KHUÔN MẪU CHÍNH XÁC JU YUAN (VIỆT NAM)","0917582038
","3703335703
"
"CÔNG TY TNHH THƯƠNG MẠI DỊCH VỤ TRƯỜNG THIÊN PHÚC","0932134477
","3703335284
"
"CÔNG TY TNHH THƯƠNG MẠI DỊCH VỤ SAO VIỆT GREEN","0987213148
","3703335277
"
"CÔNG TY TNHH THƯƠNG MẠI DỊCH VỤ NGUYỄN KHƯƠNG","0949236998
","3703335252
"
"CÔNG TY TNHH QUỐC TẾ HAN XING","0987225104
","3703335245
"
"CÔNG TY TNHH SẮT THÉP MINH QUYẾT","0908460704
","3703335220
"
"CÔNG TY TNHH XÂY DỰNG RAN HOUSES","0989035277
","3703335213
"
"CÔNG TY TNHH DỊCH VỤ TƯ VẤN HỒNG SAN","0909208522
","3703335206
"
"CÔNG TY TNHH THƯƠNG MẠI LÊ KIM OANH","0972348917
","3703335196
"
"CÔNG TY TNHH XÂY DỰNG CƠ KHÍ DUY AN HƯNG","0798530356
","3703335044
"
"CÔNG TY TNHH BÁCH HÓA TỔNG HỢP MỸ HÒA","0919544839
","3703334964
"
"CÔNG TY TNHH SẢN XUẤT VÀ THƯƠNG MẠI THÀNH PHÁT TÀI","0797059356
","3703334668
"
"CÔNG TY TNHH THƯƠNG MẠI XNK BẢO TÀI","0796001880
","3703334604
"
"CÔNG TY TNHH LEGGETT & PLATT (BÀU BÀNG)","14173588131
","3703334562
"
"CÔNG TY CỔ PHẦN TREEWAY GLOBAL","0937150018
","3703334298
"
"CÔNG TY TNHH THƯƠNG MẠI DỊCH VỤ BẢO VỆ QUYẾT THẮNG","0981866616
","3703335340
"
"CÔNG TY TNHH THƯƠNG MẠI VÀ CÔNG NGHỆ HOA ĐẰNG","0873020008
","3703335125
"
"CÔNG TY TNHH THƯƠNG MẠI DỊCH VỤ SX DƯƠNG CHÍ","0562846685
","3703334932
"
"CÔNG TY TNHH TMDV QUẢNG CÁO VÀ TRUYỀN THÔNG HOA SAO SÁNG","0876669181
","3703334918
"
"CÔNG TY TNHH TMDV VẬN TẢI HÀNG HÓA NAM Á VIỆT","0876669254
","3703334900
"
"CÔNG TY TNHH TMDV KINH DOANH TỔNG HỢP ĐẶNG KIM","0904206544
","3703334883
"
"CÔNG TY TNHH VLXD VÀ SẮT THÉP HẢI THANH PHÁT SHIPPING","0876669190
","3703334812
"
"CÔNG TY TNHH THƯƠNG MẠI DỊCH VỤ HỒ THUỶ","0338661065
","3703334805
"
"CÔNG TY TNHH THƯƠNG MẠI DỊCH VỤ SX VĂN THẠNH","0562451840
","3703334788
"
"CÔNG TY TNHH PHÁT TRIỂN THƯƠNG MẠI AN PHÁT TƯỜNG TB","0792378184
","3703334763
"
"CÔNG TY TNHH MTV TM - DV VÀNG BẠC KIM PHÁT ĐẠT","0377544394
","3703334731
"
"CÔNG TY TNHH THƯƠNG MẠI DỊCH VỤ HỢP THUẬN LỢI","0776651041
","3703334643
"
"CÔNG TY TNHH THƯƠNG MẠI DỊCH VỤ HỒ THÀNH KHINH","0338456870
","370333461
"
"CÔNG TY TNHH TMDV MÁY MÓC MAI TUYẾT LHH","0876669314
","3703334587
"
"CÔNG TY TNHH ĐÓNG GÓI E-RON VIỆT NAM","0985920518
","3703334555
"
"CÔNG TY TNHH THƯƠNG MẠI MTV KIM THANH BD","0792855796
","3703334523
"
"CÔNG TY TNHH TMDV TÀI TRÍ LONG","0917056343
","3703334516
"
"CÔNG TY TNHH VIỆT TÍN TRƯƠNG","0366134801
","3703334499
"
"CÔNG TY TNHH DỊCH VỤ THƯƠNG MẠI DỊCH VỤ HUYỀN THU SDV","0798094069
","3703334467
"
"CÔNG TY TNHH SX TM THƯƠNG THỊNH PHƯỚC","0372373474
","3703334435
"
"CÔNG TY TNHH ĐẦU TƯ THUONG MẠI DỊCH VỤ NTP","0965000041
","3703334354
"
"CÔNG TY TNHH THƯƠNG MẠI PHÂN BÓN MIỀN NAM","0944063447
","3703334347
"
"CÔNG TY TNHH DƯỢC PHẨM NGỌC MINH ANH","0365639160
","3703334322
"
"CÔNG TY TNHH THUẬN THÀNH TÂN","0707108019
","3703334273
"
"CÔNG TY TNHH MINH HIẾU NGHĨA","0703139020
","3703334266
"
"CÔNG TY TNHH GỖ CÔNG NGHIỆP MỘC ANH PHÁT","0357350567
","3703334925
"
"CÔNG TY TNHH SP NHỰA PHÚC NGỌC LÂM","0332878993
","3703334876
"
"CÔNG TY TNHH THƯƠNG MẠI DỊCH VỤ VÀ SỰ KIỆN DU LỊCH ĐẠI DƯƠNG","0908699168
","3703334869
"
"CÔNG TY TNHH HƯƠNG VŨ TRANG","0967839753
","3703334851
"
"CÔNG TY TNHH TM XNK NÔNG SẢN BÌNH DƯƠNG","0855585523
","3703334844
"
"CÔNG TY TNHH THƯƠNG MẠI DỊCH VỤ VN BÌNH DƯƠNG","0945825526
","3703334795
"
"CÔNG TY TNHH CƠ ĐIỆN PCCC BIỂN ĐÔNG DƯƠNG","0978039114
","3703334770
"
"CÔNG TY TNHH NÔNG NGHIỆP CÔNG NGHỆ CAO HYDRO GEN","0865775456
","3703334756
"
"CÔNG TY TNHH GAS PACIFIC BÌNH DƯƠNG","0972567029
","3703334675
"
"CÔNG TY TNHH TM - DV QUẢNG CÁO HOÀNG PHÚC","0868962924
","3703334636
"
"CÔNG TY TNHH PHÁT TRIỂN TRÍ TUỆ 4KIDS","0983845921
","3703334481
"
"CÔNG TY TNHH THƯƠNG MẠI KỸ THUẬT SONG PHƯƠNG","0352256529
","3703334474
"
"CÔNG TY TNHH GỖ HOA MẬU","0906718178
","3703334428
"
"CÔNG TY TNHH GLOBAL BUILDTECH","0946271137
","3703334410
"
"CÔNG TY TNHH ĐÀM HẢI HÒA","0971302144
","3703334403
"
"CÔNG TY TNHH CAO SU THÀNH LỢI","0899778101
","3703334386
"
"CÔNG TY TNHH L. GREAT BEAR VIỆT NAM","0388348236
","3703334379
"
"CÔNG TY TNHH MẬU DỊCH BẰNG TRÌNH","0964426981
","3703334308
"
"CÔNG TY TNHH XNK HOÀNG KIM GROUP","036216809
","3703334280
"
"CÔNG TY TNHH TÍN TRUNG LINH","0926012017
","3703334241
"
"CÔNG TY TNHH LABORATEIRES MAYOLY SEINDLER","0765596536
","3703334227
"
"CÔNG TY TNHH CÔNG NGHỆ LIAN YOU","02836222837
","3703334509
"
"CÔNG TY TNHH THƯƠNG MẠI ĐẦU TƯ DỊCH VỤ ĐỨC MỸ","09633314585
","3703335735
"
"CÔNG TY TNHH MTV LỘC GROUP","0869779978
","3703335534
"
"CÔNG TY TNHH MTV SONGKI","0907568740
","3703335460
"
"CÔNG TY TNHH TM DV ĐẠI SƠN","0985553557
","3703335439
"
"CÔNG TY TNHH UNIFIRE VIỆT NAM","0902000210
","3703335372
"
"DOANH NGHIỆP TƯ NHÂN THỊNH PHÚ MẠNH","0908417796
","3703335164
"
"CÔNG TY TNHH THƯƠNG MẠI TỔNG HỢP VĂN PHƯƠNG","098201676
","3703334837
"
"CÔNG TY TNHH MỘT THÀNH VIÊN THƯƠNG MẠI DỊCH VỤ QUỲNH TRANG","0929488567
","3703334724
"
"CÔNG TY CỔ PHẦN CƠ ĐIỆN AMEC","0985607681
","3703334629
"
"CÔNG TY TNHH MTV THƯƠNG MẠI THUẬN NGUYỄN","0785674799
","3703335083
"
"CÔNG TY TNHH NOVA MAGIC PHOTO","0899157541
","3703335076
"
"CÔNG TY TNHH VIỆT HOA BÌNH DƯƠNG","0931258618
","3703334058
"
"CÔNG TY TNHH MTV ME VA BE KIDS","0767549269
","3703334040
"
"CÔNG TY TNHH QUÁN NO5","0886888861
","3703335051
"
"CÔNG TY TNHH TỔNG HỢP TRẦN PHONG GROUP","0398589387
","3703334097
"
"CÔNG TY TNHH TM DV VẬN TẢI BT LOGICTIC","0948434446
","3703334072
"
"CÔNG TY TNHH CÔNG NGHỆ ANH HOA","0789397918
","3703334065
"
"CÔNG TY CỔ PHẦN ĐẦU TƯ THĂNG LONG VINA","0983188566
","3703335710
"
"CÔNG TY TNHH XÂY DỰNG & NĂNG LƯỢNG XANH HẢI ÂU","0937405699
","3703335446
"
"CÔNG TY TNHH DỊCH VỤ BĐS AN PHÁT LAND","0902746467
","3703335414
"
"CÔNG TY TNHH TƯ VẤN THIẾT KẾ XÂY DỰNG THƯƠNG MẠI PHÚ CƯỜNG","0333339339
","3703335326
"
"CÔNG TY TNHH THƯƠNG MẠI DỊCH VỤ DƯƠNG CHÂU LOAN BD","0903714993
","3703335319
"
"CÔNG TY TNHH KCK BÌNH DƯƠNG 2","0984663763
","3703335238
"
"CÔNG TY TNHH MTV THƯƠNG MẠI SỮA QUANG MINH","0937353989
","3703335171
"
"VĂN PHÒNG ĐẠI DIỆN KYUSHU MITSUBISHI MOTORS SALES CO., LTD. TẠI VIỆT NAM",,"3703335157
"
"CÔNG TY TNHH CÔNG NGHỆ VÀ PHÁT TRIỂN LONG TIẾN","0799177359
","3703335090
"
"CÔNG TY TNHH CÔNG NGHỆ CHÍNH XÁC HẰNG THÁI VIỆT NAM","0329164099
","3703335012
"
"CÔNG TY TNHH PHAN ĐOÀN LONG","0346824524
","3703334530
"
"CÔNG TY TNHH THƯƠNG MẠI DỊCH VỤ PHONG VŨ HIỆP","0797431356
","3703334315
"
"CÔNG TY TNHH BLUE & GREEN VIỆT NAM (NỘP HỘ NTNN)","821052025236
","3703334192
"
"CÔNG TY TNHH BROVAC TECHNOLOGY (VIỆT NAM) (NỘP HỘ NTNN)","0862078581
","3703334185
"
"CÔNG TY TNHH ĐẦU TƯ XÂY DỰNG XUẤT NHẬP KHẨU QUANG PHÁT","0967094940
","3703334178
"
"CÔNG TY TNHH SUA MẸ VÀ BÉ","0707594409
","3703334153
"
"CÔNG TY TNHH NGỌC QUANG MEDIA","0931163974
","3703334146
"
"CÔNG TY CỔ PHẦN THƯƠNG MẠI DỊCH VỤ VẬN TẢI TPK","0933011339
","3703334121
"
"CÔNG TY TNHH THƯƠNG MẠI DỊCH VỤ TỔNG HỢP HẢI HÀ","0918970610
","3703334114
"
"CÔNG TY TNHH QUẢNG ĐÔNG QUÁN","0829133766
","3703334107
"
"CÔNG TY TNHH KÉO DÂY THÉP THIÊN HỒNG","0383464903
","3703334001
"
"CÔNG TY TNHH SẢN XUẤT MAY MẶC ECOTEX VIỆT NAM","0972735798
","3703335647
"
"CÔNG TY TNHH MỘT THÀNH VIÊN THƯƠNG MẠI NGUYỆN THÀNH ĐẠT","0918448301
","3703335527
"
"CÔNG TY TNHH QUẢNG CÁO H.A VẠN PHÚC","0902580542
","3703335502
"
"CÔNG TY TNHH ĐẠT PHÁT MINH","0899301271
","3703335421
"
"CÔNG TY TNHH MỘT THÀNH VIÊN NỘI THẤT TRÍ NHÂN","0766666775
","3703335333
"
"CÔNG TY TNHH CUNG ỨNG DV TRỊNH TÀI EXPRESS","0345860729
","3703335301
"
"CÔNG TY TNHH NHỰT HỒNG NGỌC","0944049579
","3703335201
"
"CÔNG TY TNHH THƯƠNG MẠI DỊCH VỤ VÀ KỸ THUẬT ĐIỆN CƠ CHÍ PHONG","0869406853
","3703335189
"
"CÔNG TY TNHH GỖ THIÊN ĐẠT","0328853037
","3703335100
"
"CÔNG TY TNHH MỘT THÀNH VIÊN MỸ PHẨM HÀ ANH","0385488688
","3703335069
"
"CÔNG TY TNHH VẬT LIỆU XÂY DỰNG PHÁT TẤN PHÁT","0979001139
","3703335037
"
"CÔNG TY TNHH USU TECH VIỆT NAM","0328755139
","3703334989
"
"CÔNG TY TNHH KIM LOẠI JIN HONG","0973273035
","3703335580
"
"CÔNG TY TNHH ĐẦU TƯ THƯƠNG MẠI DV NAM HY","0917056343
","3703335566
"
"CÔNG TY TNHH THƯƠNG MẠI - DỊCH VỤ NGUYÊN LẬP PHÁT","0369307291
","3703335541
"
"CÔNG TY TNHH VENUS MANUFACTURING","0981007167
","3703335492
"
"CÔNG TY TNHH TMDV PHỤ TÙNG THIẾT BỊ MÁY MÓC KHÁNH THỊNH PHÁT","0906847951
","3703335485
"
"CÔNG TY TNHH THIẾT BỊ BẢO VỆ MÔI TRƯỜNG VŨ HẰNG","0332735612
","3703335478
"
"CÔNG TY TNHH CƠ ĐIỆN QIAN YI","091170792809891030
","3703335453
"
"CÔNG TY TNHH HOA NGỮ - TIN HỌC NGỌC THỦY","0989769422
","3703335397
"
"CÔNG TY TNHH DV TM XNK DƯƠNG LIÊM","0934395274
","37033353465
"
"CÔNG TY TNHH BÁCH HÓA TỔNG HỢP MỸ VẠN","0911047375
","3703335358
"
"CÔNG TY TNHH THƯƠNG MẠI DỊCH VỤ HÌNH THIÊN TÀI","0936928016
","3703334682
"
"CÔNG TY TNHH TMDV GỖ VÀ TRANG TRÍ NỘI THẤT DUNG PHÁT","0818326741
","3703335559
"
"CÔNG TY TNHH DỊCH VỤ ĂN UỐNG HƯƠNG VỊ VIỆT NAM","0987237627
","3703335573
"
"CÔNG TY TNHH TMDV THIẾT BỊ LÊ THÀNH NGUYÊN","0357227921
","3703335407
"
"CÔNG TY TNHH TMDV QUẢNG CÁO VÀ TRUYỀN THÔNG KIMCUONG","0843040187
","3703334026
"
"CÔNG TY TNHH HOÀNG KIM CẢNH","0971421320
","3703334749
"
"CÔNG TY TNHH HOÀNG HẢI PHI","0862844774
","3703334717
"
"CÔNG TY TNHH TMDV CHÂU THỊNH","0987359969
","3703334650
"
"CÔNG TY TNHH TÂN PHONG PHÚ","0936339439
","3703334033
"
"CÔNG TY TNHH TM-SX-KT CƠ KHÍ TMT","0986163764
","3703333985
"
"CÔNG TY TNHH NHÀ MÁY NƯỚC ĐÁ BÌNH HÒA","0962455332
","3703334259
"
"CÔNG TY TNHH TM DV KIM LOẠI MÀU TUẤN ANH","0901626641
","3703333978
"
"CÔNG TY TNHH MTV TM DV TÂN ĐẠT","0565339773
","3703333939
"
"CÔNG TY TNHH LAN PHÁT","0815486331
","3703333858
"
"CÔNG TY TNHH TÙNG NGỌC PHÁT","0868126207
","3703333801
"
"CÔNG TY TNHH DỊCH VỤ VÀ THƯƠNG MẠI GIA HƯNG PHÁT VIỆT NAM","0372021979
","3703333706
"
"CÔNG TY TNHH TM DV KIM LOẠI MÀU KIM THƯ","0703207618
","3703334019
"
"CÔNG TY TNHH MTV CK BÁCH KHOA VN","0775760531
","3703333914
"
"CÔNG TY TNHH MTV HD MINH QUÂN","0775399814
","3703333907
"
"CÔNG TY TNHH TMDV HÀNG HOÁ ĐẲNG HÒA","0936928016
","3703333865
"
"CÔNG TY TNHH TOÀN MINH THIỆN","0772018346
","3703333840
"
"CÔNG TY TNHH TMDV & SX TUYẾT LÝ","0904206544
","3703333191
"
"CÔNG TY TNHH MTV TM DV MẶT TRỜI MỌC","0388186760
","3703333671
"
"CÔNG TY TNHH ĐTPT HỒ NHẬT","0348219337
","3703333657
"
"CÔNG TY TNHH PALLET HÔNG THẮM","0379946926
","3703333632
"
"CÔNG TY TNHH TMDV DU LỊCH DV HOTEL","05861559032
","3703333696
"
"CÔNG TY TNHH GIÀY HUỲNH NGUYỄN","0936867949
","3703333664
"
"CÔNG TY TNHH TM DV SX TRẦN GIA PHÁT","0325112733
","3703334160
"
"CÔNG TY TNHH TM- DV- KT ĐIỆN LONG PHÁT","0899344866
","3703334139
"
"CÔNG TY TNHH TMDV QUẢNG CÁO DANH MAI","0812411096
","3703333992
"
"CÔNG TY TNHH IVY YAMATO PAINT","0903126266
","3703333960
"
"CÔNG TY TNHH MTV THƯƠNG MẠI DỊCH VỤ TRUNG THẢO","0972903286
","3703333953
"
"CÔNG TY TNHH TMDV ĐA NĂNG ÚT NGUYỄN VTT VN","0898587301
","3703333946
"
"CÔNG TY TNHH TMDV THIẾT BỊ ĐIỆN VÀ VIỄN THÔNG TỐ ANH","0818718556
","3703333921
"
"CÔNG TY TNHH THƯƠNG MẠI DỊCH VỤ THU HƯƠNG VN","0564297214
","3703333872
"
"CÔNG TY TNHH SX VÀ CHẾ BIẾN GỖ LƯU GIA","0848124480
","3703333833
"
,,
"CÔNG TY TNHH THƯƠNG MẠI DỊCH VỤ XUẤT NHẬP KHẨU BOYI VIỆT NAM","0984640357
","3703333819
"
"CÔNG TY TNHH MỘT THÀNH VIÊN TƯỜNG ANH","0915722006
","3703333784
"
"CÔNG TY TNHH NHA KHOA SÀI GÒN BẾN THÀNH","0376926666
","3703333777
"
"CÔNG TY TNHH TMDV MÁY MÓC MAI TUYẾT ĐẠT","0911916951
","3703333752
"
"CÔNG TY TNHH THƯƠNG MẠI DỊCH VỤ HOÀI QUYẾT","0564332803
","3703333745
"
"CÔNG TY TNHH INOX-LATOKI","0378131778
","3703333625
"
"CÔNG TY TNHH THƯƠNG MẠI DỊCH VỤ VẬN TẢI NGUYÊN CHÍNH","0906648648
","3703333618
"
"CÔNG TY TNHH TM DV HẢI LOAN","0989604339
","3703333897
"
"CÔNG TY TNHH SX TM ĐỒNG THẠC","0902636052
","3703333738
"
"CÔNG TY TNHH VẬN TẢI THƯƠNG MẠI DỊCH VỤ PHÚ THỊNH","0946058634
","3703333720
"
"CÔNG TY TNHH SXTM XNK THUẬN AN","0845671528
","3703333713
"
"CÔNG TY TNHH SUẤT ĂN CN T&T","0868169838
","3703333689
"
"CÔNG TY TNHH THƯƠNG MẠI DỊCH VỤ NỘI THẤT ANH HIỂN","0975099498
","3703333600
"
"CÔNG TY TNHH TM DV HUỲNH GIA PHÚC","0585455121
","3703333590
"
"CÔNG TY TNHH THƯƠNG MẠI DỊCH VỤ TỔNG HỢP KHÁNH ĐAN","0974201147
","3703332780
"
"CÔNG TY TNHH NHỰA SẢN PHẨM MINGZHI VIETNAM (NỘP HỘ NTNN)","0917860249
","3703333583
"
"CÔNG TY TNHH XUẤT NHẬP KHẨU QUỐC TẾ TLD VIETNAM","0966676832
","3703333569
"
"CÔNG TY TNHH ĐIỆN TỬ TÚ CÔNG ELECTRONICS","0876668570
","3703333551
"
"CÔNG TY TNHH MTV TM DV HOÀNG THỊNH","0961792179
","3703333512
"
"CÔNG TY TNHH TMDV VIỆT HỒNG PHÁT INK","0941708533
","3703333495
"
"CÔNG TY TNHH THƯƠNG MẠI DỊCH VỤ DẦU NHỚT HOÀNG KIM","0941522135
","3703333488
"
,,
"CÔNG TY TNHH VLXD VÀ SẮT THÉP TRẦN HẰNG","0835934209
","3703333456
"
"CÔNG TY TNHH KẾ GIA PHÁT","0703176268
","3703333449
"
"CÔNG TY TNHH ĐẦU TƯ TM DV TẤN DŨNG NGUYỄN","0898336065
","3703333431
"
"CÔNG TY TNHH GLOBAL PHƯỚC VIỆT VN","0932587451
","3703333424
"
"CÔNG TY TNHH TM DV HUỲNH LƯU","0899334988
","3703333417
"
"CÔNG TY TNHH THƯƠNG MẠI DỊCH VỤ HỒ ANH MART","0837828387
","3703333382
"
"CÔNG TY CỔ PHẦN ĐẦU TƯ PHÁT TRIỂN HOÀNG CUNG THƯỢNG DƯỢC","0922677879
","3703333375
"
"CÔNG TY TNHH THỰC PHẨM SÁNG VIỆT (VIỆT NAM)","0397979294
","37033333468
"
"CÔNG TY TNHH VLXD VÀ SẮT THÉP HẢI THANH GIA","0564297214
","3703333350
"
"CÔNG TY TNHH THƯƠNG MẠI DV VISION VIỆT","0942584635
","3703333343
"
"CÔNG TY TNHH SX TM TÂN NGÂN PHÁT","0937902408
","37033333346
"
"CÔNG TY TNHH TMDV VPP PHẠM OANH","0819515337
","3703333329
"
"CÔNG TY TNHH THƯƠNG MẠI DỊCH VỤ ĐỨC MINH VN","0877874829
","3703333311
"
"CÔNG TY TNHH TMDV KIM THỊ VN VPP","0926118575
","3703333304
"
"CÔNG TY CỔ PHẦN TM&DV TRẦN TUẤN TTT BLING","0797846532
","3703333294
"
"CÔNG TY TNHH THƯƠNG MẠI VÀ IN ẤN NGỌC BÍCH","0392351679
","3703333287
"
"CÔNG TY TNHH XÂY LẮP TH HOÀNG PHÁT","0986137998
","3703333262
"
"CÔNG TY TNHH MỘT THÀNH VIÊN HIẾU TIẾN PHÁT","0977264959
","3703333255
"
"DOANH NGHIỆP TƯ NHÂN TM SẢN XUẤT TẤN ĐẠI PHÁT","0377100213
","3703333248
"
"CÔNG TY TNHH DV WNMART VN","0898768895
","3703333230
"
"CÔNG TY TNHH PHÁT TRIỂN DỊCH VỤ CUNG CẤP THIẾT BỊ CENTER CITY","0944779388
","3703333223
"
"CÔNG TY TNHH TM NĂM TRƯỜNG","0917539779
","3703333181
"
"CÔNG TY TNHH CÔNG NGHỆ KEYUN VIỆT NAM","0963703106
","3703333135
"
"CÔNG TY TNHH NGŨ CỐC JAVAN","0906505401
","3703333103
"
"CÔNG TY TNHH TM DV MAI THANH DUY","0356036116
","3703333093
"
"CÔNG TY TNHH THỰC PHẨM TUỆ AN AN","0335136072
","3703333086
"
"CÔNG TY TNHH SẢN XUẤT THƯƠNG MẠI DỊCH VỤ SUMI","0826894886
","3703330670
"
"CÔNG TY TNHH XUẤT NHẬP KHẨU EPS VIỆT NAM","0935867199
","3703333576
"
"CÔNG TY TNHH DỊCH VỤ THƯƠNG MẠI MỘC HƯNG PHÁT","0985160818
","3703333544
"
"CÔNG TY CỔ PHẦN CÔNG NGHỆ ĐẠI NAM PHÁT VN","0938311303
","3703333537
"
"CÔNG TY TNHH STARLINK TECH VIỆT NAM","0878687397
","3703333505
"
"CÔNG TY TNHH MỘT THÀNH VIÊN THIẾT KẾ VÀ QUẢNG CÁO TUỆ MẪN","093346631
","3703333470
"
"CÔNG TY TNHH THƯƠNG MẠI DỊCH VỤ XNK NHẤT VIỆT GRASS VIỆT NAM","0918551982
","3703333216
"
"CÔNG TY TNHH SỦI CẢO TỤ PHÚC","0383060819
","3703333209
"
"CÔNG TY TNHH CÔNG NGHỆ ĐIỆN LỰC KAIXIN","0919918342
","37033332199
"
"CÔNG TY TNHH MTV TM DV TUẤN TIÊN TÀI","0879888878
","3703333174
"
"CÔNG TY TNHH KỸ THUẬT TRANG TRÍ XÂY DỰNG AN GIA","0933700838
","3703333167
"
"CÔNG TY TNHH THƯƠNG MẠI VẬT LIỆU XÂY DỰNG MỘC VẠN THỊNH","0903667750
","3703333142
"
"CÔNG TY TNHH SẢN XUẤT TMDV THANH NGÂN","0913161631
","3703332854
"
"CÔNG TY TNHH GT VIETNAM","0942027217
","3703332847
"
"CÔNG TY TNHH GREENING TECHNOLOGY","0982552096
","3703332815
"
"CÔNG TY TNHH THIẾT BỊ VÀ DỊCH VỤ MÔI TRƯỜNG ETH","0972540979
","3703332808
"
"CÔNG TY TNHH LỐP XE BIÊN THUỲ","0972801236
","3703332798
"
"CÔNG TY TNHH MTV HỒNG PHÚC ĐỨC PHARMA","0985947656
","3703332766
"
"CÔNG TY TNHH THƯƠNG MẠI DỊCH VỤ YUELONG VIỆT NAM","0969946841
","3703332759
"
"CÔNG TY TNHH KINH DOANH SẮT THÉP KIỀU THẢO","0856385853
","3703332741
"
"CÔNG TY TNHH MTV THƯƠNG MẠI DỊCH VỤ TÂN HIỆP","0328207975
","3703332734
"
"CÔNG TY TNHH TMDV GỖ VÀ TRANG TRÍ NỘI THẤT NINH GIA","0817067649
","3703332727
"
"CÔNG TY TNHH THƯƠNG MẠI VISON VIỆT NAM","0977277977
","3703332685
"
"CÔNG TY TNHH TM&DV VĂN LỊCH GO","0926118556
","3703332678
"
"CÔNG TY TNHH TMDV THIẾT BỊ ĐIỆN GIANG THẢO","0826857959
","3703332660
"
"CÔNG TY TNHH THU GOM PHẾ LIỆU SẮT THÉP TÙNG PHÁT","0815443428
","3703332653
"
"CÔNG TY TNHH TM&DV VĂN HIẾU VN","0926118555
","3703332646
"
"CÔNG TY TNHH TMDV IN ẤN VPP AN GIA PHÁT","0827641326
","3703332639
"
"CÔNG TY TNHH ĐẦU TƯ THƯƠNG MẠI BẢO PHƯƠNG THỊNH","0585891263
","3703332621
"
"CÔNG TY TNHH SUCCESS VIỆT TRADE","0982547821
","3703332614
"
"CÔNG TY TNHH THƯƠNG MẠI SẢN XUẤT XUẤT NHẬP KHẨU NAM PHONG PHÁT","0981292901
","3703333079
"
"CÔNG TY TNHH MỘT THÀNH VIÊN VÁN ÉP MINH KHANG","0933866519
","3703333061
"
"CÔNG TY TNHH MTV TÂM THIỆN TRÍ","0962235024
","3703333047
"
"CÔNG TY TNHH TM DV HỒNG DUYÊN PHAN","0896019117
","3703333022
"
"CÔNG TY TNHH TM DV THIÊN MINH LONG","0964658123
","3703333015
"
"CÔNG TY TNHH ẮC QUY ĐĂNG KHOA","0364297122
","3703333008
"
"CÔNG TY TNHH SẢN PHẨM MỸ NGHỆ HỐI TRANH","033899089
","3703332981
"
"CÔNG TY TNHH KHUÔN TRƯỜNG SINH","0353167133
","3703332974
"
"CÔNG TY TNHH QUẢ BÓNG VÀNG TƯƠNG LAI","0564238578
","3703332967
"
"CÔNG TY TNHH THƯƠNG MẠI ERGO","0964091924
","3703332903
"
"CÔNG TY TNHH TMDV MAI PHÁT VN","0996835415
","3703332893
"
"CÔNG TY TNHH THƯƠNG MẠI DỊCH VỤ PHÁT THIÊN LÂM","0901865865
","3703332886
"
"CÔNG TY TNHH THƯƠNG MẠI THỰC PHẨM PHƯƠNG ANH","0972889571
","3703332879
"
"CÔNG TY TNHH CƠ KHÍ CHÍNH XÁC TƯỜNG LONG","0984906032
","3703332861
"
"CÔNG TY TNHH VIỄN THÔNG HOÀNG PHONG","0349866658
","3703332607
"
"CÔNG TY TNHH ĐẦU TƯ THƯƠNG MẠI ĐẠI ANH THỊNH PHÁT","0583409258
","3703332597
"
"CÔNG TY TNHH TMDV VẬN CHUYỂN QUỐC TẾ KIỀU ANH MOTION","0876669303
","3703332572
"
"CÔNG TY TNHH MTV KỲ PHONG","0938063691
","3703332565
"
"CÔNG TY TNHH SX TM DV GIA CÔNG CƠ KHÍ KIM MỘC DECOR","0909290475
","3703332558
"
"CÔNG TY TNHH THƯƠNG MẠI DỊCH VỤ BÁNH KẸO TRÂM ANH","0902447817
","3703332540
"
"CÔNG TY TNHH TMDV IN ẤN VPP NGỌC BÍCH","0844778766
","3703332533
"
"CÔNG TY TNHH TMDV VÀ THIẾT BỊ ĐIỆN VÀ MÁY MÓC PHƯỢNG PHÁT GIA","084611505
","3703332526
"
"CÔNG TY TNHH THƯƠNG MẠI VÀ DỊCH VỤ TIN HỌC PHOM AITS","0363231095
","3703332519
"
"CÔNG TY TNHH THƯƠNG MẠI SẢN XUẤT XÂY DỰNG THANH TRUNG","0988973208
","3703332501
"
"CÔNG TY TNHH TRƯỜNG HIẾU 3T","0972113786
","370333249
"
"CÔNG TY TNHH THƯƠNG MẠI DV HUY TIẾN","0919698089
","3703332484
"
"CÔNG TY TNHH BÁCH HOÁ TÙNG ĐẠT","0976664764
","3703332477
"
"CÔNG TY TNHH TM VÀ DV HỢP THỊNH BÌNH DƯƠNG","0838201009
","3703332452
"
"CÔNG TY TNHH THƯƠNG MẠI OANH QUÂN","0764998969
","3703332445
"
"CÔNG TY TNHH TMDV XNK THU PHƯỢNG PHÁT VN","0564332803
","3703332438
"
"CÔNG TY TNHH PLP LOGISTICS","02746289828
","3703332420
"
"CÔNG TY TNHH XÂY DỰNG THẮNG TIẾN PHÁT","0976014061
","3703332406
"
"CÔNG TY TNHH THƯƠNG MẠI PHÂN PHỐI MỘC LAN","09336704680333803
","3703332396
"
"CÔNG TY TNHH MỘT THÀNH VIÊN THƯƠNG MẠI XUẤT NHẬP KHẨU HỒNG PHÚC TỚI","0988890855
","3703332389
"
"CÔNG TY TNHH TỔNG HỢP NHẤT TIẾN","0987396277
","3703332371
"
"CÔNG TY TNHH HIẾU NGHĨA PHÁT AUTO SERVICE","0979258318
","3703332364
"
"CÔNG TY TNHH MTV THƯƠNG MẠI PHƯỚC LỘC PHÁT","0933494665
","3703332357
"
"CÔNG TY TNHH CÔNG NGHIỆP BANGNI (VIỆT NAM)","0395582841
","3703332318
"
"CÔNG TY TNHH TM DV THÔNG HÀ","0896317661
","3703332300
"
"CÔNG TY TNHH MTV THƯƠNG MẠI DỊCH VỤ XÂY DỰNG NGỌC PHÁT","0906875975
","3703333054
"
"CÔNG TY TNHH NÔNG NGHIỆP KIM THẢO","0903609053
","3703332702
"
"CÔNG TY TNHH QUẢNG CÁO HƯNG HIỆP","0933362233
","3703332692
"
"CÔNG TY TNHH TM&DV XUÂN HẢO GROUP","0926118575
","3703332413
"
"CÔNG TY TNHH NHA KHOA PHƯƠNG NAM BÌNH DƯƠNG","0846529999
","3703333128
"
"CÔNG TY TNHH TM DV TỔNG HỢP TÂN HỮU NGHỊ","0975333328
","3703333110
"
"CÔNG TY TNHH MTV SHITEK BÌNH DƯƠNG","0765626762
","3703332999
"
"CÔNG TY TNHH HIẾU THẢO BÌNH DƯƠNG","0945192364
","3703332942
"
"CÔNG TY TNHH MỘT THÀNH VIÊN NVT VIỆT NAM","0909929586
","3703332935
"
"CÔNG TY TNHH NGOẠI NGỮ QUỐC TẾ I MAC 2","0906973517
","3703332928
"
"CÔNG TY TNHH TM DV YOOYUE","0975102494
","3703332910
"
"CÔNG TY TNHH THIẾT KẾ CẢNH QUAN GREEN HOUSE","0908289889
","3703332822
"
"CÔNG TY TNHH NEW SOUTH","0866139280
","3703332773
"
"CÔNG TY TNHH THƯƠNG MẠI DỊCH VỤ KIỆT KHOA","0974676090
","3703332332
"
"CÔNG TY TNHH GỖ QUỐC DŨNG","0917049289
","3703332325
"
"CÔNG TY TNHH TMDV XÂY DỰNG TOÀN MỸ","0913912183
","3703332082
"
"CÔNG TY TNHH THƯƠNG MẠI XUẤT NHẬP KHẨU YẾN THIÊN","0946441491
","3703332212
"
"CÔNG TY TNHH XÂY DỰNG ĐẦU TƯ THƯƠNG MẠI VÀ PHÁT TRIỂN THIÊN PHÁT","0932810648
","3703332043
"
"CÔNG TY TNHH THƯƠNG MẠI JUNDA","0975461370
","3703332251
"
"CÔNG TY TNHH TM - DV - CƠ KHÍ LONG TÍN PHÁT","0903064146
","3703332290
"
"CÔNG TY TNHH MTV HOÀNG LAN PHÁT","0917003510
","3703332283
"
"CÔNG TY TNHH DỊCH VỤ PHÁT ĐẠT TM","0964258979
","3703332276
"
"CÔNG TY TNHH MTV XÂY DỰNG PHƯƠNG LÂM","0337989399
","3703332269
"
"CÔNG TY TNHH TÂN LỘC PHÁT CONSTRUCTION","0934933115
","3703332244
"
"CÔNG TY TNHH DỆT MAY NGÂN TÂM","0835580248
","3703332237
"
"CÔNG TY TNHH TMDV GỖ VÀ TRANG TRÍ NỘI THẤT NGUYỄN HƯNG","0827472388
","3703332205
"
"CÔNG TY TNHH ĐẦU TƯ THƯƠNG MẠI PHÚ HỶ THỊNH PHÁT","0582627573
","3703332195
"
"CÔNG TY TNHH ONLINE AURIZON","0856305222
","3703332188
"
"CÔNG TY TNHH XÂY DỰNG KIM TUYẾN VN","0899006820
","3703332170
"
"CÔNG TY TNHH XÂY DỰNG KIM CHI CONSTRUCTION","0876669181
","3703332163
"
"CÔNG TY TNHH TMDV VẬN CHUYỂN HOÀNG ANH SHIPPING","0879176870
","3703332156
"
"CÔNG TY TNHH XNK PHƯỚC AN LOGISTICS","0967294166
","3703332149
"
"CÔNG TY TNHH SẢN XUẤT THƯƠNG MẠI DỊCH VỤ XÂY DỰNG QUYẾT THẮNG VIỆT NAM","0985814407
","3703332131
"
"CÔNG TY TNHH IN ẤN BAO BÌ DDW VIỆT NAM","0332737911
","3703332124
"
"CÔNG TY TNHH NHÀ HÀNG KARAOKE DOLLAR","0334071989
","3703332117
"
"CÔNG TY TNHH TMDV BẢO QUỐC LHH","0876669280
","3703332075
"
"CÔNG TY TNHH DỊCH VỤ THƯƠNG MẠI QUÁN LÂM","0354259311
","3703332068
"
"CÔNG TY TNHH XÂY DỰNG MAI XUÂN CHÍN","0898581491
","3703332050
"
"CÔNG TY TNHH PIDECOR VIỆT NAM","0902882167
","3703332036
"
"CÔNG TY TNHH QUẾ DƯƠNG","02743639242
","3703332029
"
"CÔNG TY CỔ PHẦN THƯƠNG MẠI DỊCH VỤ PHƯỚC THỊNH VN","0772126873
","3703332011
"
"CÔNG TY TNHH MỘT THÀNH VIÊN VÀNG BẠC ĐÁ QUÝ HỒNG CHIẾN","09032013090
","3703332004
"
"CÔNG TY TNHH SX - TM TRƯỜNG PHÁT VIỆT","0917202399
","3703331995
"
"CÔNG TY TNHH EX MARKET TÍN PHÁT","0915821435
","3703331988
"
"CÔNG TY TNHH TMDV DAMIAN","0585949793
","3703331970
"
"CÔNG TY TNHH TẠP HÓA MINH PHƯỢNG","0773605469
","3703331963
"
"CÔNG TY TNHH SX VÀ CHẾ BIẾN GỖ TÌNH PHÁT","0815995046
","3703331956
"
"CÔNG TY TNHH TMDV PLX","0585997009
","3703331949
"
"CÔNG TY TNHH THƯƠNG MẠI DỊCH VỤ VLXD KIM THỊNH PHÁT","0834175186
","3703331931
"
"CÔNG TY TNHH PHÁT TRIỂN DỊCH VỤ TUẤN TÚ LAND","0813663636
","3703331924
"
"CÔNG TY TNHH FOOD VIET RUS","0363533999
","3703331917
"
"CÔNG TY TNHH THƯƠNG MẠI ĐT - HANTEC FINANCIAL","0386134763
","3703331882
"
"CÔNG TY TNHH ĐẦU TƯ THƯƠNG MẠI PHÚ KHÁNH THỊNH","0583003037
","3703331875
"
"CÔNG TY TNHH TM DV TỔNG HỢP THU LỘC","0907902286
","3703331868
"
"CÔNG TY TNHH VẬN TẢI HOÀNG HUY ANH","0946636388
","3703331850
"
"CÔNG TY TNHH TMDV CƠ KHÍ XÂY DỰNG ĐỨC BÌNH ENGINEERING","0876669190
","3703331843
"
"CÔNG TY TNHH NỘI THẤT VÀ QUẢNG CÁO THIÊN ÂN","0397595439
","3703331836
"
"CÔNG TY TNHH SX VÀ CHẾ BIẾN GỖ THANH THẢO","0845021590
","3703331829
"
"CÔNG TY TNHH VẬT TƯ CÔNG NGHIỆP HÒA PHÁT","0768168379
","3703331811
"
"CÔNG TY CỔ PHẦN LAO ĐỘNG SỐ 1","0938399934
","3703331804
"
"CÔNG TY TNHH GIAO NHẬN VẬN TẢI PHÁT ĐẠT","0918196586
","3703331794
"
"CÔNG TY TNHH MẸ BÉ CHIP CHIP MIỀN NAM","0941656868
","3703331787
"
"CÔNG TY TNHH TMDV VẬN TẢI CHÂU GIA","0982366749
","3703331762
"
"CÔNG TY TNHH ĐIỆN TỬ SONG PHÁT VN","0358738428
","3703331755
"
"CÔNG TY TNHH MINHAS FURNITURE VIỆT NAM","14032191006
","3703331561
"
"CÔNG TY TNHH CAO GIA PHARMACY","0938621113
","3703331378
"
"CÔNG TY CỔ PHẦN ĐẦU TƯ PHÁT TRIỂN MINH NGHĨA MIỀN NAM","0902346604
","3703331748
"
"CÔNG TY TNHH ĐẦU TƯ XÂY DỰNG & THƯƠNG MẠI DỊCH VỤ KHẢI LÂM","0968892752
","3703331730
"
"CÔNG TY TNHH THÀNH PHÁT BD","0829335855
","3703331723
"
"CÔNG TY TNHH TRANG TRÍ NỘI THẤT JINSHENG","0365294458
","3703331716
"
"CÔNG TY TNHH COMPTEX VIỆT NAM","0964047908
","3703331709
"
"CÔNG TY TNHH SẢN XUẤT THƯƠNG MẠI TRƯỜNG THỊNH PAINT","0972097352
","3703331699
"
"CÔNG TY TNHH ĐẦU TƯ THƯƠNG MẠI ĐẠI XUÂN KHÁNH","0585668075
","3703331681
"
"CÔNG TY TNHH MTV KỸ THUẬT ĐIỆN TDH","0961055096
","3703331674
"
"CÔNG TY TNHH XDVT TOÀN THẮNG HOME","0898088174
","3703331667
"
"CÔNG TY TNHH CÔNG NGHIỆP NHỰA TINH DIỆU VIỆT NAM","0797144013
","3703331642
"
"CÔNG TY TNHH ĐẦU TƯ VẬN TẢI HOÀNG HÀ","0974663646
","3703331635
"
"CÔNG TY TNHH KINH DOANH SẮT THÉP VÀ XÂY DỰNG BIÊN PHẠM STEEL","0876669254
","3703331628
"
"CÔNG TY TNHH TMDV VŨ TUYẾT BD","0989114697
","3703331610
"
"CÔNG TY TNHH XÂY DỰNG KHÁNH MINH PHÁT","0899004405
","3703331603
"
"CÔNG TY CỔ PHẦN ĐẦU TƯ THƯƠNG MẠI DỊCH VỤ MÔI TRƯỜNG PHÚ AN","09023205006
","3703331593
"
"CÔNG TY TNHH THƯƠNG MẠI JIAYUAN VIỆT NAM","0986872770
","3703331586
"
"CÔNG TY TNHH CƠ KHÍ THANH LỘC PHÁT","09850882390343
","3703331579
"
"CÔNG TY TNHH PACIFIC TRADING INC","0865113655
","3703331554
"
"CÔNG TY TNHH ME VS BE CON CUNG","0567550413
","3703331547
"
"CÔNG TY TNHH SANSEI CORP","0973865957
","3703331522
"
"CÔNG TY TNHH KỸ THUẬT CÔNG NGHỆ CƠ ĐIỆN HOÀ PHÁT","0334884164
","3703331515
"
"CÔNG TY TNHH KỸ THUẬT THANG MÁY EUROLIFT VIỆT NAM","0971243677
","3703331508
"
"CÔNG TY TNHH ĐẦU TƯ THƯƠNG MẠI VÀ XÂY DỰNG BÍCH HẠNH HAPPY","0876669264
","3703331498
"
"CÔNG TY TNHH HAMA TOURIST","0918453663
","3703331480
"
"CÔNG TY TNHH KẾT CẤU THÉP LAM GIANG","0797291368
","3703331473
"
"CÔNG TY TNHH SƠN GD","0965245122
","3703331466
"
"CÔNG TY TNHH SẢN XUẤT THƯƠNG MẠI CƠ KHÍ LONG NGUYÊN","0908731526
","3703331459
"
"CÔNG TY TNHH ĐẦU TƯ THƯƠNG MẠI TOÀN PHƯƠNG THỊNH","0586290167
","3703331441
"
"CÔNG TY TNHH DVTV MINH HOÀNG","0335314255
","3703331434
"
"CÔNG TY TNHH DỊCH VỤ PHÁT TRIỂN HÀO NGUYỄN","0929451695
","3703331427
"
"CÔNG TY TNHH BÁCH HOÁ HƯNG THỊNH PHÁT","0909715786
","3703331402
"
"CÔNG TY TNHH VẬN TẢI LÊ NGUYỄN VN","0898740824
","3703331392
"
"CÔNG TY TNHH THƯƠNG MẠI DỊCH VỤ PCCC TOÀN THẮNG","0962793365
","3703331385
"
"CÔNG TY TNHH TMDV ILUMA","0585504133
","3703331360
"
"CÔNG TY TNHH CÔNG NGHỆ BAO BÌ YUELI","0913881168
","3703331353
"
"CÔNG TY TNHH TMDV QUANG KHẢI","0766222228
","3703331346
"
"CÔNG TY TNHH MTV ĐIỆN TỬ TIN HỌC HÙNG PHÁT","0349240925
","3703331339
"
"CÔNG TY TNHH ANSHOME","0903897555
","3703330889
"
"TRUNG TÂM XÚC TIẾN THƯƠNG MẠI, DU LỊCH VÀ PHÁT TRIỂN CÔNG NGHIỆP","02743898287
","3703331321
"
"BAN QUẢN TRỊ CHUNG CƯ HOÀNG LONG","0937646485
","3703331297
"
,,
"CÔNG TY TNHH THƯƠNG MẠI ĐẠI BẢO TÍN","0903322699
","3703331018
"
"CÔNG TY TNHH XÂY DỰNG VẬN TẢI THÀNH NGHĨA","0896346708
","3703330342
"
"CÔNG TY TNHH CÔNG NGHỆ HUAMAI","0937800020
","3703331314
"
"CÔNG TY TNHH ĐT TM DV 5A","0923350666
","3703331307
"
"CÔNG TY TNHH GIẤC NGỦ VIỆT","0988179598
","3703331219
"
"CÔNG TY TNHH TMDV KIỀU LOAN","0589650297
","3703331201
"
"CÔNG TY TNHH XUÂN SINH FOODS","0815243477
","3703331113
"
"CÔNG TY TNHH NỘI THẤT LAN SEN","0865826690
","3703331032
"
"CÔNG TY TNHH FASHION DESIGN LUXURY","0586124648
","3703331025
"
"CÔNG TY TNHH TVA PRO","0898999099
","37033321000
"
"CÔNG TY TNHH VẬT LIỆU HÓA CHẤT XIN SHUANG LI","0382516688
","3703330906
"
"CÔNG TY TNHH TIẾP VẬN HẢI CHÂU","0941266840
","3703330896
"
"CÔNG TY TNHH GIÀY TRẦN NGUYỄN HP","0903707207
","3703330871
"
"CÔNG TY TNHH MTV CƠ KHÍ XÂY DỰNG HƯNG THỊNH PHÁT","0972669401
","3703330864
"
"CÔNG TY TNHH HAI TEE","0888788807
","3703330825
"
"CÔNG TY TNHH MTV THƯƠNG MẠI DỊCH VỤ QUANG PHONG","0976578292
","3703331272
"
"CÔNG TY TNHH KINH DOANH DVTM ĐẠI PHÁT LỘC","0928557165
","370333110
"
"CÔNG TY TNHH NÔNG SẢN ÚT VINH","0908420004
","3703331184
"
"CÔNG TY TNHH ĐẦU TƯ VÀ PHÁT TRIỂN BCB","0383206079
","3703331177
"
"CÔNG TY TNHH TM DV TUẤN ANH LÊ","0565108526
","3703331152
"
"CÔNG TY TNHH THƯƠNG MẠI DỊCH VỤ TÂN APT","0706864166
","3703331145
"
"CÔNG TY TNHH TMDV VĂN ANH TTT","0876669340
","3703331138
"
"CÔNG TY TNHH TMDV THANH BỀN GOODS","0876669314
","3703331120
"
"CÔNG TY TNHH THÁI DƯƠNG TRANSPORT","0973632219
","3703331096
"
"CÔNG TY TNHH CƠ KHÍ XÂY DỰNG AN LỘC PHÁT","09083269125
","3703331089
"
"CÔNG TY TNHH NỘI THẤT HUA ZHAO","0869191949
","3703330945
"
"CÔNG TY TNHH SẢN XUẤT - THƯƠNG MẠI VÀ XUẤT NHẬP KHẨU TƯỜNG PHÁT","0919223842
","3703330938
"
"CÔNG TY TNHH BẠCH THỊ GROUP","0769885151
","3703330920
"
"CÔNG TY TNHH DŨNG TOÀN THỊNH","0862434899
","3703330912
"
"CÔNG TY TNHH TMDV NHÔM KÍNH HƯNG THỊNH","0901605797
","3703330832
"
"CÔNG TY TNHH CHUẨN TRỊ Y HỌC CỔ TRUYỀN NGUYỄN XUÂN ĐƯỜNG","0978055521
","3703330800
"
"CÔNG TY TNHH THƯƠNG MẠI - DỊCH VỤ AURIX","0903708898
","3703330790
"
"CÔNG TY TNHH TM DV TOÀN PHÚC","0919565354
","3703330783
"
"CÔNG TY TNHH XÂY DỰNG VÀ PHÁT TRIỂN BẤT ĐỘNG SẢN CẢNH LAND","0907249333
","3703330769
"
"CÔNG TY TNHH SẢN XUẤT THƯƠNG MẠI DỊCH VỤ SUMI","0826894886
","3703330670
"
"CÔNG TY TNHH KAT WORKS","0934313157
","3703331265
"
"CÔNG TY TNHH MTV ROSE","0962529676
","3703331258
"
"CÔNG TY TNHH VANGUARD MANUFACTURE VIỆT NAM","0399316555
","3703331240
"
"CÔNG TY TNHH GC THẠCH LỰU MỘC","036425210
","3703331233
"
"CÔNG TY TNHH DỊCH VỤ BẢO VỆ LONG HẢI VN BÌNH DƯƠNG","0832275385
","3703331226
"
"CÔNG TY TNHH ĐIỆN LẠNH TRÚC DUYÊN","0333831975
","3703331071
"
"CÔNG TY TNHH CHANG YI BEST","0832219709
","3703331064
"
"CÔNG TY TNHH MTV TRƯỜNG HY","0826166667
","3703331057
"
"CÔNG TY TNHH MTV SẮT THÉP TRƯỜNG VINH","0979574863
","370333099
"
"CÔNG TY TNHH THƯƠNG MẠI VÀ DỊCH VỤ TRUNG NAM NTP","0981732307
","3703330984
"
"CÔNG TY TNHH SIÊU THỊ ĐỒNG GIÁ 19K C2MART","0921414141
","3703330977
"
"CÔNG TY TNHH PHÁT TRIỂN GIÁO DỤC TRÍ ĐỨC VIỆT","0586863686
","3703330952
"
"CÔNG TY TNHH XUẤT NHẬP KHẨU SENSOLE","0977411867
","3703330857
"
"CÔNG TY TNHH UNICREDIT B.A AG","0765596536
","3703330818
"
"CÔNG TY TNHH TMDV TƯ VẤN XÂY DỰNG AN AN THẢO","0898188704
","3703330776
"
"CÔNG TY TNHH THƯƠNG MẠI XUẤT NHẬP KHẨU AN SƠN VIỆT NAM","0987363404
","3703330688
"
"CÔNG TY TNHH ĐẦU TƯ TIO SHOP","0899209433
","3703330180
"
"CÔNG TY TNHH COMPUTIME (VIỆT NAM) (NỘP HỘ NTNN)","0964370883
","3703330712
"
"CÔNG TY TNHH CÔNG NGHỆ INWELL (NỘP HỘ NTNN)","8613524677158
","3703330705
"
"CÔNG TY TNHH CÔNG NGHIỆP HÀNH TRÌNH MỚI MINSHINE","0931475168
","3703330649
"
"CÔNG TY TNHH THIẾT KẾ - SẢN XUẤT - THƯƠNG MẠI - DỊCH VỤ - MAY KIM TÂM","0976919898
","3703330631
"
"CÔNG TY TNHH HỒNG SÂM NGUYÊN","0769214345
","3703330624
"
"CÔNG TY TNHH MTV THƯƠNG MẠI DỊCH VỤ GREENEE","0888848922
","3703330617
"
"CÔNG TY TNHH SẢN XUẤT THƯƠNG MẠI UY LỰC","0908135314
","3703330582
"
"CÔNG TY TNHH THƯƠNG MẠI KỸ THUẬT VẬT LIỆU XÂY DỰNG HỮU BANG","0873020008
","3703330575
"
"CÔNG TY TNHH THỦY SẢN VIỆT AN BIOTECH","0967170297
","3703330568
"
"CÔNG TY TNHH THƯƠNG MẠI DỊCH VỤ PHÚC HƯNG - BD","0961645028
","3703330550
"
"CÔNG TY TNHH CÂY XANH ĐẠI TA","0901699225
","3703330543
"
"CÔNG TY TNHH CÔNG NGHỆ SƠN SAN KESHU (VIỆT NAM)","0857997788
","3703330536
"
"CÔNG TY TNHH DIGIVAULT","0586086736
","3703330529
"
"CÔNG TY TNHH YIWEI (VIỆT NAM)","0857997788
","3703330511
"
"CÔNG TY TNHH THƯƠNG MẠI - DỊCH VỤ - ĐẦU TƯ - XÂY DỰNG - ĐINH TUẤN","0399997160
","3703330504
"
"CÔNG TY TNHH NHÀ HÀNG KHÁCH SẠN DUY KHANH","0793518103
","3703330381
"
"CÔNG TY TNHH THƯƠNG MẠI VÀ DỊCH VỤ AHD","0988993225
","3703330751
"
"CÔNG TY TNHH CÔNG NGHỆ VẬT LIỆU MỚI PINETREE","0917099726
","3703330744
"
"CÔNG TY TNHH MINH HÚC","0902907520
","3703330737
"
"CÔNG TY TNHH THƯƠNG MẠI CAO SU NHƯ Ý","0927677799
","3703330695
"
"CÔNG TY TNHH THƯƠNG MẠI DỊCH VỤ XÂY DỰNG BÌNH MINH","0979957799
","3703330663
"
"CÔNG TY TNHH BELIEVE ARCHITECTS","0896218975
","3703330656
"
"CÔNG TY TNHH SƠN CÔNG NGHIỆP D&P (VIỆT NAM)","18261445911
","3703330303
"
"CÔNG TY CỔ PHẦN CÔNG NGHIỆP THĂNG LONG SÀI GÒN","0886241288
","3703330222
"
"CÔNG TY TNHH VẢI KHÔNG DỆT JIN XING (VIỆT NAM)","0968361323
","3703330335
"
"CÔNG TY TNHH TMDV NGUYỆT THU","0762835732
","3703330328
"
"CÔNG TY TNHH TMDV PHAN NGUYÊN","0898740034
","3703330310
"
"CÔNG TY TNHH GLOBAL ELECTRONIC","0704130302
","3703330293
"
"CÔNG TY TNHH TMDV ĐẶNG LUÂN VINA","0899660870
","3703330215
"
"CÔNG TY TNHH ĐIỆN NƯỚC TIẾN THÀNH","0347472018
","3703330455
"
"CÔNG TY TNHH BỒN TẮM MAYDON ( VIỆT NAM)","0333752202
","3703330430
"
"CÔNG TY TNHH HOÀNG TÙNG FOODS","0931850303
","3703330423
"
"CÔNG TY TNHH SẢN XUẤT VÀ XUẤT KHẨU MSF","0978023282
","3703330416
"
"CÔNG TY TNHH TEREA","05855321505
","3703330409
"
"CÔNG TY TNHH TMDV LÝ LOAN CB","0902169845
","3703330399
"
"CÔNG TY TNHH TMDV HOÀNG HƯƠNG ĐN","0987445136
","3703330367
"
"CÔNG TY TNHH TÔN THÉP BÌNH MINH BD","0989474666
","3703330173
"
"CÔNG TY TNHH MTV NÔNG SẢN HUY HƯNG","0343199994
","3703330166
"
"CÔNG TY TNHH PHÁT HOÀNG THIỆN","0838878334
","3703330159
"
"CÔNG TY TNHH THE XANH KITCHEN","0941000061
","3703330141
"
"CÔNG TY TNHH THƯƠNG MẠI DỊCH VỤ QUÂN LÂM","0961961727
","3703330134
"
"CÔNG TY TNHH DỊCH VỤ ĐÔ THỊ XANH CÔNG BẰNG","0902543969
","3703330127
"
"CÔNG TY TNHH THƯƠNG MẠI DỊCH VỤ HOÀNG LONG LT","0974744075
","3703330102
"
"CÔNG TY TNHH GGS TRAVEL VN","0899132463
","3703330494
"
"CÔNG TY TNHH MEET MOULDS VIỆT NAM","0396533508
","3703330487
"
"CÔNG TY TNHH MAY MATTELS VIỆT NAM","0362525472
","3703330462
"
"CÔNG TY TNHH ĐIỆN NĂNG LƯỢNG MẶT TRỜI MINH KHÔI SOLAR","0974954325
","3703330448
"
"CÔNG TY TNHH TMDV TỔNG HỢP VẬT TƯ VÀ VẬT LIỆU HẢI HOÀN","0898165943
","3703330374
"
"CÔNG TY TNHH MỘT THÀNH VIÊN THƯƠNG MẠI DỊCH VỤ VIỆT HOA","0933878910
","3703330286
"
"CÔNG TY TNHH DISTRIBUTION YODY","0585476297
","3703330279
"
"CÔNG TY TNHH VĂN PHÒNG TƯ VẤN DUY AN","0901677939
","3703330261
"
,,
"CÔNG TY TNHH TÂM MỘC FURNITURE","0833483442
","3703330247
"
"CÔNG TY TNHH THƯƠNG MẠI DỊCH VỤ TÂN BẢO HÂN","0962240430
","3703330208
"
"CÔNG TY TNHH THƯƠNG MẠI DỊCH VỤ CÔNG NGHỆ KỸ THUẬT VÀ PHÁT TRIỂN THUẬN PHÁT","0978947503
","3703330198
"
"CÔNG TY TNHH LNNOLAKE BIO PHARM","0903106924
","3703330092
"
"CÔNG TY TNHH THƯƠNG MẠI DỊCH VỤ HOÀNG LY","0937220780
","3703330085
"
"CÔNG TY TNHH KINHAO ELECTRON TECH (VIETNAM)","13625297333
","3703329996
"
"CÔNG TY TNHH Y KHOA PHƯỚC THÀNH","0941290033
","3703329932
"
"CÔNG TY TNHH DỊCH VỤ J.H (ASIA) VIỆT NAM","0908109577
","3703329650
"
"CÔNG TY TNHH MỸ PHẨM QUỐC TẾ ZQD","0911566608
","3703329918
"
"CÔNG TY TNHH TRUYỀN THÔNG VÀ QUẢNG CÁO PHÚ LINH","0945073869
","3703329900
"
"CÔNG TY TNHH CÔNG NGHỆ MÁY MAY XIANGYU VIỆT NAM","0898576728
","3703329890
"
"CÔNG TY TNHH TMDV ÁNH SÁNG OFFICIAL","0899147622
","3703330078
"
"CÔNG TY TNHH CÔNG NGHỆ REXGEEK","0914485618
","3703330060
"
"CÔNG TY TNHH THIẾT KẾ & XÂY DỰNG MẠNH LƯƠNG","0832191655
","3703330053
"
"CÔNG TY TNHH VIETNAM KANG SUYUAN INTERNATIONAL PHARMACEUTICAL","0914452718
","3703330046
"
"CÔNG TY TNHH TM DV VẬN TẢI VẠN LONG","0969818031
","3703330039
"
"CÔNG TY TNHH NHÀ HÀNG ẨM THỰC ANH KHOA","089926789
","3703330021
"
"CÔNG TY TNHH THƯƠNG MẠI DỊCH VỤ XUẤT NHẬP KHẨU GỖ TIẾN PHÁT","0987388337
","3703330014
"
"CÔNG TY TNHH ĐẦU TƯ XÂY DỰNG VŨ HỒNG THÁI","0793377621
","3703330007
"
"CÔNG TY TNHH TMDV YDMODEN","0585816134
","3703329989
"
"CÔNG TY TNHH XUẤT NHẬP KHẨU XÂY DỰNG TÂM AN","0917512559
","3703329971
"
"CÔNG TY TNHH NHẬP KHẨU HÓA CHẤT SUMI AGRO NHẬT BẢN","0969428375
","3703329964
"
"CÔNG TY TNHH MTV BẢO ĐẠI PHÁT","0976343495
","3703329957
"
"CÔNG TY TNHH THƯƠNG MẠI DỊCH VỤ CONTAINER SEN VÀNG","0945210263
","3703329925
"
"CÔNG TY TNHH QDT TC MARRIOTT","0569879086
","3703329883
"
"CÔNG TY TNHH TMDV LATO","0334207708
","3703329876
"
"CÔNG TY TNHH SẢN XUẤT THƯƠNG MẠI DỆT MAY THU ĐÔNG","0379407906
","3703329869
"
"CÔNG TY TNHH TMDV VẬN TẢI LÀNH PHÁT ĐẠT","0941363584
","3703329851
"
"CÔNG TY TNHH TM DV ĐẦU TƯ VÀ PHÁT TRIỂN QUỐC TẾ INTERMEDIARY BANK","0876133170
","3703329844
"
"CÔNG TY TNHH KIM TƯỜNG LỰC","0947580399
","3703329837
"
"CÔNG TY TNHH DỊCH VỤ THƯƠNG MẠI RUIJIA VIỆT NAM","0347121858
","3703329812
"
"CÔNG TY TNHH XDVT SẮT TÀI VN","0898375206
","3703329805
"
"CÔNG TY TNHH XD ĐẠI HÙNG PHÁT","0569612666
","3703329795
"
"CÔNG TY TNHH Ô TÔ TÍN PHƯƠNG","0988388363
","3703329788
"
"CÔNG TY TNHH KE JIA WANG","0708729777
","3703329770
"
"CÔNG TY TNHH YD SAMPLE","0586103024
","3703329763
"
"CÔNG TY TNHH THƯƠNG MẠI VÀ DỊCH VỤ VẬN TẢI TOÀN VIỆT","0964851417
","3703329756
"
"CÔNG TY TNHH ĐẦU TƯ TM DV THIÊN PHÚ","0967164265
","3703329749
"
"CÔNG TY TNHH IN ẤN TN","0347092246
","3703329731
"
"CÔNG TY TNHH TMDV HOÀNG THANH ĐN","0387119457
","3703329724
"
,,
"CÔNG TY TNHH TMDV CÚC HOÀNG BD","0918669703
","3703329682
"
"CÔNG TY TNHH TMDV MTV XÂY DỰNG VÀ VẬN CHUYỂN DIỆU TRÚC","0782443437
","3703329675
"
"CÔNG TY TNHH DV TM CƠ KHÍ HƯNG THỊNH VN","0896941459
","3703329668
"
"CÔNG TY TNHH TMDV XNK TRẦN HẰNG","0835934209
","3703329643
"
"CÔNG TY TNHH TTHƯƠNG MẠI & DỊCH VỤ NGỌC TƯỜNG PHÁT","0947015341
","3703329636
"
"CÔNG TY TNHH TELESALES VẠN THIÊN LONG","0388738779
","3703329629
"
"CÔNG TY TNHH MTV TMDV QUẢNG CÁO QUỐC VIỆT","0772618045
","370332961
"
"CÔNG TY TNHH TERUI VIỆT NAM","0784636180
","3703329604
"
"CÔNG TY TNHH BẾP NHÀ MIN","0829832204
","3703329594
"
"CÔNG TY TNHH ALEX CHÍ TRUNG","0332445952
","3703329587
"
"CÔNG TY TNHH DỊCH VỤ MÔI TRƯỜNG BÌNH MINH XANH","0964163196
","3703329562
"
"CÔNG TY TNHH NGUYỄN TRUNG LIAM","0332445952
","3703329555
"
"CÔNG TY TNHH GỖ SÂM VIỆT","0375166624
","3703329548
"
"CÔNG TY TNHH DV XÂY DỰNG VÀ VẬN TẢI PHÚC LỢI","0901446337
","3703329530
"
"CÔNG TY TNHH THƯƠNG MẠI DỊCH VỤ VIETRISE","0888671232
","3703329523
"
"CÔNG TY TNHH TRANG TRÍ NỘI THẤT MỘC XANH FURNITURE","0859163888
","3703329516
"
"CÔNG TY TNHH THƯƠNG MẠI ĐẦU TƯ HẢI NGUYÊN","0898842311
","3703329509
"
"CÔNG TY TNHH TRÀ LINH LAN","0387527456
","3703329499
"
"CÔNG TY TNHH SẢN XUẤT THƯƠNG MẠI DỊCH VỤ KIM KIM PHÁT","0328097248
","3703329481
"
"CÔNG TY TNHH DV CƠ KHÍ AN NGUYÊN VN","0898649330
","3703329474
"
"CÔNG TY TNHH TM CƠ KHÍ AN HẢI PHÁT","0344212585
","3703329467
"
"CÔNG TY TNHH PHÂN BÓN HỮU CƠ GREENCARE","0946778626
","3703329442
"
"CÔNG TY TNHH TM - SX VÀ DV PHÚ GIA HÂN","0975071819
","3703329435
"
"CÔNG TY TNHH COMP TECH VN","0943888082
","3703329428
"
"CÔNG TY TNHH CÔNG NGHỆ VẬT LIỆU MỚI THÁI THÀNH VIỆT NAM","0898510188
","3703329410
"
"CÔNG TY TNHH TM DV QUÊ MÌNH","0917481488
","3703329403
"
"CÔNG TY TNHH DỆT MAY NAM PHƯƠNG VIỆT NAM","0998811633
","3703329393
"
"CÔNG TY TNHH THƯƠNG MẠI DỊCH VỤ BẢO AN GLORY","0839204177
","3703329386
"
"CÔNG TY TNHH FUSHUN INTERNATIONAL","0908669880
","3703329379
"
"CÔNG TY TNHH BẢO ANH FOOD","0339234022
","3703329361
"
"CÔNG TY TNHH PHÚC HƯNG ĐẠT VN","0977350608
","3703329354
"
"CÔNG TY TNHH DV PT CƠ KHÍ BÁCH KHOA VN","0899093477
","3703329308
"
"CÔNG TY TNHH OPTIMA HOME VIỆT NAM","08183532564
","3703329114
"
"CÔNG TY TNHH FAITH WOOD","0934683710
","3703329273
"
"CÔNG TY TNHH NATURAL CRAFT","0934683710
","3703329266
"
"CÔNG TY TNHH SX KIM QUANG PHÁT ĐẠT","0332203138
","3703329185
"
"CÔNG TY TNHH TƯ VẤN QUẢN TRỊ VÀ TÀI CHÍNH UNIVERSAL","0938778794
","3703328230
"
"CÔNG TY TNHH SX TM RỒNG Á CHÂU","0901333222
","3703328223
"
"CÔNG TY TNHH BÀN TAY THÉP","0777631678
","3703328216
"
"CÔNG TY TNHH TMDV KIM NGỌC PHÁT","0843040187
","3703328939
"
"CÔNG TY TNHH QUNYAO GLASS GROUP","05925099976
","3703328921
"
"CÔNG TY TNHH TM CS THUẬN PHÁT","097534150
","3703328914
"
,,
,,
,,
"CÔNG TY TNHH POWPOW EC","0974834279
","3703328865
"
,,
,,
,,
,,
,,
,,
,,
,,
,,
,,
,,
,,
,,
,,
,,
,,
,,
,,
,,
,,
,,
,,
,,
,,
,,
,,
,,
,,
,,
,,
,,
,,
,,
,,
"CÔNG TY TNHH MTV QIAN LI","0947966873
","3703328262
"
"CÔNG TY TNHH AN TRƯỜNG PHÁT GROUP","0985383201
","37033281255
"
"CÔNG TY TNHH HẢI DUYÊN PHÁT","0909781774
","3703328248
"
"CÔNG TY TNHH GỖ THUẬN NGUYÊN","0963989334
","3703328618
"
"CÔNG TY TNHH TM SỮA VIỆT NAM","0899044763
","3703328600
"
"CÔNG TY TNHH LUMESA RADIANCE","0928618789
","3703328590
"
"CÔNG TY TNHH ĐIỆN Ô TÔ TRUNG HIẾU","0937763936
","3703328583
"
"CÔNG TY TNHH THƯƠNG MẠI VÀ DỊCH VỤ KOKOHI","0949474999
","3703328576
"
"CÔNG TY TNHH XNK KHOA BÌNH DƯƠNG","077988096
","3703328569
"
"CÔNG TY TNHH THỜI TRANG YUEZI VIỆT NAM","0348198454
","3703328167
"
"CÔNG TY TNHH NGOC SON FOOD","0903958588
","3703328142
"
"CÔNG TY TNHH TMDV DANH GIANG KG","0987445136
","3703328135
"
"CÔNG TY TNHH DỊCH VỤ THƯƠNG MẠI GẤM NGUYỄN","0779523035
","3703328128
"
"CÔNG TY CỔ PHẦN ĐỨC HIẾU THÁI BÌNH GROUP","0919677687
","3703328110
"
"CÔNG TY TNHH TMDV CHU HOÀN CB","0982116420
","3703328102
"
"CÔNG TY TNHH TMDV XNK PHƯỢNG PHÁT ĐẠT","084611505
","3703328093
"
"CÔNG TY TNHH TMDV THIẾT KẾ XÂY DỰNG PHẠM ĐIỆP","084951066
","3703328086
"
"CÔNG TY TNHH TMDV MẠNH HÙNG 68","0368990014
","3703328054
"
"CÔNG TY TNHH THIẾT KẾ XÂY DỰNG NỘI THẤT THẢO NGUYÊN","0869871502
","3703328047
"
"CÔNG TY TNHH TMDV HOÀNG NGUY","0913669807
","3703328022
"
"CÔNG TY TNHH THƯƠNG MẠI DỊCH VỤ NAM LONG LC","0902986598
","3703328015
"
"CÔNG TY TNHH TMDV HOÀNG MẠNH CB","0386449703
","3703328008
"
"CÔNG TY TNHH NATURE MAX NUTRITION VIỆT NAM (NỘP THAY NTNN)","0346918122
","3703328079
"
"CÔNG TY TNHH RUI FENG VN","0976946927
","3703328061
"
"CÔNG TY TNHH TMDV THIẾT KẾ XÂY DỰNG THANH THẢO","0845021590
","3703327999
"
"CÔNG TY TNHH TƯ VẤN ĐẦU TƯ THS","0354741002
","3703327981
"
"CÔNG TY TNHH SẢN XUẤT CƠ KHÍ HOÀNG KHÁNH","0968799168
","3703327974
"
"CÔNG TY TNHH TMDV TỐ ANH MINH","0818718556
","3703327967
"
"CÔNG TY TNHH THỤC ĐAN TELECOM","0326958958
","3703327942
"
"CÔNG TY TNHH CƠ KHÍ XÂY DỰNG AN AN PHÁT","0943483583
","3703327935
"
"CÔNG TY TNHH KAIRUI HOME DECOR VIỆT NAM","8613309860146
","3703327928
"
"CÔNG TY TNHH THỊNH PHÁT SG","0925969679
","3703327910
"
"CÔNG TY TNHH DR LAN NINH CLINIC","097784917
","3703327903
"
"CÔNG TY TNHH THƯƠNG MẠI QUỐC TẾ TRUNG - VIỆT HỒNG LIÊN THỊNH","0833361808
","3703327893
"
"CÔNG TY TNHH THIẾT KẾ & TRANG TRÍ NỘI THẤT SUHE","0876978304
","3703327886
"
"CÔNG TY TNHH MINH ĐẠT BD","0962491216
","3703327879
"
"CÔNG TY TNHH CILOMI MFG FURNITURE VIỆT NAM","8607698503508
","3703327861
"
"CÔNG TY TNHH TMDV THIẾT KẾ XÂY DỰNG VŨ TÌNH","0815995046
","3703327854
"
"CÔNG TY TNHH TMDV VẬN TẢI VÀ XÂY DỰNG QUANG PHÁT","0815443428
","3703327847
"
"CÔNG TY TNHH SẢN XUẤT THƯƠNG MẠI CƠ KHÍ THẮNG PHÁT","0931144786
","3703327822
"
"CÔNG TY TNHH THƯƠNG MẠI TỔNG HỢP TRỊNH TRANG","0929492749
","3703327815
"
"CÔNG TY TNHH SẢN XUẤT THƯƠNG MẠI CỬA GỖ PHÚC THUẬN","0901294036
","3703327808
"
"CÔNG TY TNHH ĐẦU TƯ THƯƠNG MẠI HUỲNH LTC","0843550103
","3703327798
"
"CÔNG TY TNHH PHÚ DỰ PHÁT","02743686635
","3703327780
"
"CÔNG TY TNHH DV XÂY DỰNG VÀ VẬT LIỆU THANH LONG VINA","0764161286
","3703327773
"
"CÔNG TY TNHH YOUI VINA","0981188991
","3703327766
"
"CÔNG TY TNHH TMDV VẬN TẢI VÀ XÂY DỰNG PHAN HOA","0846827157
","3703327759
"
"CÔNG TY TNHH ĐẦU TƯ THƯƠNG MẠI DV NGỌC TRÚC","0899718882
","3703327741
"
"CÔNG TY TNHH XÂY DỰNG ĐĂNG KHẢI MINH","0932568496
","3703327734
"
"CÔNG TY CỔ PHẦN ĐẦU TƯ THƯƠNG MẠI DỊCH VỤ DUY THỊNH","0962422522
","3703327727
"
"CÔNG TY TNHH TM-DV XÂY DỰNG SHCONSS","0968837569
","3703327702
"
"CÔNG TY TRÁCH NHIỆM HỮU HẠN MTV SẢN XUẤT VÀ THƯƠNG MẠI TƯỜNG VI","0356786542
","3703327692
"
"CÔNG TY TNHH TM DV KIM LOẠI MÀU TRIỆU VY","0384287657
","3703327685
"
"CÔNG TY TNHH THƯƠNG MẠI VÀ DỊCH VỤ TIẾN SĨ","0368781346
","3703327678
"
"CÔNG TY TNHH THƯƠNG MẠI DỊCH VỤ NGUYỄN KIM UYÊN","0779495189
","3703327660
"
"CÔNG TY TNHH THƯƠNG MẠI VÀ DỊCH VỤ KIM LONG VƯỢNG","0888576183
","3703327653
"
"CÔNG TY TNHH THƯƠNG MẠI DỊCH VỤ XUẤT NHẬP KHẨU PMT NAM PHÁT","0393405354
","3703327646
"
"CÔNG TY TNHH TM DV TRƯỜNG THỊNH PHÁT BÌNH DƯƠNG","0825246289
","3703327639
"
"CÔNG TY TNHH SẢN XUẤT THƯƠNG MẠI NĂNG LƯỢNG NGỌC THIÊN BÌNH","0899027979
","3703327621
"
"CÔNG TY TNHH ĐIỆN TỬ VIỆT LONG VIỆT NAM","8613924671121
","3703327614
"
"CÔNG TY TNHH DƯƠNG GIA DECOR","0945931222
","3703327607
"
"CÔNG TY TNHH PHÁT TRIỂN THƯƠNG MẠI DỊCH VỤ TRƯỜNG PHÁT LOGISTICS","0988839309
","3703327597
"
"CÔNG TY TNHH MỘT THÀNH VIÊN CƠ KHÍ XÂY DỰNG AUSABACO","0949112663
","3703327572
"
"CÔNG TY TNHH TM SX NGUYỄN PHÁT","0898443066
","3703327565
"
"CÔNG TY TNHH TMDV CÔNG HUẤN","0909118407
","3703327558
"
"CÔNG TY TNHH CN QUỲNH KIM PHÁT","0898527369
","3703327540
"
"CÔNG TY TNHH GENSET TTC","0934908155
","3703327533
"
"CÔNG TY TNHH IN ẤN LÂM HOÀNG PHÁT","0585027426
","3703327526
"
"CÔNG TY TNHH THƯƠNG MẠI DỊCH VỤ HÀNG HOÁ HÙNG ANH","0925038868
","3703327519
"
"CÔNG TY TNHH MTV DOÃN KIỀU NGUYỆT","0705849940
","3703327501
"
"CÔNG TY TNHH SUẤT ĂN CÔNG NGHIỆP PHƯƠNG TRANG","0989757979
","3703327491
"
"CÔNG TY TNHH MTV THÀNH TÀI TRÀ MY","0382791579
","3703327484
"
"CÔNG TY TNHH 621 RETAIL","0888533799
","3703327477
"
"CÔNG TY TNHH CHẾ TẠO SẢN PHẨM NGŨ KIM HUA YI DA","0869780435
","3703327452
"
"CÔNG TY TNHH KỸ THUẬT HÓA CHẤT JUQING VN","0974810759
","3703327445
"
"CÔNG TY TNHH NGŨ KIM HỒNG VŨ HỒNG VIỆT NAM","0876978126
","3703327438
"
"CÔNG TY TNHH TMDV ĐÌNH BÌNH","0982652473
","3703327420
"
"CÔNG TY TNHH CAO SU HOÀNG THUẬN PHÁT","0898281578
","3703327413
"
"CÔNG TY TNHH SẢN XUẤT THƯƠNG MẠI XUẤT NHẬP KHẨU QUỐC TẾ BNB","0877834566
","3703327406
"
"CÔNG TY TNHH THƯƠNG MẠI DỊCH VỤ CÔNG NGHỆ YUTENG","0987204869
","3703327396
"
"CÔNG TY TNHH CƠ KHÍ GUANGYI (VIỆT NAM)","8615251806280
","3703327389
"
"CÔNG TY TNHH TMDV VĂN DŨNG ĐẶNG","0384957478
","3703327311
"
"CÔNG TY TNHH ĐẦU TƯ THƯƠNG MẠI HỒ MINH PHÁT","0586296545
","3703327364
"
"CÔNG TY TNHH THƯƠNG MẠI DỊCH VỤ PHAN HẰNG","090666799
","3703327357
"
"CÔNG TY TNHH HEYE TIME FABRICS","0865580533
","3703327332
"
"CÔNG TY TNHH SẢN XUẤT TRIỆU PHONG","0932125648
","3703327325
"
"CÔNG TY TNHH THƯƠNG MẠI DỊCH VỤ VŨ THÀNH PHÁT","0967863969
","3703327318
"
"CÔNG TY TNHH THƯƠNG MẠI VÀ DỊCH VỤ BIDREAM","0855779696
","3703327300
"
"CÔNG TY TNHH AN MY","0961190089
","3703327290
"
"CÔNG TY TNHH THỰC PHẨM KHÔI PHÚ","0933099255
","3703327283
"
"CÔNG TY TNHH DỊCH VỤ VẬN TẢI DANH THIỆN","08559829220855982
","3703327276
"
"CÔNG TY TNHH KVS BIOTECHNOLOGY","0937430598
","3703327269
"
"CÔNG TY TNHH SẢN XUẤT VÀ THƯƠNG MẠI SKY FAN","0392288125
","3703327251
"
"CÔNG TY TNHH HAPPY FASHION","0896588409
","3703327244
"
"CÔNG TY TNHH KỸ THUẬT CÔNG TRÌNH LÊ PHÁT","0964581896
","3703327237
"
"CÔNG TY TNHH SIEMENS ENERGY PTE","0877580089
","3703327212
"
"CÔNG TY TNHH VẬT LIỆU MỚI HONGSHENG","0385437756
","3703327205
"
"CÔNG TY TNHH LI HUI MATERIALS","0865754379
","3703327195
"
"CÔNG TY TNHH SẢN XUẤT VÀ THƯƠNG MẠI M.I.V","0932163456
","3703327188
"
"CÔNG TY TNHH ĐẦU TƯ THƯƠNG MẠI ĐẠI THẾ","0586305631
","3703327170
"
"CÔNG TY TNHH BỆNH VIỆN RĂNG HÀM MẶT THÁI ANH","0902167066
","3703327163
"
"CÔNG TY TNHH TÔN THÉP MINH ĐỨC 1K","09199062730933
","3703327156
"
"CÔNG TY TNHH TMDV NGUYỄN THƠM BD","0932904152
","3703327149
"
"CÔNG TY TNHH THƯƠNG MẠI DỊCH VỤ AN THUẬN PHÁT GLOBAL","0335056875
","3703327131
"
"CÔNG TY TNHH TMDV PHẠM BÁCH VIỆT","0966102534
","3703327124
"
"CÔNG TY TNHH MAY MẶC LÊ ÂN","0585403625
","3703327117
"
"CÔNG TY TNHH ĐIỆN CƠ VIỆT QUAN","0975054096
","3703327050
"
"CÔNG TY TNHH GIÁO DỤC VÀ ĐÀO TẠO MC INTERNATIONAL","0944860237
","3703327043
"
"CÔNG TY TRÁCH NHIỆM HỮU HẠN MỘT THÀNH VIÊN THƯƠNG MẠI VÀ DỊCH VỤ THIỆN NHƯ Ý","0974338661
","3703327036
"
"CÔNG TY TNHH MTV TMDV HUỲNH MẪU","0967376577
","3703327082
"
"CÔNG TY TNHH PCCC TÂN HÒA PHÁT","0334766386
","3703327075
"
"CÔNG TY TNHH SẢN XUẤT THƯƠNG MẠI DỊCH VỤ THUẬN ANH PHÁT","0978099990
","3703327068
"
"CÔNG TY TNHH SX TM DV PHÚC THIÊN THỊNH","0971303657
","3703327029
"
"CÔNG TY TNHH RIMON FOODS","0907710002
","3703327011
"
"CÔNG TY TNHH TTC ENERGY SOLAR BÌNH DƯƠNG","0961029299
","3703327004
"
"CÔNG TY TNHH THƯƠNG MẠI DỊCH VỤ HÀ VY MINH","0793322859
","3703326995
"
"CÔNG TY TNHH THƯƠNG MẠI DỊCH VỤ XÂY DỰNG HẢI ĐĂNG PHÁT","0978330731
","3703326988
"
"CÔNG TY TNHH THƯƠNG MẠI DỊCH VỤ KỸ THUẬT SAO VÀNG VINA","0921031966
","3703326970
"
"CÔNG TY TNHH QUỐC TẾ HIỆP PHƯỚC Ý","0983728884
","3703326963
"
"CÔNG TY TNHH CUNG ỨNG LAO ĐỘNG TRÍ THỊNH","0946020224
","3703326956
"
"CÔNG TY TNHH THƯƠNG MẠI DỊCH VỤ VẬN TẢI NGỌC LONG PHÚ","0908109464
","3703326949
"
"CÔNG TY TNHH TMDV GIA HUY BÌNH DƯƠNG","0906668334
","3703326804
"
"CÔNG TY TNHH THƯƠNG MẠI-SẢN XUẤT-XÂY DỰNG HIẾU HÙNG PHÁT","0394035037
","3703326794
"
"CÔNG TY TNHH TMDV MDMA POS","084951066
","3703326748
"
"CÔNG TY TNHH XIN SHUN YUE","0898657119
","3703326730
"
"CÔNG TY TNHH THƯƠNG MẠI VÀ PHÁT TRIỂN TRUNG TIẾN TT","0974476630
","3703326593
"
"CÔNG TY TNHH ĐẦU TƯ KINH DOANH NAM THÀNH","0786542256
","3703326723
"
"CÔNG TY TNHH TM DV KT LINH ĐẠI PHÁT","0988580706
","3703326716
"
"CÔNG TY TNHH TIẾN LỢI LP","0973669187
","3703326709
"
"CÔNG TY TNHH THỤC HƯƠNG LẦU","0984000995
","3703326699
"
"CÔNG TY TNHH THƯƠNG MẠI FENGZE PHONG TRẠCH","0899393494
","3703326681
"
"CÔNG TY TNHH ĐẠI BẢO CHÂU","0988886003
","3703326674
"
"CÔNG TY TNHH TMDV THINH VUONG","0793020946
","3703326667
"
"CÔNG TY TNHH THI CÔNG XÂY DỰNG NTCONS","0978909780
","3703326931
"
"CÔNG TY TNHH CÔNG NGHỆ M.A.Y","0969354812
","3703326924
"
"CƠ SỞ CAI NGHIỆN MA TÚY SỐ 1 TỈNH BÌNH DƯƠNG","02743674715
","3703326917
"
"CÔNG TY TNHH THƯƠNG MẠI DỊCH VỤ LOGISTICS VN","0772618045
","3703326882
"
"CÔNG TY TNHH THẢO MỘC HÀ VI","0937278163
","3703326875
"
"CÔNG TY TNHH DỊCH VỤ VẬN TẢI CHÂU TUẤN","0914440347
","3703326868
"
"CÔNG TY TNHH TM PHÁT TRIỂN THỊNH VƯỢNG SERVICE","0915554809
","3703326850
"
"CÔNG TY TNHH PRIMA HOUSING VIỆT NAM","0342798184
","3703326843
"
"CÔNG TY TNHH THƯƠNG MẠI DỊCH VỤ ĐÁ CẢNH TẤN SINH","0937149191
","3703326836
"
"CÔNG TY TNHH CÔNG NGHỆ VẬT LIỆU MỚI CHAOLIN VIỆT NAM","0332527080
","3703326829
"
"CÔNG TY TNHH ĐẠI KHOA LIÊN","0582991849
","3703326811
"
"CÔNG TY TNHH THƯƠNG MẠI DỊCH VỤ MỸ TIÊN MT","0906995919
","3703326787
"
"CÔNG TY TNHH THƯƠNG MẠI DỊCH VỤ XỬ LÝ CÔN TRÙNG T&T","0973673567
","3703326762
"
"CÔNG TY TNHH TMDV XUÂN LÃM","0797353418
","3703326755
"
"CÔNG TY TNHH TM M.O.I","0901483706
","3703326642
"
"CÔNG TY TNHH TƯ VẤN VÀ ĐÀO TẠO GIÁO DỤC THIÊN KIM","0977606219
","3703326635
"
"CÔNG TY TNHH MTV 4K AN PHÚ VIỆT","0913944017
","3703326628
"
"CÔNG TY TNHH HẬU BÌNH DƯƠNG","0979536575
","3703326610
"
"CÔNG TY TNHH SƠN VẠN THỊNH PHÁT","0969787956
","3703326603
"
"CÔNG TY TNHH TMDV PCCC VÀ XÂY DỰNG 86 BUILDING TRUCTOR","0835580248
","3703326586
"
"CÔNG TY TNHH TRANSACTION GROUP","0876133086
","3703326579
"
"CÔNG TY TNHH LẠC YÊN GROUP","0706542495
","3703326226
"
"CÔNG TY TNHH ĐẦU TƯ XUẤT NHẬP KHẨU GẠO VIỆT NAM","0986780780
","3703326219
"
"CÔNG TY TNHH THƯƠNG MẠI DỊCH VỤ XÂY DỰNG VẬN TẢI KIÊN ANH","0985282928
","3703326201
"
"CÔNG TY TNHH THƯƠNG MẠI XUẤT NHẬP KHẨU CAI XUAN VIỆT NAM","0385743506
","3703326101
"
"CÔNG TY TNHH VẬT LIỆU MỚI VENEER HUY THÀNH PHÁT","0362356073
","3703326184
"
"CÔNG TY TNHH MTV TM DV HẢI MINH","0985615350
","3703326177
"
"CÔNG TY TNHH TM DV ÁNH CHI","0966772677
","3703326152
"
"CÔNG TY TNHH TM-DV XUẤT NHẬP KHẨU SONG ANH","0929152779
","3703326145
"
"CÔNG TY TNHH GIẢI PHÁP GIÁO DỤC IMAP EDU","0971263056
","3703326138
"
"CÔNG TY TNHH TƯ VẤN THIẾT KẾ LẮP ĐẶT THIẾT BỊ PCCC TUẤN KHÁNH","0976555789
","3703326120
"
"CÔNG TY TNHH SẢN XUẤT HỘP NHỰA BÁT PHƯƠNG","03893065566
","3703326113
"
"CÔNG TY TNHH TM VL MOSS","0848130092
","3703326106
"
"CÔNG TY TNHH LỘC HÙNG PHÁT","0866798982
","3703326089
"
"CÔNG TY TNHH THIẾT BỊ Y TẾ KOOLCARE (VIỆT NAM)","8615050217085
","3703326071
"
"CÔNG TY TNHH METAL FURNITURE INDUSTRIAL","0777612468
","3703326561
"
"CÔNG TY TNHH TMDV PHONG VÂN 99","0845021590
","3703326554
"
"CÔNG TY TNHH INSPIRE BY CHEF","0702090295
","3703326547
"
"CÔNG TY TNHH SƠN KIM THỊNH","0989999455
","3703326522
"
"CÔNG TY TNHH TMDV BÙI VẬN","0583564048
","3703326515
"
"CÔNG TY TNHH THƯƠNG MẠI DỊCH VỤ XUẤT NHẬP KHẨU GỖ PHÚC LONG","0962577679
","3703326508
"
"CÔNG TY TNHH THƯƠNG MẠI SẢN XUẤT MITI","0938679782
","3703326498
"
"CÔNG TY TNHH THIẾT KẾ XÂY DỰNG KIM HOÀN","0779318120
","3703326480
"
"CÔNG TY TNHH KINH DOANH TỔNG HỢP THÁI HẬU","0782439154
","3703326473
"
"CÔNG TY TNHH KỸ THUẬT CARTOONMATE","0974483690
","3703326466
"
"CÔNG TY TNHH THỜI TRANG THỊNH PHONG","0394261695
","3703326459
"
"CÔNG TY TNHH TV HT HẢI HẢI CHÂU","077687959
","3703326441
"
"CÔNG TY TNHH TMDV KINH DOANH TỔNG HỢP HUY HOÀNG TVT","0899717921
","3703326434
"
"CÔNG TY TNHH TMDV DƯƠNG TẤT NAM","0793322859
","3703326378
"
"CÔNG TY TNHH TMDV PHỤ TÙNG THIẾT BỊ MÁY MÓC TÙNG SƠN 07","0815995046
","3703326360
"
"CÔNG TY TNHH TƯ VẤN DỊCH VỤ NHÀ ĐẤT VŨ HẢI NAM","0909702455
","3703326346
"
"CÔNG TY TNHH TMDV HÀ HUY LIÊM","0706652486
","3703326339
"
"CÔNG TY TNHH MỘT THÀNH VIÊN THIẾT BỊ CÔNG NGHIỆP ANH MINH PHÁT","0393001048
","3703326321
"
"CÔNG TY TNHH TMDV XNK AMC MINH THÁI","0827472388
","3703326314
"
"CÔNG TY TNHH DỆT MAY CẨM TRÌNH (VIỆT NAM)","0899166885
","3703326096
"
"CÔNG TY TNHH SẢN XUẤT AN THUẬN","0919535848
","3703326385
"
"CÔNG TY TNHH PHÚC UY VŨ","0982885949
","3703325952
"
"CÔNG TY TNHH DỊCH VỤ DU LỊCH NHƯ Ý LIMOUSINE TRAVEL","0367126078
","3703326307
"
"CÔNG TY TNHH TM DV LAM NGUYÊN","0978436877
","3703326272
"
"CÔNG TY TNHH KINH DOANH VLXD LONG THỊNH PHÁT","0354899599
","3703326265
"
"CÔNG TY TNHH DỆT LEN VINH PHÁT VIỆT NAM","0898491675
","3703326057
"
"CÔNG TY TNHH CK ĐẠI KIM","0987000080
","3703325913
"
"CÔNG TY TNHH THƯƠNG MẠI DỊCH VỤ MINH ANH FOODS","0907843601
","3703326427
"
"CÔNG TY TNHH MỘT THÀNH VIÊN MAY MẶC PHÚ HƯNG","0982345401
","3703326402
"
"CÔNG TY CỔ PHẦN BÌNH DƯƠNG KOCHAM (NỘP HỘ NTNN)","02742221353
","3703326392
"
"CÔNG TY TNHH VN UTI","0974960690
","3703326353
"
"CÔNG TY TNHH THƯƠNG MẠI DỊCH VỤ LOGISTICS SHUN TONG","0866215020
","3703326297
"
"CÔNG TY TNHH DINH HÀNG GLOBAL","0913948507
","3703326233
"
"CÔNG TY TNHH THỰC PHẨM KHANG VY","0967865781
","3703325945
"
"CÔNG TY TNHH DỊCH VỤ MÔI TRƯỜNG TRẦN KHANG.","0912871978
","3703325938
"
"SỞ DÂN TỘC VÀ TÔN GIÁO TỈNH BÌNH DƯƠNG","027438314343
","3703326258
"
"CÔNG TY TNHH CƠ KHÍ CÔNG NGHIỆP ĐẠI NGHĨA (NỘP HỘ NTNN)","02743803670702743815020
","3703326240
"
"CÔNG TY TNHH THU TRANG COMPANY","0792891087
","3703326064
"
"CÔNG TY TNHH TMDV KINH DOANH QUÁCH DƯƠNG","089926780
","3703326025
"
"CÔNG TY TNHH TMDV KINH DOANH NGUYỄN TRANG","0793518103
","3703326018
"
"CÔNG TY TNHH MỘT THÀNH VIÊN BẢO HIỂM BÌNH DƯƠNG","0932139160
","370332590
"
"CÔNG TY TNHH THƯƠNG MẠI DỊCH VỤ VẬN TẢI NCĐ","0916020022
","3703325984
"
"CÔNG TY TNHH TMDV HOÀNG NAM ANH","0772618045
","3703325977
"
"CÔNG TY TNHH QUẢNG CÁO VÀ SỰ KIỆN VĨ EVENT","0867812456
","3703325857
"
"CÔNG TY TNHH MAY MẶC PHÁT ĐẠT VINA","0986256463
","3703326000
"
"CÔNG TY TNHH TM DV VẬN CHUYỂN HÀ NGA","0944765865
","3703325920
"
"CÔNG TY TNHH PROLIFT LOGISTICS","0949228786
","3703325906
"
"CÔNG TY TNHH ĐỒNG THUẬN PHÁT TRIỂN","0705525773
","3703325889
"
"CÔNG TY TNHH THIẾT BỊ Y TẾ LÊ PHƯƠNG","0528040833
","3703326032
"
"CÔNG TY TNHH THƯƠNG MẠI DỊCH VỤ XÂY DỰNG SHENG JI (VIỆT NAM)","0989936538
","3703325896
"
"CÔNG TY TNHH VINMIK VIỆT NAM","0966813559
","3703325871
"
"CÔNG TY TNHH TMDV QUÁCH PHƯƠNG QN","0942524735
","3703325832
"
"CÔNG TY TNHH TMDV TRÁNG MINH","0942521334
","3703325790
"
"CÔNG TY TNHH TM DV DU LỊCH TÂM ĐAN CAR","0775930195
","3703325776
"
"CÔNG TY TNHH THƯƠNG MẠI TRADE EXCHANGE","0362925545
","3703325737
"
"CÔNG TY TNHH NỘI THẤT ĐIỀN THANH","0965198880
","3703325864
"
"CÔNG TY TNHH THƯƠNG MẠI DỊCH VỤ SINH PHÁT","0564297214
","3703325695
"
"CÔNG TY TNHH TMDV KINH DOANH MỘNG KIỀU","0782443437
","3703325712
"
"CÔNG TY TNHH THƯƠNG MẠI GAS PHƯỚC HƯNG","0988561309
","3703325825
"
"CÔNG TY TNHH TAM LẬP VIỆT NAM","0352560831
","3703325783
"
"CÔNG TY TNHH KHUÔN MẪU CHANGLONG (VIỆT NAM)","0908777070
","3703325769
"
"CÔNG TY TNHH TMDV MAI ANH DŨNG","0793322859
","3703325751
"
"CÔNG TY TNHH HAO MING","02743990200
","3703325744
"
"CÔNG TY TNHH XIN JIN FENG","02743990200
","3703325705
"
"CÔNG TY TNHH ALUMINUM NEW STAR (NỘP HỘ NTNN)","0944664968
","3703325818
"
"CÔNG TY TNHH KINH DOANH THƯƠNG MẠI TNP","0909808620
","3703325800
"
"CÔNG TY TNHH GIẢI TRÍ FIVEMAN","0988266577
","3703325416
"
"CÔNG TY TNHH TM-DV QUỐC TẾ WYNN","0779064223
","3703325374
"
"CÔNG TY TNHH MTV IN YE VIỆT NAM","0919987685
","3703325670
"
"CÔNG TY TNHH CƠ ĐIỆN SCTECH","0773597210
","3703325663
"
"CÔNG TY TNHH TÂM PHÁT BÌNH DƯƠNG","0965646429
","3703325656
"
"CÔNG TY TNHH MTV GIẢI PHÁP TUTECH","0867266557
","3703325568
"
"CÔNG TY TNHH GROUP SACOVET","0878227227
","3703325575
"
"CÔNG TY TNHH SẢN PHẨM NHỰA ĐỈNH HỒNG HÂM THỤY","8613532353600
","3703325487
"
"CÔNG TY TNHH TMDV THU LAN COMMERIAL","0792425914
","3703325688
"
"CÔNG TY TNHH VIỆT THÁI VIỆT NAM","096367599
","3703325582
"
"CÔNG TY TNHH VĂN PHÒNG PHẨM BẮC TÂN UYÊN","0966753364
","3703325649
"
"CÔNG TY TNHH VẬT LIỆU MỚI WANRONG VIỆT NAM","0388196559
","3703325631
"
"CÔNG TY TNHH GỖ XIN KE","0973997053
","3703325624
"
"CÔNG TY TNHH CYNET","0559396186
","3703325543
"
"CÔNG TY TNHH THƯƠNG MẠI DỊCH VỤ-VẬN TẢI DƯ GIAI PHÁT","0396236844
","3703325342
"
"CÔNG TY TNHH DING SU","0374886720
","3703325617
"
"CÔNG TY TNHH TƯ VẤN & GIẢI PHÁP ESD","0967531261
","3703325550
"
"CÔNG TY TNHH XUẤT NHẬP KHẨU QUẢNG CHÂU KAITONG","0915715358
","3703325529
"
"CÔNG TY TNHH HTD TÂM GIA PHÚC","0903924149
","3703325511
"
"CÔNG TY TNHH QDT TC ELIOT GARDEN","0569765028
","3703325310
"
"CÔNG TY TNHH MỘT THÀNH VIÊN GIÀY VIỆT AN","02743777983
","3703325279
"
"CÔNG TY TNHH SẢN XUẤT THƯƠNG MẠI HOUSEWARE PLASTIC","0899483665
","3703325261
"
"CÔNG TY TNHH HAYDAY SERVICE","0896436805
","3703325254
"
"CÔNG TY TNHH KINH DOANH TỔNG HỢP LÂM HIỀN","0563512366
","3703325462
"
"CÔNG TY TNHH SẢN XUẤT THƯƠNG MẠI XUẤT NHẬP KHẨU KUSANA ASIA","0939166365
","3703325455
"
"CÔNG TY TNHH DỊCH VỤ PHÁT TRIỂN TRƯƠNG TÀI","0563323847
","3703325448
"
"CÔNG TY TNHH VẬN TẢI HÀNG HÓA TẤN ANH","0779330746
","3703325430
"
"CÔNG TY TNHH TM & DV HỒNG MINH HD","0563782890
","3703325409
"
"CÔNG TY TNHH KINH DOANH ĐẦU TƯ TRỊNH TUÂN VN","0562461505
","3703325399
"
"CÔNG TY TNHH ĐẦU TƯ VÀ PHÁT TRIỂN TUÂN NGÔ","0563821343
","3703325381
"
"CÔNG TY TNHH SẢN XUẤT THƯƠNG MẠI VIỆT NHẬT DOOR","0901575979
","3703325494
"
"CÔNG TY CỔ PHẦN KẾT CẤU THÉP TIẾN PHÁT TB","0949856539
","3703325423
"
"CÔNG TY TNHH XÂY DỰNG TẠO NHÂN THÀNH","0375865107
","3703325367
"
"CÔNG TY TNHH TƯ VẤN VIỆC LÀM ĐỨC THÀNH","0337582052
","3703325335
"
"CÔNG TY TNHH TH DAI TIN","0706984063
","3703325286
"
"CÔNG TY TNHH THƯƠNG MẠI DỊCH VỤ BẢO LINH PHÁT","0974372553
","3703325504
"
"CÔNG TY TNHH THƯƠNG MẠI VÀ DỊCH VỤ TLF","0989690193
","3703325328
"
"CÔNG TY TNHH MÔI TRƯỜNG ĐÔNG TRƯỜNG XANH","0973620073
","3703325303
"
"CÔNG TY TNHH ÁI HOÀNG PHÚC VINH","0899303001
","3703325293
"
"CÔNG TY TNHH SAFETY FOOD BÌNH DƯƠNG","0932217979
","3703325247
"
"CÔNG TY TNHH TM XD VẬN TẢI QUANG MINH","0564804815
","3703325222
"
"CÔNG TY TNHH THƯƠNG MẠI DỊCH VỤ DILY","0776552319
","3703325215
"
"CÔNG TY TNHH THIÊN PHÚC CHUNG","0978671078
","3703325208
"
"CÔNG TY TNHH VẬT LIỆU XÂY DỰNG THƯỜNG TÂN","09013288332
","3703325046
"
"CÔNG TY TNHH NỘI THẤT PHÚC NGỌC HÂN","0559063939
","3703325060
"
"CÔNG TY TNHH KHÔI HOÀN","0988001406
","3703325159
"
"CÔNG TY TNHH MTV NHÀ HÀNG PHÚC HẢI","0329354717
","3703325102
"
"CÔNG TY TNHH TRANG TRÍ NỘI THẤT & SPA TÀI LỘC THÀNH PHÁT","0972931572
","3703325053
"
"CÔNG TY TNHH TM DV MINH HUY PHÁT","0935809888
","3703325007
"
"CÔNG TY TNHH TAIYUAN VIỆT NAM","0908415872709083665
","3703324980
"
"CÔNG TY TNHH SẢN XUẤT GỖ THU PHÁT","0967452644
","3703325198
"
"CÔNG TY TNHH REAL VIO","0918349536
","3703325180
"
"CÔNG TY TNHH VẬT LIỆU MỚI VẠN BANG VIỆT NAM","02743777365
","3703325173
"
"CÔNG TY TNHH TMDV VÕ HOA PHÁT","0978423543
","3703325166
"
"TÒA ÁN NHÂN DÂN THÀNH PHỐ THUẬN AN","02743743178
","3703325134
"
"CÔNG TY TNHH SẢN XUẤT BAO BÌ NGUYỄN HƯỜNG","0969524665
","3703325127
"
"CÔNG TY TNHH TMDV DUNG PHÁT VN","0968451643
","3703325092
"
"CÔNG TY TNHH MTV MINH TÚ ANH","0797800001
","3703325085
"
"CÔNG TY TNHH TMDV THÉP THIÊN PHÚ","090238558602746
","3703325078
"
"CÔNG TY TNHH XÂY DỰNG VẬN TẢI HOÀNG HÀ VN","0899147622
","3703325021
"
"CÔNG TY TNHH THƯƠNG MẠI DỊCH VỤ ĐÌNH GIÀU","0899272597
","3703324998
"
"CÔNG TY TNHH CƠ KHÍ THÀNH CÔNG PX","0865672228
","3703324966
"
"CÔNG TY TRÁCH NHIỆM HỮU HẠN NỘI THẤT HÒA LỘC PHÁT","0935977313
","3703324959
"
"CÔNG TY TNHH THƯƠNG MẠI DỊCH VỤ NGŨ KIM YIXIN VIỆT NAM","0378741160
","3703324941
"
"CÔNG TY TNHH THƯƠNG MẠI KẾ HOẠCH TAIYI","0862315318
","3703324934
"
"CÔNG TY TNHH KỸ THUẬT THÔNG GIÓ HL VIỆT NAM","0937065408
","3703324902
"
"CÔNG TY TNHH KINH DOANH VẬT LIỆU XÂY DỰNG VÀ DỊCH VỤ YÊN LÊ","0963545020
","3703324885
"
"CÔNG TY TNHH TMDV GIANG TRỌNG BÌNH","0917021088
","3703324726
"
"CÔNG TY TNHH CÔNG NGHỆ NHỰA MĨ TINH VIỆT NAM","0378941300
","3703324719
"
"CÔNG TY TNHH NLMT TOÀN CẦU","0898490103
","3703324927
"
"CÔNG TY TNHH MTV DỊCH VỤ VẬN TẢI HƯNG THỊNH PHÁT","0567567999
","3703324878
"
"CÔNG TY TNHH THƯƠNG MẠI VLXD VÀ NỘI THẤT HOÀNG ĐÌNH","0911144094
","3703325039
"
"CÔNG TY TNHH TMDV QUẢNG CÁO VÀ TRUYỀN THÔNG HOA SAO","0857811034
","3703325014
"
"CÔNG TY TNHH CÔNG NGHỆ BAO BÌ VÀNG VIỆT NAM","0886856299
","3703324973
"
"CÔNG TY TNHH VIỆT NAM ZHONGBO","0967165518
","3703324839
"
"CÔNG TY TNHH BĐS TRIỆU PHÚ LAND","0919105206
","3703324500
"
"CÔNG TY TNHH DT BIBO","0901483706
","3703324860
"
"CÔNG TY TNHH VLXD & TTNT HÒA BÌNH","0357471707
","3703324853
"
"CÔNG TY TNHH CÔNG NGHỆ DL VN","0855360705
","3703324846
"
"CÔNG TY TNHH SỬU LƯU HƯƠNG","0369102985
","3703324821
"
"CÔNG TY TNHH STC HÂN AN","0935103186
","3703324490
"
"CÔNG TY TNHH MÁY VÀ TỰ ĐỘNG HÓA VIỆT DŨNG","0365518817
","3703324772
"
"CÔNG TY TNHH TMDV KỸ THUẬT ĐIỆN LẠNH BẢO PHÁT","0974328280
","3703324807
"
"CÔNG TY TNHH PCCC QUANG LINH","0348425789
","3703324765
"
"CÔNG TY TNHH THƯƠNG MẠI DỊCH VỤ VẬN TẢI DU LỊCH A SÁI","0376763337
","3703324758
"
"CÔNG TY TNHH VẬT LIỆU MỚI TAISHI (VIỆT NAM)","0978289502
","3703324740
"
"CÔNG TY TNHH COMPO EXPERT GMBH","0824235453
","3703324733
"
"CÔNG TY TNHH CÔNG NGHỆ TRUNG VƯỢNG","05593346739
","3703324814
"
"CÔNG TY TNHH ĐẦU TƯ XÂY DỰNG THÁI DƯƠNG LAND","0905606161
","3703324797
"
"CÔNG TY TNHH KỸ THUẬT XÂY DỰNG & THƯƠNG MẠI VGE","0946867678
","3703324483
"
"CÔNG TY TNHH ĐẦU TƯ BẤT ĐỘNG SẢN VAST PROFOUND","0903757930
","3703324476
"
"CÔNG TY TNHH ĐỒ THỂ THAO HONGKUN","0962056710
","3703324148
"
"CÔNG TY TNHH KIẾN TRÚC XÂY DỰNG PHÚC VINH VIỆT NAM","0931982889
","3703324116
"
"CÔNG TY TNHH SẢN XUẤT THƯƠNG MẠI DỊCH VỤ PHÚ HƯNG VIỆT NAM","0865933949
","3703324701
"
"CÔNG TY TNHH XÂY DỰNG HUỲNH THÀNH","0901798387
","3703324691
"
"CÔNG TY TNHH DỊCH VỤ VTAX SOLUTIONS","0937406906
","3703324684
"
"CÔNG TY TNHH THỰC PHẨM MTV PHÚC ĐẠT","0973277349
","3703324652
"
"CÔNG TY TNHH DỊCH VỤ NINH HƯƠNG","0935245799
","3703324638
"
"CÔNG TY TNHH TT & PT","0338120735
","3703324613
"
"CÔNG TY TNHH THƯƠNG MẠI LBR VN","0890804683
","3703324596
"
"CÔNG TY TNHH THƯƠNG MẠI DỊCH VỤ CON ĐƯỜNG NHỎ","0909767531
","370332451
"
"CÔNG TY TNHH TRANG TRÍ NHÀ BẾP RITA","0902468703
","3703324395
"
"CÔNG TY TNHH DANG CHANG","0336568756
","370332421
"
"CÔNG TY TNHH TM DV CÔNG NGHỆ TCC","0358934228
","3703324204
"
"CÔNG TY TNHH SẢN XUẤT THƯƠNG MẠI BẢO LUÂN VIỆT NAM","0963592311
","3703324194
"
"CÔNG TY TNHH NGỌC HOÀNG VƯƠNG","0937962551
","3703324187
"
"CÔNG TY TRÁCH NHIỆM HỮU HẠN GIA HƯNG HOT BIAS MIỀN ĐÔNG","0985189746
","3703324162
"
"CÔNG TY TNHH NỘI THẤT THÔNG MINH YU TONG (VIỆT NAM)","0336080872
","3703324677
"
"CÔNG TY TNHH TMDV ĐỨC HÙNG QUANG PHÁT","0564262265
","3703324645
"
"CÔNG TY TNHH CÔNG NGHIỆP GEOSTAR (VIỆT NAM)","0933925895
","3703324620
"
"CÔNG TY TNHH CƠ KHÍ CHÍNH XÁC T&Q","0964313600
","3703324606
"
"CÔNG TY TNHH ĐẦU TƯ DV VẬN TẢI NHẬT LINH","0902003889
","3703324469
"
"CÔNG TY TNHH NHẬT ANH PHÁT BÌNH DƯƠNG","0985416171
","3703324525
"
"CÔNG TY TNHH TMDV MÁY MÓC MAI TUYẾT PHÁT","0584163392
","3703324589
"
"CÔNG TY TNHH CAO SU TUẤN LÂM","0382605597
","3703324564
"
"CÔNG TY TNHH NHUẦN MỘC","02743639265
","3703324557
"
"CÔNG TY TNHH PRIMEDELIGHT","0387955401
","3703324532
"
"CÔNG TY TNHH CƠ KHÍ THIẾT KẾ XÂY DỰNG ĐỨC MẠNH","0888137777
","3703324518
"
"CÔNG TY TNHH DU LỊCH PEARVIN","0929940696
","3703324405
"
"CÔNG TY TNHH NỘI THẤT HẰNG THÁI","0965670988
","3703324035
"
"CÔNG TY TNHH TOÀN THỊNH PHÁT VN","0938229810
","3703324451
"
"CÔNG TY TNHH INOX TÂM TOÀN THỊNH","0377377999
","3703324437
"
"CÔNG TY TNHH MỘT THÀNH VIÊN DẦU ĂN THUẬN AN","0398689678
","3703324412
"
"CÔNG TY TNHH ĐÀO ĐÔNG","0899102109
","3703324349
"
"CÔNG TY TNHH TM - DV MINH HUỆ TRÍ","0925312019
","3703324324
"
"CÔNG TY TNHH TM SM GỖ TĨNH DƯƠNG","0968197886
","3703324275
"
"CÔNG TY TNHH DỊCH VỤ VẬN TẢI THÀNH PHÁT BÌNH DƯƠNG","0931287577
","3703324250
"
"CÔNG TY TNHH PCCC HOÀNG ANH PHÁT","0868432124
","3703324243
"
"CÔNG TY TNHH THƯƠNG MẠI DỊCH VỤ VẬN TẢI MẠNH THẮNG PHÁT","0979997449
","3703324155
"
"CÔNG TY TNHH THƯƠNG MẠI DỊCH VỤ ROTARY ĐỨC MINH","0981864412
","3703324130
"
"HỢP TÁC XÃ HUỲNH GIA","0931812281
","3703324123
"
"CÔNG TY TNHH BẢO VY XANH","09799032057
","3703324109
"
"CÔNG TY TNHH SAGI MEDIA","0989466148
","3703324099
"
"CÔNG TY TNHH THƯƠNG MẠI DỊCH VỤ LẠI GIANG PHÁT","0987020320
","3703324081
"
"CÔNG TY TNHH ĐỨC ANH MOTOR","0984505045
","3703324067
"
"CÔNG TY TNHH TM DV KỸ THUẬT- CÔNG NGHỆ CƠ ĐIỆN LẠNH A TIẾN","0984501415
","3703324028
"
"CÔNG TY TNHH THƯƠNG MẠI VÀ DỊCH VỤ HUY VẠN PHÁT","0348934415
","3703323962
"
"CÔNG TY CP THƯƠNG MẠI AZ FOOD","0985781538
","3703324074
"
"CÔNG TY TNHH VẬT LIỆU MỚI KWING VIỆT NAM","0909740518
","3703324331
"
"CÔNG TY TNHH HUAYAO","0966342103
","3703324003
"
"CÔNG TY TNHH TM XD ĐỨC CHINH","0928531131
","3703323994
"
"CÔNG TY TNHH SX TM XNK ĐỨC PHONG","0775915641
","3703324444
"
"CÔNG TY TNHH TM - DV TRÍ HƯƠNG","0773128216
","3703324388
"
"CÔNG TY TNHH TMDV XNK THU PHƯỢNG","0584274330
","3703324370
"
"CÔNG TY TNHH TMDV THẢO MAI PHÁT","0588212597
","3703324363
"
"CÔNG TY TNHH DV NHẬT PHONG LÂM","0589479100
","3703324356
"
"CÔNG TY TNHH CAO SU MINH NGHĨA","0354980781
","3703324317
"
"CÔNG TY TNHH TMDV VẬN TẢI HÀNG HÓA BẮC Á VIỆT","0588449626
","3703324282
"
"CÔNG TY TNHH EXPERIENCE TRAVEL","077721799
","3703323987
"
"CÔNG TY TNHH XDVT NGỌC PHÚ SKY","0896346708
","3703323955
"
"CÔNG TY TNHH TM-DV LÂM ĐẠT BD","0397930445
","3703323948
"
"CÔNG TY TNHH BAO BÌ XINJIA (VIỆT NAM)","0367443015
","3703324042
"
"CÔNG TY TNHH TMDV XD VÀ VẬN CHUYỂN DƯƠNG HỒNG","0898388709
","3703324010
"
"CÔNG TY TNHH TMDV XUÂN QUỲNH","0567607662
","3703323930
"
"CÔNG TY TNHH SUNG SHIN SOLUTION (VIỆTNAM) (NỘP HỘ NTNN)","886422712711
","3703324236
"
"CÔNG TY TNHH THÀNH HỒNG (NỘP HỘ NTNN)","84903803100
","3703324229
"
"CÔNG TY TNHH TM DV TV NAM KHÁNH","0976387246
","3703323923
"
"CÔNG TY TNHH THƯƠNG MẠI DỊCH VỤ NAM THƯƠNG","0909567231
","370332396
"
"CÔNG TY CỔ PHẦN SÂM NGOC LINH NOÀNG SÂM DÂN BÙI XỨ NẪU","0963873777
","3703323909
"
"CÔNG TY TNHH THƯƠNG MẠI VẬN TẢI LÊ ANH","02743728746
","3703323867
"
"CÔNG TY TNHH MỘT THÀNH VIÊN NGÂN ĐÌNH","098270519
","3703323899
"
"CÔNG TY TNHH DỊCH VỤ NHÀ HÀNG ĂN UỐNG ANH EM","0966748219
","3703323881
"
"CÔNG TY TNHH XUẤT NHẬP KHẨU HOA MỘC LINH","0889493139
","3703323874
"
"CÔNG TY TNHH MTV XNK ĐỖ HIỀN","0928536530
","3703323842
"
"CÔNG TY TNHH NHÂN LỰC VÀNG","0967004599
","3703323835
"
"CÔNG TY TNHH STELLAR HORIZON","0325519841
","3703323828
"
"CÔNG TY TNHH NEXAI","0845337899
","3703323810
"
"CÔNG TY TNHH THƯƠNG MẠI VÀ DỊCH VỤ DŨNG THÀNH LỘC","0867567558
","3703323666
"
"CÔNG TY TNHH MỘT THÀNH VIÊN THƯƠNG MẠI DỊCH VỤ THIÊN HOÀNG PHƯƠNG","0976020400
","3703323602
"
"CÔNG TY TNHH TC TEAM","0868489895
","3703323592
"
"CÔNG TY TNHH QTT TẤM LÒNG NHÂN ÁI","0366258297
","3703323539
"
"CÔNG TY TNHH HỮU TÀI PHÁT","097930081
","3703323507
"
"CÔNG TY TNHH HOÀNG PHƯỚC AN","0974710027
","3703323779
"
"CÔNG TY TNHH THƯƠNG MẠI DỊCH VỤ CÁT HƯNG","0909039456
","3703323578
"
"CÔNG TY TNHH THƯƠNG MẠI VÀ ĐẦU TƯ XUẤT NHẬP KHẨU HOÀNG NAM","0819677979
","3703323761
"
"CÔNG TY TNHH CÔNG NGHỆ AOTONG","0868092633
","3703323546
"
"CÔNG TY TNHH VĂN PHÒNG PHẨM LÊ MINH","0963327595
","3703323747
"
"CÔNG TY TNHH YUAN JU INDUSTRIAL","886426811321
","3703323553
"
"CÔNG TY TNHH TMDV THÙY LINH HOUSE","0932187457
","3703323634
"
"CÔNG TY TNHH THƯƠNG MẠI DỊCH VỤ NHỰT HOÀNG MEKONG","0706394450
","3703323803
"
"CÔNG TY TNHH HOÀNG NGỌC TIỆP","0329300400
","3703323793
"
"CÔNG TY TNHH THANH HOÀNG LINH","0355541741
","3703323786
"
"CÔNG TY TNHH THỜI TRANG FAMILY","0333439437
","3703323754
"
"CÔNG TY TNHH TRƯƠNG HOÀNG THẮNG","0348415215
","3703323722
"
"CÔNG TY TNHH BAO BÌ GIẤY VIỆT ANH NGUYỄN","0942103258
","3703323715
"
"CÔNG TY TNHH BAO BÌ GIẤY THÙY LINH VT","090658579
","3703323708
"
"CÔNG TY TNHH BAO BÌ GIẤY TRƯƠNG MỪNG BD","0903168942
","3703323698
"
"CÔNG TY TNHH BAO BÌ GIẤY VĂN BÌNH TD","0968993109
","3703323680
"
"CÔNG TY TNHH TMDV VĂN NGHIỆP AD","0989481166
","3703323673
"
"CÔNG TY TNHH TMDV CÔNG THÀNH ND","0387875848
","3703323659
"
"CÔNG TY TNHH TMDV VĂN THƯ 82","0387565949
","3703323641
"
"CÔNG TY TNHH NGUYỄN BÁ VÂN","0329574740
","3703323627
"
"CÔNG TY TNHH TMDV VŨ SÂM HG","0902994038
","3703323560
"
"CÔNG TY TNHH TMDV XUÂN TÙNG CAO","0932241447
","3703323521
"
"CÔNG TY TNHH TMDV HẰNG THU LÊ","0777193748
","3703323514
"
"CÔNG TY TNHH TMDV AN SIÊU","0915638321
","3703323585
"
"CÔNG TY TNHH VẬT LIỆU GIÀY LIANXIONG VIỆT NAM","0342470778
","3703323497
"
"CÔNG TY TNHH THƯƠNG MẠI VÀ DỊCH VỤ ĐẠI ĐỒNG PHÁT","0963139680
","3703323472
"
"CÔNG TY TRÁCH NHIỆM HỮU HẠN CÔNG TY TNHH MỘT THÀNH VIÊN TƯ VẤN XÂY DỰNG THƯƠNG MẠI ĐẠI KHÊ THUỶ","09133997980919839
","3703323465
"
"CÔNG TY TNHH SC BASTIA","0877580089
","3703323458
"
"CÔNG TY TNHH THƯƠNG MẠI DỊCH VỤ ĐIỆN LẠNH LIÊN HƯNG","0939036008
","3703323440
"
"CÔNG TY TNHH MỸ THUẬT ĐỒNG ĐỈNH THIÊNG","09032198520
","3703323433
"
"CÔNG TY TNHH MẠNG TECH MART","0584624875
","3703323426
"
"CÔNG TY TNHH CƠ KHÍ MH","097392299
","3703323419
"
"CÔNG TY TNHH TM DV TỔ CHỨC SỰ KIỆN THOẠI TÂN","0825706999
","3703323401
"
"CÔNG TY TNHH TM & DỊCH VỤ VẬN TẢI ĐẠI CÁT","0369739749
","3703323301
"
"CÔNG TY TNHH NỘI THẤT VMA","0943504555
","3703323384
"
"CÔNG TY TNHH SẢN XUẤT THƯƠNG MẠI VÀ DỊCH VỤ CÔNG NGHỆ KỸ THUẬT ĐIỆN NEVOLTAIC","0989919898
","3703323377
"
"CÔNG TY TNHH PHÁT TRIỂN CÔNG NGHỆ QIXIN VIỆT NAM","0983228732
","3703323352
"
"CÔNG TY TNHH TM DV XNK HOÀNG GIA PHÚ","0921525833
","3703323232
"
"CÔNG TY TNHH VŨ KHÔI STONE","0849888802
","3703323200
"
"CÔNG TY TNHH KD MAILISA","0779496216
","3703323176
"
"CÔNG TY CỔ PHẦN THƯƠNG MẠI DỊCH VỤ AMANDA LAND","094671161
","3703323024
"
"CÔNG TY TNHH KỸ THUẬT XANH AN LC","097757496
","3703323144
"
"CÔNG TY TNHH BẰNG THIÊN THIÊN","0384822807
","3703323137
"
"CÔNG TY TNHH SUẤT ĂN CÔNG NGHIỆP MAI ANH","0911617005
","3703323112
"
"CÔNG TY TNHH BÁNH KẸO KIỀU LOAN","0918237095
","3703323095
"
"CÔNG TY TNHH VĂN ĐEN BLACK","0332445955
","3703323105
"
"CÔNG TY TNHH CÔNG NGHỆ THÔNG MINH VỸ THÀNH","0327468689
","3703323088
"
"CÔNG TY TNHH VIỆT HÀ PHÁT VN","0528220158
","3703323306
"
"CÔNG TY TNHH CHẾ BIẾN GỖ CHANH THƯƠNG","0564287069
","3703323296
"
"CÔNG TY TNHH SẢN XUẤT BAO BÌ TUẤN HẢI","0585027426
","3703323289
"
"CÔNG TY TNHH KỸ THUẬT ĐIỆN - TỰ ĐỘNG HÓA HOÀNG ĐẠT","0368303628
","3703323345
"
"CÔNG TY TNHH MTV TM DV PHÚC VƯỢNG KHANG","0974550616
","3703323320
"
"CÔNG TY TNHH WAN SHENG (BÌNH DƯƠNG, VIỆT NAM)","0907618836
","3703323313
"
"CÔNG TY TNHH CARPLA SERVICE ĐÔNG NAM BỘ","0908318306
","3703323271
"
"CÔNG TY TNHH TMDV ĐỨC ĐẠT BD","0983997136
","3703323264
"
"CÔNG TY TNHH GIÁO DỤC KỸ NĂNG SỐNG KIDWORLD","0707221337
","3703323257
"
"CÔNG TY TNHH THƯƠNG MẠI VÀ DỊCH VỤ ĐÀO TRỌNG KIÊN","0915041009
","3703323225
"
"CÔNG TY TNHH COLINK SOLUTIONS","0902341743
","3703323218
"
"CÔNG TY TNHH ĐỒ GỖ VẠN TRƯỜNG PHÁT","0941638688
","3703323190
"
"CÔNG TY TNHH TMDV VN OIL CENTRE 6","0919100618
","3703323183
"
"CÔNG TY TNHH ĐẦU TƯ THƯƠNG MẠI VÀ PHÁT TRIỂN CƠ KHÍ ĐÔNG ANH","0974388840
","3703323169
"
"CÔNG TY TNHH VIỆT HUỲNH LÊ","0586561982
","3703323151
"
"CÔNG TY TNHH CÔNG NGHỆ BAICHUAN","0965858990
","3703323017
"
"CÔNG TY TNHH NATURE MAX NUTRITION VIỆT NAM (NỘP THAY NTNN)","0346918122
","3703323338
"
"CÔNG TY TNHH VI TÍNH CÔNG NGHỆ LINH PHÁT LỢI","0937342446
","3703323070
"
"CÔNG TY TNHH THƯƠNG MẠI - NỘI THẤT - XÂY DỰNG ĐẠI NGHĨA CONSTRUCTION","0987867525
","3703323056
"
"CÔNG TY TNHH CÔNG NGHỆ KỸ THUẬT SỐ SHIZHIQIAN VIỆT NAM","0919812232
","3703323049
"
"CÔNG TY TNHH CƠ KHÍ XÂY DỰNG ĐẠI HẢI PHÁT","0785505518
","3703322694
"
"CÔNG TY TNHH MTV HÀO HÙNG PHÁT","0366009996
","3703322662
"
"CÔNG TY TNHH DIỆU HIỀN TELECOM","0989625989
","3703323063
"
"CÔNG TY TNHH CÔNG NGHỆ VÀ GIÁO DỤC PHƯƠNG THẢO","0943354933
","3703323031
"
"CÔNG TY TNHH DỊCH VỤ CƠ KHÍ XÂY DỰNG THIÊN LỘC","0941021679
","3703322687
"
"CÔNG TY TNHH MAY HOÀNG KHOA","0345144465
","3703322990
"
"CÔNG TY TNHH DRAGON PEARL INTERIOR","0973787120
","3703322969
"
"CÔNG TY TNHH THƯƠNG MẠI LINZ","8613600190589
","3703322729
"
"CÔNG TY TNHH XTEND VINA","0903038406
","370332211
"
"CÔNG TY TNHH SD GO","0981950946
","3703322888
"
"CÔNG TY TNHH QTT THẮP SÁNG ƯỚC MƠ","0338808051
","3703322623
"
"CÔNG TY TNHH VIETGLOBAL TRAVEL","0965749876
","3703322616
"
"CÔNG TY TNHH QDTT VEAVTV","0827099016
","3703322609
"
"CÔNG TY TNHH THƯƠNG MẠI DU LỊCH VIETSUN TOURIST VN","0908333080
","3703322599
"
"CÔNG TY TNHH TM DV QUỐC TẾ RK ROYAL","0898462798
","3703322542
"
"CÔNG TY TNHH CERALANDCO","0889288585
","3703322951
"
"CÔNG TY TNHH KỸ THUẬT VÀ XÂY DỰNG CHUNG DŨNG","0376065487
","3703322944
"
"CÔNG TY TNHH SINH PHÚC LỘC DECOR","0917248639
","3703322895
"
"CÔNG TY TNHH VĂN ĐẠT EASTWARD","0332445952
","3703322856
"
"CÔNG TY TNHH ATZ VN","0937433514
","3703322849
"
"CÔNG TY TNHH LOTUS NGỌC LIÊN","0332445959
","3703322831
"
"CÔNG TY TNHH NGỌC GIÀU TREASURE","0332445951
","3703322976
"
"CÔNG TY TNHH GIA CÔNG SẢN XUẤT CƠ KHÍ CHÍNH XÁC CNC 5S","0369989739
","3703322581
"
"CÔNG TY TNHH MỘT THÀNH VIÊN BÌNH DƯƠNG TOUR","0869268971
","3703322567
"
"CÔNG TY TNHH TM-DV-XNK HOÀNG LONG PHÁT","0586666968
","3703322574
"
"CÔNG TY TNHH MTV THƯƠNG MẠI DỊCH VỤ GIANG THẢO ABS","0896141884
","3703322937
"
"CÔNG TY TNHH NGŨ KIM METAL STAR","0945384122
","3703322983
"
"CÔNG TY TRÁCH NHIỆM HỮU HẠN THƯƠNG MẠI DỊCH VỤ DƯƠNG KHANG","0933120936
","3703322863
"
"CÔNG TY TNHH TM-DV XNK NÔNG SẢN TUYẾT MAI","0899293547
","3703322912
"
"CÔNG TY TNHH TMDV VÕ CHÍ PHÁT","0903706209
","3703322824
"
"CÔNG TY CỔ PHẦN MÔI TRƯỜNG AN BÌNH XANH","0973487777
","3703322768
"
"CÔNG TY TNHH TMDV OPEC","0375095630
","3703322750
"
"CÔNG TY TNHH HỒNG VIÊN THÔNG","097432359
","3703322905
"
"CÔNG TY TNHH THƯƠNG MẠI DỊCH VỤ VẬN TẢI NAM VƯƠNG PHÚC","0369934522
","3703322870
"
"CÔNG TY TNHH SẢN XUẤT - THƯƠNG MẠI DIỆP CHI","0988222637
","3703322486
"
"CÔNG TY TNHH CÁT ANH PHÁT","0933667577
","3703322743
"
"CÔNG TY TNHH XÂY DỰNG THƯƠNG MẠI THIẾT KẾ NỘI THẤT TRUNG ANH","0913692124
","3703322775
"
"CÔNG TY CỔ PHẦN GIẢI PHÁP XÂY DỰNG XANH TDH (NỘP THAY NTNN)","0988897997
","3703322817
"
"CÔNG TY TNHH VẬT TƯ KC (NỘP THAY NTNN)","0988565850
","3703322782
"
"CÔNG TY TNHH TM HA LINH","0934644201
","3703322736
"
"CÔNG TY TNHH THƯƠNG MẠI QUỐC TẾ MANDALA","027436551717
","3703322704
"
"CÔNG TY TNHH TMDV CẨM HỒNG PHÁT","0528220158
","3703322655
"
"CÔNG TY TNHH MAY KHÁNH SƠN PHÁT","0907335284
","3703322648
"
"CÔNG TY TNHH SẢN XUẤT NGHIÊN CỨU MÙA XUÂN","0389616500
","3703322528
"
"CÔNG TY TRÁCH NHIỆM HỮU HẠN THƯƠNG MẠI DỊCH VỤ KỸ THUẬT PHÚ PHONG","0975978442
","3703322380
"
"CÔNG TY TNHH INFINITE WEALTH INTERNATIONAL","0911842633
","3703322510
"
"CÔNG TY TNHH SẢN XUẤT-THƯƠNG MẠI-XÂY DỰNG UY LONG WINDOWS","088600323390786003
","3703322415
"
"CÔNG TY TNHH IN ẤN QUẾ HƯƠNG","0564262265
","3703322535
"
"CÔNG TY TNHH PP THƯƠNG MẠI ĐẠI DƯƠNG","0396518257
","3703322503
"
"CÔNG TY TNHH HÓA CHẤT THÙY TIÊN","0564287069
","3703322493
"
"CÔNG TY TNHH GIAO NHẬN VẬN TẢI PHƯỚC QUÝ","0374933379
","3703322479
"
"CÔNG TY TNHH ĐIỆN NƯỚC HOÀNG PHÁT","0968280598
","3703322461
"
"CÔNG TY TNHH MÁY MÓC THIẾT BỊ KIỀU NGUYỆT","0792425914
","3703322454
"
"CÔNG TY TNHH ÁNH HOA PHÁT","0563321993
","3703322630
"
"CÔNG TY TNHH QUẢNG CÁO TRUYỀN THÔNG ĐINH HƯNG","0768937217
","3703322140
"
"CÔNG TY TNHH ĐẦU TƯ XÂY DỰNG THIÊN MINH THỦY","0975881775
","3703322133
"
"CÔNG TY TNHH LƯU TRỮ PNG","0765690271
","3703322126
"
"CÔNG TY TNHH SUẤT ĂN CÔNG NGHIỆP HOÀNG ĐẠI PHÁT","0917251073
","3703322119
"
"CÔNG TY TNHH SOFA ĐĂNG QUANG","0355400905
","3703322101
"
"CÔNG TY TNHH NHÀ HÀNG KHÁCH SẠN MINH KHA","0782443437
","3703322090
"
"CÔNG TY TNHH ĐẦU TƯ VÀ XÂY DỰNG LETEC","0908061391
","3703322084
"
"CÔNG TY TNHH THƯƠNG MẠI LIÊN HỢP ĐÔNG PHƯƠNG","0372125329
","3703322214
"
"CÔNG TY TNHH SẢN XUẤT VÁN THIÊN HÀ THUẬN","0965007707
","3703322197
"
"CÔNG TY TNHH TƯ VẤN VÀ ĐÀO TẠO A HIÊN","0708291449
","3703322045
"
"CÔNG TY TRÁCH NHIỆM HỮU HẠN MỘT THÀNH VIÊN KINH TẾ - LUẬT","0888181616
","3703322221
"
"CÔNG TY TNHH TM DV XD PHƯỚC THỊNH","0987978796
","3703322292
"
"CÔNG TY TNHH TM DV MINH KHÁNH PHÁT","0937839476
","3703322253
"
"CÔNG TY TNHH THIẾT KẾ XÂY DỰNG VÀ TRANG TRÍ NỘI THẤT DLB","0906950301
","3703322246
"
"CÔNG TY TNHH THƯƠNG MẠI PHƯƠNG BẢO LINH","0965467209
","3703322006
"
"CÔNG TY TNHH BẢO VỆ - VỆ SĨ BÌNH YÊN 89","0921189189
","3703322207
"
"CÔNG TY TNHH THƯƠNG MẠI DỊCH VỤ SẢN XUẤT THÀNH DUY","0394786617
","3703322260
"
"CÔNG TY TNHH VN TRƯỜNG NHẬT HOÀNG","0338463982
","3703322408
"
"CÔNG TY TNHH XÂY DỰNG NGỌC CẦN","0567607662
","3703322359
"
"CÔNG TY TNHH DỊCH VỤ THƯƠNG MẠI THƯ BLUE HAI","0987199377
","3703322341
"
"CÔNG TY TNHH ĐẦU TƯ THƯƠNG MẠI DỊCH VỤ THÀNH TÀI","0939154929
","3703322334
"
"CÔNG TY TNHH LƯU UYÊN","0944465165
","3703322302
"
"CÔNG TY TNHH IN ẤN MAI PHƯƠNG PHÁT","0913800698
","3703322278
"
"CÔNG TY TNHH KIM THUẬN TÍN","0397687397
","3703322398
"
"CÔNG TY TNHH TMDV VẬN CHUYỂN HƯNG NAM","076314879
","3703322373
"
"CÔNG TY TNHH THƯƠNG MẠI VÀ DỊCH VỤ TRÍ TÂN","0368248225
","3703322366
"
"CÔNG TY TNHH CÔNG NGHỆ ĐIỆN TỬ D&S VIỆT NAM (NỘP THAY NTNN)","0812006362
","3703322447
"
"CÔNG TY TNHH MING FA VIETNAM (NỘP THAY NTNN)","0274366977080274702743839920
","3703322422
"
"CÔNG TY TNHH CHÍNH XÁC YOSHITA VIỆT NAM (NỘP THAY NTNN)","02743557942
","3703322327
"
"CÔNG TY TNHH THƯƠNG MẠI DỊCH VỤ UYÊN THƯ","0907980779
","3703322172
"
"CÔNG TY TNHH TM DƯƠNG QUANG","0868368646
","3703322165
"
"CÔNG TY TNHH TMDV CÔNG NHẤT","0792425914
","3703322158
"
"CÔNG TY TNHH TMDV ĐINH QUÂN","0793518103
","3703322052
"
"CÔNG TY TNHH ẨM THỰC NHÀ HÀNG KHÁCH SẠN THIÊN HÀ","0793322859
","3703322038
"
"CÔNG TY TNHH TMDV BÁ LUẬN","0772618045
","3703322020
"
"CÔNG TY TNHH CƠ KHÍ CHÍNH XÁC NHƯ MẾN","0966093477
","3703322285
"
"CÔNG TY TNHH CÔNG TY TNHH MỸ PHẨM VAN GULL VIỆT NAM","0812997903
","3703322239
"
"CÔNG TY CỔ PHẦN ĐẦU TƯ XÂY DỰNG HỮU TÀI","0335669922
","3703322077
"
"CÔNG TY TNHH MỸ NGHỆ VIỆT TRUNG PHÁT VIỆT NAM","027436551717
","3703322013
"
"CÔNG TY TNHH PHÁT TRIỀN NÔNG NGHIỆP ANVIES FOOD","0947826688
","3703321997
"
"CÔNG TY TNHH SX TM PHƯƠNG MẠNH AN","0385333665
","3703321933
"
"CÔNG TY TNHH THƯƠNG MẠI DỊCH VỤ TIỀN KIM PHÁT","09633676990973673
","3703321845
"
"CÔNG TY CP ĐẦU TƯ THƯƠNG MẠI DỊCH VỤ VINA GOLD","0907907252
","3703321813
"
"CÔNG TY TNHH THƯƠNG MẠI SẢN XUẤT TỰ ĐỘNG HÓA THIÊN NAM","09461657415
","3703321789
"
"CÔNG TY TNHH TECHNOLOGY TOÀN CẦU","0921277636
","3703321711
"
"BAN QUẢN TRỊ NHÀ CHUNG CƯ COMPASS ONE","0985873000
","3703321884
"
"CÔNG TY TNHH THƯƠNG MẠI DỊCH VỤ ẨM THỰC PHÁT LỘC","0344339986
","3703321595
"
"CÔNG TY CỔ PHẦN XNK THÉP SÀI GÒN","0988665854
","3703321108
"
"CÔNG TY TNHH CÔNG NGHỆ CHÍNH XÁC DOANH HỒNG VIỆT NAM","0933951449
","3703321852
"
"CÔNG TY TNHH PRIME HARDWOOD","0394932035
","3703321806
"
"CÔNG TY TNHH THƯƠNG MẠI DỊCH VỤ GIA NGUYÊN VIỆT NAM","0963173283
","3703321972
"
"CÔNG TY CỔ PHẦN THIẾT BỊ VÀ XÂY LẮP TRÍ TIẾN","098452118
","3703321965
"
"CÔNG TY TNHH THƯƠNG MẠI - DỊCH VỤ - TƯ VẤN SẢN PHẨM THỜI TRANG ĐỨC KHUYÊN","0939547626709797
","3703321958
"
"CÔNG TY TNHH MTV VIỆT THÀNH PHÁT","0347534274
","3703321940
"
"CÔNG TY TNHH TRÍ TÂM LOVE HEART","0332445954
","3703321926
"
"CÔNG TY TNHH GIÁO DỤC LAN CHI","0978290768
","3703321919
"
"CÔNG TY TNHH THƯƠNG MẠI VÀ DỊCH VỤ LÊ HÙNG TL","0931585763
","3703321901
"
"CÔNG TY TNHH THƯƠNG MẠI VÀ DỊCH VỤ TRẦN CƯỜNG VINA","0904977134
","3703321801
"
"CÔNG TY TNHH YZ INTERNATIONAL","886936200879
","3703321877
"
"CÔNG TY TNHH TMDV TRƯỜNG GIANG VINA","0898110243
","3703321838
"
"CÔNG TY TNHH BẰNG LÁI XE AN PHÁT","0888727477
","3703321820
"
"CÔNG TY TNHH DV THIÊN TRUNG","0973904040
","3703321796
"
"CÔNG TY TNHH THƯƠNG MẠI DỊCH VỤ HỮU NHÂN MEDIA","0776961243
","3703321725
"
"CÔNG TY TNHH DỆT ZHONGLIAN","0937172767
","3703321676
"
"CÔNG TY TNHH VLXD VÀ NỘI THẤT HOÀNG ĐÌNH","0911144094
","3703321764
"
"CÔNG TY TNHH MTV HƯNG LONG STONE","0987667576
","3703321757
"
"CÔNG TY TNHH HỒNG QUÂN DIGITAL","0866316317
","3703321732
"
"CÔNG TY TNHH THƯƠNG MẠI DỊCH VỤ XÂY DỰNG ĐẠI PHÁT PHÁT","0769393792
","3703321718
"
"CÔNG TY TNHH AN CÁT THIÊN THÊM PHỤ LIỆU","0946256809
","3703321700
"
"CÔNG TY TNHH THẾ GIỚI MẮT KÍNH","0902881927
","3703321690
"
"CÔNG TY TNHH VỆ SINH ONEBUZ","0932179002
","3703321683
"
"CÔNG TY TNHH 4WHEELS AUTO","0961611021
","3703321669
"
"CÔNG TY TNHH PROCUREMENT EQUIPMENT LLC","0778427015
","3703321651
"
"CÔNG TY TNHH THƯƠNG MẠI VÀ DỊCH VỤ AI YI","0962077710
","3703321644
"
"CÔNG TY TNHH NHA KHOA TÂM ĐỨC SÀI GÒN VÀ CỘNG SỰ","0903671085
","3703321637
"
"CÔNG TY TNHH FLORAL FUSION","0356712722
","3703321612
"
"CÔNG TY TNHH ĐẦU TƯ XÂY DỰNG GIA TRỊNH","0912835765
","3703321605
"
"CÔNG TY TNHH TM VÀ DV HÙNG ANH VN","0985052370
","3703321588
"
"CÔNG TY TNHH GIÁO DỤC TƯƠNG LAI","0948767485
","3703321570
"
"CÔNG TY TNHH THƯƠNG MẠI DỊCH VỤ HOÀNG MINH TECH","0362879429
","3703321115
"
"CÔNG TY TNHH MTV XÂY DỰNG VƯƠNG THỊNH","0775170899
","3703321098
"
"CÔNG TY TNHH TM DV VIỆT HÙNG PHÁT","0922271769
","3703321524
"
"CÔNG TY TNHH TM CƠ KHÍ CHÍNH XÁC MINA","0902345604
","3703321517
"
"CÔNG TY TNHH THƯƠNG MẠI DỊCH VỤ DUY AGENCY","0776747955
","3703321443
"
"CÔNG TY TNHH KỸ THUẬT XÂY DỰNG NQC","093359491
","3703321411
"
"CÔNG TY TNHH LÊ NGUYỄN BẢO AN","0971555479
","3703321556
"
"CÔNG TY TNHH MK GEOTECH","09058489696
","3703321549
"
"CÔNG TY TNHH INOX NAM THÀNH CÔNG","0909787996
","3703321482
"
"CÔNG TY TNHH THIẾT KẾ VÀ TRANG TRÍ NỘI THẤT VĂN THÀNH","0776760809
","3703321475
"
"CÔNG TY TNHH GIA LONG PHÁT PLASTIC","0707216257
","3703321429
"
"CÔNG TY TNHH LTI VINA","0937008180
","3703321394
"
"CÔNG TY TNHH IN ẤN PHƯỚC THỊNH","0792274368
","3703321323
"
"CÔNG TY TNHH ĐÀO TẠO NGHIỆP VỤ TOÀN CẦU KESLAN","0903666638
","3703321316
"
"CÔNG TY TNHH TMDV BIỂU DIỄN LÂN SƯ RỒNG - SỰ KIỆN - HIỀN DŨNG","0937728436
","3703321281
"
"CÔNG TY TNHH MTV SẢN XUẤT THƯƠNG MẠI DỊCH VỤ CƠ KHÍ ĐỨC PHÁT","0843360678
","3703321228
"
"CÔNG TY TNHH GIÀY XIN YI","0946833600
","3703321210
"
"CÔNG TY TNHH CÔNG NGHỆ ĐIỆN TỬ LIBAIYUEJIN","09495495
","3703321203
"
"CÔNG TY TNHH THƯƠNG MẠI DỊCH VỤ TIẾN QUANG SKY","0815250288
","3703321193
"
"CÔNG TY TNHH DỆT MAY TRUNG QUỐC","0865956098
","3703321186
"
"CÔNG TY TNHH MAVIC WOOD","0392190361
","3703321179
"
"CÔNG TY TNHH SUNSEEKER INTELLIGENT TECHNOLOGY VIỆT NAM","0386063782
","3703321147
"
"CÔNG TY TNHH KIM LONG THUẬN AN","0395389724
","3703321122
"
"CÔNG TY TNHH THƯƠNG MẠI ĐẦU TƯ VẬN TẢI TRUNG AN","0583031990
","3703321563
"
"CÔNG TY TNHH TMDV HỒ GIA NGUYỄN","0908414073
","3703321531
"
"CÔNG TY TNHH THƯƠNG MẠI VẬN TẢI THANH HẰNG BD","0763034082
","3703321468
"
"CÔNG TY TNHH MẠNH LAN PHÁT","0961879506
","3703321450
"
"CÔNG TY TNHH SẢN XUẤT GỖ HONG YANG","0966105887
","3703321436
"
"CÔNG TY TNHH ĐẦU TƯ PHÁT TRIỂN GIÁO DỤC THẢO NGUYÊN XANH","0838303681
","3703321404
"
"CÔNG TY TNHH MÁY MÓC THIẾT BỊ JIE LI BA VIỆT NAM","0973805853
","3703321387
"
"CÔNG TY TNHH KINH DOANH THƯƠNG MẠI DỊCH VỤ KIM YẾN","0939154929
","3703321362
"
"CÔNG TY LUẬT TNHH 2A","0934674599
","3703321355
"
"CÔNG TY TNHH TM DV TÂN SƠN THỊNH","0907975747
","3703321330
"
"CÔNG TY TNHH THƯƠNG MẠI DỊCH VỤ LUẬT HÒA VIỆT","0369307633
","3703321309
"
"CÔNG TY TNHH VITALIST PHARMALINK","0335359717
","0318918151
"
"CÔNG TY TNHH QUÂN TÂN VIỆT NAM","0703521768
","3703321299
"
"CÔNG TY TNHH PHÁT TRIỂN THƯƠNG MẠI DỊCH VỤ PHÚC HƯNG THỊNH","0996818996
","3703321274
"
"CÔNG TY TNHH THƯƠNG MẠI DỊCH VỤ VẬN TẢI LÊ KHANG","0909609920
","3703321267
"
"CÔNG TY TNHH NGỌC LIÊN BEAUTY","0332445959
","3703321242
"
"CÔNG TY TNHH DV VT KHÁNH HOÀN KHOA","0937728592
","3703321235
"
"CÔNG TY CỔ PHẦN KIM HƯNG HÙNG CƯỜNG","0913699953
","3703321080
"
,,
"CÔNG TY TNHH TMDV HOÀNG PHƯỚC THỊNH","0399738879
","3703320993
"
,,
"CÔNG TY TNHH NAM THÀNH VĂN","0896643980
","3703320954
"
"CÔNG TY TNHH CÔNG NGHỆ YẾN BVMT","0367027496
","3703321161
"
"CÔNG TY TNHH NHA KHOA QUỐC TẾ AN PHÚC BÌNH AN","0889185678
","3703321154
"
"CÔNG TY TNHH V-ROYAL SPA","0939483186
","3703321073
"
"CÔNG TY TNHH XIANXU INDUSTRY","0583962933
","3703321066
"
"CÔNG TY TNHH KIM LOẠI MÀU ĐẠI TRƯỜNG PHÁT","0768304304
","3703321059
"
"CÔNG TY CỔ PHẦN ĐÀO TẠO KỸ NĂNG CLV MULTIMEDIA ACADEMY","0815866959
","3703321034
"
"CÔNG TY TNHH KHÁNH LỰC VIỆT NAM","0399017197
","3703321027
"
"CÔNG TY TNHH TM HOÀNG TÚ","0933290190
","3703321002
"
"CÔNG TY TNHH VẬN CHUYỂN LÊ THẮNG","0702714261
","3703320986
"
"CÔNG TY TNHH YONGCHENG","0898576728
","3703320979
"
"CÔNG TY TNHH TM - DV VÀNG BẠC KIM PHÁT ĐẠT 2","0988818794
","3703320866
"
"CÔNG TY TNHH XÂY DỰNG TM&DV KHANG GIA PHÁT","0971987585
","3703320785
"
"CÔNG TY TNHH HR FURNITURE VIỆT NAM","0987777783
","3703320778
"
"CÔNG TY TNHH YUE HONG FA","0398138573
","3703320898
"
"CÔNG TY TNHH QUỐC TẾ LUSH-FLOWERS (NỘP THAY NTNN)","0375821900
","3703320947
"
"CÔNG TY CỔ PHẦN ĐẠI VĨNH HUY","09029008687
","3703320922
"
"CÔNG TY TNHH TM DV REDYEW","0909625733
","3703320915
"
"CÔNG TY TNHH SẢN XUẤT VÀ THƯƠNG MẠI DỊCH VỤ PALLET THIÊN KIM","0969755481
","3703320873
"
"CÔNG TY TNHH NHÀ HÀNG TPT","0388430598
","3703320859
"
"CÔNG TY TNHH THƯƠNG MẠI DỊCH VỤ TRUNG ANH DŨNG","0938174383
","3703320841
"
"CÔNG TY TNHH DỊCH VỤ TƯ VẤN MẠNH PHÁT","0937339218
","3703320834
"
"CÔNG TY TNHH KTKHBNN.VN","0774484725
","3703320746
"
"CÔNG TY TNHH ÁNH HOÀ PHÁT","0786905302
","3703320880
"
"CÔNG TY TNHH THỰC PHẨM DINH DƯỠNG HUỲNH GIA","0937453755
","3703320827
"
"CÔNG TY TNHH MỘT THÀNH VIÊN TRUNG ANH MINH","0986955570
","3703320802
"
"CÔNG TY TNHH THƯƠNG MẠI DỊCH VỤ NGUYỄN VĂN SINH","0564297214
","3703320792
"
"CÔNG TY TNHH TMDV NGŨ KIM THỊNH PHÁT","0347001496
","3703320753
"
"TRUNG TÂM TRỌNG TÀI THƯƠNG MẠI QUỐC TẾ VIỆT TRUNG -CN ĐÔNG NAM BỘ",,"3703320908
"
"CÔNG TY TNHH SẢN XUẤT THƯƠNG MẠI THÉP MINH THIỆN SÀI GÒN","0921185611
","3703320714
"
"CÔNG TY TNHH KHOA HỌC KỸ THUẬT NHẬT AN","0973101841
","3703320471
"
"CÔNG TY TNHH MTV ĐẤT TRỜI","0909395459
","3703320464
"
"CÔNG TY TNHH DV TM SX MỘC ĐỖ NGUYỄN","0347565568
","3703320337
"
"CÔNG TY TNHH TM DV ĐẦU TƯ PHÁT TRIỂN PHÚC HIẾU TÍN","0899155852
","3703320305
"
"CÔNG TY TNHH VẬN TẢI VÀ LOGISTICS NGÂN PHÁT","0359690969
","3703320288
"
"CÔNG TY TNHH ĐẦU TƯ THẢO TRẦN","0939246839
","3703320721
"
"CÔNG TY TNHH XÂY DỰNG VÀ BẤT ĐỘNG SẢN THÁI DƯƠNG","0876178919
","3703320707
"
"CÔNG TY TNHH XÂY DỰNG VÀ KINH DOANH VẬN TẢI THANH TÂM","077988096
","3703320672
"
"CÔNG TY TNHH CUNG CẤP SUẤT ĂN CÔNG NGHIỆP HOÀNG DUY","0938652752
","3703320601
"
"CÔNG TY TNHH VẬN TẢI AN PHÁT TÀI","0978994247
","370332059
"
"CÔNG TY TNHH MYCOROP SDN IDT","0706943885
","3703320400
"
"CÔNG TY TNHH LÂM NHI KN","0865546518
","3703320312
"
"CÔNG TY TNHH THƯƠNG MẠI GALVIN VIỆT NAM","0836807656
","3703320295
"
"CÔNG TY TNHH ĐẦU TƯ VÀ PHÁT TRIỂN VĨNH PHÚ","0978474651
","3703320665
"
"CÔNG TY TNHH THƯƠNG MẠI VẬN TẢI SCC KHANG VIỆT BD","0779274060
","3703320739
"
"CÔNG TY TNHH DỊCH VỤ ẨM THỰC - SỰ KIỆN HỒNG DIỄM","02746551717
","3703320697
"
"CÔNG TY TNHH XÂY DỰNG VÀ VẬN TẢI XUÂN TRỌNG","0779356602
","3703320658
"
"CÔNG TY TNHH XÂY DỰNG VÀ VẬN TẢI NGỌC TẤN","0779628570
","3703320640
"
"CÔNG TY TNHH SẢN XUẤT THƯƠNG MẠI DỊCH VỤ NGHĨA THẮNG PHÁT","0374266948
","3703320633
"
"CÔNG TY TNHH MỘT THÀNH VIÊN THƯƠNG MẠI DỊCH VỤ NAM HƯNG PHÚC","0987197707
","3703320626
"
"CÔNG TY TNHH QIRUI","0789901196
","3703320552
"
"CÔNG TY TNHH THƯƠNG MAI DỊCH VỤ PHƯƠNG CHI","0909603520
","3703320545
"
"CÔNG TY TNHH GAME TUẤN ĐIỆP 8386","0353444222
","3703320390
"
"CÔNG TY TNHH ALLTEST BIOTECH","0369306498
","3703320383
"
"CÔNG TY TNHH TRUYỀN THÔNG BA SON","0908920699
","3703320369
"
"CÔNG TY TNHH MTV THƯƠNG MẠI DỊCH VỤ TÂN NHẬT PHÁT","0922261261
","3703320048
"
"CÔNG TY TNHH VI TÍNH BÀU BÀNG","0818012018
","3703320760
"
"CÔNG TY TNHH SẢN XUẤT THƯƠNG MẠI DƯƠNG MINH","0906636331
","3703320538
"
"CÔNG TY TNHH THƯƠNG MẠI DỊCH VỤ VÀ ĐẦU TƯ MINH KHA LTP","0587607438
","3703320584
"
"CÔNG TY TNHH TM DV XÂY DỰNG MINH CHÂU","0359421159
","3703320520
"
"CÔNG TY TNHH MỘT THÀNH VIÊN TƯƠNG LAI XANH","0988335913
","3703320376
"
"CÔNG TY TNHH HITIMBER","0794625555
","3703320351
"
"CÔNG TY TNHH QUẢNG CÁO VÀ TỔ CHỨC SỰ KIỆN BÌNH MINH","0702782093
","3703320619
"
"CÔNG TY TNHH TMDV PCCC VÀ XÂY DỰNG MCCK EPIC","0913419654
","3703320577
"
"CÔNG TY TNHH TMDV PHÁT TRIỂN TRUNG THÀNH","0522982989
","3703320513
"
"CÔNG TY TNHH THƯƠNG MẠI DỊCH VỤ NGỌC HÀ VN","0899185972
","3703320506
"
"CÔNG TY TNHH HOTEL THẮNG LỢI.","0962151639
","3703320496
"
"CÔNG TY TNHH THIẾT KẾ THI CÔNG XÂY DỰNG THIÊN LỘC","0933994547
","3703320489
"
"CÔNG TY TNHH ĐẦU TƯ XÂY DỰNG VẬN TẢI HOÀI NAM","0898375206
","3703320432
"
"CÔNG TY TNHH VẬT LIỆU MỚI TOPPRO VIỆT NAM","0366203196
","3703320425
"
"CÔNG TY TNHH CÔNG NGHỆ INNOTEK (VIỆT NAM)","0911755248
","3703320418
"
"CÔNG TY TNHH ĐT VÀ DV BẢO THU","0974458376
","3703320062
"
"CÔNG TY TNHH ĐIỆN MÁY NGŨ KIM THĂNG LONG","0988061301
","3703320055
"
"CÔNG TY TNHH GARAGE Ô TÔ ĐỨC HÀ","0934856499
","3703320030
"
"CÔNG TY TNHH TMDV PHỤ TÙNG THIẾT BỊ MÁY MÓC MECHANIC ULP","0824635057
","3703320023
"
"CÔNG TY TNHH RUN BANG (NỘP THAY NTNN)","0977319311
","3703320457
"
"CÔNG TY TNHH THƯƠNG MẠI XÂY DỰNG VẬN TẢI QUANG MINH PHÁT","0564804815
","3703320344
"
"CÔNG TY TNHH MTV GỖ ANH TIẾN","0357493924
","3703320270
"
"CÔNG TY TNHH XE MÁY - XE ĐIỆN TUYÊN PHÁT","0966579279
","3703320150
"
"CÔNG TY TNHH VBTC VN","0988733339
","3703320263
"
"CÔNG TY TNHH TMDV PHỤ TÙNG THIẾT BỊ MÁY MÓC SUPER MACBOT 88","0816904055
","3703320256
"
"CÔNG TY TNHH SẢN XUẤT THƯƠNG MẠI DỊCH VỤ KIM NHUNG GOLD","027436551717
","3703320249
"
"CÔNG TY TNHH THƯƠNG MẠI EIRA VIỆT NAM","0834091451
","3703320231
"
"CÔNG TY TNHH TM DV THIẾT BỊ HOÀNG DUY","0973226649
","3703320217
"
"CÔNG TY TNHH XNK TM ĐẠI PHÚC","0862526888
","3703320182
"
"CÔNG TY TNHH XE NÂNG SƠN LÂM","0964200009
","3703320175
"
"CÔNG TY TNHH GỖ QUỐC TẾ LANQI","0909351862
","3703320143
"
"CÔNG TY TNHH VẬN CHUYỂN DESTINO BV","0707317967
","3703320136
"
"CÔNG TY TNHH CẮT MAY YẾN LINH","0968597697
","37033201
"
"CÔNG TY TNHH DỊCH VỤ VÀ THƯƠNG MẠI LINH LÊ","0919192631
","3703320104
"
"CÔNG TY TNHH TM DV XNK ĐẠI TOÀN CẦU","0929457751
","3703319998
"
"CÔNG TY CỔ PHẦN ĐẦU TƯ - THƯƠNG MẠI - DỊCH VỤ LOGISTICS PHÚC VINH","0379747947
","3703319980
"
"CÔNG TY TNHH TRANG THIẾT BỊ VẬT TƯ Y TẾ THẢO NGUYÊN","0967008543
","3703319972
"
"CÔNG TY TNHH THỬ NGHIỆM KIỂM ĐỊNH VINTRUST","0932095079
","3703319966
"
"CÔNG TY TNHH MODAFE FOOD","0816151480
","3703319959
"
"CÔNG TY TNHH THƯƠNG MẠI DỊCH VỤ TUYẾT HẢI","0817013288
","3703319934
"
"CÔNG TY TNHH NGŨ KIM HOA NHUẬN","098828639
","3703319927
"
"CÔNG TY TNHH BIGBANG FOODSTORE","0379770550
","3703319733
"
"CÔNG TY TNHH THƯƠNG MẠI QUỐC TẾ COSMETIC FASHION","0816265155
","3703319726
"
"CÔNG TY TRÁCH NHIỆM HỮU HẠN THƯƠNG MẠI DỊCH VỤ XÂY DỰNG BÌNH MINH SOLUTIONS","0933211082
","3703319701
"
"CÔNG TY TNHH THƯƠNG MẠI DỊCH VỤ TƯ VẤN VÀ ĐẦU TƯ BẤT ĐỘNG SẢN HAPPY HOUSE","0374786087
","3703319691
"
"CÔNG TY TNHH PHÚC MỘC NHIÊN","0934857299
","3703319677
"
"CÔNG TY TNHH THƯƠNG MẠI DỊCH VỤ HAPPY HOME SG","0922501052
","3703319652
"
"CÔNG TY TNHH TMDV SỰ KIỆN QUẢNG CÁO HỒNG ĐỨC","0898332541
","3703319645
"
"CÔNG TY TNHH THƯƠNG MẠI ĐIỆN TỬ LCC","0387837223
","3703319638
"
"CÔNG TY TNHH TCQMEDIA39","0777961295
","3703319606
"
"CÔNG TY TNHH THƯƠNG MẠI GLOBAL HTD","0337754281
","3703319596
"
"CÔNG TY TNHH PHÁT TRIỂN NÔNG NGHIỆP THIÊN ÂN","0979399387
","3703319589
"
"CÔNG TY TNHH TỔ CHỨC SỰ KIỆN VÀ NHÀ HÀNG ẨM THỰC ĐÔNG HỒ VN","0929772532
","3703319571
"
"CÔNG TY TNHH GRANITE VITALY","02743788347
","3703320129
"
"CÔNG TY TNHH TMDV KINH DOANH THÙY DƯƠNG","0898716980
","3703319885
"
"CÔNG TY TNHH TMDV KINH DOANH ĐAN PHƯỢNG","0896514672
","3703319613
"
"CÔNG TY TNHH DỊCH VỤ BẢO VỆ ĐẠI NAM VN","0974785610
","3703319564
"
"CÔNG TY TNHH GIẢI PHÁP THANH TOÁN PVS","0913140495
","3703319557
"
"CÔNG TY TNHH TMDT VNNEWEGG","0906742235
","3703320009
"
"CÔNG TY TNHH HOTEL THẮNG LỢI","0962151639
","3703320224
"
"CÔNG TY TNHH KỸ NGHỆ GỖ AN PHÁT","0708609186
","3703320094
"
"CÔNG TY TNHH SẢN XUẤT THƯƠNG MẠI CƠ KHÍ THÁI NAM","0978597326
","3703320087
"
"CÔNG TY TNHH TMDV NHÀ HÀNG KHÁCH SẠN QUỐC ĐẠT","0898390897
","3703320016
"
"CÔNG TY TNHH THƯƠNG MẠI DỊCH VỤ THANH HÒA VINA","0568997468
","3703319941
"
"CÔNG TY TNHH TMDV MÁY MÓC V-CHOPPER","0816591912
","3703319902
"
"CÔNG TY TNHH TMDV PCCC VÀ XÂY DỰNG KENIA 88 HOLDING","0889377547
","3703319892
"
"CÔNG TY TNHH THƯƠNG MẠI GIA MỘC","07862753880393561
","3703319878
"
"CÔNG TY TNHH NHÀ HÀNG KHÁCH SẠN ẨM THỰC LIÊN GIA ĐẠI","0989114648
","3703319860
"
"CÔNG TY TNHH TMXD HUỲNH TÔ","0928012646
","3703319853
"
"CÔNG TY TNHH TMDV VẬN TẢI HÀNG HÓA HẰNG NEMON","0819788976
","3703319846
"
"CÔNG TY TNHH TMDV VẬN TẢI LUCKY ROADS","0846319776
","3703319821
"
"CÔNG TY TNHH TMDV XNK RMT QUICKY","0818112419
","3703319814
"
"CÔNG TY TNHH TM MTV VÕ GIÁP","0927020821
","3703319807
"
"CÔNG TY TNHH TMDV BÁ HẬU M88","0842110482
","3703319839
"
"CÔNG TY TNHH TMDV TRUNG THÀNH LÂM","0522980059
","3703319765
"
"CÔNG TY TNHH JIN YUAN DING","0946942099
","3703320168
"
"CÔNG TY TNHH TM XNK HOÀNG HẢI","0926042665
","3703319772
"
"CÔNG TY TNHH TM DV MTV THANH TÙNG","0926965354
","3703319719
"
"CÔNG TY TNHH TM DV XNK XUÂN MINH","0929488102
","3703319620
"
"CÔNG TY TNHH TM XNK TRUNG HUỲNH VĂN","0929628375
","3703319797
"
"CÔNG TY TNHH KINH DOANH THU HOÀI","0984417589
","3703319758
"
"CÔNG TY TNHH TMDV QUY LÂN PHỤNG","0522980064
","3703319740
"
"CÔNG TY TNHH THƯƠNG MẠI VÀ DỊCH VỤ MINH TRANG VN","0903464781
","3703319684
"
"CÔNG TY TNHH WORLD JAGUAR LOGISTICS INC.XI' AN","0369306498
","3703319532
"
"CÔNG TY TNHH MTV ĐIỆN LẠNH MINH KHÔI","0976051377
","3703319268
"
"CÔNG TY TNHH THƯƠNG MẠI DỊCH VỤ KỸ THUẬT SỬA CHỮA XE NÂNG HUY BẢO","0869044318
","3703319250
"
"CÔNG TY TNHH VIỆT TRUNG AN HUY","0901290579
","3703318881
"
"CÔNG TY TNHH XUẤT NHẬP KHẨU VINATRADE","0933473533
","3703318842
"
"CÔNG TY TNHH VẬN TẢI THƯƠNG MẠI NHƯ PHƯƠNG","0963572578
","3703318828
"
"CÔNG TY TNHH GIẢI TRÍ TÂN MINH DŨNG","0971313060
","3703319116
"
"CÔNG TY TNHH PCCC MINH HOÀNG","08998981140985459
","3703319099
"
"CÔNG TY TNHH THỂ THAO NAM Á","0777794841
","3703318810
"
"CÔNG TY TNHH THƯƠNG MẠI VÀ DỊCH VỤ BAO BÌ GIẤY THANH VÂN VINA","0988221557
","3703319451
"
"CÔNG TY TNHH THƯƠNG MẠI VÀ DỊCH VỤ TRẦN VĂN HOÀN","0963364928
","3703319243
"
"CÔNG TY TNHH RẺ SỐC VIỆT NAM","0365064332
","3703319194
"
"CÔNG TY CỔ PHẦN XÂY DỰNG SẢN XUẤT THƯƠNG MẠI DỊCH VỤ THÀNH PHỐ XANH","0938635617
","3703319187
"
"CÔNG TY TNHH PHÁT TRIỂN THƯƠNG HIỆU NEWEGGVN","033510817
","3703319155
"
"CÔNG TY TNHH TMDV THỂ THAO ĐÔNG Á","0776879528
","3703319074
"
"CÔNG TY TNHH ASX TRADE PRIME","0962679452
","3703319067
"
"CÔNG TY TNHH TNHH DỊCH VỤ GIẢI TRÍ KARAOKE NHƯ Ý","0938397958
","3703319028
"
"CÔNG TY TNHH THƯƠNG MẠI QUỐC TẾ VERO TRADE","0585818939
","3703319010
"
"CÔNG TY TNHH PHẦN MỀM INNOVATEX","0862675988
","3703319003
"
"CÔNG TY TNHH GIA CÔNG VÀ SẢN XUẤT THỊNH PHÁT BÌNH DƯƠNG","0902571862
","3703318948
"
"CÔNG TY TNHH SẢN XUẤT THƯƠNG MẠI DỊCH VỤ MINH CHÂU STAR","0987125136
","3703319388
"
"CÔNG TY TNHH TMDV THỂ THAO GIẢI TRÍ VN","0777678412
","3703319370
"
"CÔNG TY TNHH SUPERBRAIN AN PHÚ","0988365007
","3703319081
"
"CÔNG TY TNHH TM DV CƠ KHÍ HÙNG PHÁT","0974222639
","3703319483
"
"CÔNG TY CP TÂM THÁI LAND","0967109111
","3703319331
"
"CÔNG TY TNHH THƯƠNG MẠI VÀ DỊCH VỤ KIM CƯƠNG VN","0936229721
","3703319525
"
"CÔNG TY TNHH XNK VÀ ĐẦU TƯ TRẦN LÊ","0766801628
","3703319204
"
"CÔNG TY TNHH KIẾN TRÚC XÂY DỰNG CẢNH QUAN KIẾN ANH","0766660772
","3703319518
"
"CÔNG TY CỔ PHẦN XÂY DỰNG PHƯƠNG NAM GLOBAL","0888696695
","3703319500
"
"CÔNG TY TNHH THƯƠNG MẠI DỊCH VỤ HOÀNG PHƯƠNG THÁI","0973091265
","3703319490
"
"CÔNG TY TNHH THƯƠNG MẠI DỊCH VỤ PHÂN PHỐI BẢO NGỌC PHÁT","0978508094
","3703319476
"
"CÔNG TY TNHH TAKIMEX GLOBAL ( NỘP HỘ NTNN)","0762333931
","3703319469
"
"CÔNG TY TNHH TMDV HỒNG NGA","0896042127
","3703319444
"
"CÔNG TY TNHH THƯƠNG MẠI VÀ DỊCH VỤ THANH TÙNG PHẠM","0919751896
","3703319437
"
"CÔNG TY TNHH THƯƠNG MẠI VÀ DỊCH VỤ BAO BÌ GIẤY THÀNH NHÂN","0902585177
","3703319412
"
"CÔNG TY TNHH TƯ VẤN CÔNG NGHỆ HPL","0929448777
","3703319349
"
"CÔNG TY TNHH KỸ THUẬT CƠ ĐIỆN PHÚ TÂN","0913151167
","3703319324
"
"CÔNG TY TNHH THƯƠNG MẠI DỊCH VỤ VẬN TẢI AN NHIÊN TRANSPORT","0937537592
","3703319282
"
"CÔNG TY TNHH TMDV NGỌC TUYỀN","0378627995
","3703319211
"
"CÔNG TY TNHH THƯƠNG MẠI VÀ DỊCH VỤ NGUYỄN ĐỨC BD","0981537450
","3703319162
"
"CÔNG TY TNHH THƯƠNG MẠI VÀ DỊCH VỤ NHẬT BÌNH TN","0989069478
","3703319148
"
"CÔNG TY TNHH THƯƠNG MẠI VÀ DỊCH VỤ HUỲNH BIÊN","0981554116
","3703319130
"
"CÔNG TY TNHH TM DV XÂY DỰNG AT TRAVICONS","0839767778
","3703319109
"
"CÔNG TY TNHH THƯƠNG MẠI DỊCH VỤ ANH QUỐC VINA","0706393720
","3703319405
"
"CÔNG TY TNHH TMDV XNK KIM PHƯỢNG","0584274330
","3703319395
"
"CÔNG TY TNHH XÂY DỰNG VĂN CỬU","09095491
","3703319363
"
"CÔNG TY TRÁCH NHIỆM HỮU HẠN HỌC VIỆN TRẺ THƠ","0987456484
","3703319317
"
"CÔNG TY TNHH PCCC GIA LỘC","0395267838
","3703319123
"
"CÔNG TY TNHH TMDV MTV HOÀI LOAN","0789236484
","3703319275
"
"CÔNG TY TNHH TM - DV XÂY DỰNG LAI AN","0346208695
","3703319042
"
"CÔNG TY TNHH TMDV KINH DOANH HỒNG HUỆ","0768937217
","3703319236
"
"CÔNG TY TNHH TMDV NGUYỄN HÀ","0898006537
","3703319229
"
"CÔNG TY TNHH TMDV MỸ NAM AN","08991201704
","3703319035
"
"ỦY BAN NHÂN DÂN HUYỆN PHÚ GIÁO, TỈNH BÌNH DƯƠNG","02743672448
","3703319356
"
"CÔNG TY TNHH DOLOHA AUTOMATION","0367587459
","3703318922
"
"CÔNG TY TNHH DONG SUN","0918484178
","3703318708
"
"CÔNG TY TNHH KINH DOANH CÀ PHÊ HỒ CÂU TÔM K9","0912829075
","3703318899
"
"CÔNG TY TNHH THƯƠNG MẠI VÀ DỊCH VỤ HOÀI AN VN","0909353470
","3703318546
"
"CÔNG TY TNHH MTV TMDV TRI PHƯƠNG","0906716567
","3703318698
"
"CÔNG TY TNHH LÔ TÔ SHOW HƯƠNG HẰNG","0947176248
","3703318747
"
"CÔNG TY TNHH GỖ CÔNG NGHIỆP HUI HAI","0937137386
","3703318779
"
"CÔNG TY TNHH TMDV VẬN TẢI KIỀU LOAN","0987654321
","3703318715
"
"CÔNG TY TNHH YLF VN","0349194057
","3703318673
"
"CÔNG TY TNHH MTV MUA BÁN MÁY MÓC THIẾT BỊ LÊ HOÀNG","0789598622
","3703318627
"
"CÔNG TY TNHH KIM BẢO KHOA","0386090271
","3703318930
"
"CÔNG TY TNHH TMDV ĐIỆN TỬ ÁNH DƯƠNG","0567890123
","3703318916
"
"CÔNG TY TNHH GUBI TECH","0852186889
","3703318786
"
"CÔNG TY TNHH CƠ KHÍ HOÀI PHONG","0346525529
","3703318680
"
"CÔNG TY TNHH ĐẦU TƯ CÔNG NGHIÊP SURE DURABLE","0913780860
","3703318666
"
"CÔNG TY TNHH MỘT THÀNH VIÊN VƯƠNG AN THUẬN","0947914429
","3703318634
"
"CÔNG TY TNHH TMDV VIỆT HÒA PHÁT","0567607662
","3703318602
"
"CÔNG TY TNHH THƯƠNG MẠI DỊCH VỤ MÔI TRƯỜNG ĐẠI PHÁT LỘC","0977097118
","3703318987
"
"CÔNG TY TNHH THƯƠNG MẠI DỊCH VỤ PHÂN PHỐI QUỲNH NHƯ","0932216039
","3703318835
"
"CÔNG TY TNHH THỂ THAO VIỆT Á","0776008047
","3703318994
"
"CÔNG TY TNHH CÔNG NGHỆ NAN YUE","0983878751
","3703318962
"
"CÔNG TY TNHH ĐẦU TƯ& PHÁT TRIỂN XÂY DỰNG HOÀNG DUY MINH","0948896785
","3703318955
"
"CÔNG TY TNHH TM VÀ ĐT MINH HUY VN","0963600934
","3703318909
"
"CÔNG TY TNHH THƯƠNG MẠI DỊCH VỤ HẠ MACHINERY","0776727622
","3703318874
"
"CÔNG TY TNHH THƯƠNG MẠI DỊCH VỤ TUT TECHNOLOGY","0776181459
","3703318867
"
"CÔNG TY TNHH MTV THIÊN Ý","038517761
","3703318792
"
"CÔNG TY TNHH TM DV KHANG AUTO","0978300366
","3703318754
"
"CÔNG TY TNHH FUBON FOOD","0343543356
","3703318803
"
"CÔNG TY TNHH NGUYỄN KHÔI MUSIC","0907151092
","3703318761
"
"CÔNG TY LUẬT TNHH LÊ VĂN LÀO- HÃNG LUẬT QUỐC GIA","0328324445
","3703318722
"
"CÔNG TY TNHH VẬN TẢI VÀ DU LỊCH HỒNG PHÁT","0866797976
","3703318659
"
"CÔNG TY TNHH PT FURNITURE","0346909735
","3703318641
"
"CÔNG TY CỔ PHẦN ĐẦU TƯ PHÁT TRIỂN THƯƠNG MẠI VIGI GLOBAL","0326076136
","3703318592
"
"CÔNG TY TNHH THƯƠNG MẠI DỊCH VỤ XÂY DỰNG MINH HIẾU VN","0931934001
","3703318465
"
"CÔNG TY TNHH TM-DV PHẾ LIỆU NGÔ DÂN","0927196373
","3703318458
"
"CÔNG TY TNHH TM DV HOÀNG LONG KIM","0865728292
","3703318426
"
"CÔNG TY CỔ PHẦN ĐÁ HOA CƯƠNG ĐẠI THÀNH","0924666888
","3703318440
"
"CÔNG TY TNHH TRUNG TÂM DỊCH VỤ HÀNH CHÍNH VIỆT NAM","0977667168
","3703318433
"
"CÔNG TY TNHH THƯƠNG MẠI VÀ DỊCH VỤ BAO BÌ GIẤY PHÚ NHỰ","0917336298
","3703318585
"
"CÔNG TY TNHH THƯƠNG MẠI DỊCH VỤ NGUYỄN SANG BD","0968997136
","3703318560
"
"CÔNG TY TNHH MỘT THÀNH VIÊN GỖ HỒNG THỊNH","0935198759
","3703318553
"
"CÔNG TY TNHH THƯƠNG MẠI VÀ DỊCH VỤ NHỰT HUỲNH","0899737840
","3703318578
"
"CÔNG TY TNHH PHƯỚC KHẢI HƯNG","0903342063
","3703318521
"
"CÔNG TY TNHH FURNIFIELD","008613823537757
","3703318539
"
"CÔNG TY TNHH HƯƠNG MẠI VÀ DỊCH VỤ PHAN NHƯ VINA","0344778994
","3703318514
"
"CÔNG TY TNHH THƯƠNG MẠI DỊCH VỤ KHANG TÙNG VƯƠNG","0368092354
","3703318472
"
"CÔNG TY TNHH THƯƠNG MẠI QUỐC TẾ SHUANGXI","0399345872
","3703318419
"
"CÔNG TY TNHH SẢN XUẤT THƯƠNG MẠI DỊCH VỤ TOP ONE EMB","0356612191
","3703318507
"
"CÔNG TY TNHH THƯƠNG MẠI DỊCH VỤ BIN MART","0909190093
","3703318497
"
"CÔNG TY TNHH THƯƠNG MẠI XUẤT NHẬP KHẨU PHÚC THỊNH AN","0798867025
","3703318257
"
"CÔNG TY TNHH THƯƠNG MẠI VÀ DỊCH VỤ NGỌC CHI QN","0931887154
","3703318271
"
"CÔNG TY TNHH MITOLO VIỆT NAM","0932653134
","3703318264
"
"CÔNG TY TNHH MTV ĐẦU TƯ THƯƠNG MẠI HÒA BÌNH","0937057415
","3703318391
"
"CÔNG TY TNHH ĐẦU TƯ PHÁT TRIỂN PHỐ CỔ","0976115635
","3703318384
"
"CÔNG TY TNHH THƯƠNG MẠI ĐIỆN TỬ SRI VIỆT NAM","0866809858
","3703318377
"
"CÔNG TY TNHH LONG HƯNG VN","0343770508
","3703318289
"
"CÔNG TY TNHH NORTH STAR BÌNH DƯƠNG","0379606999
","3703318352
"
"CÔNG TY TNHH FASHION YD","0776741636
","3703318338
"
"CÔNG TY TNHH TÀI XẾ XE CÔNG NGHỆ GOHOME SAFE","0966207939
","3703318320
"
"CÔNG TY TNHH THƯƠNG MẠI VÀ DỊCH VỤ VƯƠNG ĐĂNG KHOA","0354262679
","3703318313
"
"CÔNG TY TNHH THƯƠNG MẠI DỊCH VỤ TRÍ QUYẾT THẮNG","0906949298
","3703318306
"
"CÔNG TY TNHH BAO BÌ HẢI ĐĂNG KHOA","0839752999
","3703318296
"
"CÔNG TY TNHH MỘT THÀNH VIÊN KHÁCH SẠN TRẦN LONG BẾN CÁT","0975057713
","3703318345
"
"CÔNG TY TNHH TIẾN ĐẠT FUTURES","0849881198
","3703318401
"
"CÔNG TY TNHH TƯ VẤN TRUYỀN THÔNG PINE","0905473877
","3703318169
"
"CÔNG TY TNHH ĐỊA ỐC SƠN KIM GROUP","0988826990
","3703318031
"
"CÔNG TY TNHH ĐẠI THÀNH CONTAINER","0763951975
","3703318095
"
"CÔNG TY TNHH HONGRUI PRECISION TECHNOLOGY","0937898971
","3703318049
"
"CÔNG TY TNHH BÁ LÀNH","0876990779
","3703317912
"
"CÔNG TY TNHH THƯƠNG MẠI VÀ VẬN TẢI ANH DŨNG BD","0896140302
","3703318105
"
"CÔNG TY TNHH PHỤ TÙNG Ô TÔ SHACMAN","0979882979
","3703318218
"
"CÔNG TY TNHH SẢN XUẤT THƯƠNG MẠI GỖ LÂM AN","0964823858
","3703318176
"
"CÔNG TY TNHH CƠ KHÍ XÂY DỰNG ĐẶNG HƯNG THỊNH","0989888999
","3703317567
"
"CÔNG TY TNHH TH PAPER TUBE","0962567871
","3703318232
"
"CÔNG TY TNHH ĐẦU TƯ THƯƠNG MẠI DỊCH VỤ ĐỊA ỐC TIÊN PHONG","0868699252
","3703317648
"
"CÔNG TY TNHH DVTM XNK E&B VIỆT NAM","0778936905
","3703317630
"
"CÔNG TY TNHH CÔNG NGHỆ AI INNOTECH VIỆT NAM","0907896363
","3703317623
"
"CÔNG TY TNHH THƯƠNG MAI DỊCH VỤ NIMEC","0962421739
","3703317616
"
"CÔNG TY TNHH THƯƠNG MẠI DV MAY MẶC CẨM QUÍ","0981457789
","3703318225
"
"CÔNG TY TNHH THƯƠNG MẠI VÀ DỊCH VỤ KHẮC HƯNG","0901791160
","3703318200
"
"CÔNG TY TNHH TT YD","0778144053
","3703317768
"
"CÔNG TY TNHH THƯƠNG MẠI VIỆT THÀNH VN","0918623178
","3703317729
"
"CÔNG TY TNHH TM DV TT NGUYỄN TUẤN","0899636194
","3703317750
"
"CÔNG TY TNHH XÂY DỰNG TỔNG HỢP CƯỜNG THỊNH VACO","0928327968
","37033177111
"
"CÔNG TY TNHH ZHENG HUI","0383199941
","3703317856
"
"CÔNG TY CỔ PHẦN ĐỊA ỐC BÌNH HÒA","02743816475
","3703317172
"
"CÔNG TY TNHH ECO INNOVATION VN","0908303856
","3703318017
"
"CÔNG TY TNHH TRÍ VIỆT BIOGEN","02743764751
","3703317951
"
"CÔNG TY TNHH DỊCH VỤ TAI XIN","0917933745
","3703317020
"
"CÔNG TY TNHH DRREAN TOÀN CẦU","0848278735
","3703318190
"
"CÔNG TY TNHH NB TAILOR","0918030922
","3703318151
"
"CÔNG TY TNHH XÂY DỰNG THI CÔNG HÙNG MẠNH DELTA","0845507240
","3703317969
"
"CÔNG TY TNHH VLXD VÀ SẮT THÉP MINH HẠNH","0818482600
","3703317937
"
"CÔNG TY TNHH CÔNG NGHỆ CƠ ĐIỆN ĐÔNG QUAN XUANTAI","0906802968
","3703318144
"
"CÔNG TY TNHH XÂY DỰNG ĐIỆN CƯỜNG THỊNH PHÁT","0386270639
","3703318137
"
"CÔNG TY TNHH THƯƠNG MẠI DỊCH VỤ KHOA HỌC CÔNG NGHỆ JOYWIN","0989166132
","3703318070
"
"CÔNG TY TNHH THƯƠNG MẠI VÀ DỊCH VỤ HẢI VINH VH","0901355196
","3703318063
"
"CÔNG TY TNHH TMDV CẨM CHÂU BD","0968774117
","3703318056
"
"CÔNG TY TNHH QUỐC TẾ JENA","0835530366
","3703318024
"
"CÔNG TY TRÁCH NHIỆM HỮU HẠN MỘT THÀNH VIÊN THƯƠNG MẠI DỊCH VỤ BÌNH LONG","0765376511
","3703317782
"
"CÔNG TY TNHH TMDV MÁY MÓC ĐẠI LỘC PHÁT TMM","0857595494
","3703317743
"
"CÔNG TY TNHH DỊCH VỤ THƯƠNG MẠI VẬN TẢI HÙNG HẬU","0386933498
","3703317736
"
"CÔNG TY TNHH DV TOMI","0818331663
","3703317694
"
"CÔNG TY TNHH VẬT TƯ KIM LONG PHÁT","0352534504
","3703317687
"
"CÔNG TY TNHH TMDV NGŨ KIM HOÀNG HỒNG","0899486002
","3703317662
"
"CÔNG TY TNHH THƯƠNG MẠI DỊCH VỤ VẬN TẢI LỘC PHÁT TÀI","0939593157
","3703318183
"
"CÔNG TY TNHH SẢN XUẤT THƯƠNG MẠI DỊCH VỤ GIAO NHẬN X- FAST","0935087980
","3703318112
"
"CÔNG TY TNHH RỒNG VÀNG VN","0349554002
","3703318088
"
"CÔNG TY TNHH CUMTENN INTELLIGENT INFORMATION SCIENCE AND TECHNOLOGY ZHEJIANG","0902598205
","3703317990
"
"CÔNG TY TNHH THƯƠNG MẠI DỊCH VỤ GIANG THANH THANH","0796912036
","37033179832
"
"CÔNG TY TNHH THƯƠNG MẠI GIAO NHẬN VẬN TẢI AVN","0904050997
","3703317976
"
"CÔNG TY TNHH MỸ DUYÊN BÌNH DƯƠNG","0979099010
","3703317905
"
"CÔNG TY TNHH TM DV PDA","0848105174
","3703317704
"
"CÔNG TY TNHH THƯƠNG MẠI VÀ DỊCH VỤ MAI MINH QUÝ","0395566869
","3703317655
"
"CÔNG TY TNHH TNHH XÂY DỰNG JIN GUAN CHENG","0923886995
","3703317609
"
"CÔNG TY TNHH BƠI LỘI KHÁNH LONG","0877779738
","3703317599
"
"CÔNG TY TNHH SẢN XUẤT DỊCH VỤ THƯƠNG MẠI VIỆT Á 1952","0986005335
","3703317831
"
"CÔNG TY TNHH TM & DV VNCOMMERCE","0813970015
","3703317817
"
"CÔNG TY CỔ PHẦN THƯƠNG MẠI XUẤT NHẬP KHẨU LỘC THIÊN AN","0939987374
","3703317888
"
"CÔNG TY TNHH XNK CÔNG NGHỆ QUỐC TẾ","0776670009
","3703317870
"
"CÔNG TY TNHH DV DU LỊCH VIỆT TÂM","04978768938
","3703317863
"
"CÔNG TY TNHH SẢN XUẤT THƯƠNG MẠI DỊCH VỤ CNC ĐỨC LINH","0976933667
","3703317849
"
"CÔNG TY TNHH MTV THƯƠNG MẠI VÀ DỊCH VỤ NAM THỦY","0589576874
","3703317824
"
"CÔNG TY CỔ PHẦN GIẢI PHÁP CÔNG NGHỆ IENERGY","0918181076
","3703317119
"
"CÔNG TY TNHH SX VÁN CÔNG NGHIỆP HOÀNG MINH ĐỨC","0903712309
","3703317944
"
"CÔNG TY TNHH TMDV LẮP ĐẶT XÂY DỰNG CÔNG ĐĂNG HOÀN","0917770344
","3703317775
"
"CÔNG TY TNHH THƯƠNG MẠI DỊCH VỤ VENTUS VN","0968880983
","3703317165
"
"HỢP TÁC XÃ VẬN TẢI BÀU BÀNG","0907079679
","3703317461
"
"CÔNG TY TNHH MTV PHÁT TRIỂN GIÁO DỤC ÁNH DƯƠNG","0334964966
","3703317447
"
"CÔNG TY TNHH LAZIDA","0862367381
","3703317197
"
"CÔNG TY TNHH XÂY DỰNG BÌNH DƯƠNG HOME","0908281265
","370331700
"
"CÔNG TY TNHH CÔNG NGHỆ VẬT LIỆU MỚI PHÚ MỸ SÂM VIỆT NAM","02743990786
","3703317454
"
"CÔNG TY TNHH SUNRY LIGHTING","0943880779
","3703317013
"
"CÔNG TY TNHH VẬN TẢI JUN HUI VIỆT NAM","0334187640
","3703317077
"
"CÔNG TY TNHH KSM GLOBAL","0778427015
","3703317052
"
"CÔNG TY TNHH THƯƠNG MẠI DỊCH VỤ LINH ANH PHÁT","0975149031
","3703317045
"
"CÔNG TY TNHH TMDV VÀ VỆ SINH MÔI TRƯỜNG AN KHANG","0945444547
","3703317038
"
"CHÙA BỬU NGHIÊM","02743826840
","3703317895
"
"CÔNG TY TNHH TRUNG TÂM GIÁO DỤC TÂM AN","0343765936
","3703317535
"
"CÔNG TY TNHH NỘI THẤT HẰNG NGUYÊN VIỆT NAM","0394614542
","3703316997
"
"CÔNG TY TNHH TM XNK LKP","0778064159
","3703317260
"
"CÔNG TY TNHH CƠ ĐIỆN HADIA","0912311140
","3703317285
"
"CÔNG TY TNHH THƯƠNG MẠI DỊCH VỤ XÂY DỰNG THÀNH LỘC PHÁT","0976472073
","3703317278
"
"CÔNG TY TNHH THIẾT KẾ VÀ XÂY DỰNG SON","0902818185
","3703317341
"
"CÔNG TY TNHH NGUYỆT ANH EVENT","0903844767
","3703317292
"
"CÔNG TY TNHH DPT NHẤT TÂM","0908297793
","3703317253
"
"CÔNG TY TNHH SUBZERO ENGINEERING","0903933147
","3703317493
"
"CÔNG TY TNHH TMDV MTV QUYÊN NGỌC","0898982420
","3703317510
"
"CÔNG TY TNHH NGŨ KIM KIM CHI","0912591921
","3703317479
"
"CÔNG TY TNHH THƯƠNG MẠI VÀ DỊCH VỤ THẾ ANH VINA","0985466599
","3703317542
"
"CÔNG TY TNHH PHÁT TRIỂN TM DV VẬN TẢI LINH CÁT","0899035407
","3703317528
"
"CÔNG TY TNHH THƯƠNG MẠI VÀ DỊCH VỤ PHẠM LONG KC","0399887222
","3703317503
"
"CÔNG TY TNHH THƯƠNG MẠI VÀ DỊCH VỤ LINH GIAI","0969585487
","3703317486
"
"CÔNG TY TNHH THƯƠNG MẠI VÀ DỊCH VỤ ĐÌNH LẬP","0926874154
","3703317380
"
"CÔNG TY TNHH THƯƠNG MẠI VÀ DỊCH VỤ PHẠM HIỀN","0933559486
","3703317373
"
"CÔNG TY TNHH GIẢI PHÁP CÔNG NGHỆ NEXTIS","0528811808
","3703317334
"
"CÔNG TY TNHH THƯƠNG MẠI VÀ DỊCH VỤ VĂN HÙNG","0566445876
","3703317246
"
"CÔNG TY TNHH VINA CITY","0962288490
","3703317239
"
"CÔNG TY TNHH THƯƠNG MẠI VÀ DỊCH VỤ DƯƠNG THẮNG VINA","0865994562
","3703317158
"
"CÔNG TY TNHH THƯƠNG MẠI VÀ DỊCH VỤ Á SANG","0906285556
","3703317140
"
"CÔNG TY TNHH THƯƠNG MẠI VÀ DỊCH VỤ BÙI ĐỊNH","0917265444
","3703317133
"
"CÔNG TY TNHH MỘT THÀNH VIÊN TƯ VẤN TTN","0898392024
","3703316972
"
"CÔNG TY TNHH QUỐC VƯƠNG KP","0906019663
","3703317422
"
"CÔNG TY TNHH THƯƠNG MẠI VÀ DỊCH VỤ ĐOÀN VIỄN","0866416665
","3703317398
"
"CÔNG TY TNHH DVTM PHƯỚC THÀNH MANAGO","0918524751
","3703317366
"
"CÔNG TY TNHH THƯƠNG MẠI VÀ DỊCH VỤ NGÔ NINH","0962558712
","3703317359
"
"CÔNG TY TNHH CHENG JUN","0853155811
","3703317327
"
"CÔNG TY TNHH THƯƠNG MẠI VÀ DỊCH VỤ MẠNH ĐẠT VINA","0395884769
","3703317302
"
"CÔNG TY TNHH THƯƠNG MẠI DỊCH VỤ ĐÌNH HIẾU VINA","0368992114
","3703317221
"
"CÔNG TY TNHH THƯƠNG MẠI VÀ DỊCH VỤ NGỌC TUYỀN","0932119646
","3703317214
"
"CÔNG TY TNHH THƯƠNG MẠI VÀ DỊCH VỤ THUỲ DƯƠNG VINA","0945889712
","3703317207
"
"CÔNG TY TNHH THƯƠNG MẠI VÀ DỊCH VỤ ĐÀO XUÂN LINH","0317938542
","3703317126
"
"CÔNG TY TNHH THƯƠNG MẠI VÀ DỊCH VỤ TRINH UYÊN","0918733564
","3703317101
"
"CÔNG TY TNHH THƯƠNG MẠI VÀ DỊCH VỤ HOÀNG KIM MINH","0865441625
","3703317084
"
"CÔNG TY TNHH THƯƠNG MẠI VÀ DỊCH VỤ TRẦN NGỌC VƯƠNG","0903714552
","3703317006
"
"TRUNG TÂM TƯ VẤN ĐÀO TẠO VÀ CUNG ỨNG NHÂN LỰC MÔI TRƯỜNG XANH","0979055145
","3703317581
"
"CÔNG TY TNHH TM DV XNK QUANG MINH KIỀU","02743678780
","3703317574
"
"CÔNG TY TNHH SẢN XUẤT THƯƠNG MẠI DỊCH VỤ NVS","0377030394
","3703317415
"
"CÔNG TY TNHH SX HẢI HÒA","0988506009
","3703317408
"
"CÔNG TY TNHH CÔNG NGHỆ CAO QUỐC THẮNG","0961568986
","3703316683
"
"CÔNG TY TNHH TMDV QUẢNG CÁO VÀ TRUYỀN THÔNG THUNDER CONNECT","0843300782
","3703316801
"
"CÔNG TY TNHH THƯƠNG MẠI VÀ DỊCH VỤ NGUYỄN HÂN TLC","0983448754
","3703316884
"
"CÔNG TY TNHH GIẢI TRÍ TÂN MINH HÙNG","0918846999
","3703316588
"
"CÔNG TY TNHH SẢN XUẤT THƯƠNG MẠI GỖ AN HÒA PHÁT","0976179486
","3703316570
"
"CÔNG TY TNHH DỊCH VỤ THƯƠNG MẠI HUỲNH TẤN","0868987287
","3703316531
"
"CÔNG TY TNHH THƯƠNG MẠI DỊCH VỤ KỸ THUẬT TRÚC LINH","0973022377
","3703316524
"
"CÔNG TY TNHH MINH HOÀNG ĐAN","0908393667
","3703316517
"
"CÔNG TY TNHH MAY MẶC PHI KHANH PHÁT","0907335284
","3703316482
"
"CÔNG TY TNHH PEBBLES STONE VIỆT NAM","0966373426
","3703316436
"
"CÔNG TY TNHH THƯƠNG MẠI PHỤ TÙNG THIẾT BỊ MÁY MÓC ĐẠI DŨNG","0588851979
","3703316475
"
"CÔNG TY TNHH TMDV SX VÕ TÂM MINH","0834567890
","3703316852
"
"CÔNG TY TNHH THƯƠNG MẠI DỊCH VỤ GỖ THÁI SƠN","0984558740
","3703316845
"
"CÔNG TY TNHH THƯƠNG MẠI DỊCH VỤ H'DORI","0902571260
","3703316926
"
"CÔNG TY TNHH TIỆM VÀNG NGỌC HOA 2","0918546979
","3703316563
"
"CÔNG TY TNHH HỌC VIỆN NGHIÊN CỨU & ĐÀO TẠO TÀI ĐỨC VIỆT","0979408168
","3703316700
"
"CÔNG TY TNHH NHA KHOA QUỐC TẾ NỤ CƯỜI XINH","0366771988
","3703316690
"
"CÔNG TY TNHH ARIS RORY VIỆT NAM","0929155188
","3703316612
"
"CÔNG TY TNHH THIẾT KẾ KIẾN TRÚC - NỘI THẤT NET","0765799966
","3703316556
"
"CÔNG TY TNHH DTPT KIEN TRUC HA NAM HOANG CHI MANH","0378442040
","3703316549
"
"CÔNG TY TNHH THƯƠNG MẠI VÀ DỊCH VỤ HỮU HIỆU","0881693478
","3703316965
"
"CÔNG TY TNHH TMDV BELLARY SUP","0817785715
","3703316958
"
"CÔNG TY TNHH CORE SUPPLY","0329196852
","3703316940
"
"CÔNG TY TNHH THƯƠNG MẠI VÀ DỊCH VỤ THANH HOA VINA","0979584469
","3703316933
"
"CÔNG TY TNHH XÂY DỰNG THƯƠNG MẠI DỊCH VỤ CHÍ THANH CONSTRUCTION","0971717879
","3703316919
"
"CÔNG TY TNHH TRUNG HÂN","0372718321
","3703316901
"
"CÔNG TY TNHH TM DV XÂY DỰNG HOÀNG LONG TL","0909969262
","3703316838
"
"CÔNG TY TNHH KINH DOANH THƯƠNG MẠI DỊCH VỤ ANH DŨNG","0588335841
","3703316820
"
"CÔNG TY TNHH THƯƠNG MẠI VÀ DỊCH VỤ NGUYỄN VĂN HẢI","0903668971
","3703316813
"
"CÔNG TY TNHH THƯƠNG MẠI VÀ DỊCH VỤ LÊ MINH HÙNG","0974559368
","3703316806
"
"CÔNG TY TNHH THƯƠNG MẠI VÀ DỊCH VỤ TRƯƠNG TÚ","0901543228
","3703316796
"
"CÔNG TY TNHH SẢN XUẤT THƯƠNG MẠI GỖ TÂN AN PHÁT","0974137616
","3703316789
"
"CÔNG TY TNHH XÂY DỰNG VÀ KINH DOANH VẬN TẢI QUANG VINH","0702714261
","3703316771
"
"CÔNG TY TNHH THIẾT BỊ ĐIỆN CÔNG PHIÊN","0915553175
","3703316757
"
"CÔNG TY TNHH MTV CƠ ĐIỆN ANH TUẤN BÌNH DƯƠNG","0903987932
","3703316732
"
"CÔNG TY TNHH SẢN XUẤT KINH DOANH THƯƠNG MẠI DỊCH VỤ THÙY TIÊN","0588543702
","3703316725
"
"CÔNG TY TNHH THƯƠNG MẠI DỊCH VỤ TIÊN PHÚ AN","0919151033
","3703316718
"
"CÔNG TY TNHH TM DV PHÚC HÀO ANH","0908961167
","3703316651
"
"CÔNG TY TNHH KINH DOANH THƯƠNG MẠI DỊCH VỤ THU TRINH","0588335841
","3703316644
"
"CÔNG TY TNHH CÔNG NGHỆ XINHUAYANG (VIỆT NAM)","0329903166
","3703316468
"
"CÔNG TY TNHH THƯƠNG MẠI VÀ DỊCH VỤ TUẤN LÊ VINA","0387116447
","3703316429
"
"CÔNG TY TNHH THƯƠNG MẠI VÀ DỊCH VỤ VĂN QUYẾT PT","0982556731
","3703316411
"
"CÔNG TY TNHH TMDV VẬN TẢI GIAO NHẬN HÀNG HÓA GIA KHIÊM","0921746723
","3703316404
"
"CÔNG TY TNHH TIGER ĐẶNG","0878320258
","3703316394
"
"CÔNG TY TNHH TMDV MAI THẢO VN","0588212597
","3703316387
"
"CÔNG TY TNHH GIA CÔNG SOFA BẢO LỘC","0945583601
","3703316362
"
"CÔNG TY TNHH GỖ HUIZE","0779006428
","3703316355
"
"CÔNG TY TNHH GIA KHANG ANOTECH","0961388979
","3703316764
"
"CÔNG TY TNHH VẬN TẢI NGUYỄN HẰNG","0972207757
","3703316443
"
"CÔNG TY TNHH MTV THUẬN SINH","0938792939
","3703316676
"
"CÔNG TY TNHH THƯƠNG MẠI SẢN XUẤT BAO BÌ KIM NHẬT","0339344768
","3703316669
"
"CÔNG TY TNHH SÁU DÊ NINH BÌNH","0933878139
","3703316595
"
"CÔNG TY TNHH VÁN LẠNG MỎNG GHÉP HÌNH NGHỆ THUẬT PRO-CONCEPTS (NTNN)","06503717251706503747542
","3703316877
"
"CÔNG TY TNHH SX VÀ CHẾ BIẾN GỖ HƯNG HÒA 88","0813245347
","3703316637
"
"CÔNG TY TNHH THƯƠNG MẠI BÁ LẠC","0768588684
","3703316605
"
"CÔNG TY TNHH XÂY DỰNG LIỄU THỊ","0707156784
","3703316450
"
"CÔNG TY TNHH KIỂM ĐỊNH KỸ THUẬT AN TOÀN & HUẤN LUYỆN 2","0898651289
","3703316098
"
"CÔNG TY TNHH TMDV XÂY DỰNG PUCA","0361388142
","3703316073
"
"CÔNG TY TNHH MTV THIÊN SINH LỘC","0908646868
","3703316066
"
"CÔNG TY TNHH ĐẦU TƯ PHÁT TRIỂN KHU CÔNG NGHIỆP THADICO - BÌNH DƯƠNG","02837425566
","3703316330
"
"CÔNG TY TNHH EASYWAY (VIETNAM) MANUFACTURING","02835533682
","3703316034
"
"CÔNG TY TNHH TƯ VẤN XÂY DỰNG THƯƠNG MẠI PHÚ NGUYÊN","0938781385
","3703315947
"
"CÔNG TY TNHH IN ẤN BAO BÌ MAI PHƯƠNG","0913800698
","3703316242
"
"CÔNG TY TNHH THƯƠNG MẠI DỊCH VỤ ĐẠI HÙNG MINH","0933169888
","3703316108
"
"CÔNG TY TNHH XUẤT NHẬP KHẨU VÀ TMDV LÊ QUANG","0809183590
","3703316080
"
"CÔNG TY TNHH MTV TM DV XÂY DỰNG TÙNG LÂM","0814563333
","3703316323
"
"CÔNG TY TNHH LƯƠNG THIÊN PHÁT","0941334779
","3703316316
"
"CÔNG TY TNHH CHẾ BIẾN GỖ GIA KHÁNH","0397730979
","3703316309
"
"CÔNG TY TNHH SẢN XUẤT KINH DOANH THƯƠNG MẠI DỊCH VỤ MỸ HIỀN","0588335841
","3703316299
"
"CÔNG TY TNHH ĐẦU TƯ VÀ KINH DOANH THƯƠNG MẠI DỊCH VỤ ANH TUẤN","0933226470
","3703316274
"
"CÔNG TY TNHH XÂY DỰNG VÀ VẬN TẢI NGỌC QUÂN","0932587462
","3703316267
"
"CÔNG TY TNHH NỘI THẤT HÒA THỊNH","0352981234
","3703316210
"
"CÔNG TY TNHH THƯƠNG MẠI DỊCH VỤ MAY MẶC TUYẾT HỒNG","0567801981
","3703316203
"
"CÔNG TY TNHH THƯƠNG MẠI QUỐC TẾ CHUANGYU","0853155811
","3703316193
"
"CÔNG TY TNHH DV THƯƠNG MẠI DIỆU LÊ","0906956854
","3703316002
"
"CÔNG TY TNHH DỊCH VỤ THƯƠNG MẠI NHÔM KÍNH MINH KHANG PHÁT","0345578986
","3703315746
"
"CÔNG TY TNHH GIA CÔNG CƠ KHÍ THÀNH LONG","0964989778
","3703315739
"
"CÔNG TY TNHH ĐẦU TƯ THƯƠNG MẠI VÀ XÂY DỰNG NHƯ Ý LUCKY","0878741433
","37033157121
"
"CÔNG TY TNHH MIỀN ĐÔNG PLASTIC","0985619825
","3703316348
"
"CÔNG TY TNHH DUY BÌNH MINH FURNITURE","098645241
","3703316228
"
"CÔNG TY TNHH THƯƠNG MẠI VÀ DỊCH VỤ NGUYỄN THẢO CN","0368444158
","3703316179
"
"CÔNG TY TNHH THƯƠNG MẠI DỊCH VỤ SEE VIỆT","0792098855
","3703316122
"
"CÔNG TY CỔ PHẦN ĐẦU TƯ Ô TÔ VĨNH THỊNH","0903755939
","3703316115
"
"CÔNG TY TNHH THƯƠNG MẠI VÀ DỊCH VỤ HIẾU NGUYỄN HN","0989816822
","3703316041
"
"CÔNG TY TNHH THƯƠNG MẠI VÀ DỊCH VỤ TRƯỜNG SƠN VINA","09321826009
","3703315961
"
"CÔNG TY TNHH THƯƠNG MẠI VÀ DỊCH VỤ NGỌC THỌ VŨ","0988265445
","3703315898
"
"CÔNG TY TNHH THƯƠNG MẠI DỊCH VỤ XUẤT NHẬP KHẨU SONG LONG SL","0937899540
","3703315880
"
"CÔNG TY TNHH THƯƠNG MẠI VÀ DỊCH VỤ NGÔ THU NA","0908669835
","3703315866
"
"CÔNG TY TNHH DỊCH VỤ VẬN TẢI MAI HOÀNG ĐĂNG","0979556353
","3703315859
"
"CÔNG TY TNHH TỰ ĐỘNG HÓA ROBOT CHAOHONG (VIỆT NAM)","0345508548
","3703315841
"
"CÔNG TY TNHH THƯƠNG MẠI VÀ DỊCH VỤ LÊ DƯƠNG VINA","0906556976
","3703316161
"
"CÔNG TY TNHH MÁY MÓC VÀ CƠ KHÍ VĂN HÀO AUTO","0706260237
","3703316147
"
"CÔNG TY TNHH GIA CÔNG MAY MẶC HỒNG NHUNG","0706298099
","3703316154
"
"CÔNG TY TNHH TM - DV NỆM TRƯỜNG AN","0933383855
","3703315915
"
"CÔNG TY TNHH ĐẦU TƯ THIẾT BỊ MÁY MÓC MINH TUẤN","0798006354
","3703315873
"
"CÔNG TY TNHH NỘI THẤT GAO BAO VIỆT NAM (NỘP THAY NTNN)","0705288887
","3703316281
"
"CÔNG TY TNHH XÂY DỰNG QUỐC VẠN","0932806325
","3703316186
"
"CÔNG TY TNHH TMDV HOA MỸ LINH","0564287069
","3703315993
"
"CÔNG TY TNHH THƯƠNG MẠI DỊCH VỤ KINH DOANH THẾ KHẢ","0762413721
","3703315986
"
"CÔNG TY TNHH CÔNG NGHỆ XỬ LÝ BỀ MẶT KIM LONG HUY","0812093183
","3703315979
"
"CÔNG TY TNHH TM VÀ PHÁT TRIỂN NGỌC TRƯỜNG NAM","0702668615
","3703315834
"
"CÔNG TY TNHH TMDV SẢN XUẤT HOÀNG TÀI","0391234567
","3703315827
"
"CÔNG TY TNHH FNB 1986","0834729999
","3703315802
"
"CÔNG TY TNHH GỖ CÔNG NGHIỆP THANH PHÁT","0982826936
","3703315753
"
"CÔNG TY TNHH TMDV XNK VIỆT VSEA","0822270680
","3703315714
"
"CÔNG TY TNHH MAY MẶC COTTONFILA","0703118234
","3703315707
"
"CÔNG TY TNHH MAY MẶC THẢO ĐẶNG","0782235690
","3703315697
"
"CÔNG TY TNHH THƯƠNG MẠI - VLXD THUẬN THÀNH PHÁT","0789683068
","3703315778
"
"CÔNG TY TNHH THƯƠNG MẠI THÉP NAM VIỆT STEEL","0877735639
","3703315760
"
"CÔNG TY TNHH DĂM GỖ TÂN PHÁT TÀI","0983474773
","3703315792
"
"CÔNG TY TNHH TMDV NGUYỄN SÁU","0944530933
","3703315785
"
"CÔNG TY TNHH MARINE DEPOT GUANGZHOU","0934595754
","3703316059
"
"PHÒNG GIAO DỊCH SỐ 2-KHO BẠC NHÀ NƯỚC KHU VỰC XVI","02743516039
","3703316235
"
"CÔNG TY TNHH MÁY TÍNH 365 PC","0363428255
","3703315954
"
"CÔNG TY TNHH THƯƠNG MẠI VÀ DỊCH VỤ TRỌNG TUYÊN","0946992575
","3703315908
"
"CÔNG TY TNHH THƯƠNG MẠI VÀ DỊCH VỤ BÙI DUY TÙNG","0916664775
","3703315922
"
"PHÒNG NỘI VỤ HUYỆN BÀU BÀNG","02743516878
","3703316027
"
"CÔNG TY CỔ PHẦN TM & DV ALPHA WORKFORCE","0932897222
","3703315672
"
"CÔNG TY TNHH ĐẦU TƯ THƯƠNG MẠI THỊNH PHÁT NHƯ Ý","0787869953
","3703315577
"
"CÔNG TY TNHH XÂY DỰNG CHÍ NGUYÊN CN","0362965134
","3703315658
"
"CÔNG TY TNHH SX TM GỖ NỘI THẤT VƯƠNG TOÀN","0338331878
","3703315552
"
"CÔNG TY TNHH TMDV NHÀ HÀNG BÌNH NGUYÊN","0944530933
","3703315601
"
"CÔNG TY TNHH DỊCH VỤ VẬN TẢI TRÍ THIỆN","0949842542
","3703315584
"
"CÔNG TY TNHH TMDV QUANG HUY PHÁT","0564262265
","3703315665
"
"CÔNG TY TNHH QUẢNG CÁO SỰ KIỆN DUY KHANH","0901745692
","3703315640
"
"CÔNG TY TNHH TMDV VẬN TẢI HÀNG HÓA NAM Á VIỆT VN","0588449626
","3703315591
"
"CÔNG TY TNHH MAY MẶC NGỌC HÀ","0776806096
","3703315545
"
"CÔNG TY TNHH THƯƠNG MẠI DỊCH VỤ HỮU HIỂN","0386715424
","3703315538
"
"CÔNG TY TNHH TMDV GIA KHANG BD","0395629528
","3703315520
"
"CÔNG TY TNHH DVTM SẢN XUẤT NGUYỄN BÍCH","0388220999
","3703315633
"
"CÔNG TY TNHH THƯƠNG MẠI VÀ DỊCH VỤ DUY TÂN CM","0988255188
","3703315626
"
"CÔNG TY TNHH TMDV & SX TRẦN HẠNH","0908751056
","3703315619
"
"CÔNG TY TNHH SUẤT ĂN CÔNG NGHIỆP BẢO NGỌC","0389330393
","3703315513
"
"CÔNG TY TNHH HUATECONS","0947665544
","3703315143
"
"CÔNG TY TNHH TM DV CƠ KHÍ XÂY DỰNG TRỌNG ĐỨC","0986647357
","3703315136
"
"CÔNG TY TNHH CỐ HƯƠNG YẾN","0899975888
","3703315150
"
"CÔNG TY TNHH CÔNG NGHỆ CHANG RONG","0968911849
","3703315182
"
"CÔNG TY TNHH LINKCARGO","0914902657
","3703314598
"
"CÔNG TY TNHH TM DV ĐIỆN LẠNH AC HUY PHÁT","0985287926
","3703314580
"
"CÔNG TY TNHH KHO LẠNH NGUYỄN THANH","0795845339
","3703315376
"
"CÔNG TY TNHH SIERRA ROOTS STONE","0364262427
","3703315217
"
"CÔNG TY TNHH TƯ VẤN THIẾT KẾ MÔ HÌNH CÁT TƯỜNG","0344617166
","3703314742
"
"CÔNG TY TNHH MAY XUẤT NHẬP KHẨU DUNG NGUYÊN PHÁT","0903463755
","3703314735
"
"CÔNG TY TNHH ĐIỆN TỬ QUANG VINH","0764992332
","3703314710
"
"CÔNG TY TNHH TMDV CƠ KHÍ XÂY DỰNG ĐINH THỊ DNY","0878742411
","3703315489
"
"CÔNG TY TNHH TMDV THÙY DUNG KAMATA","0878742415
","3703315471
"
"CÔNG TY TNHH XÂY DỰNG THÁI THỊ MMT","0878741538
","3703315496
"
"CÔNG TY TNHH CÔNG NGHỆ VẬT LIỆU XÂY DỰNG QUANG MINH","091964201
","3703315506
"
"CÔNG TY TNHH THƯƠNG MẠI VÀ XÂY DỰNG TÚ PHÁT HOME","0901239912
","3703315383
"
"CÔNG TY TNHH VĂN PHÒNG PHẨM TÂM ĐỨC","0931349568
","3703315400
"
"CÔNG TY TNHH IN ẤN QUẢNG CÁO VÀ TỔ CHỨC SỰ KIỆN HÒA BÌNH","0789970395
","3703315464
"
"CÔNG TY TNHH TMDV NỘI THẤT ĐẠI HIẾU","0774762216
","3703315457
"
"CÔNG TY TNHH DỊCH VỤ TM ĐIỆN TỬ HOÀNG NAM","0934276099
","3703315425
"
"CÔNG TY TNHH MTV THƯƠNG MẠI DỊCH VỤ VÀNG BẠC ĐÁ QÚY LONG PHÁT LUXURY","0764892789
","3703315256
"
"CÔNG TY TNHH THƯƠNG MẠI DỊCH VỤ TÂY NHẬT MỸ VIỄN THÔNG","0917778622
","3703315249
"
"CÔNG TY TNHH SX - TM NGỌC MINH ANH","0856723943
","3703314848
"
"CÔNG TY TNHH MTV DUYÊN HÀ","0922791222
","3703315432
"
"CÔNG TY TNHH MTV PHÁT TRIỂN GIÁO DỤC ĐỨC TRÍ","0988095639
","3703315175
"
"CÔNG TY TNHH JI ZHOU VIỆT NAM","02746265118
","37033151
"
"CÔNG TY TNHH TMDV SẢN XUẤT TUYẾT VÂN","0987891235
","3703315094
"
"CÔNG TY TNHH THƯƠNG MẠI ĐT ĐẠI ĐẠT TÍN","0978658625
","3703315087
"
"CÔNG TY TNHH TMDV PHẠM CẨM HỒNG","0528220158
","3703315390
"
"CÔNG TY TNHH THƯƠNG MẠI VÀ DỊCH VỤ ĐẮC TUẤN","0349778114
","3703315312
"
"CÔNG TY TNHH THƯƠNG MẠI VÀ DỊCH VỤ TRẦN ĐỨC TRUNG","0365298154
","3703315288
"
"CÔNG TY TNHH THƯƠNG MẠI VÀ DỊCH VỤ NGUYỄN HÙNG VINA","0378065484
","3703315337
"
"CÔNG TY TNHH THƯƠNG MẠI DỊCH VỤ CHẾ BIẾN GỖ CẨM HÀO","0762668039
","3703315305
"
"CÔNG TY TNHH PT DUY TƯỜNG","0933415563
","3703315295
"
"CÔNG TY TNHH NỘI THẤT THÔNG MINH YI HAO VN","0981808637
","3703315270
"
"CÔNG TY TNHH THƯƠNG MẠI VÀ DỊCH VỤ MẠNH HUY BD","0776199108
","3703315263
"
"CÔNG TY TNHH TM DV HỮU NHÂN","0937868512
","3703315231
"
"CÔNG TY TNHH THƯƠNG MẠI VÀ DỊCH VỤ ĐỨC GIANG VINA","0968114585
","3703315224
"
"CÔNG TY TNHH TM - XNK PHÚ AN KHANG","0975193090
","3703315418
"
"CÔNG TY TNHH THƯƠNG MẠI DỊCH VỤ PHÁT TRIỂN NAM BÌNH DƯƠNG","0776860779
","3703315351
"
"CÔNG TY TNHH THƯƠNG MẠI DỊCH VỤ VẬN TẢI MVN MOVE","0972069347
","3703315104
"
"CÔNG TY TNHH ĐẦU TƯ & XÂY DỰNG DESIGN TÂN PHÁT","0977070870
","3703315062
"
"CÔNG TY TNHH SPA HẰNG THU","0889268926
","3703315344
"
"CÔNG TY TNHH CÁ CẢNH NHIỆT ĐỚI VIỆT NAM","0939324688
","3703315009
"
"CÔNG TY TNHH TMDV VŨ LINH","0898698805
","3703314982
"
"CÔNG TY TNHH THƯƠNG MẠI DỊCH VỤ KÝ LINH","0984114355
","3703314975
"
"CÔNG TY TNHH THƯƠNG MẠI IN ẤN - SỰ KIỆN - TRUYỀN THÔNG YẾN THY TRAVEL","0397276763
","3703314968
"
"CÔNG TY TNHH THƯƠNG MẠI DỊCH VỤ NỘI THẤT XÂY DỰNG HÀO QUANG","0911144165
","3703314950
"
"CÔNG TY TNHH PHÁT TRIỂN THƯƠNG MẠI TIẾN NAM NG","0899335794
","3703314943
"
"CÔNG TY TNHH THƯƠNG MẠI DỊCH VỤ THÚY ĐẶNG","0931250959
","3703314936
"
"CÔNG TY TNHH TM DV MTV NGỌC NHƯ LOGISTIC","0928571849
","3703314929
"
"CÔNG TY TNHH SEN HOME SG","0935150402
","370331491
"
"CÔNG TY TNHH ĐẦU TƯ XÂY DỰNG DÂN DỤNG HOÀNG NAM BD","0356058760
","3703314904
"
"CÔNG TY TNHH THƯƠNG MẠI KHÁNH AN WOODS","0588991981
","3703314887
"
"CÔNG TY TNHH TMDV HOÀNG HÀ","0389347312
","3703314862
"
"CÔNG TY TNHH HINH THÔNG","0334767000
","3703314855
"
"CÔNG TY TNHH DỊCH VỤ GIẢI TRÍ HỘI CHỢ THƯƠNG MẠI LÔ TÔ SHOW MINH HOÀN II","0933563906
","3703314830
"
"CÔNG TY TNHH MTV DV TM KIM THÀNH PHÁT","0563797098
","3703314767
"
"CÔNG TY TNHH IFGF NÔNG VIỆT","0977440244
","3703314728
"
"CÔNG TY TNHH VIOLINO VIỆT NAM","85239001336
","3703314661
"
"CÔNG TY TNHH BAO BÌ BE GREEN VIỆT NAM","0965731650
","3703315168
"
"CÔNG TY TNHH CUNG ỨNG LƯƠNG THỰC XUẤT NHẬP KHẨU NÔNG SẢN LIÊN HƯNG","0707678127
","3703314703
"
"CÔNG TY TNHH PHÁT TRIỂN XÂY DỰNG LY THỊNH VƯỢNG","0911149262
","3703315055
"
"CÔNG TY TNHH TM DV SẢN XUẤT TRƯƠNG MINH TRANG","0937278864
","3703315048
"
"CÔNG TY TNHH THƯƠNG MẠI DỊCH VỤ LOGISTICS KIM LỘC PHÁT","0847833094
","3703315030
"
"CÔNG TY TNHH GIAI ĐIỀN","0974641501
","3703315023
"
"CÔNG TY TNHH MTV XNK PHẾ LIỆU LÊ VĂN","0928571891
","3703315016
"
"BAN QUẢN TRỊ NHÀ CHUNG CƯ HT-PEARL","0938115767
","3703315369
"
"CÔNG TY TNHH VIỆT NAM DERICSSON","0943880779
","3703314573
"
"CÔNG TY TNHH TM DV CƠ ĐIỆN LẠNH PHÚC HẢI","0907154181
","3703314566
"
"CÔNG TY TNHH ĐIỆN TỬ META AEO VN","0328240372
","3703314559
"
"CÔNG TY TNHH HẰNG THỤY VIỆT NAM","0986071070
","3703314541
"
"CÔNG TY TNHH NHÀ HÀNG CHAY TỊNH TÂM AN","0823113888
","3703314534
"
"CÔNG TY TNHH KINH DOANH VÀNG TIỆM VÀNG PHÚC KIM LONG","0902692606
","3703314693
"
"CÔNG TY TNHH POLY DRAGON VIET NAM","088683917803533
","3703314502
"
"CÔNG TY TNHH GIÁO DỤC VÀ THƯƠNG MẠI SGC BẾN CÁT","0914460467
","3703314492
"
"CÔNG TY TNHH KHUÔN MẪU HOA LONG THẮNG","0376003539
","3703314460
"
"CÔNG TY TNHH THIẾT BỊ VÀ DỊCH VỤ DTG","0865133972
","3703314453
"
"CÔNG TY TNHH TƯ VẤN HỖ TRỢ TÀI CHÍNH QUÝ CHÂU","0859066263
","3703314446
"
"CÔNG TY TNHH MOON LIGHT","0707956845
","3703314527
"
"CÔNG TY TNHH MTV ĐIỆN TỬ NGỌC MINH","0928341065
","3703314894
"
"CÔNG TY TNHH SẢN XUẤT VÀ THƯƠNG MẠI CAO LONG","0901058585
","3703314823
"
"CÔNG TY TNHH THƯƠNG MẠI DỊCH VỤ VÀ ĐẦU TƯ LƯU PHAN","0339212522
","3703314816
"
"CÔNG TY TNHH XÂY DỰNG VÀ VẬN CHUYỂN TRẦN CHÂM","0879633462
","3703314809
"
"CÔNG TY TNHH TM - DV MTV SẢN XUẤT PHẾ LIỆU QUỐC SANG BD","0928571858
","3703314799
"
"CÔNG TY TNHH MAY MẶC ZR","0383153731
","3703314781
"
"CÔNG TY TNHH TMDV & SX LÂM TỚI","0968192109
","3703314686
"
"CÔNG TY TNHH THE PARISAN","0898507042
","3703314326
"
"CÔNG TY TNHH THƯƠNG MẠI VÀ DỊCH VỤ MÔI TRƯỜNG ĐẶNG GIA","0356626265
","3703314774
"
"CÔNG TY TNHH MỘT THÀNH VIÊN C32 LAND","02743759446
","3703314679
"
"CÔNG TY TNHH THƯƠNG MẠI DV LÂM HỒNG","0906781733
","3703314654
"
"CÔNG TY TNHH THƯƠNG MẠI DỊCH VỤ THÁI HOÀNG SƠN","0971283030
","3703314647
"
"CÔNG TY TNHH TMDV MUA BÁN VÀ SỬA CHỮA THIẾT BỊ ĐIỆN THÀNH ĐA","0933122090
","3703314622
"
"CÔNG TY TNHH MỘT THÀNH VIÊN ĐỊA ỐC AVALAND","0888802598
","3703314615
"
"CÔNG TY TNHH THƯƠNG MẠI XUẤT KHẨU NGỌC DIỆP","0375632473
","3703314608
"
"CÔNG TY TNHH NỘI THẤT SOFA PHÁT TÀI","0935883579
","3703311727
"
"CÔNG TY TNHH VI MOT TUONG LAI TUOI SANG","0762056423
","3703314485
"
"BAN QUẢN TRỊ CHUNG CƯ BCONS SUỐI TIÊN","0375740068
","3703315129
"
"CÔNG TY TNHH NĂNG LƯỢNG XANH ANH THƯ","0949478122
","3703314478
"
"CÔNG TY CỔ PHẦN TẬP ĐOÀN FUGALO","0938655886
","3703313788
"
"CÔNG TY TNHH TRẦN HỮU QUÂN","0989219037
","3703314005
"
"CÔNG TY TNHH XÂY DỰNG VÀ NỘI THẤT V-HOME","0903103872
","3703314189
"
"CÔNG TY TNHH LÂM DƯƠNG LOGISTICS","0978288872
","3703314037
"
"CÔNG TY TNHH VIETMED SOLAR","0899996124
","3703314012
"
"CÔNG TY TNHH TƯ VẤN QUẢN LÝ HTH","0989040574
","3703313989
"
"CÔNG TY TNHH HOA MAI FOODS","0963511059
","3703313770
"
"CÔNG TY TNHH MINH PHƯƠNG STORE VN","0962089204
","3703313900
"
"CÔNG TY TNHH THƯƠNG MẠI NGŨ KIM HENG LI","0976350200
","3703314421
"
"CÔNG TY TNHH SẢN XUẤT GIA CÔNG THƯƠNG MẠI DỊCH VỤ XINFA","0986459688
","3703314206
"
"CÔNG TY TNHH NĂNG LƯỢNG PHÚC LONG","0967999345
","3703314213
"
"CÔNG TY TNHH NHỰA BOUWIN VIỆT NAM","0908005686
","3703314196
"
"CÔNG TY TNHH MTV NỆM NAM PHÁT LỘC","0972815024
","3703314397
"
"CÔNG TY TNHH SMT ENTERPRISES","0978148609
","3703313996
"
"CÔNG TY TNHH THƯƠNG MẠI GỖ HÙNG CƯỜNG","0375982134
","3703313971
"
"CÔNG TY TNHH KỸ THUẬT SẢN XUẤT THƯƠNG MẠI DỊCH VỤ IBA","0865152596
","3703314414
"
"CÔNG TY TNHH TƯ VẤN XÂY DỰNG GIA TÂM","0961388348
","3703314407
"
"CÔNG TY TNHH THƯƠNG MẠI VÀ DỊCH VỤ LGG LONG HIỆP","0927343318
","3703314372
"
"CÔNG TY TNHH XNK THƯƠNG MẠI NÔNG SẢN PHẠM CÚC RẠCH GIÁ","0928885478
","3703314365
"
"CÔNG TY TNHH TMDV HOÀNG QUỐC THIỀU","0328697136
","3703314340
"
"CÔNG TY TNHH DV VIỆT THANH","08982913320
","3703314301
"
"CÔNG TY TNHH TMDV PHONG LINH","0908528668
","370331420
"
"CÔNG TY TNHH THƯƠNG MẠI JANAI","0985543456
","3703314284
"
"CÔNG TY TNHH TRUYỀN THÔNG & SỰ KIỆN HILO","0924250250
","3703314277
"
"CÔNG TY TNHH XÂY DỰNG TIẾN PHÁT BD","0944020426
","3703314252
"
"CÔNG TY TNHH KIẾN TRÚC BR","0898222883
","3703314245
"
"CÔNG TY TNHH LẮP ĐẶT THIẾT BỊ CƠ ĐIỆN XINFA VIỆT NAM","0336231712
","3703314238
"
"CÔNG TY TNHH CÔNG NGHỆ DIGITALWAVE","0777070658
","3703314220
"
"CÔNG TY TNHH ĐẦU TƯ THƯƠNG MẠI VÀ SẢN XUẤT QUỐC TUẤN","0356887421
","3703314171
"
"CÔNG TY TNHH THIẾT BỊ MÁY MÓC BÌNH DƯƠNG CHANG SHUN","0348065808
","3703314164
"
"CÔNG TY TNHH ĐẦU TƯ THƯƠNG MẠI HỮU HIỆU","0848564251
","3703314157
"
"CÔNG TY TNHH ĐẦU TƯ THƯƠNG MẠI PHẠM NGỌC","0355898465
","3703314132
"
"CÔNG TY TNHH TM - DV NÔNG SẢN NGỌC LONG SPECIAL","0928571932
","3703314125
"
,,
"CÔNG TY TNHH VẬT TƯ XÂY DỰNG ÁNH DƯƠNG","0919875785
","3703314069
"
,,
,,
,,
,,
,,
,,
,,
,,
,,
,,
,,
"CÔNG TY TNHH TM & DV DA TÍN ÍCH","0977262523
","3703313516
"
"CÔNG TY TNHH CÔNG NGHỆ PHỦ XANH","0394796995
","3703314358
"
"CÔNG TY TNHH TN GLOBAL INDUSTRY VIỆT NAM","0932164331
","3703314333
"
"CÔNG TY TNHH THƯƠNG MẠI DỊCH VỤ HOÀNG HIỀN LUXY","0912584654
","3703313795
"
"CÔNG TY TNHH XÂY DỰNG THƯƠNG MAI & DỊCH VỤ THIÊN PHÚC TAP","0908466150985678
","3703313763
"
"CÔNG TY TNHH SẢN XUẤT VÀ THƯƠNG MẠI SỸ NGUYÊN","0901287627
","3703313957
"
"CÔNG TY TNHH XÂY DỰNG VÀ VẬN CHUYỂN THỊ NHÀI","0528030522
","3703313932
"
"CÔNG TY TNHH MÁY CHẾ BIẾN GỖ TÂN PHONG","0937172767
","3703313925
"
"CÔNG TY TNHH THƯƠNG MẠI DỊCH VỤ ĐỨC NGỌC VINA","0368694651
","3703313964
"
"CÔNG TY TNHH CAO PHONG PHÚ","0987676734
","3703313918
"
"CÔNG TY TNHH MÁY MÓC VÀ CÔNG NGHỆ REMACRO (VIỆT NAM)","0385151807
","3703314439
"
"CÔNG TY TNHH ĐẦU TƯ LỘC PHÁT THÀNH PHỐ MỚI","0938468687
","3703313040
"
"CÔNG TY CỔ PHẦN NATUZZI VIỆT NAM","842743642004
","3703313756
"
"CÔNG TY TNHH MTV DV TM BDS KIM PHÁT","0562479929
","3703313682
"
"CÔNG TY TNHH SAND FUTURE VIỆT NAM","8602167760910
","3703313548
"
"CÔNG TY TNHH SX TM DV HÒA NINH","0933472579
","3703313876
"
"CÔNG TY TNHH CÔNG NGHỆ YE HUI","0328836009
","3703313851
"
"CÔNG TY TNHH TỔNG HỢP HOÀNG GIA KHANG","0586825640
","3703313347
"
"CÔNG TY TNHH THƯƠNG MẠI PHỤ LIỆU VÀ MAY MẶC PHƯƠNG ĐÔNG","0397889639
","3703313883
"
"CÔNG TY TNHH TMDV NHÀ HÀNG HƯƠNG QUÊ","0523952353
","3703313139
"
"CÔNG TY TNHH TMDV VẬN CHUYỂN TÂN ANH","0898051013
","3703313499
"
"CÔNG TY TNHH QUẢNG CÁO TRUYỀN THÔNG PHƯỢNG THU","0898290571
","3703313410
"
"CÔNG TY TNHH VŨ THÌN VN","0584163392
","3703313185
"
"CÔNG TY TNHH THƯƠNG MẠI DỊCH VỤ CÔNG NGHỆ THẢO ANH","0814142142
","3703313153
"
"CÔNG TY TNHH LASER HÂN PHÁT","0977432875
","3703313146
"
"HỢP TÁC XÃ VẬN TẢI DẦU TIẾNG","0974138278
","3703313435
"
"CÔNG TY TNHH TMDV ĐẠT HÙNG MT","0798669325
","3703313844
"
"HỢP TÁC XÃ AN THÁI FRAM","0975622166
","3703313442
"
"CÔNG TY TNHH TMDT MAI ANH","0388224801
","3703313361
"
"CÔNG TY TNHH PHÁT TRIỂN THƯƠNG MẠI DỊCH VỤ ĐẠI NGUYÊN","0982020588
","3703313280
"
"CÔNG TY TNHH THƯƠNG MẠI DỊCH VỤ SẢN XUẤT GỖ TRƯỜNG AN","0394759339
","3703313273
"
"CÔNG TY TNHH TMDV CHU SONG LONG SLL","0878949958
","3703313266
"
"CÔNG TY TNHH THƯƠNG MẠI NỘI THẤT VÀ VLXD TUẤN KHÔI","0985635668
","3703313259
"
"CÔNG TY TNHH TM DV SẢN XUẤT MINH HẠNH","0906409345
","3703313241
"
"CÔNG TY TNHH SẢN XUẤT THƯƠNG MẠI KOKAMAX PAINT","0902948459
","3703313869
"
"CÔNG TY TRÁCH NHIỆM HỮU HẠN THƯƠNG MẠI DỊCH VỤ THANH THUÝ BD","0896983831
","3703313724
"
"CÔNG TY TNHH SOLAR VIỆT TIẾN","0389048429
","3703313523
"
"CÔNG TY TNHH TM DV THIÊN ÂN PHÁT","0886862268
","3703313481
"
"CÔNG TY TNHH DỊCH VỤ VÉ MÁY BAY HÀ NỘI","0335078682
","3703313474
"
"CÔNG TY TNHH SẢN XUẤT THƯƠNG MẠI VÀ DỊCH VỤ BẢO TRÂM","0394344384
","3703313315
"
"CÔNG TY TNHH TMDV BÁCH TÙNG","0898928217
","3703313298
"
"CÔNG TY TNHH ĐẠT LÂM PHÁT","02743828668
","3703313227
"
"CÔNG TY TNHH CÔNG NGHỆ TT VĨ KIỆT","0962904376
","3703312097
"
"CÔNG TY TNHH VẬT LIỆU MỚI POLYURETHANE PHƯƠNG ĐÔNG","0348384567
","3703313058
"
"CÔNG TY TNHH BAO BÌ MINH THÀNH","0838179339
","3703313033
"
"CÔNG TY TNHH THƯƠNG MẠI DỊCH VỤ TUẤN LÂM NEW 68","0584611651
","3703313026
"
"CÔNG TY TNHH MÃ VẠCH HUY PHÁT","0763636488
","3703313019
"
"CÔNG TY TNHH CƠ KHÍ CHẾ TẠO VŨ PHONG","0979460225
","3703313322
"
"CÔNG TY TNHH ĐẦU TƯ VÀ XÂY DỰNG QCONS","0985532759
","3703313308
"
"CÔNG TY TNHH TMDV NHÀ HÀNG KHÁCH SẠN VÀ DU LỊCH ĐỖ HIỀN","0949160748
","3703313717
"
"CÔNG TY TNHH TM DV XD LỘC TIẾN PHÁT","0902445523
","3703313675
"
"CÔNG TY TNHH PHÁT TRIỂN THƯƠNG MẠI DỊCH VỤ LÊ GIA","0982457056
","3703313636
"
"CÔNG TY TNHH TMDV QUẢNG CÁO VÀ TỔ CHỨC SỰ KIỆN THÙY TRANG","0937087959
","3703313629
"
"CÔNG TY TNHH SẢN XUẤT THƯƠNG MẠI THÁI BÌNH VNTQ","0875423682
","3703313611
"
"CÔNG TY TNHH ĐẦU TƯ PHÁT TRIỂN THƯƠNG MẠI XÂY DỰNG BẢO QUỐC","0567871985
","3703313604
"
"CÔNG TY TNHH THƯƠNG MẠI BỐN PHƯƠNG VINA","0932197846
","3703313594
"
"CÔNG TY TNHH TMDV VĂN NHÂM","08983101380
","3703313587
"
"CÔNG TY TNHH PHÁT TRIỂN XÂY DỰNG THƯƠNG MẠI VĂN HƯNG","0978441338
","3703313562
"
"CÔNG TY TNHH SX VÀ TM THỰC PHẨM THU GIANG","0336558338
","3703313555
"
"CÔNG TY TNHH THƯƠNG MẠI TỔNG HỢP NGUYỄN ĐẠT 58","0589979648
","3703313530
"
"CÔNG TY TNHH XNK NGỌC NHÂN","0787927497
","3703313192
"
"CÔNG TY TNHH CHI YANG RIBBON","02743803427702743803427
","3703312890
"
"CÔNG TY TNHH THƯƠNG MẠI CÔNG NGHỆ VINH TÂN VIỆT NAM","0379484709
","3703313379
"
"CÔNG TY TNHH SẢN XUẤT KỸ THUẬT KFSEN VN","0901342148
","3703313668
"
"CÔNG TY CỔ PHẦN LINH QUÂN ENERGY SOLUTIONS","0925477774
","3703313650
"
"CÔNG TY TNHH TMDV SẢN XUẤT KIM HOA","0792006162
","3703313643
"
"CÔNG TY TNHH TMDV LOGISTICS AN BÌNH","0925777139
","3703313403
"
"CÔNG TY TNHH MTV DỊCH VỤ TM VÕ Ý","0328654376
","3703313393
"
"CÔNG TY TNHH TMDV NHÀ HÀNG KHÁCH SẠN NGUYỄN MỪNG","0942067912
","3703313354
"
"CÔNG TY TNHH SWAB VN","0399563521
","3703313202
"
"CÔNG TY TNHH CÔNG NGHỆ LẮP RÁP MINH TÂM","0523810918
","3703313160
"
"CÔNG TY TNHH TM DV XÂY DỰNG DUY TRỌNG","0965007729
","3703313107
"
"CÔNG TY TNHH SẢN XUẤT NỘI THẤT THIÊN MỘC","0961826648
","3703313428
"
"CÔNG TY TNHH HÓA CHẤT KYNOVATE","0967311989
","3703313386
"
"CÔNG TY TNHH CƠ KHÍ XÂY DỰNG VÀ THƯƠNG MẠI QH-CONS","0358012318
","3703313234
"
"CÔNG TY TNHH THƯƠNG MẠI DỊCH VỤ THIẾT KẾ VÀ MAY MẶC LÊ DUNG","0937126229
","3703313178
"
"CÔNG TY TNHH TMDV TRUNG NGUYỄN","0528030541
","3703313121
"
"CÔNG TY CỔ PHẦN RƯỢU DAKHA","0283813080
","3703313114
"
"CÔNG TY TNHH THƯƠNG MẠI DỊCH VỤ TIỆN GỖ MỸ NGHỆ DƯƠNG ANH PHÁT","03382768140866
","3703313072
"
"CÔNG TY TNHH TMDV CHƠN NGUYỄN","0898010315
","3703312065
"
"CÔNG TY TNHH BAO BÌ ĐÓNG GÓI YONG SHENG (NỘP THAY NTNN)","0859932328
","3703313749
"
"CÔNG TY TNHH HẢI UY BÌNH DƯƠNG (NỘP THAY NTNN)","0386908580
","3703313731
"
"CÔNG TY TRÁCH NHIỆM HỮU HẠN TMDV HOA VINH QT","0588975804
","3703312713
"
"CÔNG TY TNHH ĐIỆN TỬ QUÝ ĐẶNG SKY","087894969
","3703312706
"
"CÔNG TY TNHH KINH DOANH SẮT THÉP VÀ XÂY DỰNG THU HÀ BLUE","0878742412
","3703312826
"
"CÔNG TY TNHH LANO PREMIUM","0903090428
","3703313001
"
"CÔNG TY TNHH TM & DV VNECO","0837860116
","3703312449
"
"CÔNG TY TNHH HIỀN PHƯƠNG VN","0584274330
","3703312992
"
"CÔNG TY TNHH SẢN XUẤT THƯƠNG MẠI DỊCH VỤ NHỰA TOÀN PHÁT","0388053402
","3703312985
"
"CÔNG TY TNHH CÔNG NGHỆ NEW POWER VIỆT NAM","0989621280
","3703312978
"
"CÔNG TY TNHH TMDV VẬN CHUYỂN QUỐC TẾ TIẾN HỮU HTT","0878950411
","3703312199
"
"CÔNG TY TNHH KỸ THUẬT XÂY DỰNG HOÀNG AN","0981627858
","3703312583
"
"CÔNG TY TNHH THƯƠNG MẠI DỊCH VỤ SẢN XUẤT KỲ LÂN","02743801914
","3703312544
"
"CÔNG TY TNHH TƯ VẤN LUẬT 123","0975088509
","3703312537
"
"CÔNG TY TNHH THƯƠNG MẠI DỊCH VỤ XUẤT NHẬP KHẨU KHANG HY","0888246266
","3703312512
"
"CÔNG TY TNHH ELECTRONICS STORE","0965749875
","3703312495
"
"CÔNG TY TNHH SẢN XUẤT THỰC PHẨM BM","0983575757
","3703312488
"
"CÔNG TY TNHH TMDV THIẾT KẾ XÂY DỰNG TRƯỜNG TOÀN","0586592930
","3703312470
"
"CÔNG TY TNHH TƯ VẤN NHÂN HÒA NHÂN VIỆT NAM","0978968982
","3703312456
"
"CÔNG TY TNHH SẢN XUẤT THƯƠNG MẠI TRẦN MẠNH HƯNG","0964045278
","3703312671
"
"CÔNG TY TNHH THIẾT KẾ ĐẦU TƯ XÂY DỰNG TVT","0979708079
","3703312576
"
"CÔNG TY TNHH VẬN TẢI MINH THÁI NGỌC CẨM","0932723323
","3703312569
"
"CÔNG TY TNHH PHÁT TRIỂN TM VÀ DV VẬN TẢI NAM ĐẠI LONG","0977234379
","3703312946
"
"CÔNG TY TNHH SHOEI TRADING VIỆT NAM","0274651127
","3703312505
"
"CÔNG TY TNHH BAO BÌ PHƯỚC LỘC THÀNH","0903390672
","3703312897
"
"CÔNG TY TNHH TMDV KINH DOANH ĐẦU TƯ QUỐC ĐẠT","0898390897
","3703312858
"
"CÔNG TY TNHH THƯƠNG MẠI DỊCH VỤ TUẤN NGUYỄN LK","0971145845
","3703312840
"
"CÔNG TY TNHH KINH DOANH TMDV & SX TRÍ THIỆN","0937207189
","3703312819
"
"CÔNG TY TNHH TMDV PHI DƯƠNG","0347437992
","3703312738
"
"CÔNG TY TNHH KINH DOANH SẮT THÉP VĂN BÌNH","0971213030
","3703312689
"
"CÔNG TY TNHH TMDV VẬN TẢI ĐỖ VIẾT THẮNG","0933803909
","3703312664
"
"CÔNG TY TNHH THƯƠNG MẠI DỊCH VỤ XÂY DỰNG VĂN SANG","0931276959
","3703312657
"
"CÔNG TY TNHH ĐẦU TƯ THƯƠNG MẠI VÀ DỊCH VỤ THANH LONG PHÁT","0817724580
","3703312632
"
"CÔNG TY TNHH TMDV VẬN CHUYỂN MINH HUY MHN","0878950412
","3703312625
"
"CÔNG TY TNHH TMDV MTV KIM TẤN TRUNG","0786628361
","3703312953
"
"CÔNG TY TNHH TM DỊCH VỤ SX KIM THOA","0925001869
","3703312939
"
"CÔNG TY TNHH TMDV TRINH LÊ WL","0878949959
","3703312921
"
"CÔNG TY TNHH TM DV BÁCH HÓA TỔNG HỢP HOÀNG LANG","0372727124
","3703312865
"
"CÔNG TY TNHH PHÁT TRIỂN ĐẦU TƯ THƯƠNG MẠI DỊCH VỤ HỮU TÍN NGHĨA","09321219908
","3703312833
"
"CÔNG TY TNHH KINH DOANH TỔNG HỢP THƯƠNG MẠI DỊCH VỤ HOÀNG TÀI","0901793179
","3703312618
"
"CÔNG TY TNHH SẢN XUẤT THƯƠNG MẠI DỊCH VỤ HOÀNG HOÀI AN","0939174922
","3703312590
"
"CÔNG TY TNHH CẨU TRỤC THANG MÁY PUFA","0374119868
","3703312907
"
"CÔNG TY TNHH NỘI THẤT HÀ QUÂN","0332443679
","3703312872
"
"CÔNG TY TNHH NHỰA NGŨ KIM NỘI THẤT ZHI HONG","0366437188
","3703312600
"
"CÔNG TY TNHH ĐIỆN PEARL","0936538939
","3703312431
"
"CÔNG TY TNHH DỊCH VỤ TM NHẤT NGỌC VINA","0921225451
","3703312424
"
"CÔNG TY TNHH DVTM & SX ĐINH LAN","0978390188
","3703312914
"
"CÔNG TY TNHH TỔNG HỢP THƯƠNG MẠI DỊCH VỤ SẢN XUẤT GIA BẢO NGUYÊN","0969400988
","370331219
"
"CÔNG TY TNHH TMDV KIM TÀI","0856831666
","3703312752
"
"CÔNG TY TNHH KIM PHÁT PHÚC","0396913442
","3703312745
"
"CÔNG TY TNHH NỘI THẤT HUY PHÁT.HD","0965088879
","3703312720
"
"CÔNG TY TNHH CÔNG TY TNHH TMDV & SX KIM PHÚ QUANG","0986948663
","3703312801
"
"CÔNG TY TNHH TBC FURNITURE","0333077055
","3703312777
"
"CÔNG TY TNHH TMDV GỖ THANH TIỀN","0328786215
","3703312696
"
"CÔNG TY TNHH ĐẦU TƯ THƯƠNG MẠI DỊCH VỤ HIỀN HÀ","0936768166
","3703312551
"
"ĐỒN CÔNG AN KCN THỊ XÃ TÂN UYÊN","07443653764
","3703312960
"
"HỢP TÁC XÃ NÔNG NGHIỆP TNT GREEN","0983905036
","3703310924
"
"CÔNG TY TNHH MY ELLSA","0911322070
","3703312463
"
"CÔNG TY TNHH MTV CƠ ĐIỆN LẠNH HẢI ĐĂNG","0933174568
","3703312255
"
"CÔNG TY TNHH AUSSCO VIỆT NAM","85290969330
","3703312110
"
"CÔNG TY TNHH VIỆT NAM JUCCCE INTELLIGENT TECHNOLOGY","8618868920898
","3703312079
"
"HỢP TÁC XÃ TÂN BÌNH","0918633779
","3703310681
"
"CÔNG TY TNHH SẢN XUẤT GIA CÔNG THƯƠNG MẠI YIMEI","0938556088
","3703312343
"
"CÔNG TY TNHH THƯƠNG MẠI VÀ DV BÍCH CHIỀU","0792234976
","3703312230
"
"CÔNG TY TNHH TMDV GỖ VÀ TRANG TRÍ NỘI THẤT HOÀNG GIA SG","0927384122
","3703312174
"
"CÔNG TY TNHH MTV XÂY DỰNG ĐẠI TIẾN PHÁT","0967078039
","3703312417
"
"CÔNG TY TNHH CƠ KHÍ KỸ THUẬT CÔNG NGHỆ NS INDUSTRY","0798660590
","3703312368
"
"CÔNG TY TNHH MTV TM DV TÂN VIỆT YẾN","0896431066
","3703312350
"
"CÔNG TY TNHH SX VÀ CHẾ BIẾN GỖ HẢI AN","0569497646
","3703312329
"
"CÔNG TY TNHH THIẾT KẾ MAY MẶC ĐẠI HÙNG","0898283987
","3703312311
"
"CÔNG TY TNHH KINH DOANH VĂN PHÒNG PHẨM HUYỀN NGYỄN","0937235626
","3703312287
"
"CÔNG TY TNHH THƯƠNG MẠI DV THANH VĨ","0328459761
","3703312223
"
"CÔNG TY TNHH TM DV HUY CƯỜNG VINA","0856221563
","3703312216
"
"CÔNG TY TNHH TMDV VẬN TẢI XÂY DỰNG MẠNH QUÂN","0586593112
","3703312167
"
"CÔNG TY TNHH TM DV HOÀNG GIA GROUP KING","0987545742
","3703312142
"
"CÔNG TY TNHH SX TM DV DƯ HOÀI","0903779723
","3703312336
"
"CÔNG TY TNHH TM DỊCH VỤ ĐIỆN TỬ HÀ NHUNG","0934348681
","3703312304
"
"CÔNG TY TNHH HAROMA","0962468735
","3703312294
"
"CÔNG TY TNHH TMDV SẢN XUẤT LÂM THANH TÙNG","0328647136
","3703312135
"
"CÔNG TY TNHH TRƯỜNG AN J & T","0983144854
","3703312128
"
"CÔNG TY TNHH THƯƠNG MẠI TM TILK TOCK","0636436960
","3703312382
"
"CÔNG TY TNHH THUẦN AN MỘC","0933531858
","3703312375
"
"CÔNG TY TNHH SẢN XUẤT KHĂN ƯỚT VÀ GIẤY KHÔ AN BÌNH","098952115
","3703312262
"
"CÔNG TY TNHH MỘT THÀNH VIÊN DỊCH VỤ THƯƠNG MẠI VĂN MÃI","0982020587
","3703312248
"
"CÔNG TY TNHH ĐẦU TƯ XD VÀ VẬN TẢI ĐÔNG ĐÔ","0931711423
","3703312209
"
"CÔNG TY TNHH TMDV XÂY DỰNG HÙNG CƯỜNG","0909550255
","3703312181
"
"CÔNG TY TNHH TMDV XĂNG DẦU THANH NHÃ BÌNH DƯƠNG","0965521740
","3703312103
"
"CÔNG TY TNHH DỊCH VỤ VÉ MÁY BAY ĐÀ NẴNG","0398480335
","3703312092
"
"CÔNG TY TNHH TMDV SẢN XUẤT NGUYỄN ĐÌNH VÂN","0328242145
","3703312086
"
"CÔNG TY TNHH TNHH GỖ NAM SƠN PHÁT","0908713501
","3703312008
"
"CÔNG TY TNHH VẬN TẢI - DU LỊCH QUỐC THỐNG","0946557345
","3703312061
"
"CÔNG TY CỔ PHẦN TẬP ĐOÀN NGÔI SAO VIỆT","0945555851
","3703311501
"
"CÔNG TY CỔ PHẦN ĐẦU TƯ XÂY DỰNG VÀ PHÁT TRIỂN TRUNG NGHĨA","0961716777
","3703311477
"
"CÔNG TY TNHH MTV KIẾN TRÚC XÂY DỰNG GIA PHÁT","0938991986
","3703311445
"
"CÔNG TY CỔ PHẦN ĐẦU TƯ XÂY DỰNG TRƯỜNG ĐÔNG","0961716777
","3703311413
"
"CÔNG TY TNHH CÔNG NGHỆ NANO XIAXING VIỆT NAM","0917000698
","3703310586
"
"CÔNG TY TNHH PHÁT TRIỂN XÂY DỰNG HONG TAO VIỆT NAM","0398655006
","3703311276
"
"CÔNG TY TNHH MỘT THÀNH VIÊN XÂY DỰNG PHÚC AN","0937955980
","3703311967
"
"CÔNG TY TNHH THƯƠNG MẠI DV QUÝ KHƯƠNG","0328136497
","3703311999
"
"CÔNG TY TNHH SẢN PHẨM CỨNG NHỰA CHAO YUE","0385780739
","3703311981
"
"CÔNG TY TNHH VẬT LIỆU CÔNG NGHỆ KỸ THUẬT DAWEI VIỆT NAM","0392520718
","3703311974
"
"CÔNG TY TNHH HỒNG HẠNH AGRITECH","0933146566
","3703311935
"
"CÔNG TY TNHH TM DV TRANG CHUNG","0818571234
","3703311928
"
"CÔNG TY TNHH THƯƠNG MẠI DỊCH VỤ VẬN TẢI KHÁNH AN PHÁT","0964646982
","3703311759
"
"CÔNG TY TNHH GIÁO DỤC VÀ ĐÀO TẠO THEO NHU CẦU XÃ HỘI LẠC VIỆT","0941069281
","3703311741
"
"CÔNG TY TNHH BẢO VỆ - VỆ SĨ - AN NINH ĐẠI LỘC PHÁT","0798166565
","3703311734
"
"CÔNG TY TNHH NỘI THẤT SOFA PHÁT TÀI","0935883579
","3703311727
"
"CÔNG TY TNHH THƯƠNG MẠI - DỊCH VỤ - SẢN XUẤT ĐIỆN THUẬN HƯNG","0913140626
","3703311558
"
"CÔNG TY TNHH MTV THƯƠNG MẠI XUẤT NHẬP KHẨU HỒNG PHONG","0982587086
","3703311540
"
"CÔNG TY TNHH MTV VẬN TẢI AN TƯỜNG","0355536919
","370331140
"
"CÔNG TY TNHH MEDI CENTER","0966037233
","3703311484
"
"CÔNG TY TNHH TMDV ĐẦU TƯ PHÁT TRIỂN TOÀN CẦU ĐỖ THANH","0899556861
","3703311438
"
"CÔNG TY TNHH TMDV PHÁT HƯNG THỊNH","0898987376
","3703311420
"
"CÔNG TY TNHH SỮA HÀ BẮC","0908625540
","3703311396
"
"CÔNG TY TNHH QUỐC TẾ WONDERTEX","0898686492
","3703311389
"
"CÔNG TY TNHH THƯƠNG MẠI XỬ LÝ BỀ MẶT NEW STAR","0375351209
","3703311371
"
"CÔNG TY TNHH TM DV VIỆT TRUNG SƠN","0965129051
","3703311364
"
"CÔNG TY CỔ PHẦN BỆNH VIỆN MEDIC TÂN UYÊN","09026166760908176
","3703310716
"
"CÔNG TY TNHH DVTM LABCOOP AEO VN","0328240372
","3703310709
"
"CÔNG TY TNHH CONTAINER MIỀN NAM PHÁT","0919417139
","3703310699
"
"CÔNG TY TNHH THƯƠNG MẠI DỊCH VỤ COCODIU","0901699888
","3703310674
"
"CÔNG TY TNHH THƯƠNG MẠI - DỊCH VỤ - SẢN XUẤT ĐIỆN QUỐC HUY","0908917997
","3703311452
"
"CÔNG TY TNHH XÂY DỰNG VÀ TRANG TRÍ NỘI THẤT THT","0934506066
","3703311406
"
"CÔNG TY TNHH TMDV MUA BÁN VÀ SỬA CHỮA THIẾT BỊ CƠ KHÍ TRẦN LÂM","0973026960
","3703311910
"
"CÔNG TY TNHH LOGISTICS AN NGUYÊN PHÁT","0974169414
","3703311766
"
"CÔNG TY TNHH MTV MÁY MÓC VÀ THIẾT BỊ HƯNG THỊNH","0989033692
","3703311357
"
"CÔNG TY TNHH XÂY DỰNG & THƯƠNG MẠI DỊCH VỤ AMC","0947742857
","3703312054
"
"CÔNG TY TNHH CÔNG NGHỆ MẠNG GIẢI TRÍ FINGERTIP NETWORK TECHNOLOGY CO., LTD","0933191439
","3703311942
"
"CÔNG TY TNHH HAPY TOWN","0813784390
","3703312015
"
"CÔNG TY TNHH DVTH MỸ HẠNH","0974927213
","3703311533
"
"CÔNG TY CỔ PHẦN DỊCH VỤ VIỄN THÔNG ĐÔNG SÀI GÒN","0913665639
","3703310667
"
"CÔNG TY TNHH CHẾ TẠO CƠ KHÍ VIỆT SÁNG","0345422334
","3703312022
"
"CÔNG TY TNHH ĐẦU TƯ PHÁT TRIỂN PHƯƠNG SEN BÌNH DƯƠNG","0325555993
","3703311773
"
"CÔNG TY TNHH MAY SOFA QUỐC KHANG","08152032039
","3703310635
"
"CÔNG TY TNHH ĐT XÂY DỰNG TRƯỜNG PHÁT BÌNH DƯƠNG","0908063968
","3703310610
"
"CÔNG TY TNHH TM DV TƯ VẤN PHÁP LÝ TRÍ TÂM TPHCM","0888800948
","3703312047
"
"CÔNG TY TNHH VẬT LIỆU CÔNG NGHIỆP XINGSHENG","0922101868
","3703310642
"
"CÔNG TY TNHH TM NGUYÊN VẬT LIỆU SHIN ETSU VIỆT NAM","0586826097
","3703310868
"
"CÔNG TY TNHH THƯƠNG MẠI DỊCH VỤ THIẾT BỊ H & T","0918880498
","3703310755
"
"CÔNG TY TNHH SẢN XUẤT THƯƠNG MẠI SẮT THÉP NGỌC PHƯƠNG PHÁT","02743686836
","3703310434
"
"CÔNG TY TNHH TM DV LỘC THÀNH","0877343290
","3703310321
"
"CÔNG TY TNHH GỖ CÔNG NGHIỆP HOÀNG HÙNG","0908297401
","3703310882
"
"CÔNG TY TNHH THƯƠNG MẠI - CHẾ BIẾN NÔNG LÂM SẢN NHÂN ĐỨC PHÚC","0342951999
","3703310811
"
"CÔNG TY TNHH LÂM HOÀNG TÂM","0932587120
","3703310829
"
"CÔNG TY TNHH GIÁO DỤC NGHỀ NGHIỆP VÀ ĐÀO TẠO LÁI XE HIM LAM PHÚ ĐÔNG","0933778113
","3703311300
"
"CÔNG TY TNHH LỐP ĐÔNG TÂY","0918907887
","3703311290
"
"CÔNG TY TNHH TM DV KINH DOANH TỔNG HỢP HẢI VÂN","0928845255
","3703311283
"
"CÔNG TY TNHH MÔI GIỚI ĐẦU TƯ BẤT ĐỘNG SẢN HAKA PROPERTY","0915292029
","3703311131
"
"CÔNG TY TNHH TMDV THIẾT BỊ VĂN PHÒNG THIÊN QUỐC","0938835530
","3703311205
"
"CÔNG TY TNHH TNHH XD VÀ VẬN CHUYỂN ĐẶNG THANH","0769300541
","3703310995
"
"CÔNG TY TNHH TRÍ KIỆT LAND","0985689628
","3703311188
"
"CÔNG TY CP ĐẦU TƯ TRẦN THÁI","02743788661
","3703311170
"
"CÔNG TY TNHH GỖ DASEN VIỆT NAM","8613280790170
","3703310988
"
"CÔNG TY TNHH THƯƠNG MẠI DỊCH VỤ PHÚ HƯNG THỊNH VƯỢNG","0327588386
","3703310794
"
"CÔNG TY TNHH THƯƠNG MẠI VÀ SẢN XUẤT BĂNG KEO BAO BÌ THAFO","0909890468
","3703310787
"
"CÔNG TY CỔ PHẦN ĐẦU TƯ XÂY DỰNG VÀ KINH DOANH BẤT ĐỘNG SẢN HIỆP PHÁT","0903654014
","3703310748
"
"CÔNG TY CỔ PHẦN ĐẦU TƯ XÂY DỰNG TÂN ĐÔNG HIỆP","02835129632
","3703310554
"
"CÔNG TY TNHH TMDV MÔI GIỚI MCVMEDIA","0901793781
","3703310402
"
"CÔNG TY TNHH LÊ VƯƠNG PHÁT","0975697636
","3703310392
"
"CÔNG TY TNHH THANH NGUYÊN ĐỨC","0909813810
","3703310385
"
"CÔNG TY TNHH KỸ THUẬT ROBOTICS","0394951941
","3703310378
"
"CÔNG TY TNHH KINH DOANH THƯƠNG MẠI DỊCH VỤ TỔNG HỢP VIỄN DƯƠNG","0796747221
","3703311854
"
"CÔNG TY TNHH TMDV QUẢNG CÁO VÀ TRUYỀN THÔNG KIM CƯƠNG","0857811034
","3703311822
"
"CÔNG TY TNHH VIỆT THẮNG VIỆT NAM","0908971161
","3703311646
"
"CÔNG TY TNHH DỊCH VỤ SẢN XUẤT THƯƠNG MẠI HOÀNG VŨ","098920505
","3703311318
"
"CÔNG TY TNHH CƠ KHÍ THIẾT BỊ MINH PHÁT BD","02866755535
","3703311269
"
"CÔNG TY TNHH THƯƠNG MẠI SẢN XUẤT DỊCH VỤ ASAN","0973317229
","3703311251
"
"CÔNG TY TNHH TMDV SẢN XUẤT MINH DƯƠNG BD","0925311659
","3703311212
"
"CÔNG TY TNHH TMDV & SX BÁCH TRƯỜNG PHÁT","0937518559
","3703311163
"
"CÔNG TY TNHH MTV THƯƠNG MẠI DỊCH VỤ HÙNG DŨNG BD","0776156732
","3703311068
"
"CÔNG TY TNHH DV-TM-DL-HOTEL VN","0901793781
","3703311050
"
"CÔNG TY TRÁCH NHIỆM HỮU HẠN CÔNG NGHỆ KS VIỆT NAM","0395468677
","3703310956
"
"CÔNG TY TNHH THƯƠNG MẠI DỊCH VỤ XNK DNC CARE","0933365227
","3703310949
"
"CÔNG TY TNHH DICH VỤ BẢO VỆ - VỆ SĨ NGUYÊN PHONG","0334624606
","3703310836
"
"CÔNG TY TNHH THƯƠNG MẠI DỊCH VỤ MUA BÁN LÂM SẢN TRƯỜNG GIANG","0979569937
","3703310804
"
"CÔNG TY TNHH THƯƠNG MẠI DỊCH VỤ SX TRUNG HIẾU","0328312659
","3703310730
"
"CÔNG TY TNHH TMDV MAY MẶC QUỲNH NHƯ","0333669979
","3703311847
"
"CÔNG TY TNHH XÂY DỰNG QUỐC BẢO GIA HUY","0908525960
","3703311815
"
"CÔNG TY TNHH ĐẦU TƯ QUỐC TẾ D&N","0983922278
","3703311702
"
"CÔNG TY TNHH VLXD VÀ SẮT THÉP THANH HẢI","0569483835
","3703311685
"
"CÔNG TY TNHH TM YUE YUE VIỆT NAM","0398505867
","3703311597
"
"CÔNG TY TNHH THƯƠNG MẠI DỊCH VỤ NHÀ HÀNG KHÁCH SẠN PHƯƠNG NAM","0942067912
","3703311519
"
"CÔNG TY TNHH THƯƠNG MẠI DỊCH VỤ NHÀ HÀNG SAO KHUÊ","0949160748
","3703311325
"
"CÔNG TY CỔ PHẦN SÂM NGỌC LINH K3 QN","0985379379
","3703311244
"
"CÔNG TY TNHH IN ẤN THIÊN PHÚC","0393663960
","3703311237
"
"CÔNG TY TNHH ĐỒ GỖ MINH TRÍ","0564219397
","3703311195
"
"CÔNG TY TNHH THƯƠNG MẠI DỊCH VỤ NHÀ HÀNG HƯƠNG QUÊ VN","0944210580
","3703311156
"
"CÔNG TY TNHH THƯƠNG MẠI DỊCH VỤ TỔNG HỢP AN BÍCH CHI","0826246289
","3703311149
"
"CÔNG TY TNHH XD MINH TÀI","0941802548
","3703311124
"
"CÔNG TY TNHH SẢN XUẤT THƯƠNG MẠI DỊCH VỤ TỔNG HỢP HÙNG KIỀU","0869564893
","370331117
"
"CÔNG TY TNHH TMDV & SX TỔNG HỢP KIM CƯƠNG","0943880778
","3703311082
"
"CÔNG TY TNHH DỊCH VỤ TM VŨ THỦY","0328369132
","3703311043
"
"CÔNG TY TNHH ÁNH DƯƠNG HỌC ĐƯỜNG","0908167433
","3703311029
"
"CÔNG TY TNHH THƯƠNG MẠI DỊCH VỤ KINH DOANH XĂNG DẦU THÁI ANH","0969405772
","3703310970
"
"CÔNG TY TNHH TH VẬT LIỆU XÂY DỰNG VŨ KIM THỊ","0899010685
","3703310963
"
"CÔNG TY TNHH THƯƠNG MẠI DỊCH VỤ HẢI ĐÀO HỘI","0342470778
","3703310917
"
"CÔNG TY TNHH TM DỊCH VỤ NHÀ HÀNG TÔ CHÂU","0929927075
","3703310850
"
"CÔNG TY TNHH MTV VĨ KHẢI HÀM","0938122888
","3703310843
"
"CÔNG TY TNHH MTV PHÚ THIÊN PHÁT","0915359470
","3703310723
"
"CÔNG TY TNHH NHÀ HÀNG KHÁCH SẠN MAI VÀNG","0948230387
","3703311332
"
"CÔNG TY TNHH SX TM DV ANH ĐÀO","0937400681
","3703311075
"
"CÔNG TY TNHH THƯƠNG MẠI DỊCH VỤ ĐIỆN TỬ HTECH","0867095855
","3703311011
"
"CÔNG TY TNHH TM PHỤ LIỆU VÀ MAY MẶC KIM NGỌC THỌ","0944412522
","3703311004
"
"CÔNG TY TNHH KINH DOANH THƯƠNG MẠI TỔNG HỢP DỊCH VỤ HỢP LONG","0916827379
","3703310931
"
"CÔNG TY TNHH QUẢNG CÁO JOHAN ONE VIỆT NAM","0989166132
","3703310762
"
"CÔNG TY TNHH TMDV VŨ KHẮC HỒNG","0328326262
","3703310547
"
"CÔNG TY TNHH SX TM CƠ KHÍ HOÀN CẦU","0929941219
","3703311861
"
"CÔNG TY TNHH THƯƠNG MẠI DV SẢN XUẤT ĐỖ CƯỜNG","0328262023
","3703311798
"
"CÔNG TY TNHH THIẾT KẾ XÂY DỰNG ĐẠI TÍN PHÁT","0913492805
","3703311903
"
"CÔNG TY TNHH MTV MAY MẶC HAKI","0972795753
","3703311893
"
"CÔNG TY TNHH SẢN XUẤT THƯƠNG MẠI DỊCH VỤ TRẦN ĐƯƠNG","0787167854
","3703311879
"
"CÔNG TY TNHH SẢN XUẤT ĐẦU TƯ THƯƠNG MẠI DỊCH VỤ ĐỨC NGHĨA","0396811954
","3703311808
"
"CÔNG TY TNHH TMDV GỖ VÀ TRANG TRÍ NỘI THẤT THU HẰNG","0562671124
","3703311678
"
"CÔNG TY TNHH LỐP LỘC PHÁT","0974844493
","3703311614
"
"CÔNG TY TNHH PHÁT TRIỂN THƯƠNG MẠI DỊCH VỤ NHƯ Ý","0778919198
","3703311565
"
"CÔNG TY TNHH CƠ KHÍ THIẾT BỊ CÔNG NGHIỆP NGUYỄN MẠNH","0908334584
","3703310603
"
"CÔNG TY TNHH XÂY DỰNG MINH THANH NHÂN","0944242633
","3703310592
"
"CÔNG TY TNHH THƯƠNG MẠI DỊCH VỤ HỒNG NGUYÊN","0967336535
","3703310522
"
"CÔNG TY TNHH CÔNG NGHỆ CO SHUN VIỆT NAM","0963173283
","3703310508
"
"CÔNG TY TNHH ĐẦU TƯ TM VÀ DV ĐỨC TRUNG","0788989403
","3703310441
"
"CÔNG TY TNHH THƯƠNG MẠI NGŨ KIM PHƯƠNG VIÊN","0344806350
","3703310307
"
"CÔNG TY TNHH TM - DV YIFA","0356448978
","3703311692
"
"CÔNG TY TNHH TMDV PHỤ TÙNG THIẾT BỊ MÁY MÓC KIM NGỌC","0588359516
","3703311653
"
"CÔNG TY TNHH ĐTPT THƯƠNG MẠI DỊCH VỤ HOÀNG MAI","0778662505
","3703311526
"
"CÔNG TY TNHH SẢN XUẤT THƯƠNG MẠI NỘI THẤT VẠN AN","0963671695
","3703311886
"
"CÔNG TY TNHH THƯƠNG MẠI DỊCH VỤ VẬN TẢI CHÍNH MẠNH","0943197636
","3703311607
"
"CÔNG TY TNHH THƯƠNG MẠI XUẤT NHẬP KHẨU HỢP TÂM","0913576287
","3703311572
"
"CÔNG TY TNHH GỖ VÀ XÂY DỰNG MINH TÀI","0918450982
","3703311780
"
"CÔNG TY TNHH TMDV VẬN TẢI KIM OANH","0584099802
","3703311660
"
"CÔNG TY TNHH CÔNG NGHIỆP GỖ JINSEN","0983728180
","3703311639
"
"CÔNG TY TNHH TMDV PCCC VÀ XÂY DỰNG TRẦN HẰNG","0584091497
","3703311621
"
"CÔNG TY TNHH THƯƠNG MẠI VÀ DỊCH VỤ NGUYỄN DŨNG DNN","0932785912
","3703310427
"
"CÔNG TY TNHH TMDV SẢN XUẤT ĐỖ THỊ LAN","0328683123
","3703310360
"
"CÔNG TY CỔ PHẦN ĐTTMDV & SX AN PHÚ","02743738288
","3703310346
"
"CÔNG TY TNHH MAY MẶC HẢI ĐĂNG PHÁT","0966918863
","3703310297
"
"CÔNG TY TNHH ESOMAR VIỆT NAM","0785777908
","3703310515
"
"CÔNG TY TNHH XÂY DỰNG ĐỨC THÀNH TRUNG","0901967542
","3703310466
"
"CÔNG TY TNHH THƯƠNG MẠI DỊCH VỤ XĂNG DẦU LONG SƠN","0973084471
","3703310875
"
"CÔNG TY TNHH MÁY TÍNH VÀ THIẾT BỊ VĂN PHÒNG VIỆT KHOA","0989675202
","3703310628
"
"CÔNG TY TNHH GỖ PHÚC AN HẢI","0963910390
","3703310579
"
"CÔNG TY TNHH XÂY DỰNG THƯƠNG MẠI VÀ DỊCH VỤ HOÀNG MINH ANH","0944307839
","3703310561
"
"CÔNG TY TRÁCH NHIỆM HỮU HẠN BAO BÌ KHẢI NGUYÊN","0379666138
","3703310498
"
"CÔNG TY TNHH ĐT VÀ VT VĂN TUẤN","0988287517
","3703310480
"
"CÔNG TY TNHH TMDV PHỤ LIỆU VÀ MAY MẶC KIM NGỌC THỌ","0944412522
","3703310473
"
"CÔNG TY TNHH SX TM DV VẠN THUẬN PHÁT","0967996844
","3703310459
"
"CÔNG TY TNHH TM - SX TỔNG HỢP TÀI QUYẾT","0946784713
","3703310339
"
"CÔNG TY TNHH DV THƯƠNG MẠI THUÝ KIỀU","0328798653
","3703310314
"
"CÔNG TY TNHH TMDV TỐNG VĂN CẢNH","0328395159
","3703310353
"
"CÔNG TY TNHH SẢN XUẤT THƯƠNG MẠI DỊCH VỤ GỖ NGỌC NGÂN","0979411320
","3703310184
"
"CÔNG TY TNHH MTV HỮU PHƯỚC MINH TÂM","0937551094
","3703309975
"
"CÔNG TY TNHH HOÀNG ANH NGUYỄN COMMERCIAL AGENT","0772653678
","3703309968
"
"CÔNG TY TNHH TM DV KHÔI AN ĐẠT","0909598758
","3703309950
"
"CÔNG TY TNHH THƯƠNG MẠI VÀ XÂY DỰNG NHẤT TỐNG KHANG","0386531944
","3703309943
"
"CÔNG TY TNHH CÔNG NGHỆ ECU PRO VIỆT NAM","0909122256
","3703309862
"
"CÔNG TY TNHH TM DV ANH PHƯƠNG PHÁT","0905920687
","3703309855
"
"CÔNG TY TNHH THƯƠNG MẠI - DỊCH VỤ LIAN YI SVC VIỆT NAM","0931209918
","3703310233
"
"CÔNG TY TNHH TMDV CAO LONG BD II","0939154929
","3703310106
"
"CÔNG TY TNHH CƠ KHÍ CHÍNH XÁC PHÚ QUÝ","0888888782
","3703310258
"
"CÔNG TY CỔ PHẦN TẬP ĐOÀN NAM VIỆT NAM","0829562562
","3703310272
"
"CÔNG TY TNHH XUẤT NHẬP KHẨU VÀ KỸ THUẬT TÔN GIA","034654321
","3703310113
"
"CÔNG TY TNHH XÂY DỰNG VÀ NỘI THẤT NTH","0931202713
","3703310201
"
"CÔNG TY TNHH THƯƠNG MẠI DỊCH VỤ XÂY DỰNG TRÍ PHONG","0972967646
","3703310265
"
"CÔNG TY TNHH QUẠT SỐ 1 VIỆT NAM","0939818085
","3703310240
"
"CÔNG TY TNHH MỘT THÀNH VIÊN MISS SAIGON","0906992920
","3703310152
"
"CÔNG TY TNHH TMDV TSHT","0329703942
","3703309982
"
"CÔNG TY TNHH XÂY NHÀ TRỌN GÓI THÀNH PHÁT","0367405010
","3703310057
"
"CÔNG TY TNHH THỤY MỘC","02743658016
","3703310191
"
"CÔNG TY TNHH THIẾT BỊ ĐIỆN NƯỚC PHÁT ĐẠT","0975258369
","3703310177
"
"TRƯỜNG MẦM NON HẠNH PHÚC TRẺ THƠ","0918557299
","3703310226
"
"TRUNG TÂM NGHIÊN CỨU GIÁO DỤC VÀ PHÁT TRIỂN TÀI NĂNG VIỆT NAM",,"3703310219
"
"CÔNG TY TNHH QUỐC TẾ YASHENG","09153807332
","3703310145
"
"CÔNG TY TNHH ĐẦU TƯ XÂY DỰNG VÀ THƯƠNG MẠI ĐẠI QUANG MINH","0986823645
","3703310138
"
"CÔNG TY TNHH DỊCH VỤ TƯ VẤN DU LỊCH TÂN HÀ MI","0931297035
","3703310096
"
"CÔNG TY TNHH TMDV VÀ XNK THANH TUẤN","0901893019
","3703310089
"
"CÔNG TY TNHH THƯƠNG MẠI SẢN XUẤT HOÀNG VIỆT VINH","0336639434
","3703310071
"
"CÔNG TY TNHH TMDV XÂY DỰNG HOÀNG PHÁT","0996835415
","3703310032
"
"CÔNG TY TNHH TM DỊCH VỤ BẮC NGỌC PHÁT","0527372144
","3703310025
"
"CÔNG TY TNHH THƯƠNG MẠI T2N BÌNH DƯƠNG","0922834332
","3703310018
"
"CÔNG TY TNHH TMDV & SX MỸ TƯỜNG","0907721565
","3703310000
"
"CÔNG TY TNHH TMDV YẾN HL","076314879
","3703309936
"
"CÔNG TY TNHH FOOD TRUCK STATION","0938207789
","3703309929
"
"CÔNG TY TNHH TMDV HẢI ÂN BD II","0939154929
","3703309911
"
"CÔNG TY TNHH NỘI THẤT CAO GIA THỊNH","0567990999
","3703309904
"
"CÔNG TY TNHH TMDV ĐT THỊ NGOAN","0328103186
","3703309894
"
"CÔNG TY TNHH YI HAO PRECISION (VIỆT NAM)","0985579660
","3703309887
"
"CÔNG TY TNHH 60 TRIANGLE","0937904401
","3703309848
"
"CÔNG TY TNHH MTV LỘC THÀNH","0948068449
","3703309830
"
"CÔNG TY TNHH TMDV QUẢNG CÁO VÀ VĂN PHÒNG PHẨM MINH PHÁT","0939154929
","3703309823
"
"CÔNG TY TNHH VẬT MỸ","0393399587
","3703309816
"
"CÔNG TY TNHH TMDV & SX NGỌC HƯƠNG AN","0938978325
","3703309809
"
"CÔNG TY TNHH THƯƠNG MẠI DỊCH VỤ NGUYÊN KHANG FOOD","0903821686
","3703309799
"
"CÔNG TY TNHH ĐẦU TƯ PHÁT TRIỂN GIÁO DỤC MIỀN NAM","0976579993
","3703309781
"
"CÔNG TY TNHH THƯƠNG MẠI DỊCH VỤ P.GRA","0935780855
","3703309774
"
"CÔNG TY TNHH VẬT LIỆU HENG LI","0862709018
","3703309767
"
"CÔNG TY TNHH TƯ VẤN KIẾN TRÚC XÂY DỰNG CÁT TIÊN","0912000188
","3703309742
"
"CÔNG TY TNHH MEDIVA VIỆT NAM","02742222220
","3703310120
"
"CÔNG TY TNHH MSCM","0937018559
","3703310064
"
"CÔNG TY TNHH TRỌNG TRỌNG NGHĨA","0968706370
","3703309407
"
"CÔNG TY TNHH TMDV ĐỨC KIÊN COMPANY","0792425914
","3703309365
"
"CÔNG TY TNHH MTV HỘI CHỢ KIM NGÂN","0385254599
","3703309728
"
"CÔNG TY TNHH SX TM DV QUỐC HUY","0979498699
","3703309710
"
"CÔNG TY TNHH XE MÁY PHÚ PHONG MOTOR","0975482979
","3703309686
"
"CÔNG TY TNHH GIA CÔNG CHẾ BIẾN SẤY GỖ TRÁC VIỆT","02743661338
","3703309622
"
"CÔNG TY TNHH TMĐT SẢN XUẤT MINH THÀNH","0978625958
","3703309615
"
"CÔNG TY TNHH THƯƠNG MẠI TH MỘC TRÀ","0586825618
","3703309608
"
"CÔNG TY TNHH VERITAS CONSULTING","02743562787
","3703309580
"
"CÔNG TY TNHH TH MTV SHUN JIU","0586825624
","3703309573
"
"CÔNG TY TNHH CƠ KHÍ XÂY DỰNG VÀ THƯƠNG MẠI TAS","0975331933
","3703309566
"
"CÔNG TY TNHH COMPASS GREENTECH VIỆT NAM","02743757629
","3703309541
"
"DOANH NGHIỆP TƯ NHÂN NHÀ XƯỞNG TUẤN DUNG","0937948692
","3703309534
"
"DOANH NGHIỆP TƯ NHÂN NHÀ XƯỞNG TÂN THẢO","0937518293
","3703309527
"
"CÔNG TY TNHH KIM LOẠI JIANGSU GANGZHICHENG","0943880779
","3703309478
"
"CÔNG TY TNHH TMDV XNK AN NGUYÊN","0898565397
","3703309421
"
"CÔNG TY TNHH THƯƠNG MẠI DỊCH VỤ NỘI THẤT HIẾU NGỌC","0986521611
","3703309414
"
"CÔNG TY TNHH TRANG NGỌC LIÊM","0898144089
","3703309397
"
"CÔNG TY TNHH BỆNH VIỆN CHUYÊN KHOA THÀNH PHỐ","0921381199
","3703309372
"
"CÔNG TY TNHH MTV GARAGE GIA HƯNG 2","0975085595
","3703309358
"
"CÔNG TY TNHH ECO SOLUTIONS","0375161588
","3703309340
"
"CÔNG TY TNHH DTH77","0799723733
","3703309333
"
"CÔNG TY TNHH 3S BÌNH DƯƠNG","0916132079
","3703309319
"
"CÔNG TY TNHH TMDV LONG VÂN BLUE","0878726438
","3703309301
"
"CÔNG TY TNHH Y-NET","093758880670369191
","3703309291
"
"CÔNG TY CỔ PHẦN VẬN TẢI EVORA","0974141457
","3703309277
"
"CÔNG TY TNHH HẢI TRIỀU FOOD","0909198499
","3703309252
"
"CÔNG TY TNHH MỘT THÀNH VIÊN XÂY DỰNG HIẾU PHÁT","0966602247
","3703309245
"
"CÔNG TY TNHH TMDV XING LONG FC","087894939
","3703309220
"
"CÔNG TY TNHH XUẤT NHẬP KHẨU THÉP THÀNH PHONG","0933819156
","3703309212
"
"CÔNG TY TNHH DỊCH VỤ VẬN TẢI VÀ DU LỊCH SƠN HÀ","0937141607
","3703309189
"
"CÔNG TY TNHH THƯƠNG MẠI QUỐC TẾ PHƯƠNG TRUNG VN STAR","0842629497
","3703309164
"
"CÔNG TY TNHH TM VÀ DV TỔNG HỢP LUCIA","0586825635
","3703308971
"
"CÔNG TY TNHH THƯƠNG MẠI DỊCH VỤ TỔNG HỢP RTX","0586825619
","3703308964
"
"CÔNG TY TNHH TMDV CUNG BA","0916663085
","3703308918
"
"CÔNG TY TNHH TM - DV NÔNG SẢN MAI NHẬT","0927196638
","3703308900
"
"CÔNG TY TNHH SƠN THỊNH LỘC PHÁT","0908625186
","3703309100
"
"CÔNG TY TNHH THƯƠNG MẠI DỊCH VỤ LESICA PT","0942432745
","3703309647
"
"CÔNG TY TNHH TMDV SẢN XUẤT VÕ TRUNG THIỆN","0328683216
","3703309598
"
"CÔNG TY TNHH THƯƠNG MẠI DV NGUYỄN HIẾU","0328482569
","3703309559
"
"CÔNG TY TNHH SUẤT ĂN CÔNG NGHIỆP MINH TUẤN","0947353333
","3703309502
"
"CÔNG TY TNHH SẢN XUẤT THƯƠNG MẠI DỊCH VỤ ĐẠI LỢI NGUYÊN","0915211779
","3703309492
"
"CÔNG TY TNHH PHÁT TRIỂN ĐẦU TƯ THƯƠNG MẠI DỊCH VỤ KIM GIA PHÁT","0906788584
","3703309485
"
"CÔNG TY TNHH DV THỦY MỘC","0907707998
","3703309453
"
"CÔNG TY TNHH ĐẦU TƯ XÂY DỰNG VÀ THƯƠNG MẠI ĐỨC THỊNH PHÁT","0965337699
","3703309326
"
"CÔNG TY TNHH VẬN TẢI ANH ĐẠT PHÁT","0989776294
","3703309171
"
"CÔNG TY TNHH TMDV QUÁCH HOÀNG","0328331166
","3703309118
"
"CÔNG TY TNHH THƯƠNG MẠI DỊCH VỤ XE MÁY NHẬP KHẨU NGỌC PHƯƠNG","0964738578
","3703309051
"
"CÔNG TY TNHH DV TM CAGO ADV","0917103737
","3703309044
"
"CÔNG TY TNHH TMDV SẢN XUẤT VÀ MUA BÁN GỖ THANH BÌNH","0937423455
","3703309037
"
"CÔNG TY TNHH THIẾT KẾ VÀ XÂY DỰNG T&D CONS","0973724616
","3703308996
"
"CÔNG TY TNHH MAY MẶC THÀNH NAM T&H","0986882139
","3703308932
"
"CÔNG TY TNHH VẢI BẠT LƯỚI NHỰA BÌNH DƯƠNG","0345177967
","3703308925
"
"CÔNG TY TNHH THỰC PHẨM HẠO NHIÊN","0908541328
","3703308890
"
"CÔNG TY TNHH DỊCH VỤ TM CAO HẬU","0328136056
","3703308876
"
"CÔNG TY TNHH MỘT THÀNH VIÊN KIM PHÚC II","0981329799
","3703308851
"
"CÔNG TY TNHH WAN HUI","0528053438
","3703308837
"
"CÔNG TY TNHH TM DV HOÀNG TÂN THANH","0898539281
","3703308805
"
"CÔNG TY TNHH THƯƠNG MẠI SẢN XUẤT NỘI THẤT HD DECOR","0349523745
","3703308756
"
"CÔNG TY TNHH THƯƠNG MẠI TIÊN TRANG AR","0896703785
","3703308749
"
"CÔNG TY TNHH DV DU LỊCH LHT","0335034217
","3703308717
"
"PHÒNG VĂN HÓA, KHOA HỌC VÀ THÔNG TIN HUYỆN BÀU BÀNG","02743516515
","3703309735
"
"CÔNG TY TNHH MTV PHÁT TRIỂN NĂNG LƯỢNG 3425","0901606274
","3703309703
"
"CÔNG TY TNHH MTV TH COFFEE","0528116668
","3703309693
"
"CÔNG TY TNHH DAXILAI HOUSEHOLD (VIỆT NAM)","0908253322
","3703309679
"
"CÔNG TY TNHH FUJICO ELEVATOR VIỆT NAM","0989819818
","3703309661
"
"CÔNG TY TNHH TRUYỀN THÔNG ADEO","0908376800
","3703309654
"
"CÔNG TY TNHH DỊCH VỤ BẢO VỆ THÁI AN 24H","0973026960
","3703309460
"
"CÔNG TY TNHH THƯƠNG MẠI DV SẢN XUẤT THANH TÙNG","0328893103
","3703309446
"
"DOANH NGHIỆP TƯ NHÂN LIU YAN","0986945168
","3703309439
"
"CÔNG TY CỔ PHẦN OBC AN PHÚ","0393117788
","3703309284
"
"CÔNG TY CỔ PHẦN TẬP ĐOÀN SECCO","0937973367
","3703309238
"
"CÔNG TY TNHH TMDV NGỌC SĨ COMMERCIAL","0782443437
","3703309206
"
"CÔNG TY TNHH STAR OIL GROUP","0901890190
","3703309196
"
"CÔNG TY TNHH BAO BÌ MAOTENG","0392435233
","3703309157
"
"CÔNG TY TNHH THƯƠNG MẠI DỊCH VỤ TÚY MỸ","0395701859
","3703309132
"
"CÔNG TY TNHH MTV HẢI SƠN LEGO","0789094790
","3703309125
"
"CÔNG TY TNHH ĐẦU TƯ THƯƠNG MẠI MÔI TRƯỜNG VIỆT","0817188881
","3703309090
"
"CÔNG TY TNHH TM-DV HOÀNG TRẦN","0929480602
","3703309083
"
"CÔNG TY TNHH THƯƠNG MẠI - DỊCH VỤ SẢN XUẤT TÝ LỚN","0989135980
","3703309076
"
"CÔNG TY TNHH SX TM TOÀN CẦU FOAM","0933518142
","3703309069
"
"CÔNG TY TNHH THƯƠNG MẠI DỊCH VỤ GỖ BẢO LONG","0937235626
","3703309012
"
"CÔNG TY TNHH THƯƠNG MẠI DỊCH VỤ QUỐC ANH BÌNH DƯƠNG","0916898979
","3703309005
"
"CÔNG TY TNHH DING HUA","0978050199
","3703308989
"
"CÔNG TY TNHH THƯƠNG MẠI DỊCH VỤ BÌNH MINH DŨNG 2","0969848707
","3703308957
"
"CÔNG TY TNHH TMDV SẢN XUẤT VÀ MUA BÁN GỖ THÀNH ĐẠT","0933692559
","3703308883
"
"CÔNG TY TNHH CƠ KHÍ - XÂY DỰNG HÙNG HƯNG PHÁT","0961110669
","3703308869
"
"CÔNG TY TNHH TM DV GAS GIA PHÚ","0943500818
","3703308844
"
"CÔNG TY TNHH HAI THÀNH VIÊN TBA","0965569734
","3703308812
"
"CÔNG TY TNHH THƯƠNG MẠI DỊCH VỤ MAY MẶC HƯƠNG GIANG","0971283030
","3703308795
"
"CÔNG TY TNHH BENT MEDIA","0372727123
","3703308788
"
"CÔNG TY TNHH TMDV SẢN XUẤT KIM LOAN","0328363194
","3703308770
"
"CÔNG TY TNHH ORDER NHẬT","09141939439
","3703308763
"
"CÔNG TY TNHH CÔNG NGHỆ RY AN PET VIỆT NAM","0908660882
","3703308731
"
"CÔNG TY TNHH H.E.R VIỆT NAM","02743803585
","3703308724
"
"CÔNG TY TNHH DỊCH VỤ SẢN XUẤT PHƯƠNG THÙY","0328316160
","3703308682
"
"CÔNG TY TNHH SẢN XUẤT KINOCEAN BOAT","0943880779
","3703308629
"
"CÔNG TY TNHH SƠN PHƯỚC FUNNY","0775198459
","3703308594
"
"CÔNG TY TNHH LOGISTICS MINH CHÂU","0968140
","3703308499
"
"CÔNG TY TNHH TƯ VẤN VÀ PHÁT TRIỂN GIÁO DỤC AN TÍN","0931032888
","3703308675
"
"CÔNG TY TNHH NWM VIỆT NAM","0828187139
","3703308643
"
"CÔNG TY TNHH THƯƠNG MẠI DỊCH VỤ VÀ ĐẦU TƯ PHÁT TRIỂN QUANG HUY","0583751751
","3703308610
"
"CÔNG TY TNHH TMDV XÂY DỰNG NHẬT TÂN","0971213030
","3703308555
"
"CÔNG TY TNHH THIẾT BỊ TỰ ĐỘNG VIỆT NAM LONGXIAO","0947803978
","3703308481
"
"CÔNG TY TNHH TMDV TỔNG HỢP TRIỀU DÂNG","0929941219
","3703308474
"
"CÔNG TY TNHH THƯƠNG MẠI THÉP KIM TÙNG","0906888258
","3703308650
"
"CÔNG TY TNHH THƯƠNG MẠI DỊCH VỤ PHÚ KHÁNH PVP","0925917788
","3703308604
"
"CÔNG TY CỔ PHẦN SẢN XUẤT THƯƠNG MẠI TỔNG HỢP WIN GO","0366776685
","3703308587
"
"CÔNG TY TNHH TAI HE","0346333393
","3703308548
"
"CÔNG TY TNHH THƯƠNG MẠI XÂY DỰNG HƯNG THỊNH BÌNH DƯƠNG","0396811954
","3703308530
"
"CÔNG TY TNHH KAIHER WOOD","0372573168
","3703308523
"
"CÔNG TY TNHH MỘT THÀNH VIÊN THẢO MỘC AN","0968688080097787775
","3703308509
"
"CÔNG TY TNHH GIÁO DỤC KỸ NĂNG SỐNG HOA MAI","0967001169
","3703308442
"
"CÔNG TY TNHH MTV HƯNG PHÁT BÌNH DƯƠNG","0935393085
","3703308467
"
"CÔNG TY CỔ PHẦN XÂY DỰNG E.T.S","02746566272
","3703308562
"
"CÔNG TY TNHH TÂN GARA Ô TÔ TRUNG HOA","0886336332
","3703308668
"
"CÔNG TY TNHH HẢI UY BÌNH DƯƠNG (NỘP THAY THUẾ NHÀ THẦU)","0386908580
","3703308636
"
"CÔNG TY TNHH XOA NỀN LONG THỊNH PHÁT","0982278548
","3703308202
"
"CÔNG TY TNHH MACLEAY TAN","0789094790
","3703308192
"
"CÔNG TY TNHH MUA BÁN LINH KIỆN & THIẾT BỊ MÁY MÓC TỔNG HỢP HOA VÀNG","0899009451
","3703308178
"
"CÔNG TY TNHH TMDV GIA HẢO","0849679912
","3703308160
"
"CÔNG TY TNHH THƯƠNG MẠI VÀ SẢN XUẤT A2Z TOÀN THẮNG","0983175447
","3703308153
"
"CÔNG TY TNHH KIỂM ĐỊNH VÀ ĐÀO TẠO THÀNH MỸ","0946357978
","3703308146
"
"CÔNG TY TNHH TM - DV SƠN NHƯ PHÚC","0988492098
","3703308139
"
"CÔNG TY TNHH CHUANGDEPING","0355063919
","3703308121
"
"CÔNG TY TNHH THƯƠNG MẠI QUỐC TẾ HX","0972396865
","3703308114
"
"CÔNG TY TNHH HANIPER","0931235695
","3703308107
"
"CÔNG TY TNHH SẢN XUẤT VÀ THƯƠNG MẠI HENG XIN II","09888806823
","3703308097
"
"CÔNG TY TNHH KINH DOANH TMDV & SX TRỌNG NHÂN","0946324116
","3703308347
"
"CÔNG TY TNHH TMDV ĐĂNG QUANG TRADE","0817789715
","3703308298
"
"CÔNG TY TNHH GỖ NAM LONG","0901265269
","3703308393
"
"CÔNG TY TNHH XÂY DỰNG THIẾT KẾ ĐỨC MINH","0929932336
","3703308386
"
"CÔNG TY TNHH HUSHENG PRECISION MACHINERY TECHNOLOGY (VN)","0949294770
","3703308379
"
"CÔNG TY TNHH TMDV XÂY DỰNG ĐỒNG HUY","0928878242
","3703308361
"
"CÔNG TY TNHH TM XNK NGỌC LINH","0523465605
","3703308354
"
"CÔNG TY TNHH THƯƠNG MẠI DỊCH VỤ NGUYỄN DŨNG HN","0828100719
","3703308322
"
"CÔNG TY TNHH GỖ CÔNG NGHIỆP ZONG XIANG","0569255649
","3703308315
"
"CÔNG TY TNHH NAM TÚ SKY","0703273279
","3703308308
"
"CÔNG TY TNHH CÔNG NGHỆ NĂNG LƯỢNG MỚI DIHUA","0909091569
","3703308280
"
"CÔNG TY CỔ PHẦN OHO","0908410046
","3703307992
"
"CÔNG TY TNHH TM DV NGỌC QUẢNG PHÁT","0986007537
","3703308403
"
"CÔNG TY TNHH TM DV KIM VIỆT THỊNH","0523465605
","3703308435
"
"CÔNG TY TNHH NHÀ HÀNG ĐÀI LOAN HOA XI MỚI","0937708734
","3703308428
"
"CÔNG TY TNHH TM DV THẠCH ANH NTC","0898544641
","3703308410
"
"CÔNG TY TNHH THƯƠNG MẠI VÀ XÂY DỰNG SASUMI MIỀN NAM","0983801702
","3703308185
"
"BAN TUYÊN GIÁO VÀ DÂN VẬN TỈNH ỦY","02743822202
","3703308273
"
"KHO BẠC NHÀ NƯỚC KHU VỰC XVI","02743824185
","3703308266
"
"CÔNG TY CỔ PHẦN NGUYÊN LIỆU THỰC PHẨM Á CHÂU SÀI GÒN","02743510175702743510176
","3703308259
"
"TRUNG TÂM NGHIÊN CỨU ỨNG DỤNG TÂM LÝ- GIÁO DỤC AN BÌNH DƯƠNG","09727771119
","3703308241
"
"KHO BẠC NHÀ NƯỚC KHU VỰC XVI","02743824185
","3801314412
"
"PHÒNG NÔNG NGHIỆP VÀ MÔI TRƯỜNG HUYỆN BÀU BÀNG","02743516005
","3703308234
"
"CÔNG TY TNHH CHỨNG NHẬN QUỐC TẾ EVERTRUST (NỘP HỘ THUẾ NTNN)","0328813626
","3703308227
"
"CÔNG TY TNHH BA LÔ TÚI XÁCH ĐĂNG KHOA","0973118439
","3703308019
"
"CÔNG TY CỔ PHẦN CÔNG NGHỆ GỖ AN LÂM","0933373088
","3703308001
"
"TRUNG TÂM QUẢN LÝ & ĐIỀU HÀNH VẬN TẢI HÀNH KHÁCH CÔNG CỘNG TỈNH BÌNH DƯƠNG","02743813989
","3703308072
"
"CHI CỤC BẢO VỆ MÔI TRƯỜNG TỈNH BÌNH DƯƠNG",,"3703308065
"
"TRUNG TÂM CÔNG NGHỆ THÔNG TIN - LƯU TRỮ TÀI NGUYÊN & MÔI TRƯỜNG","02743834762
","3703308058
"
"CÔNG TY TNHH THƯƠNG MẠI TỔNG HỢP LÊ HỮU","0896983831
","3703307569
"
"CÔNG TY TNHH THIẾT KẾ XÂY DỰNG HỒNG VẬN","09028166980332738
","3703307551
"
"CÔNG TY TNHH IZEN VIỆT NAM","0926229228
","3703307706
"
"CÔNG TY CỔ PHẦN HTC THỊNH VƯỢNG","0393117788
","3703308040
"
"CÔNG TY CỔ PHẦN HTC AN KHANG","0393117788
","3703308026
"
"CÔNG TY TNHH VETCARE GLOBAL","0968933468
","3703308033
"
"CÔNG TY TNHH CNC HƯNG THỊNH PHÁT","0974426378
","3703307985
"
"CÔNG TY TNHH GỖ CÔNG NGHIỆP ZE SHAN","0985055122
","3703307978
"
"CÔNG TY TNHH TMDV & SX LÝ MỸ TRANG","0906964970
","3703307960
"
"CÔNG TY TNHH SX-TM-DV CƠ KHÍ VẬN TẢI HỒNG PHÁT","0937576525
","3703307953
"
"CÔNG TY TNHH BẢO TRÌ CÔNG NGHỆ CƠ ĐIỆN PHONG VIỄN","0372573168
","3703307946
"
"CÔNG TY TNHH XÂY DỰNG THƯƠNG MẠI DỊCH VỤ TRUNG HIẾU","0977734943
","3703307939
"
"CÔNG TY TNHH MTV AN THỌ KHANG","09139053260
","3703307921
"
"CÔNG TY TNHH TƯ VẤN QUẢN LÝ NH","0971193366
","3703307914
"
"CÔNG TY TNHH THƯƠNG MẠI VÀ VẬN TẢI PHÚ LÝ BÌNH DƯƠNG","0915430003
","3703307907
"
"CÔNG TY TNHH CÔNG NGHỆ HẢI NAM VÂN","0338668325
","3703307897
"
"CÔNG TY TNHH ĐAN FLEUR - TIỆM HOA MÙA XUÂN","0987601603
","3703307720
"
"CÔNG TY TNHH TƯ VẤN ĐẦU TƯ AD","0786194991
","3703307713
"
"CÔNG TY CỔ PHẦN ĐẦU TƯ PHÁT TRIỂN VÀ XÂY DỰNG PHÚ TRƯỜNG","0949115888
","3703307696
"
"CÔNG TY TNHH MỘT THÀNH VIÊN THƯƠNG MẠI DỊCH VỤ MẠNH PHÁT","0909642496
","3703307689
"
"CÔNG TY TNHH CÔNG NGHỆ THÔNG MINH JINRUI","0708524064
","3703307671
"
"CÔNG TY TNHH BAO BÌ DA DA","0867630908
","3703307664
"
"CÔNG TY TNHH QUẢNG CÁO TRUYỀN THÔNG PHAN NAM","0896987267
","3703307657
"
"CÔNG TY TNHH ẨM THỰC ATOM","0962869786
","3703307632
"
"CÔNG TY TNHH VAN PHAN","0974720971
","3703307625
"
"CÔNG TY TNHH DỊCH VỤ VẬN TẢI DUẪN THUỴ","0938533338
","3703307618
"
"CÔNG TY TNHH BB IVY MODA","0762056423
","3703307600
"
"CÔNG TY TNHH PHƯỚC Y ĐƯỜNG","0986258796
","3703307590
"
"CÔNG TY TNHH SX TMDV GREELONG","0981154415
","3703307583
"
"CÔNG TY TNHH JUNSHENG KUNDING","0904666526
","3703307576
"
"CÔNG TY TNHH THƯƠNG MẠI VÀ XUẤT NHẬP KHẨU GIA HƯNG PHÁT","0389565642
","3703307544
"
"CÔNG TY TNHH ĐẦU TƯ & PHÁT TRIỂN BẤT ĐỘNG SẢN ĐỊA ỐC TOÀN CẦU","0967867879
","3703307304
"
"CÔNG TY TNHH TƯ VẤN THIẾT KẾ CƠ KHÍ XÂY DỰNG ĐĂNG KHÔI","02743656566
","3703307216
"
"CÔNG TY CỔ PHẦN BIBY MILK","0977598350
","3703307167
"
"CÔNG TY TNHH RUNXTEEL","8618620203727
","3703307128
"
"CÔNG TY TNHH YES MY TRIPS","0796839259
","3703307061
"
"CÔNG TY TNHH TM KỸ THUẬT THỊNH NHUẬN","02743800750
","3703307872
"
"CÔNG TY TNHH CƠ KHÍ QCS VIỆT NAM","0918286228
","3703307865
"
"CÔNG TY TNHH TMDV NAM BÌNH DƯƠNG","0812005512
","3703307858
"
"CÔNG TY TNHH KINH DOANH TỔNG HỢP TMDV TUẤN VÕ","0968461439
","3703307840
"
"CÔNG TY TNHH DVTM PCCC & M.E PHÚC AN","0914646288
","3703307833
"
"CÔNG TY TNHH THƯƠNG MẠI DỊCH VỤ XNK NGỌC ANH","0963271967
","3703307826
"
"CÔNG TY TNHH NGŨ KIM CHÍNH HẠO","083473751
","3703307819
"
"CÔNG TY TNHH TM - DV XÂY DỰNG LÊ ĐẠI","0928571557
","3703307801
"
"CÔNG TY TNHH THƯƠNG MẠI SẢN XUẤT VÀ DỊCH VỤ MỸ NỮ VN","0357458258
","370330779
"
"CÔNG TY TNHH TM DV BÁCH HÓA TỔNG HỢP LAN NGUYỄN","0917173269
","3703307784
"
"CÔNG TY TNHH THỰC PHẨM VĨNH PHÁT ĐẠT ST","0896995071
","37033077717
"
"CÔNG TY TNHH VẬN CHUYỂN QUỐC TẾ ZEYI VIỆT NAM","0989166132090886360
","3703307752
"
"CÔNG TY TNHH TM - DV DUY VŨ BD","0928571891
","3703307745
"
"CÔNG TY TNHH TM - DV XUÂN BÌNH BD","0927199513
","3703307738
"
"CÔNG TY TNHH BÙI TUYẾN","0562577217
","3703307537
"
"CÔNG TY TNHH THƯƠNG MẠI DỊCH VỤ VĂN BẢNG","0562734994
","3703307512
"
"CÔNG TY TNHH XÂY DỰNG NT CONS","04936796790
","3703307505
"
"CÔNG TY TNHH TMDV & SX BÉ HAI","0983836144
","3703307495
"
"CÔNG TY TNHH TM - DV KIM LOẠI MÀU VI VI","0928571858
","3703307488
"
"CÔNG TY TNHH ĐỒ GỖ ENKA","0528849888
","3703307470
"
"CÔNG TY TNHH HÓA CHẤT & BAO BÌ TIANXIN","02866755535
","3703307463
"
"CÔNG TY TNHH VĂN PHÒNG PHẨM BÙI SÁU","0589106476
","3703307456
"
"CÔNG TY TNHH HOA NGỮ SIN CHI","0352454540
","3703307449
"
"CÔNG TY TNHH TM DV THIẾT KẾ XÂY DỰNG TRẦN PHÚ","0375102607
","3703307431
"
"CÔNG TY TNHH THƯƠNG MẠI DỊCH VỤ CƠ KHÍ MẠNH ĐẠT PHÁT","0933719818
","3703307424
"
"CÔNG TY TNHH DỊCH VỤ HẬU CẦN BACKBONE","0943532639
","3703307417
"
"CÔNG TY TNHH IN ẤN VÀ QUẢNG CÁO MỸ VIỆT","0704403865
","3703307382
"
"CÔNG TY TNHH TM DV XD GIA BẢO","0906847951
","3703307375
"
"CÔNG TY TNHH TM TIỀN PHONG BIZ","0933858723
","3703307368
"
"CÔNG TY TNHH TMDV MINH VƯƠNG TOÀN PHÁT","0527275541
","3703307350
"
"CÔNG TY TNHH CÔNG NGHỆ CẢM LÃM","0935198759
","3703307343
"
"CÔNG TY TNHH CÔNG NGHIỆP GỖ TAI HE","0968702653
","3703307336
"
"CÔNG TY TNHH TM DV L&B MEDIA","0327890692
","3703307329
"
"CÔNG TY TNHH TMDV MAY MẶC TIẾN THÀNH","0528030500
","3703307311
"
"CÔNG TY TNHH THƯƠNG MẠI HỒNG LONG NGOAN","0916660081
","3703307294
"
"CÔNG TY TNHH EVO POWER TECHNOLOGY","0919895855
","3703307287
"
"PHÒNG NÔNG NGHIỆP VÀ MÔI TRƯỜNG HUYỆN BẮC TÂN UYÊN","02743683066
","3703307262
"
"PHÒNG KINH TẾ, HẠ TẦNG VÀ ĐÔ THỊ HUYỆN BẮC TÂN UYÊN","02743683044
","37033071255
"
"CÔNG TY TNHH THIẾT KẾ XÂY DỰNG NỘI THẤT HUY GIA PHÁT","0707686313
","3703307248
"
"CÔNG TY TNHH NGŨ KIM NHỰA JINGDA","0373846212
","3703307230
"
"CÔNG TY TNHH CNTT TRỌNG QUÝ","0974478421
","3703307223
"
"CÔNG TY TNHH KINH DOANH XÂY DỰNG HOÀNG DŨNG","0931250959
","3703307209
"
"CÔNG TY TNHH SẢN XUẤT KINH DOANH THƯƠNG MẠI MAY MẶC K&T","0865880539
","3703307199
"
"CÔNG TY TNHH THƯƠNG MẠI VÀ DỊCH VỤ HẰNG NGÂN","0355370280
","3703307181
"
"CÔNG TY TNHH KHƯƠNG HÀ VIỆT NAM","0562924638
","3703307174
"
"CÔNG TY TNHH THƯƠNG MẠI XNK THUẬN PHÁT EXPRESS","0908594896
","3703307142
"
"CÔNG TY TNHH THƯƠNG MẠI DỊCH VỤ VĂN PHÒNG PHẨM IN ẤN QUẢNG CÁO PHƯƠNG VY","02866755535
","3703307135
"
"CÔNG TY TNHH COMPUTER MINH TẤN","0907011304
","3703307110
"
"CÔNG TY TNHH PHẾ LIỆU TÂM TOÀN PHÁT","0333899779
","3703307103
"
"CÔNG TY TNHH MTV THƯƠNG MẠI DỊCH VỤ XÂY DỰNG ANH HÀO PG","0903758689
","3703307093
"
"CÔNG TY TNHH DV NFGMART VN","0846157743
","3703307086
"
"CÔNG TY TNHH THỰC PHẨM SAN YUAN","0904206417
","3703307079
"
"CÔNG TY TNHH INFINITE VN","0384420552
","3703307054
"
"CÔNG TY TNHH XE MÁY MIN NIN","02743882588
","3703307047
"
"CÔNG TY TNHH TM DV VẬN TẢI HUỲNH NHƯ BD","0948578398
","3703307022
"
"CÔNG TY TNHH SX TMDV MỸ PHẨM HÀ THU","0865973443
","3703307015
"
"CÔNG TY TNHH THƯƠNG MẠI DỊCH VỤ ĐIỆN LẠNH BÌNH ĐẠT","0969463479
","3703307008
"
"CÔNG TY CỔ PHẦN TIẾP VẬN ĐÔNG BÌNH DƯƠNG","0938854335
","3703306999
"
"CÔNG TY TNHH MTV VĂN PHÒNG PHẨM THUẬN TIẾN 2","0916924934
","3703306981
"
"CÔNG TY TNHH TỰ ĐỘNG HÓA HE XIN","0704152581
","3703306974
"
"CÔNG TY TNHH KINH DOANH DỊCH VỤ DUY HÙNG","0563707831
","3703306942
"
"CÔNG TY TNHH CC MAILISA","0921600614
","3703306935
"
"CÔNG TY TNHH NHÀ HÀNG LẨU BÒ MINH CHÂU 2","0896959942
","3703306928
"
"CÔNG TY TNHH THIẾT BỊ CÔNG NGHIỆP DA","0933408565094665697
","3703306910
"
"CÔNG TY TNHH CƠ ĐIỆN HOÀNG MINH PHÁT","0967995591
","3703306903
"
"CÔNG TY TNHH THƯƠNG MẠI VÀ DỊCH VỤ CƠ KHÍ BÌNH DƯƠNG","0909519587
","3703306893
"
"CÔNG TY TNHH SẢN XUẤT THƯƠNG MẠI DỊCH VỤ BẢY TRỌNG","0909292807
","3703306886
"
,,
"CÔNG TY TNHH ĐẦU TƯ PHÁT TRIỂN THỊNH TUYẾT","0562950618
","3703306861
"
,,
,,
,,
"CÔNG TY TNHH TMDV MTH BÌNH DƯƠNG","0568515702
","3703306815
"
,,
,,
,,
,,
,,
,,
,,
"CÔNG TY TNHH BẾP ĂN TRUNG TÍN","0778214235
","3703306734
"
"CÔNG TY TNHH THƯƠNG MẠI DỊCH VỤ VẬN TẢI & XÂY DỰNG TRUNG THÀNH","02866755535
","3703306727
"
"CÔNG TY TNHH THƯƠNG MẠI XUẤT NHẬP KHẨU YUEXIANG","0365631312
","3703306702
"
"CÔNG TY TNHH TM VÀ TỔNG HỢP PHÁT THÀNH","0943333739
","3703306692
"
"CÔNG TY TNHH BẢO VỆ MÔI TRƯỜNG ANDA","0398173588
","3703306685
"
"CÔNG TY TNHH MTV THƯƠNG MẠI - VÀNG BẠC KIM ANH","0916916839
","3703306678
"
"CÔNG TY TNHH THIẾT BỊ ĐIỆN LIAONING-EFACEC BD","0778755192
","3703306660
"
"CÔNG TY TNHH TM GIAO NHẬN VẬN TẢI THANH TÙNG","0936456353
","3703306653
"
"CÔNG TY TNHH VẬN CHUYỂN TOÀN CẦU DOLLAR","0932524526
","3703306646
"
"CÔNG TY TNHH CUNG ỨNG NLQT","0775997134
","3703306639
"
"CÔNG TY TNHH SX THƯƠNG MẠI RỒNG VÀNG","0967831619
","3703306621
"
"CÔNG TY TNHH SẢN XUẤT MỘC TUYẾT TRINH","0901266276
","3703306614
"
"CÔNG TY TNHH DỊCH VỤ VẬN TẢI PHÚC HỒNG PHÁT","0857775669
","3703306607
"
"CÔNG TY TNHH MTV HÓA CHẤT & BAO BÌ HƯNG LONG","02866755535
","3703306597
"
"CÔNG TY TNHH SẢN XUẤT THƯƠNG MẠI MQ","0382226855
","3703306572
"
"CÔNG TY TNHH ĐẦU TƯ THƯƠNG MẠI DỊCH VỤ HUỲNH MINH THÔNG","0778755192
","3703306565
"
"CÔNG TY TNHH QUỐC TẾ TIAN CHENG","0983104790
","3703306558
"
"CÔNG TY TNHH SẢN XUẤT THƯƠNG MẠI VÀ DỊCH VỤ HẢI NAM PHÁT","0394797385
","3703306540
"
"CÔNG TY TNHH THƯƠNG MẠI DỊCH VỤ ĐẦU TƯ BẤT ĐỘNG SẢN LAM SƠN","0975956789
","3703306533
"
"CÔNG TY TNHH THƯƠNG MẠI VẬT LIỆU MỚI LINBANG","0345127188
","3703306526
"
"CÔNG TY TNHH ĐẦU TƯ XÂY DỰNG VÀ BẤT ĐỘNG SẢN SƠN HÀ","0971511888
","3703306501
"
"CÔNG TY TNHH NỘI THẤT HỒN MỘC","0978949455
","370330640
"
"CÔNG TY TNHH HOA SAO NAM","0962324441
","3703306484
"
"CÔNG TY TNHH HOYA TECKPACK","0898792828
","3703306396
"
"CÔNG TY TNHH NHÀ HÀNG CHUAN YUE","0974150644
","3703306389
"
"CÔNG TY TNHH KỸ THUẬT ĐIỆN MẶT TRỜI THÀNH PHÁT","0963115131
","3703306371
"
"CÔNG TY TNHH VẬT LIỆU CÔNG NGHỆ YUXIN VIỆT NAM","0917099726
","3703306364
"
"CÔNG TY TNHH SẢN XUẤT VÀ THƯƠNG MẠI SINH HỌC HỮU CƠ HOA KỲ","0936944644
","3703306357
"
"CÔNG TY TNHH CÔNG NGHỆ F&C (VIỆT NAM)","8613480178280
","3703306325
"
"CÔNG TY TNHH ĐT TC THÚY HỒNG","0966824033
","3703306163
"
"CÔNG TY TNHH SHANGYA VIỆT NAM","0964047908
","3703305610
"
"CÔNG TY TNHH RELIANT VIỆT NAM","8888518829
","3703306519
"
"CÔNG TY TNHH QUẢN LÝ TC NGUYỄN ĐỂ","0362103486
","3703306195
"
"CÔNG TY TNHH LIÊN THẮNG CHEMICAL","13602591777
","3703306029
"
"CÔNG TY TNHH TMDV SẢN XUẤT LƯƠNG VŨ PHONG","0328136239
","3703306318
"
"CÔNG TY TNHH THƯƠNG MẠI DỊCH VỤ IN ẤN HOÀNG THƯ","098187029
","3703306300
"
"CÔNG TY TNHH MAY MẶC CÔNG PHÁT","0372199399
","3703306290
"
"CÔNG TY TNHH TMDV LINH MAY","0797675740
","3703306283
"
"CÔNG TY TNHH THƯƠMG MẠI DV THUÝ HẰNG","0328359288
","3703306276
"
"CÔNG TY TNHH TMDV SX HỒ NGỌC DIỄM","0328879213
","3703306269
"
"CÔNG TY TNHH ĐẦU TƯ TMDV NGỌC GIÀU","0776762252
","3703306251
"
"CÔNG TY TNHH LOGISTICS NGỌC SÁNG","0976044156
","3703306244
"
"CÔNG TY TNHH BIỂU DIỄN NGHỆ THUẬT DÂN GIAN VÀ HỘI CHỢ TRIỂN LÃM LÔ TÔ TUYẾT HƯƠNG","0947488127
","3703306237
"
"CÔNG TY TNHH ZHONG ZHI","0969118525
","3703306212
"
"CÔNG TY TNHH MÁY MÓC PHẦN CỨNG SHAN CHENG","0981053606
","3703306205
"
"CÔNG TY TNHH DVTM SẢN XUẤT LÊ VĂN LỘC","0328573212
","3703306188
"
"CÔNG TY TNHH MTV GỖ AN VY","0973198997
","3703306170
"
"CÔNG TY TNHH THƯƠNG MẠI ĐẦU TƯ KHÁNH NGÂN PHÁT","0974266412
","3703306156
"
"CÔNG TY TNHH HỮU AN CNC AIP","0978813569
","3703306149
"
"CÔNG TY TNHH NHÀ HÀNG MÌ TRÙNG KHÁNH","09373444388
","3703306131
"
"CÔNG TY TNHH THƯƠNG MẠI DV LÂM KIỂN","0328873321
","3703306124
"
"CÔNG TY TNHH SẢN XUẤT PHÁT TRIỂN THƯƠNG MẠI VÀ DỊCH VỤ ĐỨC HẢI","0913394258
","370330617
"
"CÔNG TY TNHH SX TM XNK MAI TIẾN ĐẠT","0876808559
","3703306082
"
"CÔNG TY TNHH KỸ THUẬT CƠ ĐIỆN GEMS","0973806090
","3703306075
"
"CÔNG TY TNHH MTV THƯƠNG MẠI DỊCH VỤ QUÂN VƯƠNG","096920021
","3703306068
"
"CÔNG TY TNHH XÂY DỰNG NAM THÀNH DƯƠNG","0932792711
","3703306050
"
"CÔNG TY TNHH ĐIỆN LẠNH LÂM THỊNH PHÁT","02837268328
","3703306043
"
"CÔNG TY TNHH THƯƠNG MẠI DỊCH VỤ SM VINA","0965554905
","3703306036
"
"CÔNG TY TNHH HÀNG MAY MẶC VIỆT HÀ","0918883208
","3703306011
"
"CÔNG TY TNHH THIẾT BỊ MÁY MÓC DƯƠNG HOẰNG","0392590485
","3703306004
"
"CÔNG TY TNHH TM XNK THƠM THƠM","0929457317
","3703305995
"
"CÔNG TY TNHH THƯƠNG MẠI DỊCH VỤ SẢN XUẤT GỖ THÀNH ĐẠT","0979890688
","3703305988
"
"CÔNG TY TNHH KỸ NGHỆ GỖ LỘC PHÁT","0985899998
","3703305970
"
"TRUNG TÂM PHÁT TRIỂN XANH VÀ HỢP TÁC ĐẦU TƯ","0908774995
","3703305963
"
"QUỸ BẢO VỆ MÔI TRƯỜNG TỈNH BÌNH DƯƠNG","02743834769
","3703305956
"
"CÔNG TY TNHH KINH DOANH BAO BÌ SÀI GÒN","0974472458
","3703305949
"
"CÔNG TY TNHH TMDV VẬN TẢI QUANG MINH BID","0898983803
","3703306477
"
"CÔNG TY TNHH TMĐT PHÁT TRIỂN BẠCH KIM","0974636965
","3703306452
"
"CÔNG TY TNHH THƯƠNG MẠI DỊCH VỤ THIÊN DI","0981283030
","3703306445
"
"CÔNG TY TNHH MINH CHAU EXPRESS & LOGISTICS","0926833111
","3703306438
"
"CÔNG TY TNHH THƯƠNG MẠI-DỊCH VỤ HYPER BÌNH DƯƠNG","0877455868
","3703306420
"
"CÔNG TY TNHH MÁI ẤM GIA ĐÌNH TRỌNG NHÂN","0909499406
","3703306413
"
"CÔNG TY TNHH TÀI MINH KHÁI","0399766987
","3703306406
"
"CÔNG TY TNHH DỊCH VỤ TM NHƯ MAI","0328368106
","3703306332
"
"CÔNG TY TNHH DỊCH VỤ CẦM ĐỒ LÊ MINH","0355104014
","3703305931
"
"CÔNG TY TNHH MÔI TRƯỜNG VÀ CÔNG NGHỆ THUẬN TIẾN PHÁT","0358983754
","3703305924
"
"CÔNG TY TNHH DVTM SẢN XUẤT TRẦN HỒNG","0328798216
","3703305917
"
"CÔNG TY TNHH MỘT THÀNH VIÊN DU LỊCH HẢO HUỲNH","0919871211
","3703305882
"
"CÔNG TY TNHH VẬT LIỆU BẢO VỆ MÔI TRƯỜNG YUE XING","0813661938
","3703305875
"
"CÔNG TY CỔ PHẦN CÔNG NGHỆ AI ARENA","0933777770
","3703305868
"
"SỞ KHOA HỌC VÀ CÔNG NGHỆ TỈNH BÌNH DƯƠNG",,"3703305850
"
"CÔNG TY TNHH VẬT LIỆU BAO BÌ YUU DING","0907786696
","3703305843
"
"CÔNG TY TNHH THƯƠNG MẠI DỊCH VỤ NGHI LONG","0397121484
","3703305836
"
"CÔNG TY TNHH DT TIN VIET","0842053927
","3703305829
"
"CÔNG TY CỔ PHẦN GMT MỸ PHƯỚC","0914672025
","3703305811
"
"CÔNG TY TNHH TM DV VTQ INTERIOR DESIGN","0979892894
","3703305804
"
"CÔNG TY TNHH HỒNG HÀO ĐÔNG PHƯƠNG","0343144668
","3703305794
"
"CÔNG TY TNHH THIÊN TRÍ","0394943185
","3703305787
"
"CÔNG TY TNHH THƯƠNG MẠI DỊCH VỤ ĐIỆN LẠNH TIẾN LONG","0849655848
","3703305755
"
"CÔNG TY TNHH MINH TRÍ LUẬT","0977072835
","3703305748
"
"CÔNG TY TNHH THƯƠNG MẠI GREEN FASHION","0819555666
","3703305730
"
"DOANH NGHIỆP TƯ NHÂN PHÙNG THỊ MAI","0381550107
","3703305723
"
"CÔNG TY TNHH VIETNAM AQUATICS","0969494989
","3703305716
"
"CÔNG TY TNHH JIUSON","0906607384
","3703305709
"
"CÔNG TY TNHH NHÔM KÍNH BẢO LONG","0964333388
","3703305699
"
"CÔNG TY TNHH THƯƠNG MẠI DV THU THUỲ","0328159218
","3703305681
"
"CÔNG TY TNHH THƯƠNG MẠI DỊCH VỤ CƠ KHÍ XÂY DỰNG BẮC MỸ SON","0918298538
","3703305674
"
"CÔNG TY TNHH CƠ KHÍ CHÍNH XÁC ĐỨC CHÂU","0333714663
","3703305642
"
"CÔNG TY TNHH DỊCH VỤ THƯƠNG MẠI VẬN TẢI ĐỨC ANH GROUP","0374335339
","3703305635
"
"CÔNG TY TNHH VĂN PHÒNG PHẨM QUÂN BÌNH","0909269256
","3703305628
"
"CÔNG TY TNHH ĐẦU TƯ KHÔN THÁI","0916900866
","3703305603
"
"CÔNG TY TNHH MỘT THÀNH VIÊN SẢN XUẤT - THƯƠNG MẠI - DỊCH VỤ TÂN LONG","0902989295
","3703305593
"
"CÔNG TY TNHH THIẾT KẾ XÂY DỰNG MINH PHÚC","0328771968
","3703305586
"
"CÔNG TY TNHH THIẾT KẾ XÂY DỰNG THẢO NHI","0902705925
","3703305579
"
"CÔNG TY TNHH MTV THƯƠNG MẠI DỊCH VỤ XUẤT NHẬP KHẨU PHÚ CƯỜNG","0908001106
","3703305561
"
"CÔNG TY TNHH CƠ KHÍ VẬN TẢI HOÀNG ANH","0921398628
","3703305554
"
"CÔNG TY TNHH COFFEE XANH","0399940810
","3703305547
"
"CÔNG TY TNHH ONWE.VN","0364016399
","3703305522
"
"CÔNG TY TNHH DỆT MAY LEIXIN VIỆT NAM","0961123022
","3703305515
"
"CÔNG TY TNHH Ý NHƯ YẾN","0906968728
","3703305508
"
"CÔNG TY TNHH ATLAS ADVISORS","0966016725
","3703305498
"
"CÔNG TY TNHH ACTUAL LINE","0853255622
","3703305480
"
"CÔNG TY TNHH KINH DOANH THƯƠNG MẠI C.C","0768937217
","3703305473
"
"CÔNG TY TNHH MTV HUY THỊNH PHÁT","0933272650
","3703305466
"
"CÔNG TY TNHH MTV TRẦN GIA KHÁNH","0971303386
","3703305459
"
"CÔNG TY TNHH IN ẤN THÀNH THÀNH NHÂN","0899983327
","3703305441
"
"CÔNG TY TNHH TƯ VẤN XÂY DỰNG TỔNG HỢP 3T","0984836579
","4101654119
"
"CHI CỤC QUẢN LÝ ĐẤT ĐAI TỈNH BÌNH DƯƠNG","0933470882
","3703305667
"
"CÔNG TY TNHH SHIKUN VIỆT NAM","02743785798
","3703305272
"
"CÔNG TY TNHH MTV TM DỊCH VỤ TỔNG HỢP AN MỸ","0778366798
","3703305360
"
"CÔNG TY TNHH MTV DỊCH VỤ TỔNG HỢP TÂN MỸ","0778982676
","3703305353
"
"CÔNG TY TNHH MTV DỊCH VỤ PHÚC ĐẠT","0588401850
","3703305346
"
"CÔNG TY TNHH MTV ĐẠI TẤN LỘC","0586343521
","3703305339
"
"CÔNG TY TNHH MTV TM - DV MAY MẶC TIÊN TIẾN","0988201337
","3703305314
"
"CÔNG TY TNHH MỘT THÀNH VIÊN VẬN TẢI LÊ ĐỨC","0907749759
","3703305307
"
"CÔNG TY TNHH MTV HƯNG HỢP PHÁT","0919155294
","3703305297
"
"CÔNG TY CỔ PHẦN PHÚC NGUYÊN KHANG BÌNH DƯƠNG","0911377677
","3703305265
"
"CÔNG TY TNHH MỘT THÀNH VIÊN THƯƠNG MẠI GLOVANCE","0908501008
","3703305258
"
"CÔNG TY TNHH DỊCH VỤ VỆ SINH 5S","0985753763
","3703305240
"
"CÔNG TY TNHH NEWFAST","0935464573
","3703305233
"
"CÔNG TY TNHH CƠ KHÍ CẢNH VY","0936291678
","3703305226
"
"CÔNG TY TNHH TMDV MTK","0967973757
","3703305201
"
"CÔNG TY TNHH THIẾT KẾ XÂY DỰNG VÀ NỘI THẤT TUẤN KIỆT","0937097676
","3703305184
"
"CÔNG TY TNHH CƠ KHÍ KHUÔN MẪU NGUYỄN ĐỨC","0986411453
","3703305152
"
"CÔNG TY TNHH MỘT THÀNH VIÊN TRUTO","0903340385
","3703305145
"
"CÔNG TY TNHH TMDV KIM HẢI ĐĂNG","0335393338
","3703305138
"
"CÔNG TY TNHH TMDV & ĐẦU TƯ KHÁNH AN","0911336045
","3703305120
"
"CÔNG TY TNHH DV KỸ THUẬT KHANG THƯ PHÁT","09372686880972082
","3703305113
"
"CÔNG TY TNHH TIẾP VẬN NATRA","0349891020
","3703305106
"
"CÔNG TY TNHH LONGXIANG ASAHI (VIETNAM)","0086041187814159
","3703305096
"
"CÔNG TY TNHH CHẾ TẠO BÁNH XE ĐẨY KIẾN LUÂN","0979975315
","3703305089
"
"CÔNG TY TNHH THÊU THIÊN ĐẠI PHƯỚC","0379546645
","3703305071
"
"CÔNG TY TNHH THƯƠNG MẠI DỊCH VỤ LÊ KIM PHÁT","0961020492
","3703305032
"
"CÔNG TY TNHH THIẾT BỊ TỰ ĐỘNG HÓA FUDELI","0984127856
","3703304984
"
"CÔNG TY TNHH THẢO ANH HHL","0962236119
","3703304977
"
"CÔNG TY TNHH GIÁO DỤC VÀ ĐÀO TẠO APTA EDU","0828661661
","3703304952
"
"CÔNG TY TNHH DŨNG AN ĐẠT","0971686799
","3703304945
"
"CÔNG TY TNHH THƯƠNG MẠI DỊCH VỤ KỸ THUẬT MÁY CHẤN TÔN","0888848567
","3703304938
"
"CÔNG TY TNHH BELUBE BÁCH NHUẬN ĐẮC VIỆT NAM","0347992646
","3703304913
"
"CÔNG TY TNHH XDVT HÙNG BUILDING","0899272597
","3703304896
"
"CÔNG TY TNHH XUẤT NHẬP KHẨU GỐM SỨ RICKI","091490818
","3703304889
"
"CÔNG TY TNHH SALVERE VIỆT NAM","0377988653
","3703304857
"
"CÔNG TY TNHH TMDV TẤN HẬU VINA","0948578397
","3703304825
"
"CÔNG TY TNHH LỐP XE SON TYRES","0931087078
","3703304818
"
"CÔNG TY TNHH THƯƠNG MẠI QUỐC TẾ TDR VIỆT NAM","09080226320
","3703304790
"
"CÔNG TY TNHH TMDV CAO LINH","0782443437
","3703304783
"
"ĐỘI THUẾ THÀNH PHỐ THUẬN AN",,"3703305385
"
"ĐỘI THUẾ THÀNH PHỐ THỦ DẦU MỘT",,"3703305402
"
"ĐỘI THUẾ THÀNH PHỐ DĨ AN","02743733425
","3703305392
"
"CHI CỤC THUẾ KHU VỰC XVI","0274382252302743822523
","3703305378
"
"CÔNG TY TNHH XNK NAM TRƯỜNG PHONG","0986302372
","3703305219
"
"CÔNG TY TNHH THƯƠNG MẠI DỊCH VỤ BEACON","0399678819
","3703304871
"
"TRƯỜNG MẦM NON NGÔI NHÀ PHÍA ĐÔNG","0867070123
","3703305427
"
"CÔNG TY TNHH MƯỜI HOÀNG","0776009373
","3703305321
"
"CÔNG TY TNHH PHÁT TRIỂN ĐẦU TƯ CƯỜNG DEVELOP","0914444715
","3703305191
"
"CÔNG TY TNHH TMDV HÒA HẢO NAM","0782443437
","3703305177
"
"CÔNG TY TNHH THƯƠNG MẠI DỊCH VỤ TƯ VẤN ZHENRONG VIỆT NAM","0979129588
","3703304920
"
"CÔNG TY TNHH SẢN XUẤT - THƯƠNG MẠI ĐỒ GỖ CHÂU AN","098421170
","3703304906
"
"CÔNG TY TNHH YI TONG HARDWARE","0949351491
","3703304864
"
"CÔNG TY TNHH THƯƠNG MẠI DỊCH VỤ HUI HONG","0976723917
","3703304832
"
"CÔNG TY TNHH THƯƠNG MẠI DỊCH VỤ VẬN TẢI HỒNG PHƯỚC","0938177116
","3703304800
"
"CÔNG TY TNHH VẬT LIỆU ĐÓNG GÓI THÔNG MINH FUDA","0904697455
","3703304776
"
"TRƯỜNG MẦM NON TƯ THỤC HOA SEN","02743770278
","3703305434
"
"CÔNG TY TNHH MTV TỔNG HỢP THƯƠNG MẠI HIẾU TIẾN","0896390368
","3703305064
"
"CÔNG TY TNHH MTV MẠNH TƯỜNG FOOD","0988143663
","3703305057
"
"CÔNG TY TNHH VẬN TẢI THANH CÚC","0877901
","3703305025
"
"CÔNG TY TNHH SẢN XUẤT & THƯƠNG MẠI V-DESIGN","0909928810
","3703305000
"
"CÔNG TY TNHH MỘT THÀNH VIÊN DVTM KIM NGỌC","0328180219
","3703304737
"
"CÔNG TY TNHH THƯƠNG MẠI DỊCH VỤ VÀ ĐẦU TƯ VAMC","0586950064
","3703304705
"
"CÔNG TY TNHH SẢN XUẤT CƠ KHÍ PHAN PHÚC","097711725
","3703305018
"
"CÔNG TY TNHH SUẤT ĂN CÔNG NGHIỆP BẾP VUI SÀI GÒN","0902690316
","370330490
"
"CÔNG TY TNHH THƯƠNG MẠI VÀ DỊCH VỤ CHIẾU SÁNG XANH VNLED","0396434596
","3703304744
"
"CÔNG TY TNHH VẬN TẢI VÀ BỐC XẾP THỜI ĐẠI","0562594767
","3703304712
"
"PHÒNG KINH TẾ, HẠ TẦNG VÀ ĐÔ THỊ HUYỆN BÀU BÀNG","0274351669
","3703304769
"
"CÔNG TY TNHH DỊCH VỤ TƯ VẤN LIÊN MINH (NỘP THAY THUẾ NHÀ THẦU)","0934441879
","3703304751
"
"CÔNG TY TNHH KRISCO CHEMICAL THAILAND (VIETNAM)","84963955150
","3703304399
"
"CÔNG TY TNHH MỘT THÀNH VIÊN DỊCH VỤ THƯƠNG MẠI ĐẦU TƯ - LUẬT","0938322993
","3703304286
"
"CÔNG TY TNHH ID BEAUTY","0987153701
","3703304141
"
"CÔNG TY TNHH THƯƠNG MẠI DỊCH VỤ HIỆP TÂN PHÁT","0779812542
","3703304328
"
"CÔNG TY TNHH GIÁO DỤC VÀ ĐÀO TẠO HOÀNG NGUYÊN","0944677602
","3703304293
"
"CÔNG TY TNHH TM DV HỮU BÍCH PHÁT","0986007533
","3703304254
"
"CÔNG TY TNHH BIA NƯỚC GIẢI KHÁT TOÀN PHÁT","0968774447
","3703304247
"
"CÔNG TY TNHH XÂY DỰNG THƯƠNG MẠI VCT","0937056745
","3703304215
"
"CÔNG TY TNHH XÂY DỰNG VÀ TRANG TRÍ Á GIA (VIỆT NAM)","0988499951
","3703304208
"
"CÔNG TY TNHH CAO SU THIÊN PHÚC GROUP","0986766023
","3703304198
"
"CÔNG TY TNHH TRÒ CHƠI ĐIỆN TỬ YONGLI","0862987630
","3703304173
"
"CÔNG TY TNHH PHÁT TRIỂN DỊCH VỤ TỔNG HỢP TÂN THỊNH AN","0898560686
","3703304695
"
"CÔNG TY TNHH ĐẦU TƯ THƯƠNG MẠI VÀ DỊCH VỤ TỔNG HỢP AN TUẤN","0896390368
","3703304656
"
"CÔNG TY TNHH TMDV MAY MẶC NGỌC NGUYỄN BD","0948578374
","3703304617
"
"CÔNG TY TNHH VẬN TẢI MINH MẪN VN","0789557486
","3703304582
"
"CÔNG TY TNHH TMDV THÀNH CÔNG PHÁT","0528248747
","3703304575
"
"CÔNG TY TNHH MTV THÀNH PHÚ NGHĨA","0584126103
","3703304568
"
"CÔNG TY TNHH KỸ THUẬT DỊCH VỤ GREEN HOUSE","0937026934
","3703304550
"
"CÔNG TY TNHH MTV THƯƠNG MẠI LỢI HIẾU","0588232194
","3703304543
"
"CÔNG TY TNHH THIẾT BỊ PHỤ TÙNG MÁY MÓC NGỌC NGUYỄN","0879633842
","3703304536
"
"CÔNG TY TNHH TNHH ĐẦU TƯ THƯƠNG MẠI DỊCH VỤ TUỆ TRƯƠNG","0908109526
","3703304529
"
"CÔNG TY TNHH TM DỊCH VỤ SẢN XUẤT THANH HÙNG","0328543987
","370330451
"
"CÔNG TY TNHH TMDV MUA BÁN VÀ SỬA CHỮA THIẾT BỊ HOÀN HẢO","0779573496
","3703304504
"
"CÔNG TY TNHH MTV TMDV VẬN TẢI HỒNG HÀ","0338230178
","3703304494
"
"CÔNG TY TNHH TMDV XD DIAMO","0899249052
","3703304487
"
"CÔNG TY TNHH NHÀ HÀNG HẢO CUA","0903388922
","3703304342
"
"CÔNG TY TNHH ĐẦU TƯ VÀ PHÁT TRIỂN THƯƠNG MẠI DỊCH VỤ HOÀNG BẢO","0589039785
","3703304166
"
"CÔNG TY TNHH CÔNG NGHIỆP PHONG PHÚ","02746543179
","3703304134
"
"CÔNG TY TNHH THIẾT BỊ ĐIỆN QUANG TRÍ","0528018580
","3703304127
"
"CÔNG TY TNHH TMDV ĐẦU TƯ THẠCH THÁI PHƯƠNG","0328139298
","3703304085
"
"CÔNG TY TNHH TMDV MAY MẶC TUỔI TRẺ","0776806096
","3703304060
"
"CÔNG TY TNHH CHANGE - TIMES","0944288572
","3703304053
"
"CÔNG TY TNHH GỖ GIA KHANG VIỆT NAM","0961504980
","3703304039
"
"CÔNG TY TNHH SẢN XUẤT GỖ VĂN ĐỨC","0911836738
","3703304021
"
"CÔNG TY TNHH MTV DV THƯƠNG MẠI MỸ TIÊN","03281025128
","3703304014
"
"CÔNG TY TNHH XUẤT NHẬP KHẨU VINH THIỂN FOOD","0906233019
","3703303998
"
"CÔNG TY TNHH THƯƠNG MẠI DỊCH VỤ MỘT THÀNH VIÊN AN PHÚC","08662321311
","3703303980
"
"CÔNG TY TNHH DV & TM ĐẠI LÂM","0962576333
","3703303973
"
"CÔNG TY TNHH THƯƠNG MẠI DV TRẦN VĂN","0909020031
","3703303966
"
"CÔNG TY TNHH YINIFU TRANG PHỤC","0917224318
","3703303892
"
"CÔNG TY TNHH TMDV VLXD MINH GIA PHÁT","0779110430
","3703304688
"
"CÔNG TY TNHH VẬN TẢI XÂY DỰNG NGỌC THANH","0327024274
","3703304649
"
"CÔNG TY TNHH THƯƠNG MẠI DỊCH VỤ NGỌC THỊNH ELECTRIC","02543853595
","3703304448
"
"CÔNG TY TNHH THƯƠNG MẠI VÀ SẢN XUẤT KIM XUÂN","0779499220
","3703304423
"
"CÔNG TY TNHH VTS (LÒ XO KỸ THUẬT VIỆT NAM)","0336080872
","3703304409
"
"CÔNG TY TNHH TM DV HIẾU PHÁT VINA","0986007535
","3703304092
"
"CÔNG TY CỔ PHẦN BAO BÌ GIẤY TƯỜNG LONG","0358810789
","3703304078
"
"CÔNG TY TNHH TMDV PHỒN VINH","0778782148
","3703304670
"
"CÔNG TY TNHH MỘT THÀNH VIÊN THƯƠNG MẠI DỊCH VỤ THIÊN PHÚC LỘC","0327777077
","3703304663
"
"CÔNG TY TNHH DT VENNER","0899370414
","3703304631
"
"CÔNG TY TNHH TMDV TRẦN HỮU NGÂN","0328798216
","3703304624
"
"CÔNG TY TNHH TMDV XÂY DỰNG MINH ĐẠT","0328321048
","3703304462
"
"CÔNG TY TNHH KỸ THUẬT XÂY DỰNG VẬN TẢI HẢI NAM","0899662901
","3703304455
"
"CÔNG TY TNHH SẢN XUẤT THƯƠNG MẠI DỊCH VỤ MINH CHEN","0865932166
","3703304430
"
"CÔNG TY TNHH GỖ THUẬN THUẬN","0908346286
","3703304416
"
"CÔNG TY TNHH SX TM CƠ KHÍ CƯỜNG PHÁT","0902844133
","3703304381
"
"CÔNG TY TNHH TM DV NAM NGUYÊN PHÁT","0366773139
","3703304374
"
"CÔNG TY TNHH TM & DV ĐỖ GIA PHÁT","0978521868
","3703304367
"
"CÔNG TY TNHH HOÀNG MINH HOÀNG","0776682947
","3703304335
"
"CÔNG TY TNHH THƯƠNG MẠI SẢN XUẤT QUẢNG CÁO CÁT TƯỜNG","091266353290912659
","3703304303
"
"CÔNG TY TNHH MTV HUỲNH LỰC","0344777792
","3703304279
"
"CÔNG TY TNHH NĂNG LƯỢNG MỚI HỒNG PHÚC","0349847811
","3703304261
"
"CÔNG TY TNHH PHÁT TRIỂN NĂNG LƯỢNG MỚI JINQUAN","0941238696
","3703304222
"
"CÔNG TY TNHH THI CÔNG XÂY DỰNG PHÁT LỘC","0942568639
","3703304180
"
"CÔNG TY TNHH VẬN TẢI THUẬN AN PHÚC","0916295333
","3703304159
"
"CÔNG TY TNHH VÀNG KIM GIA LONG","0964813768
","3703304102
"
"CÔNG TY TNHH XUẤT NHẬP KHẨU MAI VÀNG","0776734937
","3703304046
"
"CÔNG TY TNHH THƯƠNG MẠI DỊCH VỤ THÀNH TÀI BT","0898088174
","3703304007
"
"CÔNG TY TNHH MTV H&D VINA","0388982828
","3703303959
"
"CÔNG TY TNHH GIÁO DỤC AN VĨNH BÌNH DƯƠNG","0979014236
","3703303941
"
"CÔNG TY TNHH CNC OANH MÃO","0965115555
","3703303934
"
"CÔNG TY TNHH CƠ KHÍ MÁY MÓC CÔNG HẬU","0776653278
","3703303927
"
"CÔNG TY TNHH MTV TMDV VŨ HOÀNG","0779837481
","3703303902
"
"CƠ SỞ CAI NGHIỆN MA TÚY SỐ 2 TỈNH BÌNH DƯƠNG","0393999437
","3703304310
"
"CÔNG TY TNHH VƯƠNG HUY MINH","0986852264
","3703303395
"
"CÔNG TY TNHH TRUNG NAM GLOBAL","0983037486
","3703303204
"
"CÔNG TY TNHH NHA KHOA QUỐC TẾ DOR","0789815115
","3703303035
"
"CÔNG TY TNHH MTV THƯƠNG MẠI PHƯỚC LỘC","0965692606
","3703303003
"
"CÔNG TY TNHH ĐẦU TƯ VÀ PHÁT TRIỂN NHÀ Ở GIA ĐỊNH","02743712724
","3703302842
"
"CÔNG TY CỔ PHẦN TIẾP CẬN THẮNG NGÂN PHÁT","0339410333
","3703302909
"
"CÔNG TY TNHH MTV LOVELY CLUB","0936038016
","3703302899
"
"CÔNG TY TNHH THƯƠNG MẠI SẢN XUẤT XUẤT NHẬP KHẨU THỜI TRANG RUBY","0971648485
","3703302881
"
"CÔNG TY TNHH BẢO LONG CONTAINER DEPOT","0976444144
","3703303797
"
"CÔNG TY TNHH YANGMING VN","0987590347
","3703303733
"
"CÔNG TY CỔ PHẦN XUẤT NHẬP KHẨU VÀ THƯƠNG MẠI HẢI HIỀN","0338856038
","3703302987
"
"CÔNG TY TNHH CÔNG NGHỆ SỐ FAVTECH LABS VIỆT NAM","0964444658
","3703302962
"
"CÔNG TY TNHH DA THUỘC HONGYUE","0902673862
","3703302948
"
"CÔNG TY TNHH ĐT THƯƠNG MẠI VÀ VẬN TẢI MỸ LINH","0774384052
","3703302867
"
"CÔNG TY TNHH CƠ KHÍ CHÍNH XÁC HÙNG GIA PHÁT","0968701017
","3703302874
"
"CÔNG TY TNHH SXTM HOÀNG GIA PHÁT","0364961331
","3703303620
"
"CÔNG TY TNHH MTV CƠ KHÍ XÂY DỰNG PHONG ANH","0976640223
","3703302994
"
"CÔNG TY TNHH TMDV NAM HÒA COMMERCIAL","07631487
","3703302955
"
"CÔNG TY TNHH HƯNG VY FOOD CATERING","0932029024
","3703303483
"
"CÔNG TY CỔ PHẦN TẬP ĐOÀN ĐẦU TƯ KHANG THỊNH","0969792379
","3703303324
"
"CÔNG TY TNHH TMDV XNK ĐỨC PHÚC LỘC VINA","086893309
","3703303885
"
"CÔNG TY TNHH PHI LỢI NHUẬN TIẾP BƯỚC CHO EM","0934649989
","3703303878
"
"CÔNG TY TNHH ĐIỆN TỬ JIANGMEN YUXIN","0353588429
","3703303860
"
"CÔNG TY TNHH TM SX BAO BÌ HOÀI TRỌNG","0586826079
","3703303814
"
"CÔNG TY TNHH VỆ SINH CÔNG NGHIỆP THIÊN PHÚ 68","0986577279
","3703303807
"
"CÔNG TY TNHH GIÁO DỤC MINH XUÂN","0373275289
","3703303740
"
"CÔNG TY TNHH THƯƠNG MẠI CƠ KHÍ HIỆP HƯNG","0974625988
","3703303701
"
"CÔNG TY TNHH CÔNG NGHỆ KỸ THUẬT MÔI TRƯỜNG PHÚ AN PHÁT","0866778895
","3703303677
"
"CÔNG TY TNHH DV VÀ XD NHẬT MINH","0976750788
","3703303652
"
"CÔNG TY TNHH ƯU VIỆT (VIỆT NAM)","0857997788
","3703303331
"
"CÔNG TY TNHH MTV XÂY DỰNG THƯƠNG MẠI QUA NA","0528811808
","3703303317
"
"CÔNG TY CỔ PHẦN CƠ KHÍ VÀ XÂY DỰNG THÁI HƯNG","0985012456
","3703303282
"
"CÔNG TY TNHH MY FRIENDS MFC","0779192503
","3703303275
"
"CÔNG TY CỔ PHẦN THƯƠNG MẠI XUẤT NHẬP KHẨU VIFAMEX","0979001568
","3703303243
"
"CÔNG TY TNHH DẠY NGHỀ BÁCH KHOA - BD","0909333808
","3703303229
"
"CÔNG TY TNHH MOON NEW","0868798868
","3703303116
"
"CÔNG TY TNHH THÁI DƯƠNG THỊNH PHÁT","0798609739
","3703303109
"
"CÔNG TY TNHH TMDV DPI AN PHONG","09093208129
","3703303042
"
"CÔNG TY TNHH QUANG NHẬT GROUP","0385237998
","3703303638
"
"CÔNG TY TNHH DV-KT XÂY DỰNG ĐIỆN CƠ VĨNH TIẾN","0357525778
","3703303606
"
"CÔNG TY TNHH TMDV NHIÊN LIỆU ĐÔNG THÀNH","0589104905
","3703303490
"
"CÔNG TY TNHH TMDV PHÁT TRIỂN NĂNG LƯỢNG XANH","0908118534
","3703303412
"
"CÔNG TY TNHH 7PSI","0979918720
","3703303405
"
"CÔNG TY TNHH MỘT THÀNH VIÊN XUÂN HỮU PHÁT","0919992898
","3703302923
"
"CÔNG TY TNHH TM - DV - XNK PHÚ AN KHANG","0975193090
","3703303846
"
"CÔNG TY TNHH BÊ TÔNG VẠN GIA PHÁT","0937663579
","3703303839
"
"CÔNG TY TNHH HOUSE H & T","0937256465
","3703303719
"
"CÔNG TY TNHH MTV SQ ĐÀO TẠO & KẾT NỐI VIỆT NAM","0568433801
","3703303469
"
"CÔNG TY TNHH CUNG ỨNG VẬT TƯ XÂY DỰNG BÌNH DƯƠNG","0918157462
","3703303388
"
"CÔNG TY CỔ PHẦN CẨM TÚ CẦU BD","0898026704
","3703303370
"
"CÔNG TY TNHH HẢI SẢN PHẠM VIỄN","0327303932
","3703303363
"
"CÔNG TY TNHH TMDV GỖ LONG TÂN","0587909278
","3703303356
"
"CÔNG TY TNHH HQ SERVICES","0569298629
","3703303349
"
"CÔNG TY TNHH TMDV TRỌNG YẾN BD","0909006425
","3703303211
"
"CÔNG TY TNHH VẬN TẢI TRÍ TRUNG DŨNG","0977279799
","3703303130
"
"CÔNG TY TNHH TMDV VẬN TẢI PHƯƠNG QUANG PQ","0792425914
","3703303074
"
"CÔNG TY TNHH PT CÔNG NGHỆ RANDOM","0961620355
","3703302930
"
"CÔNG TY TNHH TMDV KINH DOANH THƯƠNG MẠI MINH QUANG","0768937217
","3703302916
"
"CÔNG TY TNHH PUREZA VIETNAM","0838301212
","3703303853
"
"CÔNG TY TNHH THƯƠNG MẠI ĐĂNG NGA PHÁT","08986391832
","3703303821
"
"CÔNG TY TNHH MTV GIÁO DỤC NAM ANH","0916646113
","3703303772
"
"CÔNG TY TNHH XÂY DỰNG GIAO THÔNG THỦY LỢI VÀ THƯƠNG MẠI DUY PHÁT","0961671616
","3703303765
"
"CÔNG TY TNHH SẢN XUẤT THƯƠNG MẠI DỊCH VỤ VŨ TÀI","0588543702
","3703303758
"
"CÔNG TY TNHH MTV TM DV VẬN TẢI PHÚ MỸ","0971577903
","3703303726
"
"CÔNG TY TNHH MTV GIÁO DỤC & ĐÀO TẠO TRI THỨC AT VIỆT NAM","0522982205
","37033036901
"
"CÔNG TY TNHH GIÁO DỤC MAI ĐÔNG","0969036379
","3703303684
"
"CÔNG TY TNHH THƯƠNG MẠI DV BÍCH CHI","0908750662
","3703303645
"
"CÔNG TY TNHH TMDV SẢN XUẤT HẠ THƯƠNG","032887232
","3703303613
"
"CÔNG TY TNHH TMDV VẬN TẢI KIỀU OANH DB","0585654254
","3703303596
"
"CÔNG TY TNHH THƯƠNG MẠI DỊCH VỤ XÂY DỰNG HUY HOÀNG","0901492842
","3703303589
"
"CÔNG TY TNHH MÔI TRƯỜNG XANH GIA HƯNG","0903919119
","3703303571
"
"CÔNG TY TRÁCH NHIỆM HỮU HẠN DỊCH VỤ - THƯƠNG MẠI MỘT THÀNH VIÊN HÀ VĂN HUY","0332645948
","3703303564
"
"CÔNG TY TNHH FUSIONCOLORS","0931454568
","3703303557
"
"CÔNG TY TNHH THƯƠNG MẠI DV NGỌC TRÂN","0328139298
","3703303532
"
"CÔNG TY TNHH MTV THIÊN HƯNG THỊNH","09795913632
","3703303518
"
"CÔNG TY TNHH TMDV NGỌC COMPANY","0782443437
","3703303500
"
"CÔNG TY TNHH THƯƠNG MẠI DỊCH VỤ HT GLOBAL EXPRESS","0938188236
","3703303476
"
"CÔNG TY TNHH THƯƠNG MẠI DV TẤT THÀNH","0689636987
","3703303444
"
"CÔNG TY TNHH KINH DOANH THƯƠNG MẠI DỊCH VỤ BẢO QUỲNH","0588335841
","3703303123
"
"CÔNG TY TNHH NHÔM KÍNH HÒA PHÁT","0973035962
","3703303099
"
"CÔNG TY TNHH ĐIỆN LẠNH ĐẠI PHÚC BÌNH DƯƠNG","0977898836
","3703303236
"
"CÔNG TY TNHH IHONG WOOD VIỆT NAM","0384560068
","3703303451
"
"CÔNG TY TNHH MÁY MÓC THIẾT BỊ QUAN LỘC","0899662901
","3703303081
"
"CÔNG TY TNHH KINH DOANH TỔNG HỢP HẬU COMPANY","0792425914
","3703303028
"
"CÔNG TY TNHH XÂY DỰNG VẬN TẢI HỒ PHI HÙNG","0899660870
","3703303010
"
"CÔNG TY TNHH TMDV KIM PHƯỢNG BLUE","0898375206
","3703303437
"
"CÔNG TY TNHH SYMC TECH","0797757898
","3703303268
"
"CÔNG TY TNHH XÂY DỰNG ĐẠT GIA HƯNG","0908508083
","3703303250
"
"CÔNG TY TNHH CHUỖI CUNG ỨNG VINRICHES","0869914830
","3703303194
"
"CÔNG TY TNHH TMDV QUANG HƯNG VN","0899272597
","3703303187
"
"CÔNG TY TNHH KINH DOANH THƯƠNG MẠI DỊCH VỤ NGỌC TRÂM","0588335841
","3703303162
"
"CÔNG TY TNHH TM DV SX BẢO LÂM","0932837773
","3703303155
"
"CÔNG TY TNHH TMDV DUY KHƯƠNG","0898375338
","3703303148
"
"CÔNG TY TNHH DV THƯƠNG MẠI MINH NHIỂM","0906767982
","3703303067
"
"CÔNG TY CỔ PHẦN PHÁT TRIỂN BẤT ĐỘNG SẢN WIN PHÁT GROUP","0939360536
","3703302264
"
"CÔNG TY TNHH THƯƠNG MẠI WUDI VIỆT NAM","0865795748
","3703302722
"
"CÔNG TY TNHH CÔNG NGHIỆP BAIMEI","0901211107
","3703302666
"
"CÔNG TY TNHH NGỌC LỢI AN","0567115300
","3703302828
"
"CÔNG TY TNHH XINLING GLASS INTELLIGENT HOME","0935541090
","3703302810
"
"CÔNG TY TNHH MỘT THÀNH VIÊN HOÀNG ĐỈNH PHÁT","0987502602
","3703302761
"
"CÔNG TY TNHH NEXTGEN","0902909094
","3703302659
"
"CÔNG TY CỔ PHẦN ĐẦU TƯ CÔNG NGHIỆP MINH ĐỨC","0977114114
","3703302592
"
"CÔNG TY TNHH XÂY DỰNG ĐẠI QUANG NHẬT","0793559372
","3703302779
"
"CÔNG TY TNHH NAM CÁT VƯỢNG","0911696578
","3703302747
"
"CÔNG TY TNHH THƯƠNG MẠI SẢN XUẤT HUYNH PHẠM","0909356624
","3703302419
"
"CÔNG TY TNHH VECTOR ENGINEERING VIỆT NAM","0937228156
","3703302320
"
"CÔNG TY TNHH TMDV LTL BÌNH DƯƠNG","0986007536
","3703302296
"
"CÔNG TY TNHH LINGCHUANG","0987388222
","3703302715
"
"CÔNG TY TNHH DV THƯƠNG MẠI BÌNH PHẠM","0934270581
","3703302553
"
"CÔNG TY TNHH TMDV TÂN NIÊN SLT","0978655658
","3703302521
"
"CÔNG TY TNHH THIÊN NGÂN ĐẠI PHÁT","0942734688
","3703302514
"
"CÔNG TY TNHH ĐẦU TƯ ĐẠI DƯƠNG XANH GROUP","090261031
","3703302507
"
"CÔNG TY TNHH DV THƯƠNG MẠI HOÀNG QUYÊN","0909678540
","370330230
"
"CÔNG TY TNHH THƯƠNG MẠI VINH LÂM PHƯỚC","08986391832
","3703302169
"
"CÔNG TY TNHH TMDV DV OFFICIAL","0899185972
","3703302151
"
"CÔNG TY TNHH VẬT LIỆU GIÀY NEWWAY VIỆT NAM","0868821824
","3703302137
"
"CÔNG TY TNHH DV TM TRƯƠNG THANH HÒA","0779465700
","3703302835
"
"CÔNG TY TNHH THƯƠNG MẠI THÉP MỸ KIM","0949595055
","3703302708
"
"CÔNG TY TNHH SẢN XUẤT THƯƠNG MẠI NHỰA THANH HUYỀN","0931205567
","3703302560
"
"CÔNG TY TNHH TMDV HỒNG LĨNH NAM","0909394052
","3703302546
"
"CÔNG TY TNHH THƯƠNG MẠI SẢN XUẤT NGŨ KIM LONG CHANG VN","0877668484
","3703302497
"
"CÔNG TY TNHH TM-DV ĐẦU TƯ HOÀNG LỘC PHÁT","0962688081
","3703302352
"
"CÔNG TY TNHH THƯƠNG MẠI DỊCH VỤ Ô TÔ TIẾN ĐẠT","0937699959
","3703302803
"
"CÔNG TY TNHH TM TH PHAN ĐẠI","0706191268
","3703302793
"
"CÔNG TY TNHH SẢN XUẤT THƯƠNG MẠI DỊCH VỤ KIM THẢO","0588543702
","3703302786
"
"CÔNG TY TNHH THƯƠNG MẠI XÂY DỰNG TUẤN LONG TL","0963592333
","3703302754
"
"CÔNG TY TNHH TMDV TRÚC MAI BÌNH DƯƠNG","0776988670
","3703302680
"
"CÔNG TY TNHH PHÒNG CHÁY CHỮA CHÁY THÀNH PHÁT","84989887114
","3703302673
"
"CÔNG TY TNHH XÂY DỰNG VẬN TẢI ĐỨC QUÝ","0899599031
","3703302641
"
"CÔNG TY TNHH TAIHAO","0375578168
","3703302634
"
"CÔNG TY TNHH CƠ KHÍ XÂY DỰNG CHÂU THIỆN PHÁT","0967441144
","3703302627
"
"CÔNG TY TNHH CÔNG NGHỆ INTERNET TTN","0965929751
","3703302539
"
"CÔNG TY TNHH THƯƠNG MẠI VÀ CÔNG NGHỆ THÔNG MINH HÀO VĨ","0988234880
","3703302472
"
"CÔNG TY TNHH DV THƯƠNG MẠI CHI NHẤT","0909271350
","3703302465
"
"CÔNG TY TNHH TM VỮNG BỀN VIỆT","0916686085
","3703302458
"
"CÔNG TY TNHH TM & DV HOA HÙNG PHÁT","02746293268
","3703302426
"
"CÔNG TY TNHH TMDV SẢN XUẤT TIÊN MINH","0934250681
","3703302401
"
"CÔNG TY TNHH TMDV SẢN XUẤT VÂN MINH","0906571290
","3703302384
"
"CÔNG TY TNHH ĐẦU TƯ PHÁT TRIỂN NĂNG KHIẾU GIÁO DỤC KHÁNH SANG","0989847832
","3703302377
"
"CÔNG TY TNHH XÂY DỰNG VÀ THƯƠNG MẠI DỊCH VỤ LUBAN","0899999598
","3703302345
"
"CÔNG TY TNHH XANH IT SOLUTIONS","0789934696
","3703302338
"
"CÔNG TY TNHH MTV ĐẦU TƯ DỊCH VỤ VÀ THƯƠNG MẠI TỔNG HỢP PHÚ BÌNH","0899145739
","3703302313
"
"CÔNG TY TNHH THƯƠNG MẠI DỊCH VỤ AN TÚC PHÁT","0825246289
","3703302306
"
"CÔNG TY TNHH TM DV MINH TRÍ TRỊNH PHÁT","0986007534
","3703302289
"
"CÔNG TY TNHH XUẤT NHẬP KHẨU MÁY CÔNG TRÌNH BẢO THẮNG","0982543101
","3703302200
"
"CÔNG TY TNHH THƯƠNG MẠI DV VĂN DƯƠNG","0328019187
","3703302190
"
"CÔNG TY TNHH TMDV SX CƠ PHÚC","0906373647
","3703302182
"
"CÔNG TY TNHH THIẾT KẾ NỘI THẤT VÀ KINH DOANH GỖ HÙNG KIỀU","0869564892
","3703302176
"
"CÔNG TY TNHH CHEN HUI VIIỆT NAM","0373212742
","3703302144
"
"CÔNG TY TNHH TMDV VÕ VĂN ĐÔ","0328138790
","3703302112
"
"CÔNG TY TNHH NHT BD","0968989868
","3703302257
"
"CÔNG TY TNHH PT CÔNG NGHỆ VĨ KHANG","0961589111
","3703302585
"
"CÔNG TY TNHH TV TK XD TM DV SƠN THỊNH","0908743962
","3703302433
"
"CÔNG TY TNHH CÔNG NGHỆ XÂY DỰNG TRƯỜNG AN BÌNH DƯƠNG","0982020587
","3703302218
"
"CÔNG TY TNHH VINH KHÔI DREAM HOUSE","0987272426
","3703302440
"
"CÔNG TY TNHH TMDV MAY MẶC TRƯỜNG MINH","0982232232
","3703302225
"
"CÔNG TY TNHH TMDV HOÀNG TRỌNG QUÝ","0932896725
","3703302698
"
"CÔNG TY TNHH THƯƠNG MẠI DỊCH VỤ MAY MẶC PHƯƠNG UYÊN BD","02743743898
","3703302602
"
"CÔNG TY TNHH 3D MATECHS","0972788737
","3703302578
"
"CÔNG TY TNHH MTV DỊCH VỤ TM CẨM LỆ","0328113213
","3703302211
"
"CÔNG TY TNHH DV XÂY DỰNG VÀ VẬT LIỆU LÊ NAM","0383274441
","3703302232
"
"CÔNG TY TNHH DV KỊCH HOÁT TRÚC TUYỀN QUỐC GIÁ","0896306983
","3703301528
"
"CÔNG TY TNHH ĐỒNG ĐĂNG VIỆT NAM","0962629131
","3703301535
"
"CÔNG TY TNHH TRANG TRÍ HỨA DƯƠNG","0935198759
","3703302056
"
"CÔNG TY TNHH TMDV HÒA MINH THƯ","0909530761
","3703301951
"
"CÔNG TY TNHH STAN THIỆN MINH","0777734536
","3703301711
"
"CÔNG TY TNHH XÂY DỰNG TRƯỜNG GIA PHÁT","0918557981
","3703302031
"
"CÔNG TY TNHH M.A.S AGENCY","0913766499
","3703302063
"
"CÔNG TY TNHH EIGHT GATES POKER","0919999999
","3703302049
"
"CÔNG TY TNHH THIẾT BỊ ĐIỆN LẠNH AOCHI VIỆT NAM","0328686965
","3703301687
"
"CÔNG TY TNHH THƯƠNG MẠI DỊCH VỤ HÙNG THÀNH ENTERTAINMENT","0988222212
","3703301662
"
"CÔNG TY TNHH DỊCH VỤ QUẢNG CÁO NỘI THẤT ĐẶNG LÝ","0938243353
","3703301510
"
"CÔNG TY TNHH THƯƠNG MẠI DỊCH VỤ GIẢI PHÁP KHANG MỸ","0972281231
","3703302095
"
"CÔNG TY TNHH SẢN XUẤT HỒNG THỊNH","0376939238
","3703302088
"
"CÔNG TY CỔ PHẦN GENZ EDUCATION","0963758090
","3703302070
"
"CÔNG TY TNHH CÔNG NGHỆ THIẾT BỊ ĐIỆN LẠNH AOCHI VIỆT NAM","0328686965
","3703301704
"
"CÔNG TY TNHH CÔNG NGHỆ HOTA","0842359155
","3703301655
"
"CÔNG TY TNHH THƯƠNG MẠI DỊCH VỤ XÂY DỰNG ÁI NHÂN","0982969149
","3703301542
"
"CÔNG TY TNHH THƯƠNG MAI DỊCH VỤ TRƯỜNG LỘC","0974580946
","3703301976
"
"CÔNG TY TNHH PHÁT TRIỂN ĐẦU TƯ VÀ THƯƠNG MẠI TỔNG HỢP AN HÒA","0899727659
","3703301944
"
"CÔNG TY TNHH TM DV DUYÊN HẠNH","0777087429
","3703302017
"
"CÔNG TY TNHH TMDV XÂY DỰNG LONG THÀNH ĐẠT","0588056176
","3703301990
"
"CÔNG TY TNHH DỊCH VỤ THƯƠNG MẠI TỔNG HỢP NGỌC THIỆN","0566514753
","3703301912
"
"CÔNG TY TNHH GAME GIẢI TRÍ KIỀU NHƯ","0708172979
","3703301782
"
"CÔNG TY CỔ PHẦN BIA HƠI HÀ NỘI HÀNG BIA 3A","0936664068
","3703301775
"
"CÔNG TY TNHH VẬT LIỆU TRANG TRÍ LAMSONART VIỆT NAM","0335340117
","3703301743
"
"CÔNG TY TNHH MỘT THÀNH VIÊN THƯƠNG MẠI DỊCH VỤ TÔN SẮT NGUYỄN MINH","0979275629
","3703302105
"
"CÔNG TY TNHH TƯ VẤN VÀ PHÁT TRIỂN GIÁO DỤC OLYMPIA ANH PHÚC","0948185626
","3703301969
"
"CÔNG TY TNHH TMDV SẢN XUẤT TRUNG TÍN","0328284213
","3703301937
"
"CÔNG TY TNHH THƯƠNG MẠI PHÁT TRIỂN TÍNH PHẠM","0563681586
","3703301895
"
"CÔNG TY TNHH THIÊN PHÚC KHANG II","0933345206
","3703301750
"
"CÔNG TY TNHH THƯƠNG MẠI DỊCH VỤ MÔ TÔ XE MÁY HUY TIẾN PHÁT","0566616161
","3703301648
"
"CÔNG TY TNHH TMDV DƯƠNG MỘNG THUÝ","0328545280
","3703301905
"
"CÔNG TY TNHH MTV PNT","0973237713
","3703301824
"
"CÔNG TY TNHH THƯƠNG MẠI DELAI","0933008902
","3703301503
"
"CÔNG TY TNHH PHÁT TRIỂN THƯƠNG MẠI VÀ DỊCH VỤ TỔNG HỢP ĐỨC AN","0989148739
","3703300813
"
"CÔNG TY TNHH TM TH THANH THỦY","0848471998
","3703301454
"
"CÔNG TY TNHH XUẤT KHẨU THƯƠNG MẠI DỊCH VỤ TUẤN MY VINA","0923708899
","3703301373
"
"CÔNG TY TNHH MTV THƯƠNG MẠI DỊCH VỤ LOTUS","02746506366
","3703301870
"
"CÔNG TY TNHH TRỊNH NGỌC ÁNH","0989853456
","3703301461
"
"CÔNG TY TNHH TM DV META VIỆT NAM","0917881881
","3703302024
"
"CÔNG TY TNHH THƯƠNG MẠI DỊCH VỤ PHÚ LONG KHÔI","0962035458
","3703301982
"
"CÔNG TY TNHH VẬN TẢI VÀ KHO VẬN ĐỒNG HÀNH","0908701707
","3703301888
"
"CÔNG TY TNHH THƯƠNG MẠI DỊCH VỤ CUNG ỨNG LAO ĐỘNG TOÀN TOÀN PHÁT","0908477804
","3703301863
"
"CÔNG TY TNHH MTV AN KIẾN HUY","0778139148
","3703301856
"
"CÔNG TY TNHH DV TM BÌNH NGỌC LINH","0936393734
","3703301849
"
"CÔNG TY TNHH DƯỢC PHẨM TIẾN LỢI GROUP","0868662682
","3703301831
"
"CÔNG TY TNHH THƯƠNG MẠI - DỊCH VỤ ĐỨC MINH ANH","0962177778
","3703301817
"
"CÔNG TY TNHH TM DV TT THANH PHONG","0774187213
","3703301768
"
"CÔNG TY TNHH NAM CHÂM KHẢI AN VIỆT NAM","0961998052
","3703301736
"
"CÔNG TY TNHH DỊCH VỤ BẢO VỆ - VỆ SĨ THIỆN TÂM PHÁT 24H","0358484161
","3703301599
"
"CÔNG TY TNHH TM PERFUM","0367513548
","3703301327
"
"CÔNG TY TNHH TM DV ĐT VIẾT CHIẾN","0866269755
","3703301302
"
"CÔNG TY TNHH TƯ VẤN DU HỌC VÀ PHÁT TRIỂN GIÁO DỤC HOÀNG SANG PHÁT","0974333878
","3703300806
"
"CÔNG TY TNHH TMDV QUỐC CƯỜNG TTC","0767998223
","3703300711
"
"CÔNG TY TNHH FU YUAN","0908266509
","3703301729
"
"CÔNG TY TNHH JOHNSON CABINETS (NỘP THUẾ THAY CHO NHÀ THẦU NƯỚC NGOÀI)","02743591959
","3703301694
"
"CÔNG TY TNHH YIFAN","0559922836
","3703301630
"
"CÔNG TY TNHH THƯƠNG MẠI THIẾT BỊ ĐIỆN CƠ HẢI VY","0334285919
","3703301623
"
"CÔNG TY TNHH VẬT LIỆU XÂY DỰNG HOÀNG DUNG PHÁT","0364927725
","3703301616
"
"CÔNG TY TNHH QUỲNH NAM PHÁT","0983624242
","3703301609
"
"CÔNG TY TNHH VẬT TƯ CÔNG NGHIỆP THUẬN PHÁT BẾN CÁT","0343956047
","3703301581
"
"CÔNG TY CP XÂY DỰNG THƯƠNG MẠI DỊCH VỤ DLT","0969178037
","3703301574
"
"SỞ NÔNG NGHIỆP VÀ MÔI TRƯỜNG TỈNH BÌNH DƯƠNG","02743897399
","3703301567
"
"CÔNG TY TNHH MTV MÔI TRƯỜNG XANH BÌNH DƯƠNG","0986996962
","3703301493
"
"CÔNG TY TNHH SOFA TRƯỜNG THỊNH PHÁT","0907721569
","3703301486
"
"CÔNG TY TNHH TMDV XNK MINH KHANG","0934158642
","3703301479
"
"CÔNG TY TNHH XUẤT NHẬP KHẨU WOODLAND","0981863105
","3703301447
"
"CÔNG TY TNHH XNK VINA ENTECH","0976745618
","3703301359
"
"CÔNG TY TNHH THƯƠNG MẠI DỊCH VỤ ĐẠT ANH PHÁT","0877222227
","3703301285
"
"CÔNG TY TNHH MỘT THÀNH VIÊN THƯƠNG MẠI VÀ DỊCH VỤ CÔNG NGHỆ HOÀNG PHÁT","0933507878
","3703301278
"
"CÔNG TY TNHH TMDV XNK ĐINH TÙNG","0938502214
","3703301253
"
"CÔNG TY TNHH THƯƠNG MẠI DỊCH VỤ TỔNG HỢP HIỆP THẮNG","0865501572
","3703301221
"
"CÔNG TY TNHH THƯƠNG MẠI ĐẦU TƯ PT ĐIỀN AN","0956652363
","3703301140
"
"CÔNG TY TNHH MAY MẶC HOA THẢO NGUYÊN","0704646894
","3703300958
"
"CÔNG TY TNHH CƠ KHÍ MINH THÀNH VIỆT NAM","0398430078
","3703300940
"
"CÔNG TY TNHH MTV TM DV VẬN TẢI THỊNH HOÀI HƯNG","0983678517
","3703300933
"
"CÔNG TY TNHH ĐẦU TƯ PHÁT TRIỂN 2T GLOBAL","0985715662
","370330089
"
"CÔNG TY TNHH THƯƠNG MẠI - DỊCH VỤ THÚ Y VÀ THỦY SẢN DNQ","0915282839
","3703300884
"
"CÔNG TY TNHH CÔNG NGHỆ ICIVI","09242722220336336
","3703300838
"
"CÔNG TY TNHH SỬA CHỮA Ô TÔ TOTAL BÌNH DƯƠNG","0901399079
","3703300820
"
"CÔNG TY TNHH THƯƠNG MẠI QUỐC TẾ VINAGO","036529840
","3703300796
"
"CÔNG TY TNHH MIVIA VIỆT NAM","0332388123
","3703300732
"
"CÔNG TY TNHH RICHREAR MASTERBATCH (VIETNAM) MANUFACTURING","85226900555
","3703300725
"
"CÔNG TY TNHH FORWONDER","037168860707
","3703300669
"
"CÔNG TY TNHH CÔNG NGHỆ ĐÀO TẠO NOWEDU","0908734768
","3703301341
"
"CÔNG TY CỔ PHẦN TM DV ĐẦU TƯ LUXURY CAR","0907114588
","3703301246
"
"CÔNG TY TNHH DỆT MAY JINYI","0363060861
","3703301020
"
"CÔNG TY TNHH ĐỒ NƯỚNG TÂN NGUYỆT","0397859479
","3703301334
"
"CÔNG TY TNHH VẬT LIỆU MỚI NINGBO DINGGAO VIỆT NAM","0979760550
","3703301214
"
"CÔNG TY TNHH SẢN XUẤT THƯƠNG MẠI VĨNH HỢP","0378211289
","3703301133
"
"CÔNG TY TNHH TM DV VIỆT ÚC","0913068783
","3703301101
"
"CÔNG TY TNHH QUẢNG CÁO ANH HOÀNG","0325589976
","370330100
"
"CÔNG TY TNHH THƯƠNG MẠI XUẤT NHẬP KHẨU LANGHE VIỆT NAM","0775034770
","3703301077
"
"CÔNG TY TNHH CÔNG NGHỆ CHÍNH XÁC YU CHANG","0908602012
","3703301045
"
"CÔNG TY CỔ PHẦN ĐẦU TƯ PHÁT TRIỂN ANB","0868395939
","3703301006
"
"CÔNG TY TNHH TM DV SX MINH DŨNG","0889301779
","3703301408
"
"CÔNG TY TNHH PNC AUTO","0967830604
","3703301260
"
"CÔNG TY TNHH THƯƠNG MẠI DỊCH VỤ COPIER BÌNH DƯƠNG","0972501247
","3703301239
"
"CÔNG TY TNHH NGỌC NGÂN KIÊN","0338979488
","3703301207
"
"CÔNG TY TNHH FEI TENG VIỆT NAM","0786578188
","3703301197
"
"CÔNG TY TNHH SWEETSOP VIỆT NAM","0988531536
","370330172
"
"CÔNG TY TNHH THƯƠNG MẠI VẬN CHUYỂN KHANH LỘC PHÁT","0792425914
","3703301165
"
"CÔNG TY TNHH NHÀ HÀNG VÀ KHÁCH SẠN HẢI SẢN BIỂN NHỚ","076314879
","3703301158
"
"CÔNG TY TNHH THIẾT BỊ CHẾ BIẾN TSC VIỆT NAM","0786118797
","370330126
"
"CÔNG TY TNHH GIÁO DỤC EPATH","0765194500
","3703301119
"
"CÔNG TY TNHH XE MÁY AN VINH","0333854495
","3703301084
"
"CÔNG TY TNHH VẬT LIỆU XÂY DỰNG PHÚC AN PHONG","0913788299
","3703301052
"
"CÔNG TY TNHH KỸ THUẬT VÀ THƯƠNG MẠI VIỆT PHÚ","0988197929
","3703301038
"
"CÔNG TY TNHH MTV GIA LONG THỊNH","0960867432
","3703300845
"
"CÔNG TY TNHH TƯ VẤN VÀ PHÁT TRIỂN GIÁO DỤC OLYMPIA ANH KHOA","0969603568
","3703301366
"
"CÔNG TY TNHH MÀN CỬA MINH ĐĂNG","0964395525
","3703301013
"
"CÔNG TY TNHH BUÔN BÁN THIẾT BỊ ĐIỆN HỒNG PHƯỚC","0768937217
","3703300965
"
"CÔNG TY TNHH TƯ NHÂN FERRERO CHÂU Á THÁI BÌNH DƯƠNG","0934595754
","3703300919
"
"CÔNG TY TNHH THƯƠNG MẠI CÔNG NGHỆ VÀ DỊCH VỤ GIA HÀ","0977514538
","3703300683
"
"CÔNG TY TNHH JUYIHENG","0943880779
","3703301422
"
"CÔNG TY TNHH XÂY DỰNG VÀ TRANG TRÍ NỘI THẤT KIẾN AN PHÁT","0788911988
","3703301415
"
"CÔNG TY TNHH TMDV CHẾ BIẾN GỖ SÔNG BÉ","0973147449
","3703301398
"
"CÔNG TY TNHH TMDV HOÀNG THẮNG HT","0899741029
","3703301380
"
"CÔNG TY TNHH TM - SX VIỆT THÀNH","0989702706
","3703301292
"
"CÔNG TY TNHH THƯƠNG MẠI CẨM TRÌNH","0931531419
","3703300997
"
"CÔNG TY TNHH TMDV CAO TRIỀU","0941514343
","3703300972
"
"CÔNG TY TNHH THƯƠNG MAI HỒNG THỊNH NGUYÊN","0364457133
","3703300926
"
"CÔNG TY TNHH BAO BÌ VOION BÌNH DƯƠNG","0916905269
","3703300901
"
"CÔNG TY TNHH THẮNG LỢI ASIA","0949590550
","3703300877
"
"CÔNG TY TNHH KINH DOANH XNK DỊCH VỤ VẬN TẢI CHÍNH ĐẠI","0358804850
","3703300852
"
"CÔNG TY TNHH ĐOÀN LIÊN HƯNG VIỆT NAM","0981525290
","3703300789
"
"CÔNG TY TNHH XÂY DỰNG TM-DV NTS","0971179039
","3703300764
"
"CÔNG TY TNHH CƠ KHÍ XÂY DỰNG AN THỊNH HOÀNG GIA PHÁT","0973569399
","3703300757
"
"CÔNG TY TNHH VẬN TẢI HOÀNG ANH BD","0776105043
","3703300718
"
"CÔNG TY TNHH TMDV SẮT THÉP VÀ XÂY DỰNG KIM KIM NHUNG","0945004343
","3703300676
"
"PHÒNG HỒ SƠ NGHIỆP VỤ","0693509231
","3703300700
"
"CÔNG TY TNHH CÔNG NGHỆ HAILEX VIỆT NAM (NỘP HỘ NTNN)","8613829209125
","3703300690
"
"CÔNG TY TNHH WINTON HOMES","0936464681
","3703300411
"
"CÔNG TY TNHH THƯƠNG MẠI JINYI","0393208065
","3703300436
"
"CÔNG TY TNHH CƠ KHÍ CHẾ TẠO CO<","0916959947
","3703300387
"
"CÔNG TY TNHH GIẢI PHÁP TRĂNG VÀNG VIỆT NAM","0385313345
","3703300299
"
"CÔNG TY CỔ PHẦN GIÁO DỤC PHI YẾN","0973790769
","3703300429
"
"CÔNG TY TNHH CƠ KHÍ THƯƠNG MẠI CÔNG BẰNG","0827173982
","3703300309
"
"CÔNG TY TNHH TRANG TRÍ NỘI THẤT DŨNG MINH PHÁT","0986996962
","3703300281
"
"CÔNG TY TNHH THƯƠNG MẠI PHÚC ĐẠT LONG","0866595738
","3703300274
"
"CÔNG TY TNHH THIẾT BỊ ĐIỆN HONG GUANG CHANG","0394194717
","3703300267
"
"CÔNG TY TNHH EP GLOBAL","0903779723
","3703300595
"
"CÔNG TY TNHH THIẾT KẾ ĐẦU TƯ XÂY DỰNG MINH KHANG E&C","0973838103
","3703300651
"
"CÔNG TY TNHH THÉP HÒA PHÁT BD","0963233143
","3703300644
"
"CÔNG TY TNHH XÂY DỰNG ĐIỆN CƠ MINH NGỌC","0342198396
","3703300612
"
"CÔNG TY TNHH THƯƠNG MẠI VĨNH HẢO DK","0344128682
","3703300605
"
"CÔNG TY CỔ PHẦN DỊCH VỤ BẢO VỆ VIỆT THIÊN LONG 247","09328656099
","3703300563
"
"CÔNG TY TNHH CÔNG NGHỆ PHẦN CỨNG JIN LAN","0898860554
","3703300394
"
"CÔNG TY TNHH GARAGE Ô TÔ TỨ HOÀNG","0354880085
","3703300531
"
"CÔNG TY TNHH THƯƠNG MẠI XUẤT NHẬP KHẨU VÀ MAY MẶC MỘC PHÚ","0343941033
","3703300228
"
"CÔNG TY TNHH HIWOOD DESIGN & CONSTRUCTION","0369931516
","3703300482
"
"CÔNG TY TNHH F2E BÌNH DƯƠNG","0973789599
","3703300186
"
"CÔNG TY TNHH NHÀ HÀNG KHÁCH SẠN BIỂN GỌI","0768937217
","3703300122
"
"CÔNG TY TNHH CÔNG NGHỆ THÔNG TIN SHENGWEI","0084366447685
","3703300588
"
"CÔNG TY TNHH CÔNG NGHỆ MÁY TÍNH XNK","0834902038
","3703300556
"
"CÔNG TY TNHH SX XD TM HOÀNG DŨNG","0932249226
","3703300549
"
"CÔNG TY TNHH TRUNG TÂM NGOẠI NGỮ QUÝ ANH","0977736855
","3703300524
"
"CÔNG TY TNHH VẬN TẢI THẢO HÙNG","0334550799
","3703300468
"
"CÔNG TY TNHH TM DV VT LINH NGHI","0386833233
","3703300161
"
"CÔNG TY TNHH MTV THỜI TRANG YODYNEW","0345025258
","3703300517
"
"CÔNG TY TNHH SẢN XUẤT- TM- DV KỸ THUẬT TK","0988767269
","3703300242
"
"CÔNG TY TNHH TM & DV HÙNG LÂM","0962576333
","3703300154
"
"CÔNG TY TNHH TM VÀ DV HUỲNH ĐẠI PHÁT","0978598739
","3703300179
"
"CÔNG TY TNHH THƯƠNG MẠI HUY HÒA PHÁT","0981950538
","3703300147
"
"CÔNG TY TNHH TMDV BỐC XẾP THỊNH NGUYỄN","0967779789
","3703300475
"
"CÔNG TY TNHH EWF NHẬT HÀO","0963937633
","3703300443
"
"CÔNG TY TNHH KHOA NHẤT","0751970138
","3703300637
"
"CÔNG TY TNHH PHÁT TRIỂN THƯƠNG MẠI VÀ XNK NHẬT MINH","0867887917
","3703300323
"
"CÔNG TY TNHH XÂY DỰNG VÀ PHÁT TRIỂN TENGDA","0377733910
","3703300330
"
"CÔNG TY TNHH THƯƠNG MẠI DỊCH VỤ NDP NAM DƯƠNG PHÁT","0372535194
","3703300450
"
"CÔNG TY TNHH SX BAO BÌ HƯNG XƯƠNG VIỆT NAM","0966289033
","3703300570
"
"CÔNG TY TNHH RUN LONG KE JI","0946784712
","3703300348
"
"CÔNG TY CỔ PHẦN HỆ THỐNG HCNS NATIONAL","0984163512
","3703300404
"
"CÔNG TY TNHH BABY AND MOMMY SPA","0907032363
","3703300362
"
"CÔNG TY TNHH TM TH TRUNG HIẾU","0945046332
","3703300355
"
"CÔNG TY TNHH TMDV HỮU HOÀNG","0792425914
","3703300316
"
"CÔNG TY TNHH TMSX MTV ĐẠI HOÀNG VJM","0944658697
","3703300235
"
"CÔNG TY TNHH TMDV NAM LUÂN","0792425914
","3703300210
"
"CÔNG TY TNHH THƯƠNG MẠI DỊCH VỤ KIM THỊNH - BD","0862920780
","3703300203
"
"CÔNG TY TNHH GIÁO DỤC NGÔI SAO BÌNH DƯƠNG","0933056503
","3703300193
"
"CÔNG TY TNHH RỒNG VÀNG GHLD VIỆT NAM","0918464616
","3703300066
"
"HỢP TÁC XÃ NÔNG NGHIỆP NUÔI TRỒNG THỦY SẢN TÂN BÌNH","0913806929
","3703299967
"
,,
"CÔNG TY TNHH DTTM AN GIANG","0348325882
","3703300041
"
"CÔNG TY TNHH GIÁO DỤC ANH ĐÀO","0938330535
","3703300098
"
,,
"CÔNG TY TNHH VI TÍNH QUANG LỢI","0979322065
","3703300115
"
,,
,,
,,
,,
,,
,,
,,
,,
,,
,,
,,
,,
"CÔNG TY TNHH SHENGYUAN WOOD","0947377378
","3703300027
"
"CÔNG TY TNHH TMDV XNK CÀ PHÊ TB","0944444479
","3703299847
"
"CÔNG TY TNHH TM DV SX MÚT XỐP GIA PHÁT","0397831238
","3703299935
"
,,
,,
,,
,,
,,
,,
"CÔNG TY TNHH TMDV XÂY DỰNG & PCCC KIM YẾN","0862684139
","3703299773
"
,,
"CÔNG TY TNHH THƯƠNG MẠI ĐẦU TƯ TIKO","0909822185
","3703299798
"
,,
,,
"CÔNG TY TNHH SX-TM LỘC AN VN","078768853
","3703299727
"
,,
,,
,,
,,
,,
,,
,,
,,
,,
,,
,,
,,
,,
,,
,,
,,
,,
,,
,,
,,
,,
,,
,,
,,
,,
,,
,,
,,
,,
,,
,,
,,
,,
,,
,,
,,
,,
,,
,,
,,
"CÔNG TY TNHH ĐIỆN JINCHENG VIỆT NAM","0862939099
","3703294574
"
,,
,,
,,
,,
,,
,,
,,
"CÔNG TY TNHH FESTIE VIỆT NAM","0936831030
","3703295169
"
,,
,,
,,
,,
,,
,,
,,
,,
,,
,,
,,
,,
,,
,,
,,
,,
,,
"CÔNG TY TNHH MIROPET VIET NAM","0388854441
","3703294912
"
"CÔNG TY TNHH TM DV PHÚC THANH NGUYÊN","0948223998
","3703294630
"
"CÔNG TY TNHH TM DV SX KIM ĐỨC","0924307737
","3703294486
"
"CÔNG TY TNHH TMDV PHAN THUẬN","0896571003
","3703294454
"
"CÔNG TY TNHH TM DV NGỌC QUANG MINH","0909979286
","3703294870
"
"CÔNG TY TNHH DA ITALIA","0909337688
","3703294729
"
"CÔNG TY TNHH NGŨ KIM HOÀNG TUẤN LỘC","0932212968
","3703294648
"
"CÔNG TY TNHH THIẾT KẾ VÀ QUẢNG CÁO DƯƠNG QUANG","0879020883
","370329389
"
"CÔNG TY TNHH PHÁT TRIỂN TMDV ĐẦU TƯ THANH BÌNH","0870850162
","3703294831
"
"CÔNG TY TNHH MTV NGUYỄN VĂN HUY","0782443437
","3703294817
"
"CÔNG TY TNHH CÔNG NGHỆ WZTEK","0908714130
","3703294711
"
"CÔNG TY TNHH TMDV KIM LÊ","0328987654
","3703294623
"
"CÔNG TY TNHH SẢN XUẤT MÁY ĐẠO HOẰNG VIỆT NAM","0326961489
","3703294599
"
"CÔNG TY TNHH THƯƠNG MẠI DỊCH VỤ ĐẠI UY","0817180299
","3703294045
"
"CÔNG TY TNHH TỔ CHỨC SỰ KIỆN TRUYỀN THÔNG TRỰC TIẾP FOOTBALL","0827856413
","3703293933
"
"CÔNG TY TNHH NGỌC CHANG ANH","09130015790922001
","3703294856
"
"CÔNG TY TNHH TM - DV - TƯ VẤN SONG NGỌC","0337119328
","3703294006
"
"CÔNG TY TNHH TƯ VẤN VÀ PHÁT TRIỂN GIÁO DỤC OLYMPIA PHÚ LỢI","0965198979
","3703293901
"
"CÔNG TY TNHH TRÚC LINH ST","0931225257
","3703293884
"
"CÔNG AN XÃ VĨNH HÒA","02743673351
","3703295200
"
"CÔNG TY TNHH FLEXTEC OONISHI VIỆT NAM (NỘP HỘ NTNN)","8615201501090
","3703295190
"
"CÔNG AN XÃ TÂN HIỆP","02743661713
","3703295182
"
"CÔNG TY TNHH DIGITAL FEDEX S SELLER","0773145787
","3703294704
"
"CÔNG TY TNHH XÂY DỰNG VẬN CHUYỂN TUẤN THÀNH","0589105877
","3703294694
"
"CÔNG TY TNHH TMDV VẬT TƯ THIẾT BỊ Y TẾ HUY QUANG","0528029233
","3703294687
"
"CÔNG TY TNHH MTV KIẾN TRÚC XÂY DỰNG CÁT AN","0988949458
","3703294038
"
"CÔNG TY TNHH KT CONTS","09670320980
","3703293997
"
"CÔNG TY TNHH TMDV BÌNH AN PETRO","0568863348
","3703294895
"
"CÔNG TY TNHH ĐẦU TƯ THIẾT KẾ XÂY DỰNG VÀ VẬN CHUYỂN THANH NIÊN","0792425914
","3703294616
"
"CÔNG AN XÃ TAM LẬP",,"3703295176
"
"CÔNG TY TNHH TRUNG TÂM ANH NGỮ MS LAN","0343931731
","3703294013
"
"CÔNG TY CỔ PHẦN KYOSEI","0919691328
","3703294888
"
"CÔNG TY TNHH MTV TMDV QUẢNG CÁO - TỔ CHỨC SỰ KIỆN TIẾN MƠ SÔNG BÉ","0977477107
","3703294824
"
"CÔNG TY TNHH TMDV PHÁT TRIỂN MAY MẶC NHẤT TÂM","0944415511
","3703294662
"
"CÔNG TY TNHH VẬN TẢI BIỂN 4TL","0339410333
","3703294447
"
"CÔNG TY TNHH PHÁT TRIỂN KINH DOANH LỘC PHÁT","0399421229
","3703294655
"
"CÔNG TY TNHH KINH DOANH NHÀ HÀNG ẨM THỰC VÀ KHÁCH SẠN THIÊN NAM","0768937217
","3703294849
"
"CÔNG TY TNHH MTV THƯƠNG MẠI DỊCH VỤ THIÊN THUẬN PHÁT","0343807828
","3703293919
"
"CÔNG TY TNHH PHOTO THIÊN KIM","0949561244
","3703294207
"
"CÔNG TY TNHH TMDV NGỌC QUANG MINH","0589483474
","3703294197
"
"CÔNG TY TNHH TM DV THỰC PHẨM SẠCH ĂN MÃI THÔI","0899934502
","3703294172
"
"CÔNG TY TNHH CƠ KHÍ XÂY DỰNG NGUYỄN THÀNH ĐẠT","0965516106
","3703293757
"
"CÔNG TY TNHH TM SILCOC","0796726301
","3703293789
"
"CÔNG TY TNHH NỘI THẤT PHẠM HOÀNG VỐN","0933687900
","3703293764
"
"CÔNG TY TNHH ISHIKAWA SOLUTION VIỆT NAM","0967043329
","3703293820
"
"CÔNG TY TNHH TM-DV NGUYỄN THỊNH","0898438397
","37032931711
"
"CÔNG TY TNHH NATUCON SINGAPORE (NTNN)","02473000696
","3703294253
"
"CÔNG TY TNHH BAO BÌ YUANXIN VIỆT NAM","0967569406
","3703294119
"
"CÔNG TY TNHH THƯƠNG MẠI DỊCH VỤ CƠ KHÍ HƯNG THỊNH PHÁT","0373367668
","3703294101
"
"CÔNG TY TNHH BAO BÌ YUCHANGXIN","0906702598
","370329400
"
"CÔNG TY TNHH DU LỊCH T2","0898677754
","3703294084
"
"CÔNG TY TNHH NFGSMART","0867235043
","3703294077
"
"CÔNG TY TNHH NÔNG NGHIỆP XANH MÃI MÃI","0395627407
","3703294052
"
"CÔNG TY TNHH TMDV VPP IN ẤN VÀ QUẢNG CÁO TRUNG HUỲNH","0769358186
","3703293732
"
"CÔNG TY TNHH VĨNH PHÁT WOOD","0334366579
","3703293877
"
"CÔNG TY TNHH GIÁO DỤC TRỌNG ĐỨC","0963622839
","3703291686
"
"CÔNG AN PHƯỜNG UYÊN HƯNG","02743656250
","3703294366
"
"CÔNG AN PHƯỜNG HỘI NGHĨA","02743640083
","3703294359
"
"CÔNG AN PHƯỜNG TÂN ĐỊNH, THÀNH PHỐ BẾN CÁT, TỈNH BÌNH DƯƠNG",,"3703294341
"
"CÔNG AN PHƯỜNG MỸ PHƯỚC, THÀNH PHỐ BẾN CÁT, TỈNH BÌNH DƯƠNG",,"3703294334
"
"CÔNG AN PHƯỜNG AN ĐIỀN, THÀNH PHỐ BẾN CÁT, TỈNH BÌNH DƯƠNG",,"3703294327
"
"CÔNG AN PHƯỜNG THỚI HÒA, THÀNH PHỐ BẾN CÁT, TỈNH BÌNH DƯƠNG",,"3703294302
"
"CÔNG AN PHƯỜNG CHÁNH PHÚ HÒA, THÀNH PHỐ BẾN CÁT, TỈNH BÌNH DƯƠNG",,"3703294292
"
"CÔNG AN PHƯỜNG HÒA LỢI, THÀNH PHỐ BẾN CÁT, TỈNH BÌNH DƯƠNG",,"3703294285
"
"CÔNG AN XÃ PHÚ AN, THÀNH PHỐ BẾN CÁT, TỈNH BÌNH DƯƠNG",,"3703294278
"
"CÔNG AN PHƯỜNG AN TÂY, THÀNH PHỐ BẾN CÁT, TỈNH BÌNH DƯƠNG",,"3703294260
"
"CÔNG AN PHƯỜNG THÁI HÒA","02743658870
","3703294246
"
"CÔNG AN XÃ THẠNH HỘI","02743629209
","3703294239
"
"CÔNG AN PHƯỜNG THẠNH PHƯỚC","02743658549
","3703294221
"
"CÔNG TY TNHH SINGTEC (NỘP HỘ NTNN)","0913067996
","3703294214
"
"CÔNG AN XÃ AN SƠN","02743726188
","3703294165
"
"CÔNG AN PHƯỜNG BÌNH CHUẨN","027433825175
","3703294158
"
"CÔNG AN PHƯỜNG BÌNH NHÂM",,"3703294140
"
"CÔNG AN PHƯỜNG LÁI THIÊU",,"3703294133
"
"CÔNG AN PHƯỜNG THUẬN GIAO","02743746179
","3703294126
"
"CÔNG AN PHƯỜNG AN THẠNH","02743746262
","3703293972
"
"CÔNG AN PHƯỜNG HƯNG ĐỊNH","02473720939
","3703293965
"
"CÔNG AN PHƯỜNG BÌNH HÒA","02743782213
","3703293940
"
"CÔNG AN PHƯỜNG VĨNH PHÚ","02743755252
","3703293845
"
"CÔNG AN PHƯỜNG AN PHÚ","027471113
","3703293838
"
"CÔNG TY TNHH VẬN TẢI HOÀNG LONG LOGISTICS","0972972679
","3703293812
"
"CÔNG TY TNHH NHÀ HÀNG KHÁCH SẠN THANH VÂN","038960877
","3703293806
"
"CÔNG TY TNHH THƯƠNG MẠI DỊCH VỤ THỰC PHẨM NGỌC MINH CHÂU","0775939565
","3703293796
"
"CÔNG TY TNHH NHÀ HÀNG KHÁCH SẠN TRÚC PHƯƠNG","0589105670
","3703293588
"
"CÔNG TY TNHH CÔNG NGHỆ CHẤT LỎNG PETRO HOSE VIỆT NAM.","8618861218288
","3703293323
"
"CÔNG TY TNHH THƯƠNG MẠI DỊCH VỤ LÝ BẾP ĐẦU CÁ ỚT XẮT","0983523520
","3703293147
"
"CÔNG TY TNHH THƯƠNG MẠI DỊCH VỤ VẬN TẢI VĨNH PHÚ","0375498652
","3703293683
"
"CÔNG TY TNHH THẾ GIỚI DỤNG CỤ BÁNH - HUỆ THU CAKES","0931115035
","3703292979
"
"CÔNG TY TNHH GREEN GROUP BÌNH DƯƠNG","0976687571
","3703293228
"
"CÔNG TY TNHH THƯƠNG MẠI TOÀN CẦU HERMES","008615106026535
","3703293186
"
"CÔNG TY TNHH NHÀ HÀNG ẨM THỰC CÔNG BBQ","0768937217
","3703293002
"
"CÔNG TY TNHH ITELCOM","0869597070
","3703293192
"
"CÔNG TY TNHH GIA SIN VN","0950711
","3703293027
"
"CÔNG TY TNHH TƯ VẤN THIẾT KẾ - THI CÔNG XÂY DỰNG AM","0382545186
","3703292993
"
"CÔNG TY TNHH QC TRUYỀN THÔNG HÀ TRUNG","0792425914
","3703292947
"
"CÔNG TY TNHH NEW GENERATION ENGLISH","0987966450
","3703293154
"
"CÔNG TY TNHH THƯƠNG MẠI VÀ MÔI TRƯỜNG BÌNH DƯƠNG","0965776798
","3703293242
"
"CÔNG TY TNHH CÔNG NGHIỆP NỘI THẤT VVE","0377910401
","3703293235
"
"CÔNG TY TNHH XANH VMK","0938943205
","3703293210
"
"CÔNG TY TNHH DỊCH VỤ TƯ VẤN KẾ TOÁN BÌNH DƯƠNG","090915259
","3703293203
"
"CÔNG TY TNHH TOKUCHI INVESTMENT","0337667886
","3703293161
"
"CÔNG TY TNHH TM VÀ DV PEARL","0794763013
","3703293122
"
"CÔNG TY TNHH SẢN PHẨM NHỰA THUẬN THÔNG","02743866485
","3703292961
"
"CÔNG TY TNHH CÔNG NGHỆ HUANG SHI","0794795694
","3703293179
"
"CÔNG TY TNHH THƯƠNG MẠI DỊCH VỤ - VĂN PHÒNG PHẨM HƯNG THỊNH BÌNH DƯƠNG","0772717001
","3703292986
"
"CÔNG TY TNHH LƯƠNG THỰC THỰC PHẦM HV","0768937217
","3703292954
"
"CÔNG TY TNHH REPUBLIC LIVING VN","0379779010
","3703293700
"
"CÔNG TY TNHH THIẾT BỊ CƠ ĐIỆN NGỌC DIỆP","0962733068
","3703293690
"
"CÔNG TY TNHH TM DỊCH VỤ MINH HẬU","0562198987
","3703293676
"
"CÔNG TY TNHH TM DV ỨNG DỤNG CÔNG NGHỆ TRUYỀN THÔNG MỚI","0898903703
","3703293669
"
"CÔNG TY TNHH TM DV MÔI TRƯỜNG MINH KHANG","09718949990969020
","3703293651
"
"CÔNG TY TNHH TM DV CHUYỂN ĐỔI SỐ NGÀNH XÂY DỰNG VIỆT","0898325304
","3703293644
"
"CÔNG TY TNHH GỖ BO LIN","0365633655
","3703293637
"
"CÔNG TY TNHH KỸ THUẬT CÔNG NGHỆ EU - TRUST","0906329335
","3703293612
"
"CÔNG TY TNHH THƯƠNG MẠI VÀ DỊCH VỤ NHƯ TƯỜNG VY","0769882619
","3703293605
"
"CÔNG TY TNHH TMDV TẤN ĐẠT AG","0702925381
","3703293595
"
"CÔNG TY TNHH LIFT VIETNAM","0378876529
","3703293570
"
"CÔNG TY TNHH XÂY DỰNG VẬN CHUYỂN THỊNH PHÁT","0568762540
","3703293563
"
"CÔNG TY TNHH VẬT TƯ THIẾT BỊ Y TẾ HẢI PHÁT","0568864246
","3703293556
"
"CÔNG TY TNHH THƯƠNG MẠI VÀ SẢN XUẤT THANG MÁY GIA BẢO","0935964789
","3703293549
"
"CÔNG TY TNHH BÁCH VƯƠNG PHÚ","0909815440
","3703293531
"
"CÔNG TY TNHH TM DV VẬN TẢI HÀNG HOÁ MÃI TIẾT KIỆM","0896908805
","3703293517
"
"CÔNG TY TNHH TM - DVKT NHIỆT LẠNH TRƯỜNG PHÁT","0901056369
","3703293482
"
"CÔNG TY TNHH TMĐT TÂN MINH VIỆT","0826361262
","3703293475
"
"CÔNG TY TNHH THƯƠNG MẠI DỊCH VỤ PHAN THANH BC","0373018296
","3703293468
"
"CÔNG TY TNHH TƯ VẤN GIÁO DỤC TRẺ CHẬM PHÁT TRIỂN TÂN BÌNH AN","0963416548
","3703293450
"
"CÔNG TY TNHH SX TM PHÁT THÀNH CÔNG DANH BD","0989579580
","3703293443
"
"CÔNG TY CỔ PHẦN ĐẦU TƯ VÀ DỊCH VỤ VIỆT NAM THÔNG","092908786805225165
","3703293330
"
"CÔNG TY TNHH TM DV IN ẤN VÀ QUẢNG CÁO 3 NHANH","0898449608
","3703293316
"
"CÔNG TY TNHH TM DV SẮT THÉP XUYÊN VIỆT","0896712107
","3703293309
"
"CÔNG TY TNHH FOUR SEANSONS","098828639
","3703293299
"
"CÔNG TY TNHH TM DV PHÂN PHỐI ĐA DỤNG","0896043017
","3703293281
"
"CÔNG TY TNHH TMDV HOÀNG ÂN VN","0898088174
","3703293274
"
"CÔNG TY TNHH THÁI AN LUẬT","0888589879
","3703293267
"
"CÔNG TY TNHH TRẦN KHA ANH","0889668898
","3703293034
"
"CÔNG AN PHƯỜNG BÌNH AN","02743781798
","3703293436
"
"CÔNG AN PHƯỜNG AN BÌNH","0274379009
","3703293429
"
"CÔNG AN PHƯỜNG TÂN ĐÔNG HIỆP","02743742301
","3703293411
"
"CÔNG AN PHƯỜNG DĨ AN","02743752137
","3703293394
"
"CÔNG AN PHƯỜNG ĐÔNG HÒA","02743700872
","3703293404
"
"CÔNG AN PHƯỜNG TÂN BÌNH","02743740370
","3703293387
"
"CÔNG TY TNHH QUANDATICS (NỘP HỘ NTNN)","84978845678
","3703293348
"
"CÔNG TY TNHH SẢN XUẤT THƯƠNG MẠI MỐP XỐP CÁCH NHIỆT MINH PHÁT (NỘP HỘ NTNN)","0837200705
","3703293362
"
"CÔNG TY TNHH VIETNAM SHENGFENG PRINTING & PACKAGING (NỘP HỘ NTNN)",,"3703293355
"
"CÔNG TY TNHH MỘT THÀNH VIÊN BỒI DƯỠNG VĂN HÓA SÁNG VIỆT","0363064979
","3703292898
"
"CÔNG TY TNHH SẢN XUẤT - THƯƠNG MẠI & DỊCH VỤ IN ẤN PHÁT LỢI","0375797901
","3703292922
"
"CÔNG TY TNHH TMDV PHAN HÂN","0968382211
","3703292908
"
"CÔNG TY TNHH THƯƠNG MẠI HỒNG HUY MINH TRÍ","0943036072
","3703293108
"
"CÔNG TY TNHH TMDV MTV UNIVERSAL HARDWOOD","0778967716
","3703293098
"
"CÔNG TY TNHH THƯƠNG MẠI VĨNH UY","0945618889
","3703293080
"
"CÔNG TY TNHH DTTMDV THỜI TRANG VN","0523993237
","3703293073
"
"CÔNG TY TNHH ĐẦU TƯ GIÁO DỤC VÀ ĐÀO TẠO AN BÌNH","0908293137
","3703293059
"
"CÔNG TY TNHH ĐÌNH TUẤN AFC","0946150336
","3703292633
"
"CÔNG TY TNHH TUẤN DŨNG 88","0836531340
","3703292626
"
"CÔNG TY TNHH SẢN PHẨM KỸ NGHỆ ZHONG SHANG VIỆT NAM","0975659899
","3703292619
"
"CÔNG TY TNHH MTV DỊCH VỤ VẬN CHUYỂN HỒNG QUÂN VINA","0792425914
","3703292601
"
"CÔNG TY TNHH NHÀ HÀNG ẨM THỰC THƯỜNG BN","076314879
","37032925
"
"CÔNG TY TNHH TMDV THIÊN Ý Ý","0792425914
","3703292577
"
"CÔNG TY TNHH VĨNH THÀNH TRUNG","0938813273
","3703292552
"
"CÔNG TY TNHH MTV ĐẦU TƯ VÀ PHÁT TRIỂN GIÁO DỤC CARO EDU","03323337717
","3703293066
"
"CÔNG TY TNHH TMDV NGỌC KIM NGA","0899660870
","3703292841
"
"CÔNG TY TNHH HOÀNG PHI PHÁT","0981754055
","3703292834
"
"CÔNG TY TNHH TM DỊCH VỤ HỒNG HOÀNG","0562005582
","3703292802
"
"CÔNG TY TNHH CYGO","0988260575
","3703292753
"
"CÔNG TY TNHH NAHA FOODS","0965584060
","3703292739
"
"CÔNG TY TNHH KD HÓA CHẤT VÀ BAO BÌ MINH THẮNG","0376546348
","3703292721
"
"CÔNG TY TNHH ĐẦU TƯ PHÁT TRIỂN SẢN XUẤT THƯƠNG MẠI LÊ THY","0924898322
","3703292697
"
"CÔNG TY TNHH GIÁO DỤC TUẤN TÚ","0971213705
","3703292658
"
"CÔNG TY TNHH SX TM DV FODATECH WIN","0355986349
","3703292506
"
"CÔNG TY TNHH THIẾT BỊ VÀ VẬT LIỆU XÂY DỰNG NAM KHÁNH","0899050675
","3703292464
"
"CÔNG TY TNHH VẬT LIỆU VÀ XÂY DỰNG ĐẤT VIỆT MỚI","0898903703
","3703292418
"
"CÔNG TY TNHH DỊCH VỤ VẬN TẢI HÀ HỒNG PHÁT","0786021499
","3703292376
"
"CÔNG TY TNHH VẬN TẢI LÝ THIÊN MINH","0584315535
","3703292866
"
"CÔNG TY CỔ PHẦN Ô TÔ VIỆT HUỲNH GIA","0918116179
","3703292746
"
"CÔNG TY TNHH PHÁT TRIỂN GIÁO DỤC TRÍ NGUYỆN","0934043345
","3703292584
"
"CÔNG TY TNHH MTV MUNDERO LEOPA","0857811034
","3703292545
"
"CÔNG TY TNHH MUA BÁN PHỤ TÙNG Ô TÔ HOÀNG PHI SPORT","0939636201
","3703292538
"
"CÔNG TY TNHH MÁY MÓC VIỆT SÂM","0937228736
","3703292496
"
"CÔNG TY TNHH THƯƠNG MẠI HƯNG KHẢI PHÁT BÌNH DƯƠNG","0965445168
","3703292411
"
"CÔNG TY TNHH LỚP DẠY THÊM NHÂN TRÍ VIỆT NTVS","0398935866
","3703292432
"
"CÔNG TY TNHH ĐÀO TẠO VÀ TƯ VẤN NHA KHOA 4T","0934193330
","3703292383
"
"CÔNG TY TNHH TMDV BUÔN BÁN THIẾT BỊ TRỌNG SANG","0782443437
","3703292351
"
"CÔNG TY TNHH YOU CHANG","0798534621
","3703292859
"
"CÔNG TY TNHH TMDV KỸ THUẬT XUÂN ĐÔNG","0782443437
","3703292827
"
"CÔNG TY TNHH THƯƠNG MẠI ĐẠI HỒNG QUANG","0987659125
","3703292792
"
"CÔNG TY TNHH TM DỊCH VỤ KIẾN PHÚC","0562168518
","3703292778
"
"CÔNG TY TNHH TM DV THIẾT BỊ CÔNG NGHIỆP THỊNH PHÁT","0896745118
","3703292760
"
"CÔNG TY TNHH GIÁO DỤC VÀ ĐÀO TẠO NGỌC DUNG","0899155266
","3703292714
"
"CÔNG TY TNHH THỦY LỰC VIỆT PHÁT BÌNH DƯƠNG","0935290835
","3703292665
"
"CÔNG TY TNHH PHÂN PHỐI VÀ TM DV ĐIỆN 5 AN TOÀN","0896788705
","3703292489
"
"CÔNG TY TNHH GARAGE Ô TÔ TIẾN PHÁT","0961352210
","3703292457
"
"CÔNG TY TNHH KỸ THUẬT LẠNH THIÊN PHÁT","0987895047
","3703292425
"
"CÔNG TY TNHH PHÁT TRIỂN GIÁO DỤC - ĐÀO TẠO AN TRÍ VIỆT","0395553070
","3703292400
"
"CÔNG TY TNHH MỘT THÀNH VIÊN GIÁO DỤC NT","0834950056
","3703292390
"
"CÔNG TY TRÁCH NHIỆM HỮU HẠN THU MUA PHẾ LIỆU NAM PHÁT TÀI","0966786858
","3703292369
"
"CÔNG TY TNHH TMDV TIÊN TIÊN BD","0782443437
","3703292785
"
"CÔNG TY TNHH NHÔM GIA HUY","0344998930
","3703292707
"
"CÔNG TY TNHH CÔNG NGHIỆP SẢN XUẤT THƯƠNG MẠI XUẤT NHẬP KHẨU ĐÀI TRUNG","0899488877
","3703292672
"
"CÔNG TY TNHH ĐIỆN TỬ HOPESTAR","0943880779
","3703292640
"
"CÔNG TY TNHH TMDV XÂY DỰNG TÂN HÒA ĐÔNG","0587905767
","3703292520
"
"CÔNG TY TNHH THƯƠNG MẠI Ô TÔ MINH NHI","090238280
","3703292512
"
"CÔNG AN PHƯỜNG BÌNH THẮNG","02743749441
","3703293115
"
"CÔNG AN XÃ BẠCH ĐẰNG","02743656855
","3703293041
"
"CÔNG TY TNHH NHỰA NGŨ KIM BUTTON (VIỆT NAM) (NỘP HỘ NTNN)","0914382653
","3703292880
"
"CÔNG TY TNHH CÔNG NGHỆ DỆT JIUYU (VIỆT NAM) (NỘP HỘ NTNN)","8621640262598088
","3703292873
"
"CÔNG TY TNHH NGŨ KIM ĐỈNH THỊNH","0834358138
","3703292249
"
"CÔNG TY TNHH TMDV THANH THÚY VN","0899599031
","3703292256
"
"CÔNG TY TNHH DỊCH VỤ QUẢNG CÁO SAILING","0329072064
","3703292062
"
"CÔNG TY TNHH MTV DV GIÁO DỤC TƯƠNG LAI","0977994186
","3703289415
"
"CÔNG TY TNHH THƯƠNG MẠI DỊCH VỤ VÀ XÂY DỰNG TIẾN DƯƠNG","0888331186
","290221323
"
"CÔNG TY TNHH MTV TMDV NGUYỄN BÍCH","0908925183
","3703292231
"
"CÔNG TY TNHH TM DV CUNG ỨNG XUẤT ĂN VÌ SỨC KHOẺ","0898753309
","3703291767
"
"CÔNG TY TNHH THƯƠNG MẠI DỊCH VỤ VÀ SẢN XUẤT MAY MẶC MB VIỆT NAM","0968597697
","3703292312
"
"CÔNG TY TNHH DTCK GLOBAL TRADING LIMITED","0775704069
","3703291894
"
"CÔNG TY TNHH THƯƠNG MẠI DỊCH VỤ XUẤT NHẬP KHẨU THIÊN AN FASHION","0979398490
","3703291781
"
"CÔNG TY TNHH MTV SẢN XUẤT THƯƠNG MẠI DỊCH VỤ NGỌC DANH","0943645748
","3703291735
"
"CÔNG TY TNHH DV THƯƠNG MẠI QUANG NGUYỄN","0562054084
","3703292295
"
"CÔNG TY TNHH CƠ ĐIỆN DƯƠNG MINH","0919419788
","3703291943
"
"CÔNG TY TNHH TMDV SX DANH NANG","0934981247
","3703291774
"
"CÔNG TY TNHH CƠ KHÍ THIẾT BỊ CÔNG NGHIỆP THẾ HÙNG","0778121429
","3703292344
"
"CÔNG TY TNHH KINH TỔNG HỢP HOÀNG BÌNH DƯƠNG","0782443437
","3703292337
"
"CÔNG TY TNHH XKLĐ HÀN VIỆT","0586699857
","3703292305
"
"CÔNG TY TNHH TMDV LÂM NGỌC","0562825185
","3703292009
"
"CÔNG TY TNHH VẬT TƯ ĐIỆN NƯỚC CƯỜNG PHÁT","0908440479
","3703291936
"
"CÔNG TY TNHH MTV DỊCH VỤ THƯƠNG MẠI NGỌC LINH BD","0933751720
","3703291911
"
"CÔNG TY TNHH TMDV NHÀ HÀNG ẨM THỰC MỘNG MƠ","076314879
","3703291862
"
"CÔNG TY TNHH MTV TMDV LINH HỒ","0902124185
","3703291855
"
"CÔNG TY TNHH QDT VENNER","0775767749
","3703291799
"
"CÔNG TY TRÁCH NHIỆM HỮU HẠN HUI TENG","0981628272
","3703291728
"
"CÔNG TY TNHH CƠ ĐIỆN XINYUE","0986452079
","3703292270
"
"CÔNG TY TNHH TMDV VÀ PHÁT TRIỂN TRUNG THANH ICC","0846492346
","3703292263
"
"CÔNG TY TNHH THƯƠNG MẠI KỸ THUẬT SẢN XUẤT STC VIỆT NAM","09770878
","3703292087
"
"CÔNG TY TNHH KIM ANH THỊNH","0908064858
","3703292055
"
"CÔNG TY TNHH CÔNG NGHIỆP TSINGSHAN GROUP","0943880779
","3703292288
"
"CÔNG TY TNHH HALINH FOOD","0888494005
","3703292111
"
"CÔNG TY TNHH TRẦN GIA MOTOR","0967768068
","3703292104
"
"CÔNG TY TNHH THƯƠNG MẠI VÀ DỊCH VỤ HOÀI CHUNG","0856231729
","3703292094
"
"CÔNG TY TNHH TMDV SẢN XUẤT LIÊN THỊ","0909981256
","3703292030
"
"CÔNG TY TNHH MTV SX TM THÔNG THƯƠNG FOOD","0961798058
","3703292016
"
"CÔNG TY TNHH SẢN XUẤT VÀ THƯƠNG MẠI MAY MẶC GIA PHÁT","0977718919
","3703291975
"
"CÔNG TY TNHH TMDV DỊCH VỤ TỔNG HỢP QUỐC MINH","0792425914
","3703291929
"
"CÔNG TY TNHH TMDV XÂY DỰNG AN DƯƠNG","0936306436
","3703291887
"
"CÔNG TY TNHH TM DV MÁY MÓC ĐA LĨNH VỰC NIỀM TIN","0899085302
","3703291809
"
"CÔNG TY TNHH AGRIFUTURE TECH","0939349322
","3703291742
"
"CÔNG TY TNHH THIẾT BỊ VÀ PHỤ TÙNG TRÚC ĐÀO","0899028131
","3703292224
"
"CÔNG TY TNHH CÔNG NGHỆ ĐÚC JU CHUANG VIỆT NAM","02743990786
","3703292048
"
"CÔNG TY TNHH Ô TÔ - MOTOR THƯƠNG MẠI-DỊCH VỤ TÂN THÀNH PHƯỚC","0987500000
","3703292023
"
"CÔNG TY TNHH MACAU INTERNATION VN","0938563415
","3703291982
"
"CÔNG TY TNHH NHÀ HÀNG KHÁCH SẠN XUÂN PHONG","0569545478
","3703291968
"
"CÔNG TY TNHH KINH DOANH NHÀ HÀNG NAM TIẾN","0768937217
","3703291950
"
"CÔNG TY TNHH GOETLING LENDING LLC","0347024155
","3703291904
"
"CÔNG TY TNHH THƯƠNG MẠI ĐẦU TƯ BÉ CẦN ĐƯỚC","02743833232
","3703292182
"
"CÔNG TY TNHH MTV TRI THỨC THÀNH TÂM","0353380110
","3703292150
"
"CÔNG TY TNHH BỒI DƯỠNG VĂN HÓA VÀ NGOẠI NGỮ NHẬT SANG","0983825143
","3703292136
"
"CÔNG TY TNHH TMDV KIM TÂN","0792425914
","3703291822
"
"CÔNG TY TNHH MỘT THÀNH VIÊN HBC VIỆT NAM","0392920900
","3703292143
"
"CÔNG TY TNHH PHỤ KIỆN NHÔM KÍNH MẪN","0908812435
","3703292129
"
"CÔNG TY CỔ PHẦN SẢN XUẤT THƯƠNG MẠI TRUNG TÍN PHÁT","0942253397
","3703291816
"
"CÔNG TY TNHH ĐẦU TƯ TMDV PHÚ HÒA","0789507687
","3703292217
"
"CÔNG TY TNHH CUNG ỨNG LAO ĐỘNG ASIA","0931262671
","3703292168
"
"CÔNG TY TNHH HẠO HƯNG PHÁT","0342314102
","37032918320
"
"CÔNG TY TNHH THIẾT BỊ THỂ THAO XINYU VIỆT NAM","0918991319
","3703292175
"
"CÔNG TY TNHH TMDV THIẾT KẾ VÀ XÂY DỰNG NEWLANDD","0798658987
","3703291848
"
"CÔNG TY TRÁCH NHIỆM HỮU HẠN VƯƠNG THIÊN PHÁT","0909982829
","3703291485
"
"CÔNG TY TNHH LẬP HẰNG","0917269826
","3703291358
"
"CÔNG TY TNHH TM DV SẢN XUẤT SỰ KIỆN QUẢNG CÁO MẠNH THÁI","0913805164
","3703291710
"
"CÔNG TY TNHH TM DV NUÔI DƯỠNG NHÂN LỰC VIỆT","0896325204
","3703291679
"
"CÔNG TY TNHH TM DV IN ẤN VÀ QUẢNG CÁO ƯU VIỆT","0898370700
","3703291703
"
"CÔNG TY CỔ PHẦN GIÁO DỤC OLYMPIA THỦ DẦU MỘT","0973807410
","3703291326
"
"CÔNG TY TNHH TMDV KINH DOANH TỔNG HỢP QUANG DUY","07631487
","3703291692
"
"CÔNG TY CỔ PHẦN TẬP ĐOÀN BIGKIDS CEO","0908322624
","3703291407
"
"CÔNG TY TNHH GỖ PHAN ĐỨC","0976947478
","3703291365
"
"CÔNG TY TNHH TM PHÙNG HƯNG","0886738247
","3703291397
"
"CÔNG TY TNHH ĐẠI THÀNH THẮNG BD","0974216816
","3703291319
"
"CÔNG TY TNHH BỒI DƯỠNG VĂN HOÁ TIÊN PHONG","0935094361
","3703291201
"
"CÔNG TY CỔ PHẦN ĐẦU TƯ VÀ PHÁT TRIỂN ĐÔ THỊ AZGROUP BÌNH DƯƠNG","0949424999
","3703291414
"
"CÔNG TY TNHH GS GIANG LINH","0907200282
","3703291372
"
"CÔNG TY TNHH THƯƠNG MẠI DỊCH VỤ SẮT THÉP SAO KHUÊ","0985052953
","3703291340
"
"CÔNG TY TNHH TM - DV MÔI TRƯỜNG VIỆT KHANG","0913949966
","3703291333
"
"CÔNG TY TNHH GIẤY KIẾN THỊNH PHÁT","0914799779
","3703291622
"
"CÔNG TY TNHH PT DV XÂY DỰNG HOÀNG DIỆU","0934409262
","3703291608
"
"CÔNG TY TNHH GREEN ALLIANCE GROUP","0327006657
","3703291446
"
"CÔNG TY TNHH HƯỜNG PHI LONG","0832504584
","3703291421
"
"CÔNG TY TNHH GIÁO DỤC TRỌNG ĐỨC","0963622839
","3703291686
"
"CÔNG TY TNHH BALLAPUR VN","0833238053
","3703291615
"
"CÔNG TY TNHH TM-DV ĐẠI NGỌC PHÁT","0971691852
","3703291439
"
"CÔNG TY TNHH SẢN XUẤT VÀ THƯƠNG MẠI CƠ KHÍ TTA","0976529477
","3703291654
"
"CÔNG TY TNHH TMDV KHÁNH BĂNG PHƯƠNG 68","0837369275
","3703291647
"
"CÔNG TY TNHH TM DV KINH DOANH VẬN TẢI ĐA PHƯƠNG TIỆN","0896877608
","3703291541
"
"CÔNG TY TNHH BLUME XANH DƯƠNG","0826843752
","3703291527
"
"CÔNG TY TNHH PHÚC LỢI LỘC","0976045099
","370329129
"
"CÔNG TY TNHH TM DV GIA CÔNG ĐỒ GỖ NĂM CHÂU","0898151706
","3703291534
"
"CÔNG TY TNHH KINH DOANH BUÔN BÁN HUY HOÀNG","0768937217
","3703291502
"
"CÔNG TY TNHH THƯƠNG MẠI SẢN XUẤT CƠ KHÍ HOÀNG ĐĂNG ANH","0902372185
","37032915732
"
"CÔNG TY TNHH TM DV THIẾT BỊ ĐIỆN KHOA HỌC","0896968017
","3703291580
"
"CÔNG TY TNHH XÂY DỰNG VÀ THIẾT KẾ PHƯỚC BÌNH","0908117325
","3703291478
"
"CÔNG TY TNHH TM DV FEIYUE AADC","0931872637
","3703291566
"
"CÔNG TY TNHH GIA CÔNG CƠ KHÍ SNT","0938532192
","3703291492
"
"CÔNG TY TNHH KNOXX INDUSTRIAL VIỆT NAM (NỘP HỘ NTNN)","8615924378423
","3703291661
"
"CÔNG TY TNHH SẢN XUẤT HONG TAI VIỆT NAM","13509244739
","3703291460
"
"CÔNG TY TNHH PETER-LACKE VIỆT NAM","0936345240
","3703290883
"
"CÔNG TY TNHH TỔ CHỨC SỰ KIỆN NGUYỄN PHƯƠNG EVENT","0901692339
","3703291284
"
"CÔNG TY TNHH TM DV XD 369CONS","0937607848
","3703291213
"
"CÔNG TY TNHH XÂY DỰNG MAI CÁT TIÊN","0336488314
","3703291012
"
"CÔNG TY TNHH JAMCO AEROMANUFACTURING","0902372567
","3703291453
"
"CÔNG TY TNHH DỊCH VỤ VẬN TẢI & XÂY DỰNG THANH TRÚC","0562107058
","3703291277
"
"CÔNG TY TRÁCH NHIỆM HỮU HẠN BỆNH VIỆN ĐA KHOA FAMILY HD","0968384569
","3703291051
"
"CÔNG TY CỔ PHẦN THƯƠNG MẠI KỸ THUẬT CÔNG NGHỆ SMART VIỆT NAM","0908990759
","3703291037
"
"CÔNG TY TNHH GARIMI","0707024268
","3703291005
"
"CÔNG TY TNHH TMDV SẢN XUẤT DANH TÚ","0562987089
","3703291238
"
"CÔNG TY TNHH QUỐC TẾ ZHENSHOU","0862164566
","3703291206
"
"CÔNG TY TNHH ĐẦU TƯ PHÁT TRIỂN GIÁO DỤC SUNSHINE EDU","0967835745
","3703291076
"
"CÔNG TY TNHH DỊCH VỤ TH HUY HOÀNG","0586823216
","3703290876
"
"CÔNG TY TNHH TMDV LIÊN DOANH THỊNH HƯNG","0987698369
","3703291559
"
"CÔNG TY TNHH THƯƠNG MẠI DỊCH VỤ CẨM HẬU","0562186656
","3703291069
"
"CÔNG TY TNHH MTV TM SƠN HÀ","0586823211
","3703290932
"
"CÔNG TY TNHH MTV THƯƠNG MẠI DV SẢN XUẤT HOÀNG THỊ","0562684864
","3703291220
"
"CÔNG TY TNHH MTV TMDV CẨM NGÂN","0937422114
","3703291090
"
"CÔNG TY TNHH DV XÂY DỰNG DIỄM NGUYỄN","0562198138
","3703291245
"
"CÔNG TY TNHH DỊCH VỤ THƯƠNG MẠI VẬN CHUYỂN XUẤT NHẬP KHẨU QUANG ĐỨC","0908528300
","3703290869
"
"CÔNG TY TNHH XIN HẢI","0376815370
","3703290812
"
"CÔNG TY TNHH HUYỄN THÁI","0928847047
","3703291252
"
"CÔNG TY TNHH DỊCH VỤ TM HUỲNH TÚ","0909765967
","3703290851
"
"CÔNG TY TNHH TM TỔNG HỢP TÔ CHÂU","0586823217
","3703290844
"
"CÔNG TY TNHH TM DV SX MINH NHẬT","0586823210
","3703290788
"
"CÔNG TY TNHH MTV CÔNG NGHỆ ANH DŨNG","0586879579
","3703291196
"
"CÔNG TY TNHH MTV TMDV QUANG EM","0903125783
","3703291083
"
"CÔNG TY TNHH TM VÀ ĐẦU TƯ SẢN XUẤT GIA PHÁT","0523904125
","3703291044
"
"CÔNG TY TNHH BẬC THĂNG MUSIC","0937987699
","3703290989
"
"CÔNG TY TNHH MTV MINH TRÍ TRADING","0838316633
","3703290971
"
"CÔNG TY TNHH MÁY MÓC PHƯƠNG NAM","0918515148
","3703290964
"
"CÔNG TY TNHH KINH DOANH SẢN XUẤT THƯƠNG MẠI THỊNH PHÁT","0866366394
","3703290957
"
"CÔNG TY TNHH SX TM VÀ DV GỖ HUY HOÀNG","0905223323
","3703290925
"
"CÔNG TY TNHH THƯƠNG MẠI DỊCH VỤ SỬA CHỮA ĐIỆN MÁY XANH","0764063939
","3703290918
"
"CÔNG TY TNHH SENKE VIỆT NAM","0569255649
","3703290900
"
"CÔNG TY TNHH HƯƠNG THUẬN PHÁT","0825306069
","3703290890
"
"CÔNG TY TNHH CƠ KHÍ Ô TÔ NTQ","0972859947
","3703290837
"
"CÔNG TY TNHH HẰNG LẬP BÌNH DƯƠNG","0898576728
","3703290805
"
"CÔNG TY TNHH REKOMMEND AI","0914912673
","3703290795
"
"CÔNG TY TNHH MTV THƯƠNG MẠI TƯ VẤN DỊCH VỤ LÊ GIA EDUCATION","0394753536
","3703290604
"
"CÔNG TY TNHH GIÁO DỤC HƯƠNG SEN BÌNH DƯƠNG","0963415939
","3703290562
"
"CÔNG TY TNHH IN QUẢNG CÁO TRI THỨC","0907250753
","3703291100
"
"CÔNG TY CỔ PHẦN TỔ HỢP SỨC KHỎE CARE ZONE - BÌNH DƯƠNG","02836367636
","3703290770
"
"CÔNG TY TNHH SX - TM - DV MINH ĐỨC","0888673905
","3703290756
"
"CÔNG TY TNHH THƯƠNG MẠI VÀ DỊCH VỤ ĐĂNG KHÔI GROUP","0938097924
","3703290749
"
"CÔNG TY TNHH HOA NGỮ ĐẠI BẢO","0969563747
","3703290724
"
"CÔNG TY TNHH MTV GIÁO DỤC PHYNIX","0369929814
","3703290717
"
"CÔNG TY TNHH ROBERTSON CAINE","0786768998
","3703290682
"
"CÔNG TY TNHH SUNRAL","0336723231
","3703290668
"
"CÔNG TY TNHH WILLPOWER INDUSTRY VIỆT NAM","0917110450
","3703291189
"
"CÔNG TY TNHH CÔNG NGHỆ ĐIỆN TỬ QUANG HỌC QIYUAN VIỆT NAM","0963863461
","370329171
"
"CÔNG TY TNHH SẢN XUẤT THƯƠNG MẠI DỊCH VỤ GIẤY HAMI","0982624022
","3703291164
"
"CÔNG TY TNHH PHÂN PHỐI KIM KHÍ HƯNG THỊNH PHÁT","0937265336
","3703291157
"
"CÔNG TY TNHH ĐÀO TẠO VÕ THUẬT VÀ PHÁT TRIỂN THỂ THAO KAIDO","0328125447
","3703291118
"
"CÔNG TY TNHH MTV GIÁO DỤC OLYMPIA","0918310278
","3703291132
"
"CÔNG TY TNHH HOA TRIẾT","0374040739
","3703291125
"
"CÔNG TY TNHH THƯƠNG MẠI SONG ĐÌNH","0942148221
","3703290763
"
"CÔNG TY TNHH KITI EDUCATION","0916722747
","3703290731
"
"CÔNG TY TNHH MIN FLORIST FLOWER","0888182128
","3703290675
"
"CÔNG TY TNHH GIA DUNG VN","0901493874
","3703290996
"
"CÔNG TY TNHH ĐIỆN LẠNH CÔNG NGHIỆP TIẾN ĐẠT","0938595958
","3703290650
"
"CÔNG TY TNHH JUMBO WOOD","0903194308
","3703290643
"
"CÔNG TY CỔ PHẦN VẬT LIỆU XÂY DỰNG PHÚ THỊNH KHÁNH","0944219968
","3703290516
"
"CÔNG TY TNHH MTV THƯƠNG MẠI DỊCH VỤ GIÁO DỤC SNOWEDU","0944100769
","3703290499
"
"CÔNG TY TNHH SẢN XUẤT THƯƠNG MẠI VÀ DỊCH VỤ ANH KIỆT PHÁT","0975653898
","3703290410
"
"CÔNG TY TNHH MTV TMDV NGỌC ĐÀO","0968025983
","3703290393
"
"CÔNG TY TNHH NỘI THẤT NAM KINH","0966466439
","3703290308
"
"CÔNG TY TNHH THƯƠNG MẠI & DỊCH VỤ HỮU TOÀN VN","0796057346
","3703290280
"
"CÔNG TY TNHH VẬN TẢI CHÍ QUẢNG","0354067379
","3703290241
"
"CÔNG TY TNHH AMP COMPOSITES","008613511280999
","3703290202
"
"CÔNG TY TNHH TMDV XUÂN KIỀU","0934377637
","3703290185
"
"CÔNG TY TNHH XÂY DỰNG VÀ VẬN CHUYỂN HỒ SÁU","0794932892
","3703290139
"
"CÔNG TY TNHH HOÀNG TÁNH LINH","0353554298
","3703290107
"
"CÔNG TY TNHH MTV THƯƠNG MẠI DỊCH VỤ GIÁO DỤC WIN EDU","0901399976
","3703290072
"
"CÔNG TY TNHH MỘT THÀNH VIÊN TRUNG TÂM DẠY HỌC PHÚC AN","0976795696
","3703289775
"
"CÔNG TY TNHH ĐẦU TƯ VÀ PHÁT TRIỂN GIÁO DỤC NAM PHƯƠNG","0779118899
","3703289750
"
"CÔNG TY TNHH BAO BÌ HÒA TÍN VIỆT NAM","0934439276
","3703289743
"
"CÔNG TY TNHH TM DV VT THIÊN PHÁT","0989700592
","3703290523
"
"CÔNG TY TNHH TƯ VẤN THIẾT KẾ VÀ XÂY DỰNG ĐẠI TÍN PHÁT","0825515999
","3703289782
"
"CÔNG TY TNHH SẢN XUẤT THÔNG MINH KERUIDA (VIỆT NAM)","8613580591123
","3703290555
"
"CÔNG TY TNHH DV K - T VIỆT ÚC","0898176953
","3703290509
"
"CÔNG TY TNHH MTV GIA CÔNG MAY MẶC JCHEN","0798658636
","3703290587
"
"CÔNG TY TNHH TMDV NHÀ HÀNG KHÁCH SẠN LÀNG SEN","0921362036
","3703290548
"
"CÔNG TY TNHH THƯƠNG MẠI DỊCH VỤ VIỄN THÔNG MINH DƯƠNG","02743501999
","3703290629
"
"CÔNG TY TNHH THIẾT KẾ VÀ THI CÔNG CƯỜNG ĐỘ CAO","0896544017
","370329061
"
"CÔNG TY TNHH SBY AGENCY","0974988762
","3703290594
"
"CÔNG TY TNHH ĐẦU TƯ XÂY DỰNG NGỌC VÂN","0562876108
","3703290467
"
"CÔNG TY TNHH DV XÂY DỰNG HOÀNG DIỆU","0562108987
","3703290442
"
"CÔNG TY TNHH THƯƠNG MẠI DV VĂN LONG","0562984217
","3703290435
"
"CÔNG TY TNHH MTV THƯƠNG MẠI VÀ DỊCH VỤ 2T","0989725724
","3703290361
"
"CÔNG TY TNHH ĐẦU TƯ SẢN XUẤT MINH NHI","0901851888
","3703290354
"
"CÔNG TY TNHH KINH DOANH THƯƠNG MẠI DỊCH VỤ HỮU NHÂN","0589039785
","3703290347
"
"CÔNG TY TNHH TM DV THÉP ĐỨC PHÁT","0982676687
","3703290273
"
"CÔNG TY TNHH ĐẦU TƯ PHÁT TRIỂN ZONZON","0938563415
","3703290266
"
"CÔNG TY TNHH TMDV SẢN XUẤT PHÙNG THIÊN","0562654012
","3703290259
"
"CÔNG TY TNHH ĐẦU TƯ VÀ PHÁT TRIỂN THƯƠNG MẠI - DỊCH VỤ KIM NGÂN","0933946466
","3703290234
"
"CÔNG TY TNHH THƯƠNG MẠI VÀ DỊCH VỤ GRAINRAIN","0393903217
","3703290227
"
"CÔNG TY TNHH ĐẦU TƯ & THƯƠNG MẠI DỊCH VỤ THANH HẢI","0792892858
","3703290192
"
"CÔNG TY TNHH PTĐT KIM LONG","02865213364
","3703290146
"
"CÔNG TY TNHH THƯƠNG MẠI DỊCH VỤ HOÀNG VĨNH XƯƠNG","0563460233
","3703290065
"
"CÔNG TY TNHH CÔNG NGHỆ SUPPER FAST WIN","0935297683
","3703290040
"
"CÔNG TY TNHH THIẾT BỊ ĐIỆN NƯỚC ĐẠT THÀNH PHÁT","0342318678
","3703290033
"
"CÔNG TY TNHH MTV TMDV LÊ HUỲNH NHI","0909022179
","3703290019
"
"CÔNG TY TNHH GỖ CÔNG NGHIỆP THIỆP NHUNG","0934506045
","3703289990
"
"CÔNG TY TNHH THƯƠNG MẠI VÀ DỊCH VỤ NGÀNH GỖ MỘC QUANG PHÁT","0901635925
","3703290481
"
"CÔNG TY TNHH VẬT TƯ IN ẤN CẨN AN","0789754436
","3703290474
"
"CÔNG TY TNHH TMDV LỮ HÀNH SAIGONTOUR","0938775481
","3703290428
"
"CÔNG TY TNHH THƯƠNG MẠI MCD","0798957160
","3703290379
"
"CÔNG TY TNHH ĐẦU TƯ PHÁT TRIỂN XÂY DỰNG HẠ TẦNG TC","0337973576
","3703290178
"
"CÔNG TY TNHH THƯƠNG MẠI DỊCH VỤ KHẮC TRÀ","0562545982
","3703290153
"
"CÔNG TY TNHH MTV TMDV NGỌC HUYỆN","090752019
","3703290121
"
"CÔNG TY TNHH TM DV KIM HOÀNG NGÂN PHÁT","0896340831
","3703290097
"
"CÔNG TY TNHH SX TM MAY MẶC TUYẾT MINH","0767132276
","3703290058
"
"CÔNG TY TNHH TMDV PHƯƠNG NGUYỄN BD","0568863384
","3703290403
"
"CÔNG TY TNHH MDF THÀNH ĐẠT","0965698459
","3703290386
"
"CÔNG TY TNHH MAY GIA CÔNG LAN ANH","0392571560
","3703290322
"
"CÔNG TY TNHH THƯƠNG MẠI XUẤT NHẬP KHẨU GOLD QUALITY","0345633386
","3703290298
"
"CÔNG TY TNHH MỘT THÀNH VIÊN NGOẠI NGỮ THE SUN","0763893869
","3703290160
"
"CÔNG TY CỔ PHẦN XÂY DỰNG THỊNH MỘC","0908696761
","3703290026
"
"CÔNG TY TNHH GIÁO DỤC VÀ DỊCH VỤ CHÂU NGỌC ANH","0942212020
","3703289983
"
"TRƯỜNG MẦM NON SÁNG TẠO","0909938787
","3703290636
"
"CÔNG TY TNHH TMDV XÂY DỰNG & VẬN CHUYỂN NGUYỄN BÌNH","0796001332
","3703290315
"
"CÔNG TY TNHH TMDV SẢN XUẤT NGỌC VÂN","0909891753
","3703290114
"
"CÔNG TY TNHH TMDV NHƯ TUẤN","0783753498
","3703290001
"
"CÔNG TY TNHH THƯƠNG MẠI DỊCH VỤ HÀNG HẢI THỊNH VƯỢNG","0899337142
","3703289824
"
"CÔNG TY TNHH DVDT HANDICAP","0898623637
","3703289817
"
"CÔNG TY TNHH PHÁT TRIỂN GIÁO DỤC LINH AN PHÁT","0569255649
","3703289729
"
"CÔNG TY TNHH TMDV KHANG THỊNH PHÁT","0903564734
","3703289736
"
"CÔNG TY TNHH KINH DOANH SẢN XUẤT THƯƠNG MẠI NHƯ Ý","0933946466
","3703289976
"
"CÔNG TY TNHH ĐẦU TƯ VÀ PHÁT TRIỂN THƯƠNG MẠI - DỊCH VỤ KIM HỒNG","0933946466
","3703289944
"
"CÔNG TY TNHH ĐẦU TƯ NHỰA QUỐC VIỆT","0973883575
","3703289870
"
"CÔNG TY TNHH ĐẦU TƯ VÀ PHÁT TRIỂN THƯƠNG MẠI - DỊCH VỤ DŨNG PHÁT","0933946466
","3703289912
"
"CÔNG TY TNHH PHÁT TRIỂN KINH DOANH THƯƠNG MẠI DỊCH VỤ THANH TUẤN","0933946466
","3703289905
"
"CÔNG TY TNHH KINH DOANH THƯƠNG MẠI DỊCH VỤ ĐỒNG AN","0766262677
","3703289863
"
"CÔNG TY CỔ PHẦN L&A LOGISTICS VIỆT NAM","0901389153
","3703289888
"
"CÔNG TY TNHH MTV XN207","0979618186
","3703289849
"
"CÔNG TY TNHH LITTLE STARS PHƯƠNG QUỲNH","0369391735
","3703289969
"
"CÔNG TY TNHH MTV ECO247","036837712
","3703289111
"
"CÔNG TY TNHH THƯƠNG MẠI VÀ DỊCH VỤ 2NS GROWTH","0915019132
","3703289895
"
"CÔNG TY TNHH DỊCH VỤ VẬN CHUYỂN CHINH PHÁT","0983701802
","3703289951
"
"CÔNG TY TNHH VÀNG KIM HOÀNG LONG","0946782510
","3703289937
"
"CÔNG TY TNHH SẢN XUẤT CHẾ BIẾN GỖ XUÂN DƯỞNG","0898369359
","3703289856
"
"CÔNG TY TNHH THƯƠNG MẠI XÂY DỰNG TIẾN ĐẠT PHÁT","0934628432
","3703289831
"
"CÔNG TY TNHH MỘT THÀNH VIÊN THƯƠNG MẠI TÀI TRÍ PHÁT","0913640857
","3703289662
"
"CÔNG TY CỔ PHẦN TƯ VẤN XÂY DỰNG LÊ QUANG","0988484756
","3703289648
"
"CÔNG TY TNHH DVBV GIA HẢI","0386885556
","3703289630
"
"CÔNG TY TNHH TM CHÂU ĐỖ","0815068679
","3703289581
"
"CÔNG TY TNHH ĐÀO TẠO VÀ PHÁT TRIỂN GIÁO DỤC NGÔI SAO","0906866379
","3703289574
"
"CÔNG TY TNHH GIÁO DỤC KỸ NĂNG ANH KHÔI","0569255649
","3703289567
"
"CÔNG TY TNHH DẦU NHỚT ĐẠI LỘC","0974838813
","3703289542
"
"CÔNG TY TNHH KINH DOANH THƯƠNG MẠI DỊCH VỤ THANH VŨ","0766262677
","3703289077
"
"CÔNG TY TNHH TMTD VN","0945167919
","3703289020
"
"CÔNG TY TNHH DL NH KS","0943613909
","3703289013
"
"CÔNG TY TNHH DV ĐA NGÀNH TRUYỀN THÔNG VIỆT","0903264961
","3703289052
"
"CÔNG TY TNHH TM DỊCH VỤ TRUNG LƯƠNG","0562686085
","3703289045
"
"CÔNG TY TNHH MTV LINH LY","0976222295
","3703289503
"
"CÔNG TY TNHH VẬN TẢI KỲ ANH PHÁT","0983544592
","3703289038
"
"CÔNG TY TNHH THƯƠNG MẠI DỊCH VỤ TƯ VẤN THIẾT KẾ XÂY DỰNG MIỀN ĐÔNG","0962138338
","3703288919
"
"CÔNG TY TNHH DINH DƯỠNG HÂN VY","0569255649
","3703288901
"
"CÔNG TY TNHH TM - DV - ANH VY","0988388755
","3703288411
"
"CÔNG TY TNHH TM QUẢNG CÁO IN ẤN SÁNG TẠO","0965853538
","3703288404
"
"CÔNG TY TNHH MTV ANTACO BÌNH DƯƠNG","0937590699
","3703288387
"
"CÔNG TY TNHH TMDV BẢO HỘ LAO ĐỘNG THÀNH ĐẠT","0934122639
","3703288394
"
"CÔNG TY TNHH SẢN XUẤT THƯƠNG MẠI NGỌC TÚ CATERING BB","0987511244
","3703288362
"
"CÔNG TY TNHH HỆ THỐNG GIÁO DỤC HOA ĐÀO","0977896467
","3703288997
"
"CÔNG TY TNHH CINEBOT VIETNAM","0989953599
","3703289006
"
"CÔNG TY TNHH KỸ THUẬT M&E GIA LINH ELECTRIC","0966920720
","3703288972
"
"CÔNG TY TNHH DESUN MAIKA","0823712180
","3703288933
"
"CÔNG TY TNHH AZE VIỆT NAM","0938136128
","3703288965
"
"CÔNG TY TNHH TMDV TỔNG HỢP NHẬT HOÀ","0896449770
","3703288926
"
"CÔNG TY TNHH DỊCH VỤ TM VÀ ĐẦU TƯ SẢN XUẤT HẢI ÂU","0523922494
","3703288958
"
"CÔNG TY TNHH SAO NAM Á VIỆT","0822417494
","3703288940
"
"CÔNG TY TNHH PHÁT TRIỂN ĐẦU TƯ TÂM NGUYỆT AN","0779529548
","3703288845
"
"CÔNG TY TNHH TỔNG HỢP QUẾ CHI","0973150517
","3703288884
"
"CÔNG TY TNHH THƯƠNG MẠI ĐẦU TƯ DỊCH VỤ ĐÔNG SƠN","0944821668
","3703288877
"
"CÔNG TY TNHH XNK TM DV HƯNG THÀNH PHÁT","0848665668
","370328889
"
"CÔNG TY TNHH THƯƠNG MẠI TỔNG HỢP ĐỨC THẮNG BD","0563459416
","3703288852
"
"CÔNG TY TNHH ROLLON","0938382370
","3703288838
"
"CÔNG TY TNHH SẢN XUẤT MEIJIA","0792567428
","3703288820
"
"CÔNG TY TNHH KINH DOANH THƯƠNG MẠI SẢN XUẤT VIỆT PHÁT","0968662176
","37032888132
"
"CÔNG TY TNHH GIÁO DỤC HOA NGUYỆT QUẾ","0367801868
","3703288806
"
"CÔNG TY TNHH DVTM VĂN ĐẢNG","0562181515
","3703288718
"
"CÔNG TY TNHH TM & DV WEST LAKE GROUP","0938775481
","3703288690
"
"CÔNG TY TNHH TM DV TRUYỀN THÔNG ĐA PHÁT","0904728734
","3703288676
"
"CÔNG TY TNHH THƯƠNG MẠI DỊCH VỤ TALOT","0362580849
","3703288549
"
"CÔNG TY TNHH TM LIÊN HOÀNG VĂN","0392905141
","3703288700
"
"CÔNG TY TNHH NAM THANH PHẦN","0967463900
","3703288644
"
"CÔNG TY TNHH MTV GỖ XIN RONG","0383071399
","3703288563
"
"CÔNG TY TNHH FC STADE LAUSANNE OUCHY","0347024155
","3703288524
"
"CÔNG TY TRÁCH NHIỆM HỮU HẠN NGŨ KIM PHÙ GIA","0987241351
","3703288355
"
"CÔNG TY TNHH OLEORESIN","0818258524
","3703288711
"
"CÔNG TY TNHH TM VÀ ĐẦU TƯ SẢN XUẤT GIA KHÁNH","02741214311
","3703288725
"
"CÔNG TY TNHH ĐÂU TƯ THƯƠNG MẠI VC LABEL","0583755962
","3703288482
"
"CÔNG TY CỔ PHẦN GIÁO DỤC QUỐC TẾ MADISON EDU","0933168169
","3703288796
"
"CÔNG TY TNHH MTV TM DV XD MINH THIỆN PHÁT","0778837502
","3703288669
"
"CÔNG TY TNHH MTV TMDV VÀ XÂY DỰNG TRẦN MAI","0816023505
","3703288595
"
"CÔNG TY TNHH TMDV NHÂN MỸ TRẦN","09093519700
","3703288637
"
"CÔNG TY TNHH QUÂN THỊNH PHÁT","0917732188
","3703288468
"
"CÔNG TY TNHH TM DV VẬN TẢI VÀ XÂY DỰNG THIÊN AN BÌNH","0936079641
","3703288789
"
"CÔNG TY TNHH BÌNH DƯƠNG LÂM AN","0826788668
","3703288757
"
"CÔNG TY TNHH TMDV GREEN HANDS VN","0855837130
","3703288732
"
"CÔNG TY TNHH DẦU VY LỢI","0888295232
","3703288683
"
"CÔNG TY TNHH TỦ BẾP NOVO","0356747778
","3703288612
"
"CÔNG TY TNHH TMDV HẠ HẠ","0906891767
","3703288605
"
"CÔNG TY TNHH TM DV VẬN TẢI VÀ PHÁT TRIỂN XÂY DỰNG ANH HÀO","0904394045
","3703288764
"
"CÔNG TY TNHH TM DV VẬT TƯ XÂY DỰNG BÌNH AN","0904334047
","3703288651
"
"CÔNG TY TNHH TMDV SẢN XUẤT QUANG NGỌC","0562846158
","3703288588
"
"CÔNG TY TNHH XÂY DỰNG TRƯỜNG ĐĂNG VIỆT NAM","0383739297
","3703288570
"
"CÔNG TY TNHH ROBERTSON AND CAINE","0902372567
","3703288531
"
"CÔNG TY TNHH SẢN XUẤT THƯƠNG MẠI DỊCH VỤ THẢO PHÁT","0984254273
","3703288517
"
"CÔNG TY TNHH TMDV SẢN XUẤT HOÀNG PHÚ","0562105594
","3703288450
"
"CÔNG TY TNHH DEVNEST","093360622709793
","3703288436
"
"CÔNG TY TNHH TMDV VIỆT NGA","0562188289
","3703288429
"
"CÔNG TY TNHH MTV NHẬT THÁI","0369970562
","3703288556
"
"CÔNG TY TNHH DỊCH VỤ THƯƠNG MẠI KIM TẤN PHÁT","0829985887
","3703288475
"
"CÔNG TY TNHH THƯƠNG MẠI DV SẢN XUẤT VĂN TRỊNH","0562450084
","3703288443
"
"CÔNG TY TNHH POLYMER ĐÔNG Á (VIỆT NAM)","02743990758
","3703288348
"
"CÔNG TY TNHH COLOR GRAIN DECORATION MATERIAL","0707722077
","3703288309
"
"CÔNG TY TNHH ĐẠT PHÁT BÌNH DƯƠNG","0984655957
","3703288299
"
"CÔNG TY TNHH TM TVT ECO","0799161349
","3703288330
"
"CÔNG TY TRÁCH NHIỆM HỮU HẠN MỘT THÀNH VIÊN THƯƠNG MẠI - DỊCH VỤ VẬN TẢI THIỆN PHÁT","0984006426
","3703288323
"
"CÔNG TY TNHH TM DV XD TRƯỜNG PHÁT 68","0778804172
","3703288316
"
"CÔNG TY TNHH ĐẦU TƯ TMDV BUSINESS PLAYGROUND","0772126873
","3703288281
"
"CÔNG TY TNHH TMDV ONEMAX MB","0799125954
","3703288274
"
"CÔNG TY TNHH THƯƠNG MẠI DỊCH VỤ SÁNG TẠO THIỆN NGUYỄN","0564638073
","3703288267
"
"CÔNG TY TNHH PHƯƠNG HÀ MINH","0916569739
","3703288242
"
"CÔNG TY TNHH XÂY DỰNG MINH PHÚC VN","0374607035
","3703288108
"
"CÔNG TY TNHH TM VÀ DV TỔNG HỢP AN AN PHÚ","0927590578
","3703288235
"
"CÔNG TY TNHH MỘT THÀNH VIÊN GỖ THÀNH VINH","0796609666
","3703288154
"
"HỢP TÁC XÃ THƯƠNG MẠI DỊCH VỤ VẬN TẢI THUẬN AN","0363360808
","3703288203
"
"CÔNG TY TNHH MTV DỊCH VỤ HƯƠNG TRẠCH 2","0896204179
","3703288186
"
"CÔNG TY TNHH TỔNG HỢP THƯƠNG MẠI DỊCH VỤ LIÊN AN","0776124375
","3703288122
"
"CÔNG TY TNHH TMDV & SX NGUYỄN MAI","0816023518
","3703288228
"
"CÔNG TY TNHH DỊCH VỤ TM VÀ ĐẦU TƯ SẢN XUẤT TẦN NGUYỄN","0816023522
","3703288115
"
"CÔNG TY TNHH THIẾT KẾ THI CÔNG PHÒNG CHÁY CHỮA CHÁY BÌNH PHÁT","0933623538
","3703288098
"
"CÔNG TY TNHH THỰC PHẨM VÀ TỔ CHỨC SỰ KIỆN NAM VƯƠNG GROUP","0903579586
","3703288210
"
"CÔNG TY TNHH DỊCH VỤ THƯƠNG MẠI TỔNG HỢP HIỆP THANH","0778875884
","3703288192
"
"CÔNG TY TNHH CITITAX","0785416787
","3703288179
"
"CÔNG TY TNHH ĐẦU TƯ VÀ PHÁT TRIỂN COMYCO VN","0968903778
","3703288161
"
"CÔNG TY TNHH TMDV GIA THÁI VN","0362376099
","3703288080
"
"CÔNG TY TNHH NHÀ HÀNG KHÁCH SẠN PHƯƠNG NAM BD","0987443987
","3703288073
"
"CÔNG TY CP ĐÀO TẠO VÀ DỊCH VỤ TRUYỀN THÔNG PH VIỆT NAM","0355099806
","3703288066
"
"CÔNG TY TNHH MTV BẮC THUẬN TIẾN","0896019739
","3703288059
"
"CÔNG TY LUẬT TNHH MINH DI","0919429838
","3703288147
"
"CÔNG TY CỔ PHẦN Y TẾ THUẬN DƯƠNG","0917112133
","3703288041
"
"CÔNG TY TNHH NAM PHƯƠNG TRANSFOOD","0906095204
","3703288034
"
"CÔNG TY TNHH SẢN PHẨM TRƯNG BÀY DISPU (VIỆT NAM)","0397700016
","3703287873
"
"CÔNG TY TNHH MTV HIỀN HÀ","0908089585
","3703287880
"
"CÔNG TY TNHH TMDV SX HUỲNH TÂM","0382583572
","3703287827
"
"CÔNG TY TNHH BEE PHƯƠNG ANH","0949087251
","3703287778
"
"CÔNG TY TNHH DỊCH VỤ TM PHƯƠNG UYÊN","0562654846
","3703287908
"
"CÔNG TY TNHH TMDV SX KIM PHƯỢNG","0382179472
","3703287841
"
"CÔNG TY TNHH TMDV TRƯƠNG KIỀU","0909921350
","3703287802
"
"CÔNG TY TNHH TM DV THIẾT KẾ VÀ MAY MẶC HƯƠNG GIANG BD","0935599299
","3703287792
"
"CÔNG TY TNHH THƯƠNG MẠI DỊCH VỤ NỘI THẤT LỘC ANH PHÁT","0705991939
","3703287785
"
"CÔNG TY TNHH TMDV DUYÊN MINH","09873519205
","3703287993
"
"CÔNG TY TNHH NGŨ KIM HÂM NGUYÊN","0919992696
","3703287986
"
"CÔNG TY TNHH THỔ PHÁT TÀI","02746265019
","3703287866
"
"CÔNG TY TNHH THƯƠNG MẠI QUỐC TẾ VIỆT HOA","0932700728
","3703287915
"
"CÔNG TY TNHH THƯƠNG MẠI DỊCH VỤ LỐP XE LONG HƯƠNG","0904665667
","3703288027
"
"CÔNG TY TNHH SX KD LONG PHÁT","0968103193
","3703288002
"
"CÔNG TY TNHH TMDV KIM HUYỀN","0909981932
","3703287979
"
"CÔNG TY TNHH SX TMDV THÀNH NHÂN PHÁT","0379739920
","3703287961
"
"CÔNG TY TNHH TMDV HÙNG PHI","0562089092
","3703287954
"
"CÔNG TY CỔ PHẦN CẢNG QUANG PHƯỚC","0933294866
","3703287922
"
"CÔNG TY TNHH TMDV SẢN XUẤT THÀNH ĐÔ","0562485320
","3703287947
"
"CÔNG TY TNHH TMDV NGỌC SONG ANH","0941477426
","3703287898
"
"CÔNG TY TNHH AKIGO","0947012819
","3703287859
"
"CÔNG TY TNHH DỊCH VỤ THƯƠNG MẠI SX VƯƠNG THÚY","0562065510
","3703287834
"
"CÔNG TY CỔ PHẦN ĐƯỜNG CAO TỐC THÀNH PHỐ HỒ CHÍ MINH - THỦ DẦU MỘT - CHƠN THÀNH","0913761607
","3703287760
"
"CÔNG TY TNHH THƯƠNG MẠI KIỀU XANH DƯƠNG","0901690175
","3703287697
"
"CÔNG TY TNHH CƠ KHÍ AN PHÁT BÌNH DƯƠNG","0382869688
","3703287672
"
"CÔNG TY TNHH ĐẦU TƯ TM DV XD KIM NGÂN","0335723796
","3703287665
"
"CÔNG TY TNHH TMDV NGUYỄN LÂM BD","02543853594
","3703287658
"
"CÔNG TY TNHH TMDV SX LƯU QUANG","0382119672
","3703287619
"
"CÔNG TY TNHH THƯƠNG MẠI DỊCH VỤ XUẤT NHẬP KHẨU PZ","0852222211
","3703287577
"
"CÔNG TY TNHH TMDV SX HUYỀN TRÂN","0383209872
","3703287584
"
"CÔNG TY TNHH TM DV XUẤT NHẬP KHẨU PHAN GIA","0793705106
","3703287552
"
"CÔNG TY TNHH PHONG DỤ","0921890152
","3703287538
"
"CÔNG TY TNHH NHÀ TRỌ ĐĂNG KIM","09789050855
","3703287640
"
"CÔNG TY TNHH GỖ ĐỊNH HIỀN","0903493205
","3703287633
"
"CÔNG TY TNHH XUẤT NHẬP KHẨU KIM MỘC","0902457739
","3703287626
"
"CÔNG TY TNHH TMDV QUÝ CHÂU","0562981561
","3703287601
"
"CÔNG TY TNHH BAO BÌ MỸ SÂM VIỆT NAM","0815594628
","37032875
"
"CÔNG TY TNHH MTV SICONS VN","0926118557
","3703287545
"
"CÔNG TY TNHH TM SX LUCKY VIỆT NAM","0375285884
","3703287520
"
"CÔNG TY TNHH V COLOR MASTER BATCH","02743556965
","3703287707
"
"CÔNG TY TNHH ELEPHANT GLOBE","0775170890
","3703287753
"
"CÔNG TY TNHH TRẠM SẠC V & T","0969688509
","3703287746
"
"CÔNG TY TNHH THƯƠNG MẠI & DỊCH VỤ CẢNH QUAN PHỐ XANH","0766879979
","3703287739
"
"CÔNG TY TNHH TƯ VẤN & ĐẦU TƯ XÂY DỰNG ĐẠI THIÊN PHÁT","0768166668
","370328772
"
"CÔNG TY TNHH CƠ KHÍ VÀ XÂY DỰNG ĐỨC HÙNG","0981122239
","3703287714
"
"CÔNG TY TNHH THƯƠNG MẠI VERITEK","093258009
","3703287400
"
"CÔNG TY TNHH O-TA PRECISION INDUSTRY VIỆT NAM","0088687783855
","3703287104
"
"CÔNG TY TNHH THƯƠNG MẠI NGŨ KIM NHẬT QUANG BD","02743856627
","3703287496
"
"CÔNG TY TNHH XÂY DỰNG VÀ TRANG TRÍ NỘI THẤT VITEN","0967281530
","3703287489
"
"CÔNG TY TNHH THƯƠNG MẠI XÂY DỰNG SAN YUAN","0925885979
","3703287457
"
"CÔNG TY TNHH KỸ THUẬT CƠ ĐIỆN HOÀNG HÂN","0933721000
","3703287376
"
"CÔNG TY TNHH VỆ SINH VÀ DỊCH VỤ CÔNG NGHIỆP SÔNG BÉ","0372313179
","3703287337
"
"CÔNG TY TNHH ĐẦU TƯ VÀ SẢN XUẤT HÀ TRUNG","0357675296
","3703287295
"
"CÔNG TY TNHH LYN ENGLISH CENTER","0961220950
","3703287249
"
"CÔNG TY TNHH THƯƠNG MẠI DỊCH VỤ NHÔM KÍNH TRƯỜNG HẢI","0979621224
","3703287182
"
"CÔNG TY TNHH TRANG TRÍ NỘI THẤT BL","0902512087
","3703287175
"
"CÔNG TY TNHH SẢN XUẤT & THƯƠNG MẠI HOÀNG PHƯƠNG PHƯƠNG","0566564037
","3703287513
"
"CÔNG TY TNHH ĐT-SX-TM-DV LONG GIANG VN","0900019302
","3703287464
"
"CÔNG TY TNHH ĐẦU TƯ THƯƠNG MẠI DỊCH VỤ XÂY DỰNG HOÀNG PHÚC","0707413079
","3703287432
"
"CÔNG TY TNHH THƯƠNG MẠI DỊCH VỤ KỸ THUẬT VIẾT TÂN","0908983965
","3703287425
"
"CÔNG TY CỔ PHẦN KHOA HỌC CÔNG NGHỆ ĐỒNG TÂM","1900545543
","3703287418
"
"CÔNG TY TNHH THƯƠNG MẠI DỊCH VỤ MÔI TRƯỜNG HUY HOÀNG PHÁT","0922912222
","3703287143
"
"CÔNG TY TNHH GIAO NHẬN VẬN TẢI NAVICOSA","0971914943
","3703287136
"
"CÔNG TY TNHH TMDV Đ&N","0903297090
","3703287129
"
"CÔNG TY TNHH TƯ VẤN THIẾT KẾ VÀ XÂY DỰNG 89 DESIGN AND BUILD","0919952607
","3703287383
"
"CÔNG TY TNHH TMDV THÁI LÊ HOÀNG","0562031339
","3703287506
"
"CÔNG TY TNHH TMDV RICONS TUẤN TÚ VN","0926118557
","3703287471
"
"CÔNG TY TNHH THIẾT KẾ THƯƠNG MẠI DỊCH VỤ VĨNH TRƯỜNG","0383282377
","3703287390
"
"CÔNG TY TNHH VÀNG BẠC ĐÁ QUÝ KHANG THỊNH","0913942179
","3703287351
"
"CÔNG TY TNHH ĐTPT THƯƠNG MẠI DỊCH VỤ LÊ THÀNH ENTERPRISES","0986571339
","3703287344
"
"CÔNG TY TNHH THƯƠNG MẠI - DỊCH VỤ - DU LỊCH - VẬN TẢI SHP","0333739739
","3703287312
"
"CÔNG TY TRÁCH NHIỆM HỮU HẠN GLOBAL THUẬN PHONG","0937098286
","3703287305
"
"CÔNG TY TNHH GỖ BÌNH UYÊN","0932920312
","3703287288
"
"CÔNG TY TNHH THƯƠNG MẠI DV HUỲNH THANH","0562684023
","3703287270
"
,,
,,
,,
,,
,,
,,
,,
"CÔNG TY TNHH CÔNG NGHỆ GSD VIỆT NAM (NỘP HỘ NTNN)","8613902450986
","3703287369
"
,,
,,
,,
,,
"CÔNG TY TNHH XUẤT NHẬP KHẨU HẢI SẢN VÀ NGHÊU HÀNH CHƯƠNG","0399604545
","3703287048
"
,,
,,
,,
,,
,,
"CÔNG TY TNHH MAXON PRIME VIỆT NAM","0988111851
","3703286608
"
,,
,,
,,
"CÔNG TY TNHH PHÁT TRIỂN NIỀM ĐAM MÊ","0365371070
","3703286943
"
,,
,,
,,
,,
,,
,,
,,
,,
,,
,,
,,
,,
,,
"CÔNG TY TNHH VIETMOSAIC VIỆT NAM","0376569180
","3703284262
"
,,
,,
,,
"CÔNG TY TNHH THƯƠNG MẠI XUẤT NHẬP KHẨU ÁI HUY","0979199218
","3703284424
"
,,
,,
,,
"CÔNG TY TNHH CÔNG NGHỆ LIERSAI","0367300353
","3703284512
"
,,
"CÔNG TY TNHH HPC BÌNH DƯƠNG","0976797168
","3703284463
"
,,
"CÔNG TY TNHH THƯƠNG MẠI MẠNH UYÊN","0877026121
","3703284449
"
,,
,,
,,
,,
,,
,,
,,
,,
,,
,,
,,
"CÔNG TY TNHH TM & DTPT PARADISE","0901493874
","3703283759
"
"CÔNG TY TNHH ĐẦU TƯ ALPINVEST VIỆT NAM","0778745981
","3703283702
"
,,
"CÔNG TY TNHH DẦU NHỜN LBB","0333395884
","3703283773
"
"CÔNG TY TNHH MTV TM DV HUỲNH GIA","0929139168
","3703283766
"
"CÔNG TY TNHH TM DO PANORAN","0938775481
","3703283741
"
,,
,,
,,
,,
,,
,,
"CÔNG TY TNHH DỊCH VỤ THƯƠNG MẠI SẢN XUẤT TÍN TÂM","0353166189
","3703284664
"
,,
,,
,,
,,
,,
,,
"CÔNG TY TNHH DỊCH VỤ VẬN TẢI HẢI NAM HN","0703116060
","3703284696
"
"CÔNG TY TNHH TM DỊCH VỤ VĂN THƠ","0562983216
","3703284689
"
"CÔNG TY TNHH ĐẦU TƯ THƯƠNG MẠI & DỊCH VỤ QUẢNG NGỌC","0336120399
","3703284632
"
"CÔNG TY TNHH PHONG HOA VIỆT NAM","0937462002
","3703284600
"
"CÔNG TY TNHH MỘT THÀNH VIÊN SẢN XUẤT THƯƠNG MẠI HÒA PHÁT LỘC","0989833532
","3703284590
"
"CÔNG TY TNHH THƯƠNG MẠI DỊCH VỤ MTV BẢO MINH","0935061956
","3703284569
"
"CÔNG TY TNHH THƯƠNG MẠI QUỐC TẾ LING HANG","0393277224
","3703284671
"
"CÔNG TY TNHH PHÁT TRIỂN KINH DOANH THANH TUẤN","0939625974
","3703284255
"
"CÔNG TY TNHH TMDV GIA CÔNG LONG PHÁT","0989646488
","3703284248
"
"CÔNG TY TNHH THẢO NGÂN SÀI GÒN","0388902779
","3703284230
"
"CÔNG TY TNHH THƯƠNG MẠI LT HỒNG","0562471855
","3703284223
"
"CÔNG TY TNHH MAY MẶC TÂM ĐẠI PHÁT","0777101923
","3703284216
"
"CÔNG TY TNHH DỊCH VỤ MT HOMES","0908658198
","3703284209
"
"CÔNG TY TNHH THƯƠNG MẠI DỊCH VỤ CƠ KHÍ MINH CHÂU","0981575800
","3703284199
"
"CÔNG TY TNHH TM-DV NÔNG SẢN NGUYỄN VÀNG","0929910935
","3703284181
"
"CÔNG TY TNHH THƯƠNG MẠI NGŨ KIM LIÊN PHÁT","0933441402
","3703284174
"
"CÔNG TY TNHH THƯƠNG MẠI KINH DOANH TỔNG HỢP NGUYỄN TRINH","0566959943
","3703284167
"
"CÔNG TY TNHH -TMDV-TT- RỒNG VÀNG","0911701357
","3703284142
"
"CÔNG TY TNHH TMDV KING DOANH TỔNG HỢP BÙI HẢO","0353266072
","3703284135
"
"CÔNG TY TNHH GIÁO DỤC VÀ ĐÀO TẠO BEE'S HOME","0933132694
","3703284128
"
"CÔNG TY TNHH GIA HUY TRADE","0934001644
","3703284110
"
"CÔNG TY TNHH NỘI THẤT LIXING","0862216693
","3703284103
"
"CÔNG TY CỔ PHẦN THÚ Y VETTECH-BÌNH DƯƠNG","0924845666
","3703284093
"
"CÔNG TY TNHH VƯƠNG TUẤN HẢI AN PHÁT","0919882548
","3703284086
"
"CÔNG TY TNHH TM BUÔN BÁN VÀ SỬA CHỮA THIẾT BỊ ĐIỆN UYÊN THU","0797353418
","3703284079
"
"CÔNG TY TNHH XÂY DỰNG THƯƠNG MẠI VÀ DỊCH VỤ BẢO CHÂU","0369679736
","3703284054
"
"CÔNG TY TNHH THƯƠNG MẠI DỊCH VỤ LOGISTICS DH","0986895579
","3703284047
"
"CÔNG TY TNHH CÔNG TY TNHH DỊCH VỤ TƯ VẤN XÂY DỰNG ST6","0855994262
","3703284022
"
"CÔNG TY TNHH TM DV TỔNG HỢP LT CN1","0976750788
","3703284015
"
"CÔNG TY TNHH TNHH MAY THÊU THUẬN HƯNG NGUYÊN","0933597088
","3703283999
"
"CÔNG TY TNHH KINH DOANH THƯƠNG MẠI DỊCH VỤ VƯƠNG BÌNH","0903754804
","3703283981
"
"CÔNG TY TNHH THẠO MƠ","0949693966
","3703283942
"
"CÔNG TY TNHH TMDV SẢN XUẤT VĂN TUẤN","0562039103
","3703283910
"
"CÔNG TY TNHH DỊCH VỤ TM SẢN XUẤT THỦY TIÊN","0562321139
","3703283903
"
"CÔNG TY TNHH TMDV KINH DOANH VĂN MINH","0773209515
","3703283861
"
"CÔNG TY TNHH XUẤT NHẬP KHẨU THƯƠNG MẠI THANH NIÊN","027465551717
","3703283854
"
"CÔNG TY TNHH DV THƯƠNG MẠI ĐỨC VŨ","0562971395
","3703283822
"
"CÔNG TY TNHH TM DỊCH VỤ THÙY LINH","0562878934
","3703283678
"
"CÔNG TY TNHH DV BẢO VỆ RỒNG VIỆT 24/7","0973167738
","3703283660
"
"CÔNG TY TNHH CHẾ BẢN SƠN VŨ","0907794566
","3703283653
"
"CÔNG TY TNHH TMDV QUÂN VƯƠNG","0903723423
","3703283646
"
"CÔNG TY TNHH INOX LÊ DỊNH","0973114235
","3703283639
"
"CÔNG TY TNHH THƯƠNG MẠI DỊCH VỤ CƠ ĐIỆN LẠNH NGUYỄN PHÁT","0933266693
","3703283621
"
"CÔNG TY TNHH TMDV SX VĂN PHÚ","0562109139
","3703283614
"
"CÔNG TY TNHH SX TM & DV ĐẠI PHÚ PHÁT","0971464462
","3703283607
"
"CÔNG TY TNHH VẬN TẢI PHÙNG HƯNG PHÁT","0934003526
","3703283597
"
"CÔNG TY TNHH TM THU MUA PHẾ LIỆU UYÊN HƯNG","0898018039
","3703283565
"
"CÔNG TY TNHH TMDV THIÊN MINH PHONG","0941614579
","3703283558
"
"CÔNG TY TNHH DỊCH VỤ VẬN TẢI HÀNG HÓA BẢO LONG ANH","0917472567
","3703283533
"
"CÔNG TY TNHH CÔNG NGHỆ PHÚ MỸ LAI VIỆT NAM","0367531129
","3703283484
"
"CÔNG TY TNHH XÂY DỰNG VÀ VẬN TẢI MINH KIÊN","0972460387
","3703283445
"
"CÔNG TY TNHH CONREALIAZATION BABY'S PRODUCTS","0383153731
","3703283438
"
"CÔNG TY TNHH GARAGE SỬA CHỮA Ô TÔ NGỌC THẢO","0933155898
","3703283420
"
"CÔNG TY TNHH SẢN XUẤT THƯƠNG MẠI PHÚC THÀNH TÀI","0963322578
","3703283325
"
"CÔNG TY TNHH NGUYÊN SOÁI VIỆT NAM","0936635239
","3703283318
"
"CÔNG TY TNHH XÂY DỰNG TRƯỜNG PHÁT GROUP","0989292808
","3703283149
"
"CÔNG TY TNHH TM DV XÂY DỰNG HOÀNG Ý","0357662268
","3703283075
"
"CÔNG TY TNHH MỘT THÀNH VIÊN BẤT ĐỘNG SẢN BẰNG AN","0979276898
","3703283029
"
"CÔNG TY TNHH MÁY CHENXI VIỆT NAM","0386998806
","3703283004
"
"CÔNG TY TNHH THƯƠNG MẠI TRẠCH SÂM","0786482886
","3703284008
"
"CÔNG TY TNHH SẢN XUẤT TM NGÔI SAO","0903308859
","3703282988
"
"CÔNG TY TNHH KUNLIN VN","02746565888
","3703283893
"
"CÔNG TY TNHH TM DỊCH VỤ XNK HÀ VĂN","0968652783
","3703283572
"
"CÔNG TY TNHH XÂY DỰNG VÀ VẬN CHUYỂN TÍN PHÁT","0918573270
","3703283540
"
"CÔNG TY TNHH TMDV &SX NGUYỄN DŨNG","0861275965
","3703283519
"
"CÔNG TY TNHH HONG LI VN","0398002398
","3703283501
"
"CÔNG TY TNHH XIN FENG VIỆT NAM","0329877660
","3703283491
"
"CÔNG TY TNHH THƯƠNG MẠI & DỊCH VỤ ANH PHÚ THỊNH","0862261458
","3703283452
"
"CÔNG TY TNHH DỊCH VỤ TM VĂN HÙNG HY","0793159352
","3703283413
"
"CÔNG TY TNHH KINH DOANH THƯƠNG MẠI - DỊCH VỤ THANH TUẤN","0996827477
","3703283068
"
"CÔNG TY TNHH KINH DOANH THƯƠNG MẠI - DỊCH VỤ THANH SANG","0996827377
","3703283050
"
"CÔNG TY TNHH TMDV & ĐẦU TƯ NGUYỄN HOÀNG","0816023502
","3703283036
"
"CÔNG TY TNHH DỊCH VỤ TM VÀ SẢN XUẤT KHOA VƯƠNG","0816601150
","3703282970
"
"CÔNG TY TNHH TMDV & ĐẦU TƯ LÊ ĐẠT","0827817338
","3703284061
"
"CÔNG TY TNHH EHL FURNITURE","0385975083
","3703283935
"
"CÔNG TY TNHH KOREA HIGHTECH VINA","0387513333
","3703283928
"
"CÔNG TY TNHH YOURSHINE OPTRONICS","008613905261112
","3703283847
"
"CÔNG TY TNHH TM DV PHẾ LIỆU BÙI NGỌC","0928571857
","3703283477
"
"CÔNG TY TNHH THƯƠNG MẠI VÀ DỊCH VỤ MINH KHÔI LHK","0907483501
","3703283396
"
"CÔNG TY TNHH DỊCH VỤ TM VÀ ĐẦU TƯ SẢN XUẤT QUANG TUẤN","0935715098
","3703283389
"
"CÔNG TY TNHH THƯƠNG MẠI QUỐC TẾ RUNJIN VIỆT NAM","0398002398
","3703283371
"
"CÔNG TY TNHH KINH DOANH THƯƠNG MẠI - DỊCH VỤ MINH HIẾU","0996827377
","3703283357
"
"CÔNG TY TNHH WIN ECO","0931233339
","3703283332
"
"CÔNG TY TNHH MTV TMDV VÀ XÂY DỰNG TOÀN DƯƠNG VŨ","0816601118
","3703283237
"
"CÔNG TY TNHH TMDV & SX ĐT VÕ QUẢNG","0816023503
","3703283212
"
"CÔNG TY TNHH KINH DOANH SẢN XUẤT THƯƠNG MẠI DỊCH VỤ THANH BÌNH","0996827477
","3703283131
"
"CÔNG TY TNHH THƯƠNG MẠI DỊCH VỤ HÙNG 73","0977746205
","3703283124
"
"CÔNG TY TNHH MTV PVT FURNITURE","0933087936
","3703283117
"
"CÔNG TY TNHH DỊCH VỤ TM ĐT VÀ SẢN XUẤT NHƯ QUANG","0933619015
","3703283082
"
"CÔNG TY TNHH ĐẦU TƯ VÀ THƯƠNG MẠI DV ĐỨC TRÍ","0345201858
","3703283043
"
"CÔNG TY TNHH ĐÁ MỸ MỸ","0356154161
","3703282963
"
"CÔNG TY TNHH PHÁT TRIỂN NHÀ Ở VSIP BÌNH DƯƠNG","02743743898
","3703283974
"
"CÔNG TY CỔ PHẦN LEVA ĐỒNG XOÀI","02743803886
","3703282498
"
"CÔNG TY CỔ PHẦN PHÁT TRIỂN NHÀ VVP","0786391331
","3703282473
"
"CÔNG TY TNHH TM DV ĐIỆN LẠNH SANG AN PHÁT","09882283470908
","3703282466
"
"CÔNG TY TNHH NGỌC LINH VINA","0973191228
","3703283300
"
"CÔNG TY TNHH VẬN TẢI TÀI ĐỨC","0899457143
","3703283283
"
"CÔNG TY TNHH GARAGE AUTO TOÀN TÂM","0937478766
","3703283205
"
"CÔNG TY TNHH MAY MẶC TUỔI TRẺ","0703059452
","3703283188
"
"CÔNG TY CỔ PHẦN ĐẦU TƯ GIÁO DỤC HOẰNG SỸ","0919777225
","3703283156
"
"CÔNG TY TNHH ĐẦU TƯ & PHÁT TRIỂN FAST 68","0908950143
","3703283195
"
"CÔNG TY TNHH THƯƠNG MẠI DỊCH VỤ THÀNH THÀNH LUÂN","0982795676
","3703283526
"
"CÔNG TY CP NHÀ NGHỈ TÂN THÀNH","0978118502
","3703283364
"
"CÔNG TY TNHH HTP FURNITURE","0372498438
","3703283276
"
"CÔNG TY TNHH CÔNG NGHỆ VĨNH PHÁT VIỆT NAM","0866194295
","3703283269
"
"CÔNG TY TNHH MTV TM THÁI PHÚC","0976995235
","3703283011
"
"CÔNG TY TNHH MỘT THÀNH VIÊN GỖ NGUYÊN THỊNH PHÁT","0369715137
","3703283244
"
"CÔNG TY TNHH THU HỒI VỐN NAM SƠN","0568602855
","3703282402
"
"CÔNG TY TNHH CÔNG NGHỆ BAO BÌ HÙNG TÍN","0982612797
","3703283290
"
"CÔNG TY TNHH THƯƠNG MẠI XÂY DỰNG VĂN THANH","0567514406
","3703283251
"
"CÔNG TY TNHH TƯ VẤN THIẾT KẾ XÂY DỰNG DUY THUẬN","0357367098
","3703283170
"
"CÔNG TY TNHH PEDEN LOGISTICS","0944364007
","3703283406
"
"CÔNG TY TNHH VLXD THÁI TUẤN","0931968299
","3703283163
"
"CÔNG TY CỔ PHẦN TIDY DECOR","0978953798
","3703282995
"
"CÔNG TY TNHH VẬT TƯ THIẾT BỊ XÂY DỰNG CÔNG HẠNH","0902151230
","3703282956
"
"CÔNG TY TNHH THƯƠNG MẠI SẢN XUẤT GIẤY TRANG NHI","0982035515
","3703282875
"
"CÔNG TY TNHH CÔNG NGHIỆP SƠN THỊNH ĐẠT","089913709
","3703282882
"
"CÔNG TY TNHH F&B TN","0829080395
","3703282868
"
"CÔNG TY TNHH THƯƠNG MẠI THANH SANG CNC","0909856168
","3703282850
"
"CÔNG TY TNHH DV GD THỂ THAO VÀ PHÁT TRIỂN KỸ NĂNG","0776579398
","3703282843
"
"CÔNG TY CỔ PHẦN ADVANCED NUTRITION","0963490349
","3703282836
"
"CÔNG TY TNHH TM DV THỊNH THUẬN PHÁT","0974012848
","3703282829
"
"CÔNG TY TNHH TMDV & SX ĐT KHÁNH QUANG VÕ","0816601116
","3703282811
"
"CÔNG TY TNHH XÂY DỰNG AN VŨ KHÔI","0908111328
","3703282762
"
"CÔNG TY TNHH MSCV ALLIANCE CORP (VN)","0967809239
","3703282579
"
"CÔNG TY TNHH THIEVY GUIVANE BIPFOUMA KOULOSSA","0776633063
","3703282561
"
"CÔNG TY TNHH IN ẤN HENG RUI","0898293029
","3703282554
"
"CÔNG TY TNHH HUMA PLASTIC","0387754388
","3703282547
"
"CÔNG TY TNHH DỊCH VỤ SỮA CHỮA GIA HƯNG","098414961
","3703282522
"
"CÔNG TY TNHH BAO BÌ ĐỨC DỤ","0988394973
","3703282515
"
"CÔNG TY TNHH TD&TD","0987630675
","3703282508
"
"CÔNG TY TNHH CHỨNG NHẬN QUỐC TẾ ARES VIỆT NAM- NTNN","0334688868
","3703282949
"
"CÔNG TY TNHH MỘT THÀNH VIÊN GỖ VẠN LỢI","0921335568
","3703282748
"
"CÔNG TY TNHH NHÀ HÀNG KHÁCH SẠN CHÂU NGÂN","0356316226
","3703282716
"
"CÔNG TY TNHH RADAVN","0965995954
","3703282699
"
"CÔNG TY TNHH BESTER VIET NAM","0914795946
","3703282681
"
"CÔNG TY TNHH TMDV KINH DOANH BÌNH MINH","0904376644
","3703282642
"
"CÔNG TY TNHH MTV-DV-TM VĂN LINH","0586196044
","3703282610
"
"CÔNG TY TNHH THƯƠNG MẠI VÀ DỊCH VỤ VT ÁNH HỒNG","0567135767
","3703282794
"
"CÔNG TY TNHH KEO DÁN ANH VŨ","0376301066
","3703282787
"
"CÔNG TY TNHH TMDV THẾ DŨNG","0936038634
","3703282755
"
"CÔNG TY TNHH THƯƠNG MẠI DỊCH VỤ KIM LOẠI MÀU HẠNH MỸ","0928571871
","3703282730
"
"CÔNG TY TNHH TM-DV XÂY DỰNG TƯ VẤN ĐẦU TƯ THÀNH VINH","0904656573
","3703282723
"
"CÔNG TY TNHH DV VẬN TẢI BINH","0902968015
","3703282674
"
"CÔNG TY TNHH PQ LINH","0702845683
","3703282635
"
"CHI NHÁNH BÌNH DƯƠNG - CÔNG TY TNHH TODA (THAILAND) (NỘP HỘ NTNN)","02871089899
","3703282931
"
"CÔNG TY TNHH SƠN FLYMEX VIỆT NAM","0843934222
","3703282804
"
"CÔNG TY TNHH CƠ KHÍ XÂY DỰNG BẢO ĐĂNG QUANG","0961528070
","3703282709
"
"CÔNG TY TNHH MTV SẢN XUẤT ĐỒ GỖ THIÊN AN","0823154567
","3703282667
"
"CÔNG TY TNHH ĐỨC TÂM VINH","0394058332
","3703282628
"
"CÔNG TY TNHH MTV DV- TM XNK QUỐC HUY","0588461455
","3703282603
"
"CÔNG TY TNHH DV - TM - XD MINH NHỰT","0586215021
","3703282593
"
"CÔNG TY TNHH MTV TMDV HUỲNH VINH","0909087366
","3703282586
"
"BAN QUẢN TRỊ NHÀ CHUNG CƯ KHU CĂN HỘ ĐẠT PHƯỚC - RIVANA",,"3703282924
"
"CÔNG TY TNHH SẢN XUẤT THƯƠNG MẠI DỊCH VỤ NUM BER ONE (NỘP THAY NTNN)","0898760066
","3703282917
"
"CÔNG TY CỔ PHẦN ĐẦU TƯ XÂY DỰNG VÀ PHÁT TRIỂN DỊCH VỤ ĐỊA ỐC TÂN LỘC PHÁT","0835592286
","3703282427
"
"CÔNG TY TNHH NỘI THẤT THÔNG MINH JIA CHUANG","0984497411
","3703282392
"
"CÔNG TY TNHH MTV THỜI ĐẠI NEW","0908049177
","3703282378
"
"CÔNG TY TNHH TƯ VẤN THIẾT KẾ THI CÔNG XÂY DỰNG 2H","09184663880916874
","3703282360
"
"CÔNG TY TNHH TƯ VẤN THIẾT KẾ VÀ THI CÔNG XÂY DỰNG THUẬN PHÁT","0918230480
","3703282353
"
"CÔNG TY TNHH TƯ VẤN THIẾT KẾ XÂY DỰNG BHEE","0325313493
","3703282339
"
"CÔNG TY TNHH DỊCH VỤ ĂN UỐNG AWA","0377333566
","3703282314
"
"CÔNG TY TNHH TM DV TTL GIFT & EVENTS","0889065968
","3703282297
"
"CÔNG TY TNHH SẢN XUẤT THƯƠNG MẠI DỊCH VỤ PHÚC THIÊN PHÚC","0984634812
","3703282272
"
"CÔNG TY TNHH DŨNG KHÔI","0975445945
","3703282258
"
"CÔNG TY TNHH THƯƠNG MẠI DỊCH VỤ XÂY DỰNG THẢO KHÔI","0885681078
","3703282240
"
"CÔNG TY TNHH TMDV MANTIS","0944048162
","3703282233
"
"CÔNG TY TNHH KUMO SPORT VIỆT NAM","0702222986
","3703282113
"
"CÔNG TY TNHH VBORN APPLIED MATERIALS","0385521268
","3703282106
"
"CÔNG TY TNHH PHÁT TRIỂN GIÁO DỤC TRUNG NGÔN","0569255649
","3703281906
"
"CÔNG TY TNHH CƠ KHÍ XÂY DỰNG AH.CO","0933030123
","3703281889
"
"CÔNG TY TNHH VẬT LIỆU MỚI EWEI","0789911058
","3703282385
"
"CÔNG TY TNHH GREAT HOME (NGÔI NHÀ TUYỆT VỜI)","0396887463
","3703281790
"
"CÔNG TY TNHH MTV VẬN TẢI - THƯƠNG MẠI - DỊCH VỤ AN PHÁT","0933045498
","3703281920
"
"CÔNG TY TNHH HP SONG MINH","0398619323
","3703281913
"
"CÔNG TY TNHH SOFA BÌNH DƯƠNG","0973252150
","370328199
"
"CÔNG TY TNHH NỘI THẤT TRƯỜNG THÀNH PHÁT","0973117444
","3703281977
"
"CÔNG TY TNHH MTV THƯƠNG MẠI DỊCH VỤ TÔN THÉP HÀ ÁNH DƯƠNG","0976250589
","3703281818
"
"CÔNG TY CỔ PHẦN GIÁO DỤC HƯỚNG NHIÊN","0969669978
","3703282265
"
"CÔNG TY TNHH THƯƠNG MẠI GỖ MIỀN ĐÔNG","0925269270
","3703282152
"
"CÔNG TY TNHH THƯƠNG MẠI DỊCH VỤ THIẾT KẾ XÂY DỰNG THANH HIỀN","0963931478
","3703282096
"
"CÔNG TY TNHH THƯƠNG MẠI DỊCH VỤ CÔNG NGHỆ LÊ THÀNH","0828718718
","3703282089
"
"CÔNG TY TNHH CƠ KHÍ ĐÔNG THÀNH PHÚ","0973133727
","3703281832
"
"CÔNG TY TNHH THƯƠNG MẠI NGŨ KIM NAM KIM PHÁT","0932158222
","3703281783
"
"CÔNG TY TNHH THƯƠNG MẠI DỊCH VỤ EBASITA","0974111402
","3703282307
"
"CÔNG TY TNHH MTV TM XNK HỮU PHƯỚC","0586268632
","3703282226
"
"CÔNG TY TNHH DỊCH VỤ THƯƠNG MẠI DUY NAM VN","0762253435
","3703282184
"
"CÔNG TY TNHH TM DV VẬN TẢI VŨ NGÂN LONG","0968429119
","3703282138
"
"CÔNG TY TNHH GIA CÔNG XIN YUEH","0933172595
","3703281800
"
"CÔNG TY TNHH KỸ THUẬT DONG FANG","0907980508
","3703282346
"
"CÔNG TY TNHH MỘT THÀNH VIÊN TÂN HẢI HƯNG","0918081553
","3703282321
"
"CÔNG TY TNHH MỘT THÀNH VIÊN THÉP MINH TÂM","0902220105
","3703282000
"
"CÔNG TY TNHH THƯƠNG MẠI DỊCH VỤ MTV NGỌC VI","0928571840
","3703282219
"
"CÔNG TY TNHH DV - TM XÂY DỰNG TRÚC CHI","0588461381
","3703282064
"
"CÔNG TY TNHH TM DV TỔNG HỢP ÁNH TUYẾT","0567270566
","3703282201
"
"CÔNG TY TNHH THƯƠNG MẠI - DỊCH VỤ PHẾ LIỆU TRẦN KHÁNH","0928571932
","370328210
"
"CÔNG TY TNHH DV - TM MTV MINH HAI","0586234930
","3703282177
"
"CÔNG TY TNHH DỊCH VỤ VẬN TẢI HOÀNG LONG PHÁT","0377526846
","3703282145
"
"CÔNG TY TNHH MỘT THÀNH VIÊN VẬN TẢI HUÊ THỊNH PHÁT","0977873255
","3703282120
"
"CÔNG TY TNHH VẬN TẢI MINH NGỌC CHÂU","0359175869
","370328201
"
"CÔNG TY TNHH NGŨ KIM YONGFENG","0776854018
","3703282032
"
"CÔNG TY TNHH THIẾT KẾ THI CÔNG NỘI THẤT HẢI PHƯỢNG","0792143148
","3703282025
"
"CÔNG TY LUẬT TRÁCH NHIỆM HỮU HẠN NGÔ THANH THÚY","0363388227
","3703282057
"
"CÔNG TY TNHH TRIỆU TỶ VIỆT NAM","0886888295
","3703281751
"
"CÔNG TY TNHH LIANGMU","8613685328258
","3703281744
"
"CÔNG TY TNHH TRUYỀN THÔNG MOBILVIET","0909800000
","3703281688
"
"CÔNG TY TNHH MCP THẮNG TRANG","096622660
","3703281984
"
"CÔNG TY TNHH TMDV ÂN PHÚC","0944415511
","3703281952
"
"CÔNG TY TNHH TMDV MTV HAI DẬU","0989755189
","3703281945
"
"CÔNG TY TNHH D&G FURNITURE VIỆT NAM","0982501199
","3703281938
"
"CÔNG TY TNHH MTV THU MUA PHẾ LIỆU HẢI NAM","0898033768
","3703281896
"
"CÔNG TY TNHH ĐỖ LIÊM TRINH","0909155595
","3703281871
"
"CÔNG TY TNHH SẢN XUẤT THƯƠNG MẠI DỊCH VỤ THÀNH THANH","0973153485
","3703281864
"
"CÔNG TY TNHH CƠ KHÍ CHÍNH XÁC VŨ PHONG","0979489377
","3703281857
"
"CÔNG TY TNHH SẢN XUẤT THƯƠNG MẠI BAO BÌ HÀ GIANG","0905555542
","3703281825
"
"CÔNG TY TNHH IKEM","0386989672
","3703281776
"
"CÔNG TY TNHH BAO BÌ FU MEI SEN VIỆT NAM","0888015175
","3703281769
"
"CÔNG TY TNHH TMDV HẢI DƯƠNG GROUP","0764015927
","3703281737
"
"CÔNG TY TNHH TMDV KINH DOANH THANH SƠN","0902715487
","3703281712
"
"CÔNG TY TNHH MỘT THÀNH VIÊN THƯƠNG MẠI DỊCH VỤ KIM LONG PHÁT","0383366678
","3703281705
"
"CÔNG TY TNHH SẢN XUẤT THƯƠNG MẠI DỊCH VỤ HOÀNG ANH","0964293151
","3703281695
"
"CÔNG TY TNHH KỸ NGHỆ SÓI (NỘP HỘ NTNN)","02743712840
","3703282018
"
"CÔNG TY TNHH DVTM TIẾN THÀNH","0383106768
","3703280740
"
"CÔNG TY TRÁCH NHIỆM HỮU HẠN SẢN XUẤT THƯƠNG MẠI NVWINDOWS","0918227686
","3703281462
"
"CÔNG TY TNHH THƯƠNG MẠI TỔNG HỢP AN BẢO","0978974966
","3703281455
"
"CÔNG TY TNHH TM NAM HÒA PHÁT","0399212151
","3703281448
"
"CÔNG TY TNHH TM DV SƠN ĐẠI","0981595795
","3703281423
"
"CÔNG TY TNHH TM - DV - ĐT VẬN TẢI PHÚC NGUYÊN","0965671511
","3703281494
"
"CÔNG TY TNHH MEGA CASH AND CARRY BÌNH DƯƠNG VIỆT NAM","0793841003
","3703281430
"
"CÔNG TY TNHH VẬT LIỆU MÀU DE YOU","0389984740
","3703281409
"
"CÔNG TY TNHH CÔNG NGHỆ YAMAI","0384178233
","3703280839
"
"CÔNG TY TNHH KỸ THUẬT VÀ THƯƠNG MẠI MTEC","0905641014
","3703280765
"
"CÔNG TY TNHH XNK NÔNG NGHIỆP CÔNG NGHỆ CAO VIỆT NAM","0342832679
","3703280733
"
"CÔNG TY TNHH TMDV QC - VPP CẨM ANH BD","02543853594
","3703280701
"
"CÔNG TY TNHH SẮT THÉP ĐỨC DŨNG BD","0987073473
","3703280797
"
"CÔNG TY TNHH MTV TM DV XD TRỊNH GIA PHÁT","0776851420
","3703280821
"
"CÔNG TY TNHH THỰC PHẨM DƯƠNG TRÍ MINH","02743825943
","3703280807
"
"CÔNG TY TNHH VẬN TẢI KIẾN HÀN","0933066757
","3703280772
"
"CÔNG TY TNHH THƯƠNG MẠI SẢN XUẤT THỰC PHẨM NGUYÊN VỊ BÌNH DƯƠNG GOOD FOOD","0886681468
","3703280758
"
"CÔNG TY TNHH SỐ 18 HK","0972600018
","3703280726
"
"CÔNG TY TNHH TRÍ DŨNG NHÂN","0985563764
","3703281416
"
"CÔNG TY TNHH TM DV BÌNH NGỌC","0523239868
","3703281487
"
"CÔNG TY TRÁCH NHIỆM HỮU HẠN THƯƠNG MẠI VÀ DỊCH VỤ ĐẠT VT GBP","0867666797
","3703280719
"
"CÔNG TY CỔ PHẦN SÀN GIAO DỊCH BẤT ĐỘNG SẢN AN HOMES BÌNH DƯƠNG","0925398879
","3703281670
"
"CÔNG TY TNHH TM-DV-XD-SX PHÚC THỊNH T&T FURNITURE","0939200210
","3703281631
"
"CÔNG TY TNHH MỘT THÀNH VIÊN DỊCH VỤ VẬN TẢI VIỆT DŨNG","0823142463
","3703281663
"
"CÔNG TY TNHH MỘT THÀNH VIÊN DỊCH VỤ THƯƠNG MẠI VẬN TẢI QUỐC AN BD","0816601143
","3703281656
"
"CÔNG TY TNHH THƯƠNG MẠI PHÁT SANG","09849167190986413
","3703281624
"
"CÔNG TY TNHH NAM PHÁT HPT","0966332347
","3703281617
"
"CÔNG TY TNHH SẢN XUẤT THƯƠNG MẠI INDELI VIỆT NAM","0908943975
","3703281582
"
"CÔNG TY CỔ PHẦN THƯƠNG MẠI ĐẦU TƯ XÂY DỰNG LÊ PHÁT","0395413346
","3703281575
"
"CÔNG TY TNHH ANH NHUNG ĐÀO","0567112876
","3703281568
"
"CÔNG TY TNHH TM DV VENUS","0385454977
","3703281550
"
"CÔNG TY TNHH THƯƠNG MẠI DỊCH VỤ XÂY DỰNG VƯƠNG LÂM VN","0878797334
","3703281543
"
"CÔNG TY TNHH TMDV ÁNH SAO MAI","0775026394
","3703281536
"
"CÔNG TY TNHH TM - DV THỰC PHẨM THIÊN AN SINH","0949065844
","3703281529
"
"CÔNG TY TNHH CHUANGYU BÌNH DƯƠNG","0908847422
","3703281511
"
"CÔNG TY TNHH CHIẾU SÁNG ĐỨC THỊNH HUY","0937159521
","3703281374
"
"CÔNG TY TNHH TMDV DƯƠNG TUYÊN","0915026092
","3703281335
"
"CÔNG TY TNHH THƯƠNG MẠI VÀ DỊCH VỤ BẤT ĐỘNG SẢN LONG TRÍ HOUSE","0777755255
","3703281303
"
"CÔNG TY TNHH SDL AUTO","0975801313
","3703281292
"
"CÔNG TY TNHH XUẤT NHẬP KHẨU VÀ THƯƠNG MẠI HỒNG TÂN","0365021468
","3703281279
"
"CÔNG TY TNHH THƯƠNG MẠI DỊCH VỤ TH LOGISTICS","0981616616
","3703281254
"
"CÔNG TY TNHH TẬP ĐOÀN KHANG AN","0877305231
","3703281247
"
"CÔNG TY TNHH NỘI THẤT TƯỜNG PHÁT","0902703866
","3703281222
"
"CÔNG TY TNHH SX NƯỚC ĐÁ THỊNH ĐẠT 6","0933106102
","3703281208
"
"CÔNG TY TNHH THƯƠNG MẠI TỔNG HỢP KIM MINH","0825493786
","3703281198
"
"CÔNG TY TNHH TMDV HƯƠNG THỊ","0769163818
","3703281342
"
"CÔNG TY TNHH THƯƠNG MẠI DỊCH VỤ TỔNG HỢP TUYẾT LOAN","0567095313
","3703281310
"
"CÔNG TY TNHH MTV - TM XNK NGUYỄN HẬU","0588461454
","3703281261
"
"CÔNG TY TNHH ĐĂNG NGUYÊN FOOD","0368787048
","3703281381
"
"CÔNG TY TNHH HÓA PHẨM AN THÁI HÒA","0902148038
","3703281328
"
"CÔNG TY TNHH XD THANH PHONG","0588648367
","3703281286
"
"CÔNG TY TNHH GIẤY XINYUAN","0987610952
","3703281215
"
"CÔNG TY TNHH SẢN XUẤT XUẤT NHẬP KHẨU NHUẬN THÁI VIỆT NAM","0274355258
","3703280814
"
"BAN QUẢN TRỊ NHÀ CHUNG CƯ BCONS MIỀN ĐÔNG","0909046880
","3703281649
"
"CÔNG TY TNHH NHỰA KỸ THUẬT GINAR (VIỆT NAM) (NỘP HỘ NTNN)","88633868820
","3703281399
"
"BAN CHỈ HUY QUÂN SỰ HUYỆN BÀU BÀNG","02743516034
","3703281367
"
"CÔNG TY TNHH THƯƠNG MẠI DV VÀ SX THANH TÂM","0562013309
","370328127
"
"CÔNG TY TNHH THƯƠNG MẠI DV CHÍ ĐẠT","0562013309
","3703281102
"
"CÔNG TY TNHH DỊCH VỤ VÀ THƯƠNG MẠI THIÊN ÂN GROUP","0824800545
","3703280860
"
"CÔNG TY TNHH GIA CÔNG GIÀY QUANG VINH","0927600208
","3703280652
"
"CÔNG TY TNHH THƯƠNG MẠI THUẬN PHONG VIỆT NAM","0902715188
","3703281166
"
"CÔNG TY TNHH TRƯƠNG TRIỆU VY","0563814344
","3703281134
"
"CÔNG TY TNHH DỊCH VỤ VẬN TẢI XÂY DỰNG KHÁNH TÂM","0919188535
","3703281078
"
"CÔNG TY TNHH KỸ THUẬT NIPPON VIỆT NAM","0848324732
","3703281060
"
"CÔNG TY TNHH KHẢI HOÀN TRANSPORT","0909374788
","3703281053
"
"CÔNG TY TNHH BAMBOOSTACK","0988250415
","3703281046
"
"CÔNG TY TNHH THƯƠNG MẠI VÀ VẬN TẢI SANTA","0911145531
","3703280998
"
"CÔNG TY TNHH NAM LONG TECHNOLOGY","0333029970
","3703280878
"
"CÔNG TY TNHH THƯƠNG MẠI DỊCH VỤ VẬN TẢI CƯỜNG HUY","0938647588
","3703281180
"
"CÔNG TY TNHH MỸ KIM SPL","090471621
","3703281014
"
"CÔNG TY TNHH TM VT VÀ TƯ VẤN XÂY DỰNG VĂN TÂM","0567406812
","3703280973
"
"CÔNG TY TNHH THƯƠNG MẠI DỊCH VỤ MAY MẶC XUẤT NHẬP KHẨU AN HÒA 66","0826661144
","3703280941
"
"CÔNG TY TNHH KINH DOANH ĐẦU TƯ MAI CẨM HỒNG","0563696922
","3703280846
"
"CÔNG TY TNHH ĐẦU TƯ THƯƠNG MẠI DỊCH VỤ HỮU HIỆP GLOBAL","0563553835
","3703281007
"
"CÔNG TY TNHH NHÀ HÀNG TRĂM VỊ 123","0349268003
","3703280959
"
"CÔNG TY TNHH THƯƠNG MẠI VÀ PHÁT TRIỂN THIẾT BỊ ÂM THANH TẬP LỰC SOUND","0933956568
","3703280927
"
"CÔNG TY TRÁCH NHIỆM HỮU HẠN MÁY MÓC PHÚC HƯNG","0899771858
","3703280444
"
"CÔNG TY TNHH THƯƠNG MẠI TOÀN CẦU NEXUS","0583962766
","3703280412
"
"CÔNG TY TNHH THƯƠNG MẠI DỊCH VỤ XUẤT NHẬP KHẨU PHÁT GIÀU","0974607174
","3703280405
"
"CÔNG TY TNHH THƯƠNG MẠI DỊCH VỤ VÀ XÂY DỰNG DANH HƯNG THỊNH","0985847071
","3703281173
"
"CÔNG TY TNHH TMDV NHÀ HÀNG KIM ĐỒNG","0388427367
","3703280469
"
"CÔNG TY TNHH THƯƠNG MẠI SẢN XUẤT GỖ NỘI THẤT VƯỢNG AN PHÁT","0363196968
","3703281159
"
"CÔNG TY TNHH TM THIẾT BỊ TIẾT KIỆM ĐIỆN XIN RONG XING VN","0795731140
","3703281141
"
"CÔNG TY TNHH GỖ GIA TUỆ PHÁT","0379027060
","3703281092
"
"CÔNG TY TNHH NHÀ HÀNG TIỆC CƯỚI THÀNH ĐẠT THÁI BÌNH","0972429220
","3703281085
"
"CÔNG TY TNHH KIM LOẠI XIN JIN YUAN","0798744898
","3703281039
"
"CÔNG TY TNHH GỖ ROY","0363345984
","3703281021
"
"CÔNG TY TNHH CƠ KHÍ VIỆT BÌNH","0984457973
","3703280980
"
"CÔNG TY TNHH THIẾT BỊ CÔNG NGHỆ THÔNG MINH JIE SHENG","0906802968
","3703280518
"
"CÔNG TY TNHH THƯƠNG MẠI DỊCH VỤ Ô TÔ VĂN MINH","0982262061
","3703280606
"
"CÔNG TY TNHH GIA CÔNG ĐẾ GIÀY LỘC PHÁT","0976445060
","3703280557
"
"CÔNG TY TNHH THƯƠNG MẠI - SẢN XUẤT NỘI THẤT VIỆT ĐỨC","0344233335
","3703280525
"
"CÔNG TY TNHH XNK TM & DV 2H","0968637448
","3703280613
"
"CÔNG TY TNHH TM DV VẬN CHUYỂN HUY HOÀNG","097302121
","3703280596
"
"CÔNG TY TNHH BÀNH GIA","0934132379
","3703280500
"
"CÔNG TY TNHH MTV MAY MẶC GIA PHÁT","0948813231
","3703280589
"
"CÔNG TY TNHH TM SX XK HỒNG PHÁT","0898651639
","3703280571
"
"CÔNG TY TRÁCH NHIỆM HỮU HẠN MỘT THÀNH VIÊN ĐẦU TƯ THƯƠNG MẠI VÀ DỊCH VỤ THÀNH DANH","02743557659
","3703280451
"
"CÔNG TY TNHH XÂY DỰNG - VẬN TẢI S.Q","0988766809
","3703280437
"
"CÔNG TY TNHH TMDV THƯƠNG ANH NAM","0778305501
","3703280388
"
"CÔNG TY TNHH TMDV VÀ PHÁT TRIỂN THÀNH PHÁT","0939625394
","3703280966
"
"CÔNG TY TNHH TAI SHUN","0886401347
","3703280934
"
"CÔNG TY CỔ PHẦN KỸ THUẬT PHÒNG SẠCH GREEN","0338729899
","3703280902
"
"CÔNG TY TNHH NEW THIẾT KẾ","0766279279
","3703280892
"
"CÔNG TY TNHH TMDV QUỐC ANH BÌNH DƯƠNG","0364468488
","3703280885
"
"CÔNG TY TNHH NGŨ KIM AN PHONG","0908555415
","3703280853
"
"CÔNG TY TNHH KEO GIÀY NAM VIỆT","0933707507
","3703280691
"
"CÔNG TY TNHH THƯƠNG MẠI DỊCH VỤ XÂY DỰNG PHÙNG THỊ TP","0876947255
","3703280684
"
"CÔNG TY TNHH VÁN GỖ KHUÊ TUẤN","0962918849
","3703280677
"
"CÔNG TY TNHH PHỤ TÙNG INSTITUTE","0898892261
","3703280645
"
"CÔNG TY TNHH THƯƠNG MẠI ĐẦU TƯ QUYỀN ANH BÌNH DƯƠNG","0328803757
","3703280638
"
"CÔNG TY TNHH THƯƠNG MẠI MÁY MÓC TAIKANG","0353588429
","3703280620
"
"CÔNG TY TNHH TM SX GỖ ĐẠI ĐĂNG","0974070071
","3703280564
"
"CÔNG TY TNHH NGŨ KIM THÁI BÌNH","0702096725
","3703280532
"
"CÔNG TY TNHH SHUN FU METAL PRODUCTS","8860972391159
","3703280490
"
"CÔNG TY TNHH THƯƠNG MẠI TƯ VẤN BẤT ĐỘNG SẢN LÂM PHƯỚC","0923866667
","3703280035
"
"CÔNG TY TNHH ĐẦU TƯ VÀ PHÁT TRIỂN HOÀNG MINH TRANG","0961208521
","3703279914
"
"CÔNG TY TNHH DỊCH VỤ ĐẦU TƯ VÀ XÂY DỰNG PHÚC TOÀN","0567137783
","3703280356
"
"CÔNG TY TNHH XÂY DỰNG HƯNG THỊNH GIA","0947676700
","3703280349
"
"CÔNG TY TNHH PHAN THOA","0562390764
","3703280282
"
"CÔNG TY TNHH DỊCH VỤ ĐÔ THỊ KHÔNG GIAN XANH","0865236679
","3703280275
"
"CÔNG TY TNHH DHFI","0931525868
","3703280268
"
"CÔNG TY TNHH THƯƠNG MẠI DV ĐĂNG HẢI","0562318136
","3703280236
"
"CÔNG TY TNHH MÁY MÓC JINFU VIỆT NAM","0775170890
","3703280204
"
"CÔNG TY TNHH TM&DV KIM KIM THÀNH","0904140652
","3703280187
"
"CÔNG TY TNHH KỸ THUẬT VÀ CÔNG NGHỆ DK","0834116978
","3703280155
"
"CÔNG TY TNHH TM DV XÂY DỰNG THIẾT KÊ THI CÔNG QUẢNG CÁO KIM PHÁT","0898256242
","3703280123
"
"CÔNG TY TNHH ĐẦU TƯ THƯƠNG MẠI VÀ DỊCH VỤ VẬN TẢI MINH NHẬT","0389277028
","3703280067
"
"CÔNG TY TNHH TVT VÂN VÂN","0773169140
","3703280042
"
"CÔNG TY TNHH TM DV KIM MINH PHÁT","0944231237
","3703280028
"
"CÔNG TY TNHH TEMU VN","0703324584
","3703280010
"
"CÔNG TY TNHH SX NGỌC HÀ","09737855699
","3703279985
"
"CÔNG TY TNHH MỘT THÀNH VIÊN QUANG HÒA PHÁT","0964982735
","3703279826
"
"CÔNG TY TNHH XD PHÚC VINH","0568012666
","3703279664
"
"CÔNG TY TNHH THƯƠNG MẠI DỊCH VỤ VÀ ĐÀO TẠO KIM LONG","0916547091
","3703280395
"
"CÔNG TY TRÁCH NHIỆM HỮU HẠN MỘT THÀNH VIÊN SẢN XUẤT THƯƠNG MẠI VÀ DỊCH VỤ BẢO THÀNH","0987600413
","3703279992
"
"CÔNG TY TNHH THƯƠNG MẠI DỊCH VỤ LONG PHIN","0936884500
","3703279858
"
"CÔNG TY TNHH KỸ THUẬT HƯNG GIANG PHÁT","0908284306
","3703279840
"
"CÔNG TY TNHH SỰ KIỆN THUẬN PHÁT","0919388872
","3703279819
"
"CÔNG TY TNHH DVTM HIỆP PHÁT BÌNH DƯƠNG","0353116736
","3703279801
"
"CÔNG TY TNHH MTV TM DV TÂN THÀNH PHONG","0284013339
","370327919
"
"CÔNG TY TNHH MTV THUẬN PHÁT RENTAL","0972287368
","3703279784
"
"CÔNG TY TNHH KỸ THUẬT CÔNG NGHIỆP NGỌC NAM PHÁT","0976708458
","370327971717
"
"CÔNG TY TNHH THƯƠNG MẠI SẢN XUẤT GỖ HUY PHÁT","0981018704
","3703279745
"
"CÔNG TY TNHH THƯƠNG MẠI DỊCH VỤ MIXPRINT","09820548220963
","3703279738
"
"CÔNG TY TNHH THƯƠNG MẠI DỊCH VỤ TỔNG HỢP PHƯỚC TÍN","0786830064
","3703279712
"
"CÔNG TY TNHH TM DỊCH VỤ VẬN TẢI LÊ GIA","09688947140919494
","3703279671
"
"CÔNG TY TNHH TRUYỀN THÔNG GIL NETWORK","0559019237
","3703279505
"
"CÔNG TY CỔ PHẦN TMDV TECHLAB AN PHÁT","0917867741
","3703279495
"
"CÔNG TY TNHH TM ĐIỆN MÁY TRÚC PHƯƠNG","0379713704
","3703279488
"
"CÔNG TY TNHH QUỐC TẾ GOLDEN FOREST LOGISTIC","0921232301
","3703279463
"
"CÔNG TY TNHH XÂY DỰNG THƯƠNG MẠI AN THỊNH PHÁT BD","0932113884
","3703279449
"
"CÔNG TY TNHH MTV VẬN TẢI TIẾN MINH","0823142463
","3703279417
"
"CÔNG TY TNHH THƯƠNG MẠI DỊCH VỤ MINH TUẤN BÌNH DƯƠNG","0947958269
","3703279375
"
"CÔNG TY TNHH BÁCH HÓA THANH ĐÔNG","0346836702
","3703279350
"
"CÔNG TY TNHH TM ĐẦU TƯ TRƯƠNG KIÊM","0927607326
","3703279343
"
"CÔNG TY TNHH XUẤT NHẬP KHẨU THƯƠNG MẠI SẢN XUẤT MISAPRO","0383442667
","3703279336
"
"CÔNG TY TNHH VẬT LIỆU MỚI TƯỜNG HẢI VIỆT NAM","0966662349
","3703279329
"
"CÔNG TY TNHH PHÁT TRIỂN TM&DV NGÔ NGUYÊN T25","0562200114
","3703280109
"
"CÔNG TY TNHH THỰC PHẨM THANH TRANG","0937673473
","3703279368
"
"CÔNG TY TNHH SANH ĐÔI (NỘP HỘ NTNN)","0983707086
","3703280483
"
"CÔNG TY TNHH SẢN XUẤT GĂNG TAY Y TẾ XANH (NỘP HỘ NTNN)","02743599000
","3703280476
"
"CÔNG TY TNHH SẢN XUẤT VÀ THƯƠNG MẠI DỊCH VỤ DUY QUANG","0908442697
","3703280081
"
"CÔNG TY TNHH NỘI THẤT HƯNG THỊNH PHÁT","07174126
","3703280074
"
"CÔNG TY TNHH THƯƠNG MẠI DOUBLE DRAGON","460162015338
","3703279865
"
"CÔNG TY TNHH THƯƠNG MẠI THÉP KHANG ANH PHÁT","0932892961
","3703279720
"
"CÔNG TY TNHH MTV XÂY DỰNG LONG VÂN","0816601143
","3703279706
"
"CÔNG TY TNHH DỊCH VỤ TM QUÝ CƯỜNG","0562389478
","3703279696
"
"CÔNG TY TNHH SUẤT ĂN CÔNG NGHIỆP MY MY","0945441767
","3703279689
"
"CÔNG TY TNHH THƯƠNG MẠI DỊCH VỤ GIAO NHẬN VẬN TẢI TÂM PHƯỚC","0358866646
","3703279657
"
"CÔNG TY TNHH THƯƠNG MẠI DỊCH VỤ VINH ĐỨC PHÁT","0986446263
","3703279470
"
"CÔNG TY TNHH VLXD HOÀNG NGÂN","0346142652
","3703279456
"
"CÔNG TY TNHH THƯƠNG MẠI XUẤT NHẬP KHẨU DOFIN","0902767699
","3703279431
"
"CÔNG TY TNHH THƯƠNG MẠI DỊCH VỤ BẢO NGỌC BÌNH DƯƠNG","0585257842
","3703279424
"
"CÔNG TY TNHH SX VÀ TM LUMIO","0978901318
","3703279382
"
"CÔNG TY TNHH MÁY MÓC LING GE","02743619992
","3703280370
"
"CÔNG TY TNHH GIA CÔNG CƠ KHÍ KHÁNH QUYỀN","0369919664
","3703280363
"
"CÔNG TY TNHH NGOẠI NGỮ NEWSTAR","0338421625
","3703280331
"
"CÔNG TY TNHH YU XIAN VIỆT NAM","0899764859
","3703280324
"
"CÔNG TY TNHH MTV DỊCH VỤ THƯƠNG MẠI HÒA HƯNG","0816601143
","3703280317
"
"CÔNG TY TNHH CỐ VẤN VICHITA VIỆT NAM","0902669316
","3703280250
"
"CÔNG TY TNHH TƯ VẤN VÀ THƯƠNG MẠI THUẬN ST68","0563821929
","3703280243
"
"CÔNG TY TNHH XUẤT NHẬP KHẤU QUỲNH BẢO","0932006998
","3703280229
"
"CÔNG TY TNHH SẢN XUẤT THƯƠNG MẠI DỊCH VỤ TQC","0982871239
","3703280211
"
"CÔNG TY TNHH TMDV THM MINH THƯ","0782473720
","3703280194
"
"CÔNG TY TNHH THƯƠNG MẠI DỊCH VỤ QH","0372248853
","3703280162
"
"CÔNG TY TNHH TM DV CAO CƯỜNG","0562102039
","3703280148
"
"CÔNG TY TNHH TMDV THÀNH NAM MINH","0934388055
","3703280130
"
"CÔNG TY TNHH TMDV SẢN XUẤT THẢO LINH","0562018038
","370328016
"
"CÔNG TY TNHH KỸ THUẬT NÂNG CAO META","0979391820
","3703280099
"
"CÔNG TY TNHH TMDV SX MINH QUỐC","0562693147
","3703280003
"
"CÔNG TY TNHH THE MAKER FURNITURE","0909827914
","3703279833
"
"CÔNG TY TNHH ĐỒ NỘI THẤT GIA ĐÌNH SHIYE VIỆT NAM","0385818088
","3703279946
"
"CÔNG TY TNHH THƯƠNG MẠI DỊCH VỤ WUDI VIỆT NAM","0977335456
","3703279921
"
"CÔNG TY TNHH THỊNH HINH","0979336521
","3703279872
"
"CÔNG TY TNHH BYDFI-ASIAN","0776773837
","3703279978
"
"CÔNG TY CỔ PHẦN XÂY LẮP & VẬT TƯ PRIME FACADE","0774916573
","3703279960
"
"CÔNG TY TNHH LẮP ĐẶT HỆ THỐNG ĐIỆN THÀNH ĐẠT","0366692005
","3703279953
"
"CÔNG TY TNHH THƯƠNG MẠI QUỐC TẾ HUA CHENG VIỆT NAM","0338734199
","3703279939
"
"CÔNG TY TNHH THƯƠNG MẠI VÀ DỊCH VỤ XUẤT NHẬP KHẨU PATDA","052812719
","3703279907
"
"CÔNG TY TNHH MTV DỊCH VỤ BẢO VỆ Á ÂU","0852156678
","3703279897
"
"CÔNG TY TNHH THƯƠNG MẠI DỊCH VỤ YU CHEN","0393759868
","3703279618
"
"CÔNG TY TNHH TƯ VẤN THIẾT KẾ KIẾN TRÚC XÂY DỰNG KTHOUSE VIỆT NAM","0933561297
","3703279583
"
"CÔNG TY TNHH THƯƠNG MẠI DỊCH VỤ VÀ XÂY DỰNG UY VŨ","0368158863
","3703279551
"
"CÔNG TY TNHH ĐẦU TƯ VÀ THƯƠNG MẠI TÂN BA THÁI HÒA","0977817762
","3703279537
"
"CÔNG TY TNHH CÔNG NGHIỆP JIA HAO","0911477858
","3703279632
"
"CÔNG TY TNHH TƯ VẤN ĐẦU TƯ XÂY DỰNG MỸ PHƯỚC","0987372552
","3703279625
"
"CÔNG TY TNHH BAIHENG INTERNATIONAL","8613380888882
","3703279600
"
"CÔNG TY TNHH POTTERY VIỆT NAM","0919698149
","3703279590
"
"CÔNG TY TNHH IN ẤN KỸ THUẬT SỐ WEISEN","0938775669
","3703279576
"
"CÔNG TY TNHH THƯƠNG MẠI DỊCH VỤ TUẤN TUẤN VPN","0878795866
","3703279569
"
"CÔNG TY TNHH SẢN XUẤT THƯƠNG MẠI DỊCH VỤ XUẤT NHẬP KHẨU VN THỊNH VƯỢNG","0983902943
","3703279512
"
"CÔNG TY TNHH THƯƠNG MẠI DỊCH VỤ XÂY DỰNG XUẤT NHẬP KHẨU HONG YU","0758801494
","3703279544
"
"CÔNG TY TNHH DV & SX THIÊN BẢO","0374314988
","3703279248
"
"CÔNG TY TNHH NÔNG SẢN NAM DƯƠNG","0985543456
","3703279209
"
"CÔNG TY TNHH THƯƠNG MẠI DỊCH VỤ NHÀ HÀNG SÔNG HỒNG","0937875312
","3703279199
"
"CÔNG TY TNHH GIẢI PHÁP CÔNG NGHỆ PHGROUP","0931881584
","3703279135
"
"CÔNG TY TNHH CƠ KHÍ NHẬT TÚ","0869961634
","3703279103
"
"CÔNG TY TNHH ĐIỆN MÁY TÂN HUỲNH NHƯ","0397209817
","3703279294
"
"CÔNG TY TNHH THƯƠNG MẠI DỊCH VỤ NGUYỄN HÀ HN","0901574681
","3703279287
"
"CÔNG TY TNHH KINH DOANH NHÀ HÀNG VÀ KHÁCH SẠN ÁNH DƯƠNG","0933572102
","3703279230
"
"CÔNG TY TNHH FRESHMORE FARM","093277181
","3703279223
"
"CÔNG TY TNHH VÀNG BẠC KIM THÀNH VŨ (TÀI)","0974979779
","3703279255
"
"CÔNG TY TNHH NỘI THẤT NHUẬN MỸ","0786482886
","3703279216
"
"CÔNG TY TNHH MTV DỊCH VỤ XÂY DỰNG MINH ĐỨC","0816601143
","3703279181
"
"CÔNG TY TNHH TMDV SX VĂN ĐỊNH","0562348187
","3703279174
"
"CÔNG TY TNHH TMDV MƯỜI HOÀNG","0939343525
","3703279142
"
"CÔNG TY TNHH MTV XÂY DỰNG PHÚ THÁI","0823142463
","3703279128
"
"CÔNG TY TNHH TMDV XÂY DỰNG VÀ TRANG TRÍ NỘI THẤT HƯƠNG GIANG","0923043399
","3703279110
"
"CÔNG TY TNHH MTV THƯƠNG MẠI DỊCH VỤ PHƯƠNG TRANG","0979186179
","3703279093
"
"CÔNG TY TNHH GIA CÔNG SOFA PHÚC LỢI","0898879499
","3703279086
"
"CÔNG TY TNHH TMDV TOÀN TÂM BÌNH DƯƠNG","0356313226
","3703279262
"
"CÔNG TY TNHH TMDV SẢN XUẤT HỒNG NGỌC","0562542875
","3703279167
"
"CÔNG TY TNHH MTV DỊCH VỤ THƯƠNG MẠI THỦY KIÊN","0562139974
","3703279311
"
"CÔNG TY TNHH DV XÂY DỰNG VIỆT PHÁT","0562553848
","3703279304
"
"CÔNG TY TNHH VẬT TƯ ESUN (NỘP HỘ NTNN)","02743795880
","3703279752
"
"CÔNG TY TNHH TỔ CHỨC SỰ KIỆN NHÀ HÀNG KHÁCH SẠN ẨM THỰC XƯA","0779422480
","3703278614
"
"CÔNG TY TNHH KINH DOANH THƯƠNG MẠI VÀ DỊCH VỤ TUẤN PHONG","0779446273
","3703278607
"
"CÔNG TY TNHH KINH DOANH KHÁNH GIÀU","0562215245
","3703278893
"
"CÔNG TY TNHH SẢN XUẤT THƯƠNG MẠI ANNA FASHION","0387688499
","3703278685
"
"CÔNG TY TNHH MTV DỊCH VỤ TRẦN LÊ","0936422379
","3703279047
"
"CÔNG TY TNHH ĐẦU TƯ VÀ PHÁT TRIỂN KINH DOANH HX.PHƯƠNG","0563298718
","3703278981
"
"CÔNG TY TNHH THƯƠNG MẠI VÀ ĐẦU TƯ TUẤN CƯỜNG THỊNH","0929526839
","3703278928
"
"CÔNG TY TNHH VỆ SINH MÔI TRƯỜNG BÌNH THẮNG","0962513613
","3703278815
"
"CÔNG TY TNHH KHÁCH SẠN QUỐC TẾ BÌNH DƯƠNG","0877275896
","3703278646
"
"CÔNG TY TNHH ĐẦU TƯ TM DV NGUYÊN HƯNG","0899320386
","3703278942
"
"CÔNG TY TNHH TM DV HOÀNG GIA PHÁT","0376132890
","3703278879
"
"CÔNG TY TNHH TM DV MỘC PHÁT","0372544794
","3703278822
"
"CÔNG TY TNHH THƯƠNG MẠI VÀ ĐẦU TƯ TRUNG NGUYÊN BÌNH DƯƠNG","0563242118
","3703278741
"
"CÔNG TY TNHH CHUANGMING","0785455682
","3703278903
"
"CÔNG TY TNHH RONG YU","0773331110
","3703278886
"
"CÔNG TY TNHH KHOA HỌC VÀ CÔNG NGHỆ TÂN AN","0789700088
","3703278974
"
"CÔNG TY TNHH NEW DILUSSO","0913404464
","3703278653
"
"CÔNG TY TNHH THƯƠNG MẠI BAN MAI HẠ","07776518530
","3703279054
"
"CÔNG TY TNHH CÔNG NGHỆ MÔI TRƯỜNG QUỐC TẾ CHANGRUN","0879677858
","3703279008
"
"CÔNG TY TNHH MIHWA FOOD","0387513333
","3703278999
"
"CÔNG TY TNHH THƯƠNG MẠI VÀ DỊCH VỤ DUY MINH SÀI GÒN","0899785128
","3703278967
"
"CÔNG TY TNHH THƯƠNG MẠI VÀ DỊCH VỤ HUỲNH LÊ SÀI GÒN","0899785376
","3703279022
"
"CÔNG TY TNHH SX TM DV TÀI PHÚC","0838000768
","3703278935
"
"CÔNG TY TNHH THƯƠNG MẠI XUẤT NHẬP KHẨU KIM VIỆT TRUNG","0977692855
","3703278910
"
"CÔNG TY TNHH SẢN XUẤT GỖ NĂM CHÂU","0916666089
","3703278621
"
"CÔNG TY TNHH APRICOT FURNISHINGS VIỆT NAM","84941059247
","3703279061
"
"CÔNG TY TNHH HWA PAO RESINS VIỆT NAM (NỘP HỘ NTNN)","02743790558790559
","3703278597
"
"CÔNG TY TNHH CÔNG NGHIỆP DELIGHT VIỆT NAM (NỘP HỘ NTNN)","02743803500
","3703278572
"
"CÔNG TY TNHH TMDV LONG THUẬN","0392218893
","3703279079
"
"CÔNG TY TNHH MTV THƯƠNG MẠI XÂY DỰNG THANH SƠN","0816601143
","3703279015
"
"CÔNG TY TNHH DỊCH VỤ VÀ THƯƠNG MẠI KHANG LỘC BD","0816601143
","3703278861
"
"CÔNG TY TNHH DỊCH VỤ TM TẤN PHÚ","0562576876
","3703278854
"
"CÔNG TY TNHH DỊCH VỤ THƯƠNG MẠI TRẦN HUYỀN","0562369136
","3703278847
"
"CÔNG TY TNHH THƯƠNG MẠI SẢN XUẤT NÔNG SẢN QUỐC ANH","0932182117
","3703278808
"
"CÔNG TY TNHH PHÁT TRIỂN SẢN XUẤT THƯƠNG MẠI XUÂN THU","0794078343
","3703278798
"
"CÔNG TY TNHH CƠ KHÍ - KẾT CẤU THÉP HƯNG THỊNH","0937904234
","3703278780
"
"CÔNG TY TNHH TMDV SX KIM AN","0562546879
","3703278773
"
"CÔNG TY TNHH DỊCH VỤ TM&SX TRƯỜNG THẮNG","0562563548
","3703278766
"
"CÔNG TY TNHH DỊCH VỤ TM VĂN DIỄN","0562331387
","3703278759
"
"CÔNG TY TNHH THƯƠNG MẠI SẢN XUẤT ĐIỆN TỬ HHP","0931311286
","3703278734
"
"CÔNG TY TNHH XÂY DỰNG PHÁT THIÊN QUANG","0778712195
","3703278727
"
"CÔNG TY TNHH SẢN XUẤT THƯƠNG MẠI HOÀNG PHÚC THỊNH-HPT","0979333797
","3703278702
"
"CÔNG TY TNHH NHÀ HÀNG KHÁCH SẠN LÚA VÀNG","0935299538
","3703278692
"
"CÔNG TY TNHH TMDV NHÀ HÀNG ẨM THỰC HƯƠNG SEN","0932617842
","3703278678
"
"CÔNG TY TNHH DỊCH VỤ TM KIM MỸ","0562359169
","3703278660
"
"CÔNG TY TNHH NỘI THẤT KIM LOẠI T&H","0968825366
","3703278639
"
"CÔNG TY TNHH MTV TƯ VẤN VÀ PHÁT TRIỂN GIÁO DỤC OLYMPIA THẠNH HỘI","0373486898
","3703278533
"
"CÔNG TY TNHH DU LỊCH VIETTRAVEL GLOBAL","0568523350
","3703278526
"
"CÔNG TY TNHH TMDV SX LÝ QUYÊN","056231779
","3703278519
"
"CÔNG TY TNHH MTV TM DV CƠ KHÍ QUẢNG CÁO TRUNG NAM PHÁT","0792567779
","3703278501
"
"CÔNG TY TNHH THƯƠNG MẠI DỊCH VỤ HÀ THIỆP","0563122810
","370327840
"
"CÔNG TY CỔ PHẦN ĐẦU TƯ SONG HƯNG PHÁT","0909969976
","3703278357
"
"CÔNG TY TNHH MOVEO THUẬN AN",,"3703278565
"
"CÔNG TY TNHH THƯƠNG MẠI DỊCH VỤ HÀNG HÓA NÔNG SẢN MIỀN ĐÔNG","0867087943
","3703278558
"
"CÔNG TY TNHH IMITI",,"3703278540
"
"CÔNG TY TNHH DIGITAL SELLER TECHNOLOGY","0347949262
","3703278406
"
"CÔNG TY TNHH VIỆT STAR SPECIAL FIBER (NỘP HỘ NTNN)","0866927969389
","3703278484
"
"CÔNG TY TNHH SEMI VINA (NỘP HỘ NTNN)","0650386502930
","3703278477
"
"CÔNG TY TNHH DV MẠNH DUY","0941599908
","3703278438
"
"CÔNG TY TNHH DVDTTM BÁCH VIỆT 86","0776934898
","3703278420
"
"CÔNG TY TNHH MỘT THÀNH VIÊN THƯƠNG MẠI DỊCH VỤ XÂY DỰNG TIẾN MẠNH BD","0823142977
","3703278413
"
"CÔNG TY TNHH XNK DVTV","0568442422
","3703278396
"
"CÔNG TY TNHH MỘT THÀNH VIÊN GIÁO DỤC MẦM XANH","0933286007
","3703278371
"
"CÔNG TY TNHH TMDV SẢN XUẤT MỸ LUÔN","0562345197
","3703278364
"
"CÔNG TY TNHH THƯƠNG MẠI DỊCH VỤ XÂY DỰNG VĂN VÕ SONG TOÀN","0789634261
","3703278332
"
"CÔNG TY TNHH CÔNG NGHỆ DNC SÀI GÒN","0357222161
","3703278389
"
"CÔNG TY TNHH SẢN XUẤT THƯƠNG MẠI DỊCH VỤ NUM BER ONE","0973566054
","3703278452
"
"CÔNG TY TNHH MỘT THÀNH VIÊN AACKEN","02743721253
","3703278445
"
"CÔNG TY TNHH TM DV HITA EDU","0913136849
","3703278117
"
"CÔNG TY TNHH DVTM BOOKING DU LỊCH VIỆT NAM","0777017564
","3703278283
"
"CÔNG TY TNHH KỸ THUẬT HUANYU VIỆT NAM","02742226688
","3703278082
"
"CÔNG TY TNHH MỘT THÀNH VIÊN THƯƠNG MẠI DỊCH VỤ PALLET CÔNG HIẾU","0789033974
","3703278075
"
"CÔNG TY TNHH ULIKE FURNITURE","0898799991
","3703278300
"
"CÔNG TY TNHH GỖ THẢO VY","0917255997
","3703278325
"
"CÔNG TY TNHH MTV DỊCH VỤ THƯƠNG MẠI THANH LÂM","0816601143
","3703278318
"
"CÔNG TY TNHH THƯƠNG MẠI- DV CƠ ĐIỆN ANH ĐIỆP","0973193954
","3703278290
"
"CÔNG TY TNHH BAO BÌ VẠN TIẾN","0398812723
","3703278269
"
"CÔNG TY TNHH THƯƠNG MẠI DỊCH VỤ THANH HOÀN SC","0948684051
","3703278251
"
"CÔNG TY TNHH TMPT CÔNG THÀNH","0971877158
","3703278244
"
"CÔNG TY TNHH NGŨ KIM VN JUSEN","0327788346
","3703278237
"
"CÔNG TY TNHH SẢN XUẤT THƯƠNG MẠI DỊCH VỤ ĐỨC MINH","0398812723
","3703278212
"
"CÔNG TY TNHH TỔNG KHO BÁCH HÓA NGỌC TẤN","0383379319
","3703278205
"
"CÔNG TY TRÁCH NHIỆM HỮU HẠN DỊCH VỤ -THƯƠNG MẠI MỘT THÀNH VIÊN QUÂN TRƯỜNG","0972679880
","3703278195
"
"CÔNG TY TNHH TMDV SX YẾN XUÂN","0562873193
","3703278188
"
"CÔNG TY TNHH DỊCH VỤ TM MỸ LINH","0562305549
","3703278170
"
"CÔNG TY TNHH TƯ VẤN THIẾT KẾ XÂY DỰNG TÀI LỘC","0357612273
","3703278163
"
"CÔNG TY TNHH TMDV SX LAN ANH","0562304479
","3703278156
"
"CÔNG TY CỔ PHẦN THƯƠNG MẠI LOGISTICS TRUNG HIẾU","0927622919
","3703278149
"
"CÔNG TY TNHH D T SELLER SHIP","0789934696
","3703278131
"
"CÔNG TY TNHH CÔNG NGHỆ LÊ THÀNH","0828718718
","3703278068
"
"CÔNG TY TNHH ĐỊNH CƯ KD TM VÀ DV VIFAST","0988061431
","3703278050
"
"CÔNG TY TNHH DỊCH VỤ TMSX QUÝ PHÁT","0562987218
","3703278043
"
"CÔNG TY TNHH DVTM SẢN XUẤT LÂM HOA","0562391287
","3703278036
"
"CÔNG TY TNHH VERNOM BLACK","0376064812
","3703278029
"
"CÔNG TY TNHH VPNN COPPORATION","0522192778
","3703277995
"
"CÔNG TY TNHH HỌC VIỆN CÔNG NGHỆ DỮ LIỆU SỐ","0979128773
","3703277988
"
"CÔNG TY TNHH DỊCH VỤ SẢN XUẤT QUÝ LỘC","0823142977
","3703277970
"
"CÔNG TY TNHH D.TECH SHIPFDEX","0964596832
","3703277963
"
"CÔNG TY TNHH MTV DỊCH VỤ THƯƠNG MẠI QUANG DUY","0823142977
","3703277811
"
"CÔNG TY TNHH DV QDTT","0568562162
","3703278011
"
"CÔNG TY TNHH THƯƠNG MẠI SẢN XUẤT XN","0984687745
","3703278276
"
"CÔNG TY TNHH MAY MẶC THẢO ANH","0898496246
","3703278124
"
"CÔNG TY CỔ PHẦN SẢN XUẤT CÁP NHỰA VĨNH KHÁNH","02743751501
","3703278004
"
"CÔNG TY TNHH SẢN XUẤT CÔNG NGHIỆP THƯƠNG MẠI DỊCH VỤ HTH","0918268534
","3703277956
"
"CÔNG TY TNHH BIG FIVE STAR","0931875948
","3703277762
"
"CÔNG TY TNHH MTV DỊCH VỤ TIẾN PHONG","0896873179
","3703277459
"
"CÔNG TY CỔ PHẦN ECOPLAST BÌNH DƯƠNG","0818344722
","3703277804
"
"CÔNG TY TNHH TMDV BENETT","0773190415
","3703277794
"
"CÔNG TY TNHH DỊCH VỤ THƯƠNG MẠI SẢN XUẤT HỒNG ĐỨC","0823142977
","3703277787
"
"CÔNG TY TNHH MTV DỊCH VỤ SẢN XUẤT KIM NGÂN","0823142463
","3703277716
"
"CÔNG TY TNHH NGŨ KIM HẢI HINH","0944680089
","3703277466
"
"CÔNG TY TNHH DỊCH VỤ THƯƠNG MẠI TRÍ MINH","0823142463
","3703277723
"
"CÔNG TY TNHH PHÁT TRIỂN GIÁO DỤC PHÚC MỸ HƯNG","0911516196
","3703277850
"
"CÔNG TY TNHH CÔNG NGHIỆP VIỆT MỚI","0374054938
","3703277836
"
"CÔNG TY TNHH ĐỘNG CƠ ĐIỆN BÀU BÀNG HD COOL","0916821379
","3703277917
"
"CÔNG TY TNHH THƯƠNG MẠI KHỞI PHÁT VN","0778851105
","3703277843
"
"CÔNG TY TNHH SAM BILLIARDS VIỆT NAM","0326223456
","3703277924
"
"CÔNG TY TNHH MỘT THÀNH VIÊN POLY SINOCHEM","0979209661
","3703277882
"
"CÔNG TY TNHH PHÁT TRIỂN CÔNG NGHỆ MAXEDGE","8613918873638
","3703277603
"
"CÔNG TY TNHH QUỐC TẾ VVS","88648532585
","3703277829
"
"CÔNG TY TNHH CÔNG NGHỆ HUIQUANFENG (VIỆT NAM)","0775170890
","3703277586
"
"CÔNG TY TNHH MTV THƯƠNG MẠI DỊCH VỤ BẤT ĐỘNG SẢN CƯỜNG THỊNH","0772949888
","3703277392
"
"CÔNG TY TNHH PRIME CRAFT","02743990886
","3703277378
"
"CÔNG TY TNHH HUA DING VN","0981899582
","3703277434
"
"CÔNG TY TNHH PHẦN MỀM NEWROAD","0777054322
","3703277642
"
"CÔNG TY TNHH NỘI THẤT HẠO BÁC VIỆT NAM","0353587080
","3703277748
"
"CÔNG TY TNHH GỖ VÀ XÂY DỰNG VĨNH HƯNG","0967430225
","3703277699
"
"CÔNG TY TNHH QUẢNG DỤ PHÁT","0775170890
","3703277674
"
"CÔNG TY TNHH TMDV WALLMART","0775122064
","3703277667
"
"CÔNG TY TNHH THƯƠNG MẠI DỊCH VỤ XUẤT NHẬP KHẨU NGÔI SAO ĐỎ","0923154905
","3703277561
"
"CÔNG TY TNHH THƯƠNG MẠI PHÁT MỸ","0329757467
","3703277522
"
"CÔNG TY TNHH XÂY DỰNG PHƯƠNG ĐÔNG NAM","0981957549
","3703277508
"
"CÔNG TY TNHH ĐẦU TƯ TỔNG HỢP ĐẠI THẮNG","0899615139
","3703277480
"
"CÔNG TY TNHH THƯƠNG MẠI GAUSSIAN (NỘP THAY THUẾ NHÀ THẦU)","0933083308
","3703277755
"
"CÔNG TY TNHH CÔNG TRÌNH CÔNG NGHỆ KỸ THUẬT WEI CHEN","0908587192
","3703277730
"
"CÔNG TY TNHH THƯƠNG MẠI XUẤT NHẬP KHẨU BÁCH ĐỨC THỊNH VIỆT NAM","0376294396
","3703277610
"
"CÔNG TY TNHH CÔNG NGHỆ VẬT LIỆU ĐÓNG GÓI ĐẠI KHOA (VIỆT NAM)","0833200618
","3703277593
"
"CÔNG TY TNHH THƯƠNG MẠI XNK KIM TOÀN PHÁT LS","0343530655
","37032775719
"
"CÔNG TY TNHH TOP ONE BEST LOGISTICS","02835354880
","3703277554
"
"CÔNG TY TNHH CÔNG NGHỆ THIẾT BỊ THÔNG MINH HUIER (VIỆT NAM)","0376294396
","3703277385
"
"CÔNG TY TNHH DỊCH VỤ THƯƠNG MẠI SX NGỌC HẢI","0816601143
","3703277681
"
"CÔNG TY TNHH SẢN PHẨM ACRYLIC YING HUI","0379979757
","3703277547
"
"CÔNG TY TNHH VÂN NGUYỄN FOOD VN","05644441986
","3703277498
"
"CÔNG TY TNHH SẢN PHẨM GIẤY HE YI XING VIỆT NAM","02743548507
","3703277473
"
"CÔNG TY TNHH MTV KHẢI VINH","0363060861
","3703277441
"
"CÔNG TY TNHH TMDV THE STARS","0896476129
","3703277515
"
"CÔNG TY TNHH DỊCH VỤ SẢN XUẤT LÂM PHÚC","0823142463
","3703277709
"
"CÔNG TY TNHH DỊCH VỤ THƯƠNG MẠI KHẢI HOÀN","0816601143
","3703277635
"
"CÔNG TY TNHH TMDV QUÝ TƯỜNG","0562573351
","3703277628
"
"CÔNG TY TNHH TM DV ĐẠI PHÁT ĐƯỢC","0776481693
","3703277427
"
"CÔNG TY TNHH THƯƠNG MẠI DỊCH VỤ LIÊM VĂN VN","0879376653
","3703277402
"
"CÔNG TY TNHH NHA KHOA HƯNG BÌNH AN","0922312828
","3703277177
"
"CÔNG TY TNHH TESI VIỆT NAM","0904374575
","3703277152
"
"CÔNG TY TNHH ARTISAN WOODCRAFT","0967157960
","3703277145
"
"CÔNG TY TNHH MTV THƯƠNG MẠI XÂY DỰNG VÀ BẤT ĐỘNG SẢN LỘC PHÁT","0944415511
","3703277201
"
"CÔNG TY TNHH THƯƠNG MẠI TƯ TRANG ĐÀO","0778676710
","3703277353
"
"CÔNG TY TNHH TM XÂY DỰNG NĂM NGUYỄN","0978459013
","3703277240
"
"CÔNG TY TNHH KINH DOANH - THƯƠNG MẠI - DỊCH VỤ THE LIGHT","0586723513
","3703277360
"
"CÔNG TY TNHH ĐIỆN CÔNG NGHIỆP ĐỨC DUY","0978091998
","3703277346
"
"CÔNG TY TNHH SX TM HOÀNG MINH LONG","0383638079
","3703277265
"
"CÔNG TY TNHH THƯƠNG MẠI DỊCH VỤ KG PETRO","0935883398
","3703277258
"
"CÔNG TY TNHH JIN CHENG VIỆT NAM","02743990200
","370327713
"
"CÔNG TY TNHH KINH DOANH DỊCH VỤ Ô TÔ BẰNG TRÌ","0588312910
","3703277064
"
"CÔNG TY TNHH TMDV SX NGUYỄN THU HẰNG","0562215545
","3703277307
"
"CÔNG TY TNHH TMDV SX GIA KHANG","0562879871
","3703277321
"
"CÔNG TY TNHH TM VT HẢI ĐĂNG","0941158213
","3703277314
"
"CÔNG TY TNHH THƯƠNG MẠI DỊCH VỤ CHO THUÊ XE Ô TÔ VIỄN HÀNG","0375349796
","3703277191
"
"CÔNG TY TNHH MTV DỊCH VỤ SẢN XUẤT TRÍ MINH","0816601143
","3703277089
"
"CÔNG TY TNHH TMDV SẢN XUẤT QUỐC TUẤN","0562563321
","3703277219
"
"CÔNG TY TNHH XUẤT NHẬP KHẨU JIAHE","0931795677
","3703277184
"
"CÔNG TY TNHH DỊCH VỤ TM BẢO ÂN","0562321843
","3703277106
"
"CÔNG TY TNHH TMDV TRẦN THÀNH PHƯỚC","0562325584
","3703277096
"
"CÔNG TY TNHH TMDV SX THIÊN KHÔI","0562125394
","3703277057
"
"CÔNG TY TNHH SẮT THÉP THIỆN THẮNG","0928379090
","3703277339
"
"CÔNG TY TNHH MỘT THÀNH VIÊN GẠO PHƯỚC LỘC","0978816957
","3703277138
"
"CÔNG TY TNHH GIÁO DỤC SONG NGỮ TRUNG - ANH ÁNH SÁNG","0879398886
","3703277120
"
"CÔNG TY TNHH CƠ KHÍ VÀ XÂY DỰNG THÙY THANH","0974973119
","370327701
"
"CÔNG TY TNHH YOSUN PLASTIC VIỆT NAM (NỘP THAY THUẾ NHÀ THẦU)","0392308378
","3703277272
"
"CÔNG TY TNHH PHÁT ĐẠT WOOD (NỘP THAY THUẾ NHÀ THẦU)","0927187679
","3703277297
"
"CÔNG TY TNHH MTV THƯƠNG MẠI DỊCH VỤ NGỌC PHƯƠNG TOÀN","0779240370
","3703277233
"
"CÔNG TY TNHH THƯƠNG MẠI DỊCH VỤ XÂY DỰNG ÁNH HỒNG CN","0879376213
","3703277226
"
"CÔNG TY CỔ PHẦN EXPRESS NAM LONG","0943195628
","3703277032
"
"CÔNG TY TNHH THƯƠNG MẠI QUỐC TẾ ANPEI","0388671198
","3703276977
"
"CÔNG TY TNHH SX TM XÂY DỰNG PHAN LẬP","0944412522
","3703276857
"
"CÔNG TY TNHH DƯƠNG NAM TIẾN","0903797938
","3703276818
"
"CÔNG TY TNHH XÂY DỰNG QUANG TRÌNH YÊN","0779051096
","3703276695
"
"CÔNG TY TNHH THƯƠNG MẠI XÂY DỰNG ÁNH DƯƠNG XANH","0776793695
","3703276991
"
"CÔNG TY TNHH TMDV DƯƠNG MINH SANG","0562654868
","3703276800
"
"CÔNG TY TNHH PHẦN MỀM WINDRAIN","0777189322
","3703277018
"
"CÔNG TY TNHH PHẦN MỀM SUNNYFLOWER","0777882342
","3703276984
"
"CÔNG TY TNHH THƯƠNG MẠI DỊCH VỤ VẬN TẢI DUY TIẾN","0528842886
","3703276889
"
"CÔNG TY TNHH ĐÀO TẠO KỸ THUẬT VÀ THƯƠNG MẠI DUY CƯỜNG","0985234966
","3703277025
"
"CÔNG TY CỔ PHẦN ĐẦU TƯ HEARTLINK GROWTH","0911414555
","3703277000
"
"CÔNG TY TNHH CÔNG NGHIỆP YULONG","0379795705
","3703276906
"
"CÔNG TY TNHH TM-DV TÂM UYÊN","0929910890
","3703276896
"
"CÔNG TY TNHH MTV XÂY DỰNG GIA LỘC","0562585884
","3703276790
"
"CÔNG TY TNHH MTV DỊCH VỤ TM HÙNG VIỆT","0562987563
","3703276783
"
"CÔNG TY TNHH SX TM CHI BỬU","0904884277
","3703276776
"
"CÔNG TY TNHH SX TM DV XNK BẢO HỘ LAO ĐỘNG HUY HOÀNG","0903773459
","3703276769
"
"CÔNG TY TNHH DV XÂY DỰNG DƯƠNG MINH HOÀNG","0562556348
","3703276751
"
"CÔNG TY TNHH TM DV THỊNH PHÁT ĐẠT","0982382382
","3703276744
"
"CÔNG TY TNHH LONIZE","0384086521
","3703276737
"
"CÔNG TY TNHH DỊCH VỤ XD VĂN TUẤN","0562545585
","3703276712
"
"CÔNG TY TNHH SẢN XUẤT PHÁT TRIỂN TMDV TGC","0357612273
","3703276705
"
"CÔNG TY TNHH DỊCH VỤ TM&SX CÔNG THÀNH","0562654843
","3703276688
"
"CÔNG TY TNHH THƯƠNG MẠI TUẤN ANH ĐẠT NGUYÊN","0778712893
","3703276670
"
"CÔNG TY TNHH MTV ĐẦU TƯ TỔNG HỢP LINH AN","0898563345
","3703276663
"
"CÔNG TY TNHH TMDV ĐT QUANG MINH","0562355196
","3703276864
"
"CÔNG TY TNHH THƯƠNG MẠI XUẤT NHẬP KHẨU TÂN LỢI PHONG","0363060861
","3703276832
"
"CÔNG TY TNHH DV XÂY DỰNG THÀNH TRUNG","0562251575
","3703276825
"
"CÔNG TY TNHH TM TỔNG HỢP PHÁT TRIỂN THÀNH CÔNG","0927618341
","3703276409
"
"CÔNG TY TNHH THƯƠNG MẠI DỊCH VỤ XÂY DỰNG THANH THANH PHAN NNV","0879377613
","3703276912
"
"CÔNG TY TNHH TẬP ĐOÀN MILAGROS VIỆT NAM","0379557972
","3703276938
"
"CÔNG TY TNHH MTV CƠ KHÍ XÂY DỰNG PHÚC ANH","0947753566
","3703276920
"
"CÔNG TY TNHH MENG KANG VIỆT NAM","03690321980
","3703276952
"
"CÔNG TY TNHH GÀ ĐẦU TO","0963541668
","3703276568
"
"CÔNG TY CỔ PHẦN THE NEWSTAR GROUP","0962127988
","3703276550
"
"CÔNG TY TNHH ĐIỆN CƠ MENG FA VIỆT NAM","02743686635
","3703276543
"
"CÔNG TY TNHH BẢO VỆ MÔI TRƯỜNG TRUNG - VIỆT","0862382823
","3703276511
"
"CÔNG TY TNHH QUỐC TẾ SANKAYOU","0353022083
","3703276945
"
"CÔNG TY TNHH DỊCH VỤ TỔNG HỢP DU THIÊN","0899185079
","3703276649
"
"CÔNG TY TNHH MTV TIẾN THÀNH TÍN","0898769839
","3703276631
"
"CÔNG TY TNHH DỊCH VỤ TỔNG HỢP QUỐC MINH AN","0896527839
","3703276624
"
"CÔNG TY TNHH TM DV VẬN CHUYỂN ĐỒNG ANH LOGISTICS","0917171831
","3703276455
"
"CÔNG TY TNHH THƯƠNG MẠI VÀ CHẾ BIẾN GỖ THÀNH THÀNH PHÁT","0776793325
","3703276448
"
"CÔNG TY TNHH THƯƠNG MẠI DỊCH VỤ VÀ THIẾT BỊ THUẬN HÒA","836997939
","3703276423
"
"CÔNG TY TNHH THƯƠNG MẠI NGUYÊN ĐẠT ANH THU","0898506968
","3703276399
"
"CÔNG TY TNHH TM DV GIẢI PHÁP THI CÔNG HBCONS","0902843255
","3703276381
"
"CÔNG TY TNHH DVDT","0338415665
","3703276374
"
"CÔNG TY TNHH LEMBAK VIỆT NAM (NỘP HỘ NTNN)","12627979032
","3703276656
"
"CÔNG TY TNHH SMARTWOOD VIỆT NAM","0329793777
","3703276575
"
"CÔNG TY TNHH SHIJIE HOME & LIVING","0976720502
","3703276462
"
"CÔNG TY TNHH DỊCH VỤ VÀ THƯƠNG MẠI ĐẠI TRỌNG NGUYÊN","0965184371
","3703276430
"
"CÔNG TY TNHH THỰC PHẨM HỒNG THỊNH","0989494165
","3703276367
"
"CÔNG TY TNHH DỊCH VỤ TM&SX VĂN NHÂN","0562835255
","3703276617
"
"CÔNG TY TNHH ĐẦU TƯ PT TMDV HỒNG NGÂN","0774439387
","3703276342
"
"CÔNG TY TNHH ZHONGLI","0862292457
","3703276335
"
"CÔNG TY CỔ PHẦN CÔNG NGHỆ THÔNG TIN ÂU VIỆT","0946847718
","3703276416
"
"CÔNG TY CỔ PHẦN TMDV SẢN XUẤT NHỰA VĨNH KHÁNH","0985921222
","3703276582
"
"CÔNG TY TNHH THƯƠNG MẠI DỊCH VỤ TỨ ĐỈNH VIỆT","0908158680
","3703276529
"
"CÔNG TY TNHH SẢN XUẤT THƯƠNG MẠI GỖ CƯỜNG THỊNH PHÁT","0985350481
","3703276504
"
"CÔNG TY TNHH MB VIETNAM COSMETICS","0898989978
","3703276494
"
"CÔNG TY TNHH DỊCH VỤ BẢO VỆ BTC","0906616066
","3703276487
"
"CÔNG TY TNHH HỒNG NGỌC ASIA","0901361515
","3703276536
"
"CÔNG TY TNHH TM DV XUẤT NHẬP KHẨU TIẾN THẮNG","0528811808
","3703276085
"
"CÔNG TY TNHH S-POWER ENERGY","0867212383
","370327641
"
"CÔNG TY TNHH THƯƠNG MẠI ĐIỆN TỬ QUỐC TẾ MACYS","0325681066
","3703276127
"
"CÔNG TY TNHH THƯƠNG MẠI DỊCH VỤ 39 MOTOR STORE","0817777766
","3703276102
"
"CÔNG TY TNHH CÔNG TY TNHH MTV DV VẬN TẢI SƠN THÀNH","0985080575
","3703276078
"
"CÔNG TY TNHH CHÂU HOÀNG PHÚC","0946092679
","3703276060
"
"CÔNG TY CỔ PHẦN TRẠM SẠC VIỆT NAM","0914397999
","3703276053
"
"CÔNG TY TNHH THƯƠNG MẠI QUỐC TẾ MATT","0792605214
","3703276046
"
"CÔNG TY TNHH THƯƠNG MẠI - XÂY DỰNG VÀ XUẤT NHẬP KHẨU HẢI DUNG PHÁT","09328890379
","3703276014
"
"CÔNG TY TNHH DỊCH VỤ ĐẦU TƯ ĐẠI AN","0934412761
","3703276007
"
"CÔNG TY TNHH TM DV HẬU PHƯƠNG DĨ AN","0898094353
","3703276286
"
"CÔNG TY TNHH THƯƠNG MẠI DỊCH VỤ MINH ANH THƯ","0985422658
","3703276279
"
"CÔNG TY TNHH DỊCH VỤ CÔNG NGHỆ ELINKIP","0862623068
","3703276222
"
"CÔNG TY TNHH THƯƠNG MẠI SẢN XUẤT THANH HUYỀN PHÁT","0357863287
","3703276208
"
"CÔNG TY TNHH DỊCH VỤ TỔNG HỢP HỮU MINH TÂM","0973946653
","3703276198
"
"CÔNG TY TNHH XÂY DỰNG VÀ VẬN TẢI HẢI MY HM","0962470044
","3703276180
"
"CÔNG TY TNHH DỊCH VỤ TMSX KIM NGÂN","0562525568
","3703276173
"
"CÔNG TY TNHH XUẤT NHẬP KHẨU ÁNH SAO ĐÊM","0768390950
","3703276166
"
"CÔNG TY TNHH ĐẦU TƯ XÂY DỰNG LONG DUYÊN","0919251940
","3703276134
"
"CÔNG TY TNHH THƯƠNG MẠI DỊCH VỤ EB VN","0393329302
","3703276092
"
"CÔNG TY TNHH SẢN XUẤT GIA DỤNG WEN DE LI VIỆT NAM","0968921808
","3703276021
"
"CÔNG TY TNHH VŨ PHONG VIỆT NAM","0977952995
","3703275998
"
"CÔNG TY TNHH MTV HUỆ THÀNH PHÁT","0933698071
","3703276328
"
"CÔNG TY TNHH DIGITAL TECHNOLOGY STANDARD","0374305005
","3703276310
"
"CÔNG TY TNHH MTV TRANG ANNA","0975798275
","3703276303
"
"CÔNG TY TNHH THƯƠNG MẠI VÀ DỊCH VỤ DẠ CHÂU","0386408934
","3703276293
"
"CÔNG TY TNHH TMDV CHẾ BIẾN VÀ SẢN XUẤT HOÀNG HÀ","0562654646
","3703276261
"
"CÔNG TY TNHH THƯƠNG MẠI DỊCH VỤ SẢN XUẤT HUỆ LINH","0562654646
","3703276254
"
"CÔNG TY TNHH THƯƠNG MẠI VÀ DỊCH VỤ TỔNG HỢP LINH AIVA","0902374807
","3703276247
"
"CÔNG TY TNHH VẬN TẢI HỒNG GẤM BÌNH DƯƠNG","0973673232
","3703276215
"
"CÔNG TY TNHH THƯƠNG MẠI DỊCH VỤ TÚ TÚ UYÊN","0878179912
","3703276159
"
"CÔNG TY TNHH DỊCH VỤ CẦU ĐƯỜNG AN NHIÊN","0987384248
","3703276039
"
"CÔNG TY TNHH HOÀNG HƯNG ĐÌNH","0775936889
","3703275980
"
"CÔNG TY TNHH THƯƠNG MẠI DỊCH VỤ XÂY DỰNG HIẾU NGHĨA VINA","0789657805
","3703275973
"
"CÔNG TY TNHH TMDV SẢN XUẤT HOÀNG KHƯƠNG","0562351355
","3703275934
"
"CÔNG TY TNHH KIM LOẠI ZHONGSEN","0979716923
","3703275927
"
"CÔNG TY TNHH XNK NÔNG SẢN - THƯƠNG MẠI - DỊCH VỤ - DU LỊCH MINH HÙNG","0908107580
","3703275902
"
"CÔNG TY TNHH WOODENWARE","0908000155
","3703275966
"
"CÔNG TY TNHH DỊCH VỤ SX THANH NGỌC","0562542546
","3703275959
"
"CÔNG TY TNHH TMDV HTX","0337219088
","3703275941
"
"CÔNG TY TNHH MAY MẶC THỜI TRANG NGUYÊN VẬT LIỆU FASHION SHOW","0937723325
","3703275892
"
"CÔNG TY CỔ PHẦN TV XD DQ","0899063721
","3703275853
"
"CÔNG TY TNHH PHÁT TRIỂN TM DV TÀI DƯƠNG","0914531878
","3703275885
"
"CÔNG TY TNHH THƯƠNG MẠI DỊCH VỤ QUẢNG CÁO ST DESIGN","0963333576
","3703275878
"
"CÔNG TY TNHH THƯƠNG MẠI VÀ DỊCH VỤ THÀNH HƯNG T&H","0971621279
","37032757197
"
"CÔNG TY TNHH SX TM DV XNK KIM THÀNH PHÁT","0985147004
","3703275740
"
"CÔNG TY TNHH TMDV KIRATO","0963156354
","3703275860
"
"CÔNG TY TNHH KIM SƠN (TKS)","0815189658
","3703275814
"
"CÔNG TY TNHH THƯƠNG MẠI DỊCH VỤ KỸ THUẬT LINH DUY PHÁT","0977470397
","3703275758
"
"CÔNG TY TNHH TMDV ĐT&SX MINH NGHĨA","0562354833
","3703275821
"
"CÔNG TY TNHH ĐẦU TƯ KINH DOANH THIẾT KẾ NGỌC NHI PLUS","0563709427
","3703275807
"
"CÔNG TY TNHH THƯƠNG MẠI MÁY BACCI","0976495172
","3703275772
"
"CÔNG TY TNHH HUA GUANG XIN GANG HGXG","0703895155
","3703275733
"
"CÔNG TY TNHH TM DV VẬN TẢI - DU LICH TỔNG HỢP DOLPHIN","0898676502
","3703275726
"
"CÔNG TY TNHH PHÁT TRIỂN TM DV LÊ DUNG","0912718078
","3703275846
"
"CÔNG TY TNHH TMDV SẢN XUẤT HOÀNG HẢI","05623513355
","3703275839
"
"CÔNG TY TNHH XÂY DỰNG THƯƠNG MẠI TỔNG HỢP HÙNG TÀI","0788920806
","3703275765
"
"CÔNG TY TNHH SKYPATH INTERNATIONAL","0583962766
","3703275652
"
"CÔNG TY TNHH THANG MÁY YD EXPRESS VIỆT NAM","0564522539
","3703275645
"
"CÔNG TY TNHH NQH FURNITURE","0589297542
","3703275620
"
"CÔNG TY TNHH QUANG PHONG ACRYLIC VIETNAM","0372202858
","3703275613
"
"CÔNG TY TNHH NỘI THẤT TRAYTON VIỆT NAM","85237023014
","3703275589
"
"CÔNG TY TNHH REBEC INDUSTRY (VIỆT NAM)","0385790888
","3703275511
"
"CÔNG TY TNHH NGUYỄN QUỐC BD","0365826953
","3703275500
"
"CÔNG TY TNHH LOGISTICS SUNNY WING","0773511393
","3703275701
"
"CÔNG TY CỔ PHẦN ĐÀO QUÂN","0899063721
","3703275451
"
"CÔNG TY CỔ PHẦN CÔNG NGHỆ ĐA QUỐC GIA VIỆT MỸ","0943195628
","3703275412
"
"CÔNG TY TNHH TMDV SX NAM HƯNG","0908929042
","3703275719
"
"CÔNG TY TNHH TM DV ĐỒNG LỢI","0913860900
","370327560
"
"CÔNG TY TNHH BITC HTX","0938004782
","3703275684
"
"CÔNG TY TNHH THƯƠNG MẠI DỊCH VỤ SX KHÁNH TÂN","0562654645
","3703275525
"
"CÔNG TY TNHH BATYAE","0936195514
","3703275518
"
"CÔNG TY TNHH THƯƠNG MẠI DỊCH VỤ SX ĐOÀN KHẢI","0562156518
","3703275490
"
"CÔNG TY TNHH CÔNG NGHỆ BẮC Á CHÂU","0931726388
","3703275483
"
"CÔNG TY TNHH THƯƠNG MẠI DỊCH VỤ ĐẦU TƯ HỒNG HOÀNG","0987607080
","3703275476
"
"CÔNG TY TNHH THIÊN HƯNG THÁI","0326643640
","3703275469
"
"CÔNG TY TNHH THƯƠNG MẠI DỊCH VỤ XUẤT NHẬP KHẨU NGUYỄN LINH","0326126567
","3703275444
"
"CÔNG TY TNHH TMĐT KIM TÍN","0987589698
","3703275437
"
"CÔNG TY TNHH TMDV MẠNH THẮNG","0939154929
","3703275405
"
"CÔNG TY TNHH TMDV PHÁT HOÀNG DUY","0914442135
","3703275395
"
"CÔNG TY TNHH KI-HU VIỆT NAM","0985971386
","3703275388
"
"CÔNG TY TNHH DVBV TẬP ĐOÀN AN NINH ĐẠI QUANG","0912476739
","3703275370
"
"CÔNG TY TNHH TMDV PHÁT VINH XUÂN","0907038944
","3703275363
"
"CÔNG TY TNHH THƯƠNG MẠI SẢN XUẤT THIẾT BỊ CÔNG NGHIỆP TRUNG VIỆT","0909113852
","3703275356
"
"CÔNG TY TNHH NỘI THẤT APEXFUR","0909466225
","3703275349
"
"CÔNG TY TNHH THƯƠNG MẠI DỊCH VỤ NGUYỄN THẮM","0878174432
","3703275331
"
"CÔNG TY TNHH TMDV IN ẤN QUẢNG CÁO VĂN PHÒNG PHẨM DUY HƯNG VN","0925795687
","3703275638
"
"CÔNG TY TNHH MTV TMDV XÂY DỰNG CƠ KHÍ MÁY MÓC LỘC PHÁT","0896425739
","3703275596
"
"CÔNG TY TNHH SANJIA VIỆT NAM","0937320185
","3703275532
"
"CÔNG TY TNHH SM PREMIUM","0902599612
","3703275324
"
"CÔNG TY TNHH LINH KIỆN TỰ ĐỘNG QUANG MINH","0969608618
","3703275606
"
"CÔNG TY TNHH ĐT NGUYÊN BẢO HÀ","0563188404
","3703275557
"
"CÔNG TY TNHH THƯƠNG MẠI VÀ DỊCH VỤ TRÀ MỸ","0395694747
","3703275317
"
"CÔNG TY TNHH GIẤY XUÂN HẰNG","02747302535
","3703275282
"
"CÔNG TY TNHH MTV GỖ QUỐC HÀ","0933482326
","3703275564
"
"CÔNG TY TNHH DT VCLUB","0382855411
","3703274962
"
"CÔNG TY TNHH DỆT MAY NHẬT THIÊN","0376978476
","3703274955
"
"CÔNG TY TNHH THƯƠNG MẠI DỊCH VỤ NÔNG NGHIỆP NGÔ ANH VŨ","0969125031
","3703274930
"
"CÔNG TY TNHH TM DV JARVIS WORLD","0947627586
","3703274916
"
"CÔNG TY TNHH BỆNH VIỆN MẮT SÀI GÒN - THỦ DẦU MỘT","0982422446
","3703274899
"
"CÔNG TY TNHH SẢN XUẤT THƯƠNG MẠI TÀI LỘC PHÁT FURNITURE","0979036532
","3703274948
"
"CÔNG TY TNHH MỘT THÀNH VIÊN AN GIA ELECTRIC","0855456618
","3703275268
"
"CÔNG TY TNHH THƯƠNG MẠI DỊCH VỤ THERMOKING CHẤN LONG","0939432503
","3703275243
"
"CÔNG TY TNHH DV&TM ADS VIỆT NAM","0931242639
","3703275236
"
"CÔNG TY TNHH DV VCLUP","0888120503
","3703275229
"
"CÔNG TY TNHH CÔNG TY TNHH THƯƠNG MẠI VÀ DỊCH VỤ NGỌC THÀNH PHÁT","0979677334
","3703275194
"
"CÔNG TY TNHH PHÁT TRIỂN THƯƠNG MẠI DỊCH VỤ THIÊN HOA","0794078343
","3703275275
"
"CÔNG TY TNHH KINH DOANH THƯƠNG MẠI SUNNY","0933621093
","3703275211
"
"CÔNG TY TNHH MTV TƯ VẤN THIẾT KẾ XÂY DỰNG ANH QUÂN","0356063243
","3703275250
"
"CÔNG TY TNHH TMDV BÌNH EMA","0914442335
","3703275204
"
"CÔNG TY TNHH TM - DV MINH THÀNH DIAN","0933545338
","3703275187
"
"CÔNG TY TNHH TMDV THANH THANH MAI BD II","0939154929
","3703275155
"
"CÔNG TY TNHH MTV THIẾT KẾ NỘI THẤT GỖ MINH QUÂN","0562146149
","3703275123
"
"CÔNG TY TNHH DỊCH VỤ CƠ KHÍ TỨ QUÝ","0902190361
","3703275109
"
"CÔNG TY TNHH NGŨ KIM TRÌNH KHÂM","0786482886
","3703275081
"
"CÔNG TY CỔ PHẦN ĐẦU TƯ HUỲNH NGUYỄN VN","0937377752
","3703275067
"
"CÔNG TY TNHH DTPT VCLUB","0937824414
","3703275035
"
"CÔNG TY TNHH THƯƠNG MẠI XÂY DỰNG XUÂN THANH TIẾN","0898855768
","3703275010
"
"CÔNG TY TNHH SẢN PHẨM KIM LOẠI CẨM CHÂU","0938903222
","3703274994
"
"CÔNG TY TNHH XÂY DỰNG THƯƠNG MẠI ANH PHÁT TIẾN","0896939429
","3703274987
"
"CÔNG TY TNHH MTV TỔNG HỢP PHÚC NGUYÊN","0933087936
","3703274923
"
"CÔNG TY TNHH TRẦN ĐÌNH HÀ","0764846153
","3703274874
"
"CÔNG TY TNHH DV HOÀNG MINH HOÀNG","0938902556
","3703275162
"
"CÔNG TY TNHH KINH DOANH XUẤT NHẬP KHẨU THƯƠNG MẠI HÀ TRANG","0899438883
","3703275148
"
"CÔNG TY CỔ PHẦN HOME DECOR GROUP","0918509889
","3703275130
"
"CÔNG TY TNHH QUẢNG CÁO - TRUYỀN THÔNG NGỌC VÀNG MEDIA","0922415907
","3703275116
"
"CÔNG TY TNHH THƯƠNG MẠI DỊCH VỤ PHONG HUẤN","0878177057
","3703275099
"
"CÔNG TY TNHH ĐẦU TƯ TƯ VẤN THIẾT KẾ XÂY DỰNG AN PHÚC KHANG","0932232539
","3703275074
"
"CÔNG TY TNHH TMDV ĐT QUÂN ANH","0562684218
","3703275042
"
"CÔNG TY TNHH DỆT KIM XNK GIA PHÚC","0927600208
","3703275028
"
"CÔNG TY TNHH TMDV SẢN XUẤT KIM QUANG","0562126553
","3703275003
"
"CÔNG TY TNHH CÔNG NGHỆ HẬU XUYÊN VIỆT NAM","0981744229
","3703274909
"
"CÔNG TY TNHH TM DV ĐĂNG KHOA FOOD","0965846878
","3703274881
"
"CÔNG TY TNHH CÔNG NGHỆ KIM LỆ NGUYÊN","0937586219
","3703274793
"
"DOANH NGHIỆP TƯ NHÂN THUẦN NGUYỄN VIỆT","0838383395
","3703274786
"
"CÔNG TY TNHH KHAI THÁC GỖ CHÂU KỲ","0333701077
","3703274828
"
"CÔNG TY TNHH XÂY DỰNG KỸ THUẬT THƯƠNG MẠI HUAQINGDA VIỆT NAM","0378269606
","3703274835
"
"CÔNG TY TNHH MEGA CABINETRY (VIỆT NAM)","02743683698
","3703274810
"
"CÔNG TY TNHH VẬN TẢI NHANH THUẬN","0799154201
","3703274867
"
"CÔNG TY TNHH XUẤT NHẬP KHẨU THƯƠNG MẠI DỊCH VỤ G & K","0903714107
","3703274666
"
"CÔNG TY TNHH THƯƠNG MẠI DỊCH VỤ BÙI DANH","0563742404
","3703274842
"
"CÔNG TY TNHH MTV THƯƠNG MẠI DỊCH VỤ XUÂN VIỆT","0938453258
","3703274779
"
"CÔNG TY TNHH THIẾT BỊ THÔNG MINH YUANYI VIỆT NAM","0775170890
","3703274754
"
"CÔNG TY TNHH SX TMDV THỰC PHẨM FAMI","0928117448
","3703274747
"
"CÔNG TY TNHH NHÀ HÀNG KARAOKE VSIP","02743635555
","3703274722
"
"CÔNG TY TNHH MTV TMDV VẬN TẢI & PHỤ TÙNG Ô TÔ THÀNH HUY","02866755539
","3703274715
"
"CÔNG TY TNHH TMDV ĐT PHÚ GIA HƯNG","0562165654
","3703274708
"
"CÔNG TY TNHH THƯƠNG MẠI TRÊN RON CARTER","0332445956
","3703274698
"
"CÔNG TY TNHH THIẾT BỊ ĐIỆN SMART SOLAR","0927770999
","3703274680
"
"CÔNG TY TNHH THƯƠNG MẠI ĐẦU TƯ MTV KHANG THỊNH","0856695251
","3703274673
"
"CÔNG TY TNHH THƯƠNG MẠI DỊCH VỤ KHANH NHỰT","0921977605
","3703274659
"
"CÔNG TY TNHH TẬP ĐOÀN ĐA QUỐC GIA CKP","090955302709095
","3703274641
"
"CÔNG TY TNHH KINH DOANH ĐẦU TƯ DỊCH VỤ TT TUYẾT AN","0921970693
","3703274634
"
"CÔNG TY TNHH DIGITAL TECHNOLOGY TIME","0963155949
","3703274592
"
"CÔNG TY TNHH KEESON (BÌNH DƯƠNG) (NỘP HỘ NTNN)",,"3703274803
"
"CÔNG TY TNHH GIÁO DỤC VÀ THƯƠNG MẠI SGC THUẬN AN","0358685766
","3703274465
"
"CÔNG TY CỔ PHẦN LEGIA GLOBAL","0362234124
","3703274218
"
"CÔNG TY TNHH LƯU CHIẾN HỒNG","0975205097
","3703274627
"
"CÔNG TY TNHH QUẢN LÝ CHUỖI CUNG ỨNG QUỐC TẾ HƯNG THỊNH","0877359796
","3703274144
"
"CÔNG TY TNHH DỊCH VỤ ĐẦU TƯ VÀ XÂY DỰNG PHÚC THỊNH","0983883988
","3703274761
"
"CÔNG TY TNHH WORLD SYMBOL VIỆT NAM","0085298508427
","3703274338
"
"CÔNG TY TNHH TMDV SX NGUYỄN ANH","0562358554
","3703274472
"
"CÔNG TY TNHH SẢN XUẤT HỢP THUẬN PHÁT","0346757012
","3703274458
"
"CÔNG TY TNHH THƯƠNG MẠI DỊCH VỤ TƯỜNG DŨNG","0878175270
","3703274433
"
"CÔNG TY TNHH THƯƠNG MẠI DỊCH VỤ HOÀNG TRUNG TRỰC","0879376841
","3703274419
"
"CÔNG TY TNHH THƯƠNG MẠI DỊCH VỤ THỌ AN KHANG","0878175170
","3703274401
"
"CÔNG TY TNHH TM NGŨ KIM ĐẠI HỢP TIẾN","0586598582
","3703274384
"
"CÔNG TY TNHH DV TM HẰNG LỘC PHÁT","0392044784
","3703274585
"
"CÔNG TY TNHH THƯƠNG MẠI DỊCH VỤ PHẠM TÚY","0878179876
","3703274578
"
"CÔNG TY TNHH THƯƠNG MẠI PHONG SHENG","0387063301
","3703274514
"
"CÔNG TY TNHH TMDV VÀ SX LÝ MINH","0562346546
","3703274497
"
"CÔNG TY TNHH THƯƠNG MẠI DỊCH VỤ VĂN THÀNH NGUYỄN","0878175370
","3703274440
"
"CÔNG TY TNHH DỊCH VỤ CƠ ĐIỆN NGŨ KIM CƯỜNG TÀI","0799154201
","3703274377
"
"CÔNG TY TNHH TINH HẢI","0969692084
","3703274352
"
"CÔNG TY TNHH THƯƠNG MẠI DỊCH VỤ VÂN MINH MINH","0878175231
","3703274345
"
"CÔNG TY TNHH SX-TM-DV CƠ KHÍ CƯỜNG THỊNH","0822558182
","3703274320
"
"CÔNG TY TNHH CÔNG NGHỆ NHÃN AD LABEL","0937915538
","3703274289
"
"CÔNG TY TNHH THỰC NGHIỆP PHONG HÀNH","0387108366
","3703274507
"
"CÔNG TY TNHH VẬN TẢI VIỆT THUẬN PHÁT","0357529260
","3703274225
"
"CÔNG TY TNHH TMDV VÀ ĐẦU TƯ KINH DOANH TRẦN DŨNG","0772086425
","3703274176
"
"CÔNG TY TNHH T&T-HDV VIỆT NAM","0867212383
","3703274539
"
"CÔNG TY TNHH THƯƠNG MẠI QUỐC TẾ DA LIN","0866830168
","3703274306
"
"CÔNG TY TNHH CÔNG NGHỆ THƯƠNG MẠI VÀ DỊCH VỤ G8","0936213897
","3703274521
"
"CÔNG TY TNHH TM DV CƠ ĐIỆN LẠNH BÁCH KHOA","0903748875
","3703274296
"
"CÔNG TY TNHH XUẤT NHẬP KHẨU BAO BÌ TRƯỜNG VIỆT","0908117197
","3703274391
"
"CÔNG TY TNHH VẬT LIỆU BAO BÌ CÔNG NGHIỆP SAN YANG VIỆT NAM","02743548507
","3703274264
"
"CÔNG TY TNHH DVTM KIẾN PHÁT","0562165851
","3703274257
"
"CÔNG TY TNHH MINH PHÚC AGRI","0963806600
","3703274200
"
"CÔNG TY TNHH TMDV VŨ KHÁNH MINH","0562214249
","3703274190
"
"CÔNG TY TNHH PHÁT TRIỂN THƯƠNG MẠI DỊCH VỤ LỘC AN KHANG","0398812723
","3703274169
"
"CÔNG TY TNHH MTV THƯƠNG MẠI CƠ KHÍ HẢI YẾN TNT","0386887783
","3703274137
"
"CÔNG TY TNHH DỊCH VỤ XÂY DỰNG HỮU NGÀ","0768937217
","3703274112
"
"CÔNG TY TNHH TMDV DU LỊCH ÉN PHƯƠNG NAM","0946847718
","3703274426
"
"CÔNG TY TNHH DỊCH VỤ THƯƠNG MẠI GỖ AN BÌNH VIỆT NAM","0975561551
","3703274232
"
"CÔNG TY TNHH CƠ KHÍ CHÍNH XÁC TH-TECH","0908734453
","3703274183
"
"CÔNG TY TNHH THE SOULSOFA VN","0868941897
","3703274151
"
"CÔNG TY TNHH CƠ KHÍ MÁY MÓC KIM ĐỨC","0774439387
","3703274105
"
"CÔNG TY CỔ PHẦN XÂY DỰNG ĐẤT VÀNG PHÁT","0976500305
","3703274313
"
"UBND THÀNH PHỐ BẾN CÁT",,"3703274602
"
"TRƯỜNG MẦM NON TƯ THỤC HOA MẪU ĐƠN","0979797030
","3703274546
"
"TRƯỜNG MẦM NON TƯ THỤC TUỔI TIÊN 2","0919416982
","3703274560
"
"TRƯỜNG MẦM NON TƯ THỤC ÁNH CẦU VỒNG","0919416982
","3703274553
"
"CÔNG TY TNHH SHAMBHALA","0937316573
","3703273969
"
"CÔNG TY CỔ PHẦN ĐẦU TƯ GIÁO DỤC TRƯỜNG VIỆT MỸ","02747300268
","3703274211
"
"CÔNG TY TNHH JIUXIN VIỆT NAM","18662659100
","3703274024
"
"CÔNG TY TNHH TƯ VẤN VÀ THIẾT KẾ XÂY DỰNG THÀNH LUÂN","0768937217
","3703273990
"
"CÔNG TY TNHH MTV TƯ VẤN DỊCH VỤ TÂM VIỆT","0905376839
","3703273983
"
"CÔNG TY TNHH THƯƠNG MẠI CÔNG NGHỆ PHÁT TRIỂN NGUYÊN KHANG","0971434644
","3703274049
"
"CÔNG TY TNHH GRASACO","0862264543
","3703273976
"
"CÔNG TY TNHH SẢN XUẤT XUẤT NHẬP KHẨU HƯNG PHÁT ĐẠT","0839936868
","3703273944
"
"CÔNG TY TNHH CHẾ BIẾN GỖ ANH NHỰT Ý","0944003555
","3703274095
"
"CÔNG TY TNHH TM DV VẬN TẢI & VẬT TƯ TỔNG HỢP CÁT TƯỜNG","0898034688
","3703274088
"
"CÔNG TY TNHH THƯƠNG MẠI MAY MẶC LỘC ĐỈNH","0852698362
","3703274070
"
"CÔNG TY TNHH CHUỖI CUNG ỨNG HOA ĐẠI VIỆT NAM","0909092806
","3703274063
"
"CÔNG TY CỔ PHẦN STP GREEN GROWTH","0932166684
","3703274031
"
"CÔNG TY TNHH THƯƠNG MẠI DỊCH VỤ HƯNG CAO SU","0369518670
","3703274017
"
"CÔNG TY TNHH VẠN PHÚC NOVUS","0382825757
","3703273951
"
"CÔNG TY TNHH DV ĐẦU TƯ TM THIÊN MỘC QUANG","0931294109
","3703273937
"
"CÔNG TY TNHH VẬT LIỆU MỚI ĐỨC THẮNG","0822335513
","3703273905
"
"CÔNG TY TNHH DIGITAL TECHNOLOGY SPACE","0334460758
","3703273888
"
"CÔNG TY TNHH VN CREATORPRENEUR","0941507212
","3703273870
"
"CÔNG TY TNHH THƯƠNG MẠI DỊCH VỤ VẬN TẢI NHÂN NGUYỄN","0931234379
","3703273863
"
"CÔNG TY TNHH TMDV HẠNH PHÚ QUÝ","0896164090
","3703273856
"
"CÔNG TY TNHH THƯƠNG MẠI DỊCH VỤ MY HOA LAN","0878174930
","3703273849
"
"CÔNG TY TNHH CHẾ BIẾN VÀ THIẾT KẾ NỘI THẤT GỖ LÂM TRUNG","0562163484
","3703273824
"
"CÔNG TY TNHH SX TM DV VĨNH KHANG","0367778661
","3703274056
"
"CÔNG TY TNHH GIÀY TRƯỜNG HÂN","0975215149
","3703273895
"
"CÔNG TY TNHH TM DV THÉP THÀNH CÔNG","0898858340
","3703273831
"
"CÔNG TY TNHH CÔNG NGHIỆP JIA CHENG VIỆT NAM","0327688099
","3703273912
"
"CÔNG TY TNHH THƯƠNG MẠI GỖ BẰNG TRÌNH","0937494313
","3703273817
"
"CÔNG TY TNHH THƯƠNG MẠI SANG RUPERT","0332445956
","3703273302
"
"CÔNG TY TNHH VẬT LIỆU XÂY DỰNG KHANG LỘC","0989659400
","3703273609
"
"CÔNG TY TNHH MTV XÂY DỰNG ĐẠI THỊNH","0918050729
","37032737715
"
"CÔNG TY TNHH THƯƠNG MẠI DỊCH VỤ CÔNG CHÍ","0932049955
","3703273782
"
"CÔNG TY TNHH THƯƠNG MẠI & ĐẦU TƯ NHM","0563562774
","3703273768
"
"CÔNG TY TNHH SẢN XUẤT BAO BÌ GIẤY PHƯƠNG ANH","09032863026
","3703273750
"
"CÔNG TY TNHH TMDV PHÁT TRIỂN ĐỨC TIẾN 3B","0928226272
","3703273630
"
"CÔNG TY TNHH THƯƠNG MẠI DỊCH VỤ DUY KHÁNH HL","0973181773
","3703273623
"
"CÔNG TY TNHH KỸ THUẬT GIẢI PHÁP NTT","0975972929
","3703273616
"
"CÔNG TY TNHH TM SX TC FASHION","0975082594
","3703273599
"
"CÔNG TY TNHH TM DV XNK ĐỨC PHÚC LỘC","0936385608
","3703273581
"
"CÔNG TY TNHH CÔNG NGHỆ TOWA VN","0367724117
","3703273574
"
"CÔNG TY TNHH THƯƠNG MẠI DỊCH VỤ STOCKINGS","0901776847
","3703273567
"
"CÔNG TY TNHH CHẾ BIẾN VÀ THIẾT KẾ GỖ GIA THỊNH","0562318315
","3703273542
"
"CÔNG TY TNHH PHÁT TRIỂN VÀ THƯƠNG MẠI DỊCH VỤ QUANG BẢO","0396366337
","3703273535
"
"CÔNG TY TNHH MTV TM HÙNG HÀO","0878480548
","3703273528
"
"CÔNG TY TNHH TM VÀ PHÁT TRIỂN THUẬN PHÁT","0948374446
","3703273510
"
"CÔNG TY TNHH 1995 QUÁN","0396484153
","3703273503
"
"CÔNG TY TNHH SẢN XUẤT THƯƠNG MẠI DỊCH VỤ TUYỀN NGUYỄN","0961835317
","3703273359
"
"CÔNG TY CỔ PHẦN RUSSTIGER VIỆT NAM","0913472498
","3703273380
"
"CÔNG TY TNHH TM & DV BÌNH DƯƠNG FOODCOURT","0982689833
","3703273704
"
"CÔNG TY TNHH TOYOTA THUẬN AN.","02743786786
","3703273493
"
"CÔNG TY TNHH PHÁT TRIỂN TM & SX LTH","0928226312
","3703273655
"
"CÔNG TY TNHH MỘT THÀNH VIÊN THƯƠNG MẠI DỊCH VỤ LPG ĐẠI PHÁT","0924892789
","3703273415
"
"CÔNG TY TNHH MTV TÍN PHÁT VN","0903751306
","3703273373
"
"CÔNG TY TNHH TMDV VÀ ĐẦU TƯ KINH DOANH LÊ VŨ","0772086425
","3703273111
"
"CÔNG TY TNHH SẢN XUẤT THƯƠNG MẠI KVTECH","0985377673
","3703273447
"
"CÔNG TY TNHH DỊCH VỤ MUA BÁN NỢ HỒNG PHÁT","0869540928
","3703273454
"
"CÔNG TY TNHH TƯ VẤN - XÂY DỰNG BẮC PHƯƠNG DANH","0888486399
","3703273729
"
"CÔNG TY TNHH THƯƠNG MẠI CÔNG NGHỆ KỸ THUẬT NGUYỄN GIA","09681633329
","3703273694
"
"CÔNG TY TNHH TMDV VĂN LỊCH","0779744731
","3703273687
"
"CÔNG TY TNHH MỘT THÀNH VIÊN TRUYỀN THÔNG GIẢI TRÍ KIM Ý LAN","0972484278
","3703273662
"
"CÔNG TY TNHH ANTHONY NGUYỄN","0966996179
","3703273648
"
"CÔNG TY TNHH THƯƠNG MẠI MAI GIA LINH","0971221671
","3703273461
"
"CÔNG TY TNHH TMDV THANH TÂN","0779744731
","3703273736
"
"CÔNG TY TNHH THƯƠNG MẠI DỊCH VỤ DU LỊCH GIA GIA LINH","0379057928
","3703273422
"
"CÔNG TY TNHH MTV VLXD MINH PHƯƠNG","0946703370
","3703273408
"
"CÔNG TY TNHH THƯƠNG MẠI SẮT THÉP ANH DŨNG","0979880088
","3703273398
"
"CÔNG TY TNHH KO RYO VIỆT NAM (NỘP HỘ NTNN)","02743783792
","3703273743
"
"CÔNG TY TNHH VẬN TẢI T59","0931359593
","3703273366
"
"CÔNG TY TNHH TƯ VẤN THIẾT KẾ XÂY DỰNG TACHY","0848542542
","3703273479
"
"CÔNG TY TNHH SEA COOK","0345629442
","3703273341
"
"CÔNG TY TNHH THƯƠNG MẠI SẢN XUẤT ĐỒ GỖ HOÀNG LÂM","0972521702
","3703273327
"
"CÔNG TY TNHH HAVADO","0918998570
","3703273292
"
"CÔNG TY TNHH THIẾT KẾ XÂY DỰNG TRẦN BÌNH","0915399477
","3703273246
"
"CÔNG TY TNHH THẾ LỮ VẠN ĐẠT","0966251620
","3703273221
"
"CÔNG TY TNHH PHÁT TRIỂN THƯƠNG MẠI HẢI NGUYỄN AUTO","0921229718
","3703273172
"
"CÔNG TY TNHH TMDV VẬN TẢI PHƯƠNG QUANG","0934029911
","3703273133
"
"CÔNG TY TNHH TM DV PHẠM HẰNG VN","0827386632
","3703273260
"
"CÔNG TY TNHH THƯƠNG MẠI ĐIỆN TỬ QUỐC TẾ NEW CENTURY","0961526310
","3703273239
"
"CÔNG TY TNHH MTV HẠ TẦNG VIỄN THÔNG THUẬN AN","0933040345
","3703273197
"
"CÔNG TY TNHH TOP ASIAN VIET NAM (NỘP HỘ NTNN)","0868329599
","3703273486
"
"CÔNG TY TNHH MTV DỊCH VỤ SX HỒNG PHÚ","0562927126
","3703273253
"
"CÔNG TY CỔ PHẦN XÂY LẮP & DỊCH VỤ THƯƠNG MẠI KHẢI PHÁT","0967496737
","3703272725
"
"CÔNG TY TNHH THƯƠNG MẠI DỊCH VỤ SX HÀN DƯƠNG","0562658126
","3703273334
"
"CÔNG TY TNHH THƯƠNG MẠI DỊCH VỤ NGỌC HƯƠNG THANH","0878174136
","3703273285
"
"CÔNG TY TNHH THƯƠNG MẠI DỊCH VỤ HỮU HUÂN PHÁT","0878167482
","3703273278
"
"CÔNG TY TNHH THƯƠNG MẠI DỊCH VỤ TP PHÚ TÂN","0562927326
","3703273045
"
"CÔNG TY TNHH SẢN XUẤT VÀ THƯƠNG MẠI THỰC PHẨM ĐẠI THÀNH PHÁT","0777605768
","3703273038
"
"CÔNG TY TNHH MỘT THÀNH VIÊN ĐẠI QUANG THÔNG","0828525168
","3703273013
"
"CÔNG TY TNHH THƯỢNG GIỚI KIM","0909821388
","3703272845
"
"CÔNG TY TNHH THƯƠNG MẠI DỊCH VỤ XÂY DỰNG NAM LINH","0986550184
","3703272820
"
"CÔNG TY TNHH THƯƠNG MẠI DỊCH VỤ DIỆP LIÊN","0878174707
","3703273126
"
"CÔNG TY TNHH MTV TL","0909997272
","3703272997
"
"CÔNG TY TNHH TM DV XÂY DỰNG NGHI PHƯỚC","0941821822
","3703272972
"
"CÔNG TY TNHH THƯƠNG MẠI DỊCH VỤ CẢNH PHÁT","0972158952
","3703272958
"
"CÔNG TY TNHH THƯƠNG MẠI VÀ KỸ THUẬT MÔI TRƯỜNG ÁNH DƯƠNG","0984305930
","3703272933
"
"CÔNG TY TNHH TƯ VẤN VÀ PHÁT TRIỂN KHÔI NGUYÊN VN24","0921229519
","3703272926
"
"CÔNG TY TNHH THIẾT BỊ AN TOÀN HIỂU MINH","0932164331
","3703272852
"
"CÔNG TY TNHH XUẤT NHẬP KHẨU TÂN HOÀNG PHÁT TYRE","0907235119
","3703272838
"
"CÔNG TY TNHH THƯƠNG MẠI VÀ DỊCH VỤ NGỌC THI NT","0985152789
","3703272813
"
"CÔNG TY TNHH THƯƠNG MẠI DV XÂY DỰNG TÂM ĐỨC PHÁT","0904447909
","3703272806
"
"CÔNG TY TNHH XÂY DỰNG HUỲNH VĂN TRUNG","0964442530
","3703272796
"
"CÔNG TY TNHH ĐẦU TƯ QUỐC TẾ THÀNH BIÊN","0921229520
","3703272764
"
"CÔNG TY TNHH CÔNG NGHIỆP GỖ NAN YUE","0901671609
","3703272718
"
"CÔNG TY TNHH TMDV NGỌC TÂN COMMERCIAL","0931830044
","3703272683
"
"CÔNG TY TNHH MTV TÂM YẾN OANH","0346898184
","3703273006
"
"CÔNG TY TNHH TM XÂY DỰNG CÔNG HOÀN","0965646220
","3703272965
"
"CÔNG TY TNHH DING FENG YUAN","0356824031
","3703272884
"
"CÔNG TY TNHH CƠ KHÍ CHÍNH XÁC LÊ GIA PHÁT","0984785050
","3703272877
"
"CÔNG TY TNHH XNK MAY MẶC CTL","0337280679
","3703272757
"
"CÔNG TY TNHH TMDV NHƯ ĐỒNG PHÁT","0939648833
","3703272700
"
"CÔNG TY TNHH THƯƠNG MẠI DỊCH VỤ PHÚ HÒA HẠNH","0878176183
","3703273140
"
"CÔNG TY TNHH XÂY DỰNG VÀ KHÍ CÔNG NGHIỆP MIỀN NAM","02743756337
","3703273020
"
"CÔNG TY TNHH MỘT THÀNH VIÊN QB","0971288462
","3703272940
"
"CÔNG TY TNHH TMDV ĐẦU TƯ XUẤT NHẬP KHẨU MAI VÀNG","0941632289
","3703272789
"
"CÔNG TY TNHH MỘT THÀNH VIÊN ĐỒNG THUẬN THÀNH","0913668448
","3703272644
"
"CÔNG TY TNHH ĐẦU TƯ VÀ PHÁT TRIỂN TMDV HẬU CẦN YUKI","0906946167
","3703273207
"
"CÔNG TY TNHH XÂY DỰNG - CƠ KHÍ DU MINH","0977191144
","3703272901
"
"CÔNG TY TRÁCH NHIỆM HỮU HẠN SẢN XUẤT SƠN MÀI THANH TÙNG","0909337341
","3703273214
"
"CÔNG TY TNHH B.D.C VINA","0907631806
","3703273119
"
"CÔNG TY TNHH MING ENERGY","0334688868
","3703273077
"
"CÔNG TY TNHH NGUYÊN LIỆU THẮNG VĨ (NỘP THAY NTNN)","0978511286
","3703273165
"
"CÔNG TY TNHH SẢN XUẤT JINFEIDA (VIỆT NAM) (NỘP HỘ NTNN)","0918491636
","3703273158
"
"CÔNG TY TNHH XD TM DV AN TÍN PHÁT","0889028248
","3703273101
"
"CÔNG TY TNHH ĐỨC HÚC","0385324309
","370327309
"
"CÔNG TY TNHH THƯƠNG MẠI NCVET","0383695306
","3703273084
"
"CÔNG TY TNHH KỸ THUẬT XÂY DỰNG HÙNG HẬU","0981108402
","3703273052
"
"CÔNG TY TNHH TMDV TẤN LỢI PHÁT","0367380746
","3703272919
"
"CÔNG TY TNHH DỊCH VỤ TỔNG HỢP NHẤT PHÁT","0889973337
","3703272890
"
"CÔNG TY TNHH CƯỚI HỎI PHÚC AN KHANG","0832957888
","3703272111
"
"CÔNG TY TNHH XD VÀ VẬN TẢI QUANG NGUYÊN","0562972773
","3703272732
"
"CÔNG TY TNHH TIMOTION VIỆT NAM","886222196633
","3703272690
"
"CÔNG TY TNHH DV XÂY DỰNG VÕ CƯỜNG","0562927331
","3703272676
"
"CÔNG TY TNHH LEOCH ENERGY VIỆT NAM","6592779322
","3703272651
"
"CÔNG TY TNHH BẤT ĐỘNG SẢN THƯỢNG HẢI","0868969689
","3703272637
"
"CÔNG TY TNHH THƯƠNG MẠI DỊCH VỤ BẤT ĐỘNG SẢN NHẬT TÂN","02743815959
","3703272612
"
"CÔNG TY TNHH KINH DOANH LAN DƯƠNG","0362922573
","3703272605
"
"CÔNG TY TNHH ĐẦU TƯ VÀ THƯƠNG MẠI TÂN BA","0977817762
","3703272595
"
"CÔNG TY TNHH MING BANG","0833699899
","3703272588
"
"CÔNG TY TNHH SX TM VÀ DV SƠN NGUYỄN","0855150467
","3703272563
"
"CÔNG TY TNHH MẠNG LƯỚI IN NHANH PHƯƠNG ĐÔNG","0909520082
","3703272531
"
"CÔNG TY TNHH DỊCH VỤ LOGISTICS APMC","0909265889
","3703272450
"
"CÔNG TY TNHH DV-SX-TM NAM HƯNG","0905950938
","3703272443
"
"CÔNG TY TNHH DỊCH VỤ ĐẦU TƯ TÂM ĐỨC","0944139439
","3703272411
"
"CÔNG TY TNHH TMDV XÂY DỰNG PHỒN VINH","0916882725
","3703272404
"
"CÔNG TY TNHH TMDV TỔNG HỢP LONG PHÁT","0896102260
","3703272274
"
"CÔNG TY TNHH WENKO","0397915873
","3703272267
"
"CÔNG TY TNHH DỊCH VỤ HỘI CHỢ HÀNG TIÊU DÙNG PHƯƠNG TUYỀN BÌNH DƯƠNG","0969582382
","3703272242
"
"CÔNG TY TNHH TMDV SX KHANG PHÁT","0922912233
","3703272235
"
"CÔNG TY TNHH CÔNG NGHIỆP BOJU (VIETNAM) GARDEN PRODUCTS","0085221428725
","3703272228
"
"CÔNG TY TNHH TỔ CHỨC SỰ KIỆN VÀ QUẢNG CÁO HUỲNH HÙNG","0985384314
","3703272210
"
"CÔNG TY CỔ PHẦN GIÁO DỤC ANH CHÂU","0971501908
","3703272203
"
"CÔNG TY TNHH XD VÀ VẬN TẢI MP.CORP","0562972373
","3703272192
"
"CÔNG TY TNHH QUẾ VÕ BD","0562970219
","3703272179
"
"CÔNG TY TNHH TMDV VÀ VẬN CHUYỂN TUẤN DŨNG T&D","0879376349
","3703272122
"
"CÔNG TY CỔ PHẦN BẢN THỂ LỚN","0962107777
","0318776073
"
"CÔNG TY TNHH TOPICK GOLD","0397871693
","3703272570
"
"CÔNG TY TNHH DỆT MAY CÁT TƯỜNG","0927589161
","3703272154
"
"CÔNG TY TNHH QUANTUM MYS VIỆT NAM","0898924597
","3703272556
"
"CÔNG TY TNHH MAY LV","0898507566
","3703272549
"
"CÔNG TY TNHH HÃNG PHIM JJ PICTURES","0566558889
","3703272524
"
"CÔNG TY TNHH CÔNG NGHỆ CHÍNH XÁC XIANGYU VIỆT NAM","0972535655
","3703272517
"
"CÔNG TY TNHH MTV KIỆT THÀNH","0354194983
","3703272482
"
"CÔNG TY CỔ PHẦN TMDV TECHNO VIỆT NAM","0917867741
","3703272475
"
"CÔNG TY TNHH NHÀ HÀNG XIANGYU","0983455972
","3703272468
"
"CÔNG TY CỔ PHẦN PHÒNG KHÁM ĐA KHOA Y DƯỢC BÌNH DƯƠNG","0975191862
","3703272436
"
"CÔNG TY TNHH QUẢNG CÁO SỰ KIỆN HUY HOÀNG HH","0917624569
","3703272429
"
"CÔNG TY TNHH TƯ VẤN QUẢN LÝ HK VIỆT NAM","0985971386
","3703272394
"
"CÔNG TY TNHH TMDV VẬN CHUYỂN TẢI HÀNG QUỐC TUẤN AUTO","0899200813
","3703272387
"
"CÔNG TY TNHH TMT AUTOMATION VIỆT NAM","886912866608
","3703272362
"
"CÔNG TY TNHH THƯƠNG MẠI DỊCH VỤ NGÔ SAN","0878176559
","3703272355
"
"CÔNG TY TNHH KINH DOANH ĐẦU TƯ HẰNG TUYẾT","0921229531
","3703272348
"
"CÔNG TY TNHH TM DV VẬN TẢI NGỌC THIỆN","0965115842
","3703272330
"
"CÔNG TY TNHH TMDV PHÁT TRIỂN TT LỢT","0921229533
","3703272323
"
"CÔNG TY TNHH XUẤT NHẬP KHẨU XUÂN THƯỜNG","0982460763
","3703272316
"
"CÔNG TY TNHH THƯƠNG MẠI ĐẦU TƯ DỊCH VỤ VẬN TẢI THANH AN","0948466063
","3703272309
"
"CÔNG TY TNHH TMDV KINH DOANH TỔNG HỢP BÙI HƯỜNG","0772086425
","3703272299
"
"CÔNG TY TNHH IN ẤN ĐẠI PHÁT ĐẠT","0973773239
","3703272281
"
"CÔNG TY TNHH MTV TM ĐỘ HÀO","0966640887
","3703272186
"
"CÔNG TY TNHH THƯƠNG MẠI PHONG CƯỜNG PHÁT","0918102239
","3703272161
"
"CÔNG TY TNHH MTV TMDV VĂN KHA","0797841493
","37032712147
"
"CÔNG TY TNHH MTV T-AGENCY","0937485187
","3703272669
"
"CÔNG TY TNHH MTV DV TM SUẤT ĂN CÔNG NGHIỆP DƯƠNG PHÁT","0949626223
","3703272108
"
"CÔNG TY TNHH THƯƠNG MẠI DỊCH VỤ MỘC THÚY","0878166164
","3703271961
"
"CÔNG TY TNHH MÁY CHẾ BIẾN GỖ HOÀNG ANH","0933703226
","3703272073
"
"CÔNG TY TNHH KINH DOANH HOÀNG HỢP HỘI","0782045438
","3703272059
"
"CÔNG TY TNHH KINH DOANH HỢP KHÁNH HÒA","0789243758
","3703272034
"
"CÔNG TY TNHH THƯƠNG MẠI SẢN XUẤT CNC THỊNH THẾ","0964328026
","3703272027
"
"CÔNG TY TNHH KT KHANG PHÁT","0382675938
","3703271992
"
"CÔNG TY TNHH TƯ VẤN DỊCH VỤ XÂY DỰNG HUỲNH GIA","0981791868
","3703271979
"
"CÔNG TY TNHH PHÁT TRIỂN THƯƠNG MẠI SAMY","0898949093
","3703271986
"
"CÔNG TY TNHH TƯ VẤN THƯƠNG MẠI PHÚ BANG","0934183863
","3703271922
"
"CÔNG TY TNHH PET PANTRY VIETNAM","0934180627
","3703271915
"
"CÔNG TY TNHH XUẤT NHẬP KHẨU NAM AN AGRI","0905022231
","3703271457
"
"CÔNG TY TNHH ĐẦU TƯ XÂY DỰNG ĐỊA ỐC TÀI LỘC PHÁT","0976666536
","3703272098
"
"CÔNG TY TNHH HẠNH NGUYÊN FASHION","0932498952
","3703272066
"
"CÔNG TY TNHH SẮT THÉP QUANG TƯỜNG","0898507566
","3703272041
"
"CÔNG TY TNHH DĨ TÀI","0971877158
","3703272002
"
"CÔNG TY TNHH CƯỜNG HÀO PHÁT","0335493678
","3703271947
"
"CÔNG TY TNHH THƯƠNG MẠI DỊCH VỤ KỸ THUẬT ĐIỆN NGHI SƠN","0988422823
","3703271908
"
"CÔNG TY TNHH XÂY LẮP VÀ CUNG ỨNG NHÂN LỰC PHƯỚC HẬU","0898094353
","3703271859
"
"CÔNG TY TNHH LHA PLASTIC","0932498952
","3703271841
"
"CÔNG TY CỔ PHẦN TẬP ĐOÀN BINA","0393665789
","3703271834
"
"CÔNG TY TNHH YODY VIỆT NAM","0765420227
","3703271827
"
"CÔNG TY TNHH TMDV VẬN TẢI CHẤN HƯNG","0942012455
","3703271802
"
"CÔNG TY TNHH MTV LÂM BÍCH NGỌC","0963533598
","37032717192
"
"CÔNG TY TNHH THƯƠNG MẠI SẢN XUẤT HOA MỸ KIM HMK","0707210787
","3703271785
"
"CÔNG TY TNHH TM TH TRUNG CHÍ","0907625567
","3703271778
"
"CÔNG TY TNHH TM MTV LẠC GIA HUY","0923007197
","3703271760
"
"CÔNG TY TNHH CÔNG NGHỆ HP TÂN","0898507566
","3703271753
"
"CÔNG TY TNHH ĐẦU TƯ SX TM DV BAN MÊ","0896985848
","3703271746
"
"CÔNG TY TNHH THIẾT KẾ ĐẠI GIA PHÁT","0908129676
","3703271739
"
"CÔNG TY TNHH THƯƠNG MẠI DỊCH VỤ Ô TÔ ĐỨC CHÍ","0903042062
","3703271721
"
"CÔNG TY TNHH THƯƠNG MẠI ĐT LENAN","0798698688
","3703271591
"
"CÔNG TY TNHH KINH DOANH ĐẦU TƯ TRỌNG LỘC VN","0921229709
","3703271552
"
"CÔNG TY TNHH ZHUO YUE INTERNATIONAL","0986945168
","3703271425
"
"CÔNG TY TNHH KDTM PHÚ THỊNH PHÁT","0365186404
","3703271418
"
"CÔNG TY TNHH BẤT ĐỘNG SẢN Ở THỰC THT","0588369369
","3703271400
"
"CÔNG TY TNHH KINH DOANH ĐẦU TƯ DỊCH VỤ CHÂU KIM","0562510589
","3703271390
"
"CÔNG TY TNHH TM DV SX TAKADO GROUP","0908483443
","3703271383
"
"CÔNG TY TNHH KỸ NGHỆ LỘC AN SINH","0927607350
","3703271376
"
"CÔNG TY TNHH THIẾT KẾ XÂY DỰNG BÌNH MINH SÁNG","0931136705
","3703271351
"
"CÔNG TY TNHH CƠ KHÍ XUÂN HÒA","0977833047
","3703269779
"
"CÔNG TY TNHH MTV CHÍN MUỒI","0908945136
","3703272080
"
"CÔNG TY TNHH TMDV VẬN TẢI XUYÊN VIỆT","0973695881
","3703271954
"
"CÔNG TY TNHH SCY","0971877158
","3703271898
"
"CÔNG TY TNHH THƯƠNG MẠI DỊCH VỤ THIÊN TÍNH","0917790009
","3703271584
"
"CÔNG TY TNHH MTV TM DV SX TRUYỀN THÔNG SC","0353230123
","37032715771
"
"CÔNG TY TNHH IN ẤN BAO BÌ CALLPACK (NỘP HỘ NTNN)","076982056087
","3703272115
"
"CÔNG TY CỔ PHẦN TẬP ĐOÀN PHÁT TRIỂN NHÀ AN KHANG","0906616191
","3703271873
"
"CÔNG TY TNHH SẢN XUẤT CÔNG NGHỆ GIẢM TỐC DONG LING","886425381758
","3703271337
"
"CÔNG TY TNHH THƯƠNG MẠI VÀ SẢN XUẤT TPA THIÊN PHÚC","0867125212
","3703271880
"
"CÔNG TY TNHH GO BUY WORLD","0352420138
","3703271866
"
"CÔNG TY TNHH MỘT THÀNH VIÊN NẤM CƯỜI","0911540045
","3703271626
"
"CÔNG TY TNHH DỊCH VỤ TS","0945110385
","3703271619
"
"CÔNG TY TNHH HUỲNH GIA HITECH","0984270270
","3703271513
"
"CÔNG TY TNHH THƯƠNG MẠI XÂY DỰNG DỊCH VỤ KHẢI VỸ","0974885889
","3703271506
"
"CÔNG TY TNHH GIẢI TRÍ TẤN PHÁT VIỆT NAM","0966617304
","3703271496
"
"CÔNG TY CỔ PHẦN CUNG ỨNG VÀ TIẾP VẬN SÓNG MỚI","0912482288
","3703271520
"
"CÔNG TY TNHH DỊCH VỤ HỘI CHỢ HÀNG TIÊU DÙNG THANH HƯNG","0867393934
","3703271471
"
"CÔNG TY TNHH JIA ZHAN VIET NAM","0938829647
","3703271464
"
"CÔNG TY TNHH ĐẦU TƯ SẢN XUẤT VÀ THƯƠNG MẠI DUY HUY","0916012978
","3703271697
"
"CÔNG TY TNHH THƯƠNG MẠI MTV TẦM NHÌN VIỆT","0898507566
","3703271665
"
"CÔNG TY TNHH THƯƠNG MẠI QUỐC TẾ ZHONG HE VIỆT NAM","0937903772
","3703271538
"
"CÔNG TY TNHH KINH DOANH PHÁT TRIỂN NGUYỄN LỤA","0588289403
","3703271489
"
"CÔNG TY TNHH KINH DOANH THƯƠNG MẠI DỊCH VỤ TẤN ĐẠT THÀNH","0587379389
","3703271369
"
"CÔNG TY TNHH KHUÔN MẪU HCT","0966995392
","3703271312
"
"CÔNG TY TNHH TM - DV & VẬN TẢI HUY HÙNG","0988101868
","3703271707
"
"CÔNG TY TNHH VẬN TẢI ĐƯỜNG SẮT ĐƯỜNG BỘ HỒNG HƯNG","0911298373
","3703271640
"
"CÔNG TY TNHH MÁY MÓC MAY MẶC THANH HẢI","0912110878
","3703271714
"
"CÔNG TY TNHH SX TM THIẾT BỊ VĨNH THÀNH","0367662779
","3703271601
"
"CÔNG TY TNHH T-WEDDING HOUSE","0924770453
","3703271545
"
"CÔNG TY TNHH THƯƠNG MẠI DỊCH VỤ HẠNH KIM NGÔ","0878167269
","3703271344
"
"CÔNG TY TNHH SX TM TÂN HƯNG THUẬN","0922974884
","3703268302
"
"CÔNG TY TNHH THỰC PHẨM VIỆT THÁI QUỐC TẾ","0336935052
","3703271672
"
"CÔNG TY TNHH THƯƠNG MẠI MÁY MÓC MAY MẶC VÀ PHỤ KIỆN JY","0858074016
","3703271432
"
"CÔNG TY TNHH TƯ VẤN THIẾT KẾ XÂY NHÀ TRỌN GÓI VIỆT ANH","0966290794
","3703271658
"
"CÔNG TY TNHH LORNA GROUP","0363852829
","3703271633
"
"CÔNG TY TNHH SHENJIAN VIỆT NAM","8613968705218
","3703270943
"
"CÔNG TY TNHH NỘI THẤT YOKA VIỆT NAM","0388131651
","3703271295
"
"CÔNG TY TNHH NỘI THẤT A+ BÌNH DƯƠNG","0386707705
","37032711
"
"CÔNG TY TNHH CÔNG NGHỆ CÔNG NGHIỆP WENTAI","0358240848
","3703271224
"
"CÔNG TY TNHH MTV XNK TM STARRY SPIRITS","09132950313
","3703271143
"
"CÔNG TY TNHH UNIPOS","0977183039
","3703271256
"
"CÔNG TY TNHH TM-DV NGỌC KIỀU","0899764979
","3703271249
"
"CÔNG TY TNHH BLUEWAY EDU","0977455645
","370327136
"
"CÔNG TY TNHH TMDV VÀ SX VŨ GIA MINH","0562927304
","3703271030
"
"CÔNG TY TNHH THƯƠNG MẠI DỊCH VỤ VỆ SINH CÔNG NGHIỆP SONG ANH","0972545485
","3703270982
"
"CÔNG TY TNHH SẢN XUẤT THƯƠNG MẠI DỊCH VỤ THỊNH PHÁT VIỆT NAM","097548701
","3703270950
"
"CÔNG TY TNHH HIROKO HORINOUCHI","0568868748
","3703271009
"
"CÔNG TY TNHH DỊCH VỤ BẢO VỆ - VỆ SỸ THIỆN TÂM PHÁT","0399960961
","3703271263
"
"CÔNG TY TNHH VẬN CHUYỂN VŨ KHANG","0989695400
","370327150
"
"CÔNG TY TNHH HOA PHƯỚC VN","0904995392
","3703271094
"
"CÔNG TY TNHH TMDV QUẢNG CÁO LAN ANH","0896978438
","3703271062
"
"CÔNG TY TNHH MTV TÂM ĐẠI PHÁT","0978264225
","3703270968
"
"CÔNG TY TNHH 2P SOLUTIONS","0356465620
","3703271288
"
"CÔNG TY TNHH XÂY DỰNG DỊCH VỤ ĐIỆN MINH PHÁT","0981581098
","3703271217
"
"CÔNG TY TNHH ĐẦU TƯ NỘI THẤT NPT","0937810869
","3703268341
"
"CÔNG TY TNHH ĐẦU TƯ VÀ PHÁT TRIỂN NÔNG NGHIỆP SHT AGRICO","0982400400
","3703271270
"
"CÔNG TY TNHH NÉT XƯA","0917119118
","3703271087
"
"CÔNG TY TNHH THƯƠNG MẠI VÀ SẢN XUẤT HTC","0931063087
","3703271231
"
"CÔNG TY TNHH CHÍNH XÁC TẬP ĐOÀN DOANH NGHIỆP XING SILU","0327790976
","37032711175
"
"CÔNG TY TNHH SẢN XUẤT THƯƠNG MẠI NỘI THẤT GIA PHÁT","0393579415
","3703271168
"
"CÔNG TY TNHH GIA CÔNG BĂNG CHÂU","0928266743
","3703271129
"
"CÔNG TY TNHH KỸ NGHỆ GỖ AN KHANG","0966299996
","3703271055
"
"CÔNG TY TNHH MAY MẶC ĐÔNG PHÚC","0562927317
","3703271305
"
"CÔNG TY TNHH HTV TÍNH PHÁT","0974497587
","3703271104
"
"CÔNG TY TNHH TMDV QUỐC TRÌNH","0586107815
","3703271023
"
"CÔNG TY TNHH SẢN XUẤT THƯƠNG MẠI BẢO ĐỆ HÂN","0909444803
","3703271016
"
"CÔNG TY TNHH TM&DV GIANG CHÂU","0862627377
","370327182
"
"CÔNG TY TNHH THƯƠNG MẠI CAO SU THÁI AN","0387119171
","3703271048
"
"CÔNG TY TNHH MONEL VIỆT NAM-NTNN","0919787863
","3703270774
"
"CÔNG TY TNHH SIÊU VIỆT VIET NAM","0972105145
","3703270862
"
"CÔNG TY TNHH UNI NAM TÂN UYÊN","0916948394
","3703270830
"
"CÔNG TY TNHH VẢI MAY MẶC HOÀI THƯƠNG","02743743898
","3703270799
"
"CÔNG TY TNHH GREENMORE VIETNAM","8613989889867
","3703270421
"
"CÔNG TY TNHH CÔNG NGHỆ IN ẤN SONG NGÂN","0909669052
","370327029
"
"CÔNG TY TNHH TMDV GIA CÔNG MAY MẶC CÁT LỢI","0578658219
","3703270936
"
"CÔNG TY TNHH THƯƠNG MẠI XÂY DỰNG VẬN TẢI BT","0397296203
","3703270848
"
"CÔNG TY TNHH TMDV GIA BÁCH","0968362226
","3703270816
"
"CÔNG TY TNHH NĂNG LƯỢNG XANH ĐỨC ANH","0963326409
","3703270975
"
"CÔNG TY TNHH THIẾT BỊ MÁY MÓC MAY MẶC MẪN NHI","0896985848
","3703270894
"
"CÔNG TY TNHH HNN THUẬN AN","0878480548
","3703270929
"
"CÔNG TY TNHH THƯƠNG MẠI DỊCH VỤ VIỆT HOÀ","0588232236
","3703270855
"
"CÔNG TY TNHH TM DV ĐẦU TƯ MINH PHÁT","0792115313
","3703270809
"
"CÔNG TY TNHH MTV UNITED COMPONENT SUPPLY","0981721833
","370327091
"
"CÔNG TY TNHH THƯƠNG MẠI VLXD YẾN NHI","0899440468
","3703270904
"
"CÔNG TY TNHH ĐẦU TƯ VÀ PHÁT TRIỂN ĐẠI PHÁT ĐẠT","0877319901
","3703270823
"
"CÔNG TY TNHH XNK SƠN KIM","0903944290
","3703270887
"
"CÔNG TY TNHH KỸ THUẬT ĐIỆN TCONS","0972866388
","3703270703
"
"CÔNG TY TNHH COOP BIKE","0775170890
","3703270679
"
"CÔNG TY TNHH XNK THƯƠNG MẠI LỆ BẢO","0988009639
","3703270781
"
"CÔNG TY TNHH TM XD TẤN ĐẠT PHÁT","0933131662
","3703270686
"
"CÔNG TY TNHH TM & DV XÂY DỰNG PHƯƠNG NAM","0972352235
","3703270407
"
"CÔNG TY TNHH VẬT LIỆU TÀI LỘC","0775876868
","3703270365
"
"CÔNG TY TNHH HÓA MỸ PHẨM BÌNH TÂY","0397064802
","3703270661
"
"CÔNG TY TNHH JOINTUS","0914408099
","3703270319
"
"CÔNG TY TNHH HƯNG THỊNH FASHION",,"3703270767
"
"CÔNG TY TNHH THƯƠNG MẠI KINH BÌNH","0985943639
","3703270693
"
"CÔNG TY TNHH THIẾT KẾ VÀ THI CÔNG XÂY DỰNG QUỐC HUY","0908226202
","3703270654
"
"CÔNG TY TNHH THƯƠNG MẠI DỊCH VỤ NGUYỄN THÀNH HIỆP","0919069959
","3703270647
"
"CÔNG TY TNHH PHÁT TRIỂN CÔNG NGHỆ PHẦN MỀM HƯƠNG THY","0938540257
","3703270439
"
"CÔNG TY TNHH THƯƠNG MẠI DỊCH VỤ TRANS NET","024123989
","3703270397
"
"DOANH NGHIỆP TƯ NHÂN XE GẮN MÁY XE ĐIỆN BÍCH NGỌC T.T","0918548886
","3703270372
"
"CÔNG TY TNHH DẦU KHÍ PETRO PACIFIC","0329171919
","3703270358
"
"CÔNG TY TNHH GIA CÔNG MAY MẶC QUÝ PHÚC","0923007197
","3703270326
"
"CÔNG TY TNHH SOFA HONG RUI","0377007988
","3703270742
"
"CÔNG TY TNHH XING YI VIỆT NAM","0382909766
","3703270414
"
"CÔNG TY TNHH BẤT ĐỘNG SẢN MINH THÔNG","0977416235
","3703270622
"
"CÔNG TY TNHH TM DV THIẾT BỊ VỆ SINH MINH QUÂN 2","0776252817
","3703270615
"
"CÔNG TY TNHH DỊCH VỤ VẬN TẢI XUẤT NHẬP KHẨU PHÚC MINH","0382890017
","3703270608
"
"CÔNG TY TNHH MÁY MÓC THIẾT BỊ KỸ THUẬT LỘC THIÊN PHÚC","0911540878
","3703270598
"
"CÔNG TY TNHH AN VŨ THỊNH","0982885949
","3703270580
"
"CÔNG TY TNHH THƯƠNG MẠI VÀ TIẾP VẬN TIẾN PHÁT","0354314678
","3703270573
"
"CÔNG TY TNHH THƯƠNG MẠI NSD","0869746011
","3703270566
"
"CÔNG TY TNHH HUY PHÁT FURNITURE","0337324131
","3703270559
"
"CÔNG TY TNHH QUỐC THỊNH WOOD","0589297554
","3703270541
"
"CÔNG TY TNHH THIẾT KẾ QUẢNG CÁO HỒNG LỢI","0878996189
","3703270534
"
"CÔNG TY TNHH THƯƠNG MẠI DỊCH VỤ PT KIM VẠN PHÁT","0917457278
","3703270527
"
"VĂN PHÒNG ĐẠI DIỆN MAKERSPALM LLC TỈNH BÌNH DƯƠNG","0903966425
","3703270735
"
"CÔNG TY TNHH LONG YI INDUSTRIAL (VIỆT NAM) (NỘP HỘ NTNN)","0274355351515
","3703270728
"
"CÔNG TY TNHH DỊCH VỤ BẢO VỆ VIỆT BẢO LONG","0966673288
","3703270485
"
"CÔNG TY TNHH VIỆT HOME PRO","0918810248
","3703270478
"
"CÔNG TY TNHH DVTVTK SÔNG ĐA","0775928694
","3703270460
"
"CÔNG TY TNHH THƯƠNG MẠI DỊCH VỤ THẮM PTH","0921219053
","3703270252
"
"CÔNG TY TNHH TM DV THIÊN AN FOOD","0908828425
","3703270238
"
"CÔNG TY TNHH THƯƠNG MẠI THỰC PHẨM KAMAN (VIỆT NAM)","0982457276
","3703270220
"
"CÔNG TY TNHH THƯƠNG MẠI DỊCH VỤ TỔNG HỢP KIM LIÊN","0925594145
","3703270213
"
"CÔNG TY TNHH PHÂN PHỐI TBS","0388224801
","3703270189
"
"CÔNG TY TNHH EAST PACIFIC FOODS (NỘP HỘ NTNN)","842742222405
","3703270710
"
"CÔNG TY TNHH SẢN XUẤT TMDV TRƯỜNG KHANG","0903382110
","3703270333
"
"CÔNG TY TNHH ĐẦU TƯ THIẾT KẾ XÂY DỰNG TÍN THÀNH PHÁT","0987062506
","3703270502
"
"CÔNG TY TNHH LDD VIỆT NAM","0896985848
","3703270284
"
"CÔNG TY TNHH THỰC PHẨM THIỆN HIỀN","0332872068
","3703270111
"
"CÔNG TY TNHH GARAGE Ô TÔ LINH CHI","0973745746
","3703270164
"
"CÔNG TY TNHH MAY MẶC QUANG MINH GIA HƯNG PHÁT","0839545677
","3703269810
"
"CÔNG TY TNHH THƯƠNG MẠI DỊCH VỤ XE MÁY ĐIỆN THÀNH NAM","0397153399
","3703270340
"
"CÔNG TY TNHH TMDV ĐT NGUYÊN PHONG","0562970155
","3703270492
"
"CÔNG TY TNHH SẢN XUẤT TRÚC NHƯ","0326819088
","3703270453
"
"CÔNG TY TNHH THƯƠNG MẠI DỊCH VỤ BÔNG TUYẾT TRẮNG","0589895929
","3703269835
"
"CÔNG TY TNHH KETIAN VIỆT NAM","0355139763
","3703270206
"
"CÔNG TY TNHH DV VẬN TẢI TUẤN TÀI","0965779149
","3703269352
"
"CÔNG TY TNHH TMDV VẬN CHUYỂN QUỐC TẾ HOÀNG NGỌC ANH","0876905641
","3703270277
"
"CÔNG TY TNHH TM DV LỘC HUẤN PHÁT","0588287574
","3703270245
"
"CÔNG TY TNHH EXCA PACK","0963040985
","3703270196
"
"CÔNG TY TNHH MỘT THÀNH VIÊN SUN STV","0906701032
","3703269874
"
"CÔNG TY TNHH CÔNG NGHỆ XHY (VIỆT NAM) (NỘP HỘ NTNN)","0908804573
","3703270446
"
"CÔNG TY TNHH THƯƠNG MẠI DỊCH VỤ XUẤT NHẬP KHẨU TINA ROYAL","0942619195
","3703269909
"
"CÔNG TY TNHH THƯƠNG MẠI HWA XIN","0918880469
","3703269842
"
"CÔNG TY TNHH CÔNG NGHỆ AUGROUP VIỆT NAM","8613728754047
","3703269708
"
"CÔNG TY TNHH THƯƠNG MẠI DICH VỤ TÂM DƯỠNG SINH","0399031533
","3703270118
"
"CÔNG TY TNHH TRÍ TUỆ SHA","0945110385
","3703270100
"
"CÔNG TY TNHH SẢN XUẤT THƯƠNG MẠI MỸ NGHỆ HƯƠNG NGUYÊN","0908306858
","3703269666
"
"CÔNG TY TNHH TM VÀ DV SƠN NHÀ ĐẸP","0868738179
","3703269659
"
"CÔNG TY TNHH DVHT","0908682584
","3703270076
"
"CÔNG TY TNHH SẢN XUẤT THƯƠNG MẠI DỊCH VỤ DIỆP MINH ANH","0898778839
","3703269722
"
"CÔNG TY TNHH MTV TM DV THỰC PHẨM DUYÊN ĐẠI PHÁT","0976888839
","3703269715
"
"CÔNG TY TNHH KỸ THUẬT WAN DA VIỆT NAM","0916414778
","3703270012
"
"CÔNG TY TNHH THƯƠNG MẠI HỮU LỄ VIỆT NAM","0982501199
","3703270005
"
"CÔNG TY TNHH MTV THƯƠNG MẠI DỊCH VỤ KIỀU DIỄM","092214921
","3703269955
"
"CÔNG TY TNHH ECO CHUBA","08635673757
","3703269948
"
"CÔNG TY TNHH THƯƠNG MẠI DỊCH VỤ AN BÌNH BD","0898146113
","3703269930
"
"CÔNG TY TNHH DVHH CƠ KHÍ BÁCH KHOA VIỆT NAM","0896379089
","3703269916
"
"CÔNG TY TNHH THƯƠNG MẠI VT XÂY DỰNG QUANG DUY","0589627358
","3703269899
"
"CÔNG TY TNHH TM DỊCH VỤ TƯ VẤN XÂY DỰNG CHÍ HIỀN","0586495374
","3703269828
"
"CÔNG TY TNHH THỜI TRANG MSB","0937629053
","3703269803
"
"CÔNG TY TNHH CƠ KHÍ XUÂN HÒA","0977833047
","3703269779
"
"CÔNG TY TNHH XĂNG DẦU LÊ HIẾU PHÁT","0964365078
","3703270125
"
"CÔNG TY TNHH XNK CHÍ THÀNH","0588461357
","3703270044
"
"CÔNG TY TNHH PHÁT TRIỂN THƯƠNG MẠI DỊCH VỤ VẬN TẢI GIA LINH","0567879115
","3703269793
"
"CÔNG TY TNHH KỸ THUẬT QUẢNG CÁO AVD","0878643043
","3703270083
"
"CÔNG TY TNHH THƯƠNG MẠI SẢN XUẤT DỊCH VỤ GỖ DƯƠNG TIẾN THÀNH","0967053170
","3703270069
"
"CÔNG TY TNHH THƯƠNG MẠI DỊCH VỤ VÂN NGÀ","0878167281
","3703270051
"
"CÔNG TY TNHH THƯƠNG MẠI DỊCH VỤ LÝ TRÍ DŨNG","0878166987
","3703269994
"
"CÔNG TY TNHH VẬT LIỆU XÂY DỰNG J&T","0909123799
","3703269881
"
"CÔNG TY TNHH PALLET LƯƠNG GIA","0965341435
","3703269867
"
"CÔNG TY TNHH CƠ KHÍ KIM LỘC PHÁT","0966466243
","3703269786
"
"CÔNG TY TNHH SX TM DV THANH ĐÔNG","0354683757
","3703269761
"
"CÔNG TY TNHH FM DŨNG ĐINH","0968211639
","3703270157
"
"CÔNG TY TNHH SX LÂM THÁI HUY","0588236323
","3703270132
"
"CÔNG TY TNHH MTV THU NGUYỆT","0918350750
","3703270090
"
"CÔNG TY TNHH VẬT LIỆU MỚI TAM HÒA VIỆT NAM","0934080400
","3703270037
"
"CÔNG TY TNHH TM & ĐT TUẤN THANH","0772086425
","3703269987
"
"CÔNG TY TNHH THE NEWUS","84769626082
","3703269962
"
"CÔNG TY TNHH THƯƠNG MẠI DỊCH VỤ ECOSOLUTIONS","0974318508
","3703269923
"
"CÔNG TY CỔ PHẦN MUA BÁN NỢ TSTT","0903814567
","3703269754
"
"CÔNG TY TNHH TIỀN PHÁT THỊNH","0979802275
","3703269747
"
"CÔNG TY TNHH THƯƠNG MẠI CƠ KHÍ MÁY MÓC HỒNG KHA","0852325368
","3703269507
"
"CÔNG TY TNHH THIẾT BỊ THÔNG MINH ĐÀI HÙNG","0982915850
","3703269497
"
"CÔNG TY CỔ PHẦN ĐẦU TƯ NĂNG LƯỢNG SẠCH KHẢI LỘC","0388810558
","3703269465
"
"CÔNG TY TNHH THƯƠNG MẠI VŨ THANH PHÁT","0943406182
","3703269401
"
"CÔNG TY TNHH PIANO & MUSIC HỒNG ÂN","09110207332
","370326939
"
"CÔNG TY TNHH SẢN XUẤT MINH KHÔI","0386894727
","3703269232
"
"CÔNG TY TRÁCH NHIỆM HỮU HẠN GARA Ô TÔ THIÊN TÂN","0908213550
","3703269698
"
"CÔNG TY TNHH SỢI VIỆT NAM","0784452369
","3703269680
"
"CÔNG TY TNHH CƠ KHÍ XÂY DỰNG THANH LUÂN","0985177876
","3703269673
"
"CÔNG TY CỔ PHẦN XUẤT NHẬP KHẨU OM VIỆT NAM","0935678679
","3703269634
"
"CÔNG TY TNHH DU LỊCH AN NAM TOURIST","0822103502
","3703269641
"
"CÔNG TY TNHH THƯƠNG MẠI TỔNG HỢP HỒNG NGÂN","0925591821
","3703269433
"
"CÔNG TY TNHH CỐM DECOR","0332751129
","3703269257
"
"CÔNG TY TNHH SẢN XUẤT VÀ THƯƠNG MẠI KIMBON","0975222272
","3703269627
"
"CÔNG TY TNHH THƯƠNG MẠI DỊCH VỤ KIM KHÁNH PHÁT BÌNH DƯƠNG","0938157272
","3703268937
"
"CÔNG TY TNHH DỊCH VỤ THƯƠNG MẠI SẢN XUẤT VẬN TẢI NHẬT NGUYỄN","0971232826
","3703268870
"
"CÔNG TY TNHH TMDV VẬN TẢI NGÔ TRỊNH KNK","0707850707
","3703269426
"
"CÔNG TY TNHH XUẤT NHẬP KHẨU ĐẦU TƯ THƯƠNG MẠI DỊCH VỤ TÍN PHÁT","0924209088
","3703269384
"
"CÔNG TY TNHH VENEER VIỆT","0397661888
","3703269306
"
"CÔNG TY TNHH SẢN XUẤT KHUÔN CƠ KHÍ GEELY","0866842659
","3703269176
"
"CÔNG TY TNHH PHỤ TÙNG Ô TÔ VÀ VẬN TẢI AHT BÌNH DƯƠNG","0902129262
","3703269296
"
"CÔNG TY TNHH TM TÀI PHÚ","0944118399
","3703269345
"
"CÔNG TY TNHH THƯƠNG MẠI TAI SHENG","0775170890
","3703269602
"
"CÔNG TY TNHH BẢO VỆ THĂNG LONG CITY","0961627181
","3703269592
"
"CÔNG TY TNHH TM DV TOÀN TÂM PHÚC","0914491452
","3703269553
"
"CÔNG TY TNHH PHÁT TRIỂN DỊCH VỤ ĐẦU TƯ LS","0971381163
","3703269546
"
"CÔNG TY TNHH THƯƠNG MẠI DỊCH VỤ HOÀNG THÀNH BÌNH DƯƠNG","0775170890
","3703269514
"
"CÔNG TY TNHH ĐẦU TƯ VÀ PHÁT TRIỂN THƯƠNG MẠI DỊCH VỤ NAM LONG","0989489379
","3703269472
"
"CÔNG TY TNHH MAI HẢI HƯƠNG","0966224222
","3703269458
"
"CÔNG TY TNHH TMDV THANH THANH HOÀI","0876910349
","3703269440
"
"CÔNG TY TNHH XUẤT KHẨU TRÚC XANH","0982920532
","3703269419
"
"CÔNG TY TNHH VẬN TẢI TÚ CHÂU","0969680850
","3703269377
"
"CÔNG TY TNHH THƯƠNG MẠI ĐẦU TƯ VŨ NGUYÊN","0968365625
","3703269338
"
"CÔNG TY TNHH AN THỊNH PHÁT BD","0367911638
","3703269320
"
"CÔNG TY TNHH NHÀ HÀNG KHÁCH SẠN VƯỜN MÍT","0399190202
","3703269312
"
"CÔNG TY TNHH SEMBCORP INFRA SERVICES BÌNH DƯƠNG","02473001280
","3703269289
"
"CÔNG TY TNHH DANH LỘC PHÁT","0931927979
","3703269271
"
"CÔNG TY TNHH SEA DESIGN","0355432463
","3703269264
"
"CÔNG TY TNHH HOTEL TÂN LẬP","0969067687
","3703269225
"
"DOANH NGHIỆP TƯ NHÂN SẢN XUẤT VÀ THƯƠNG MẠI DUY MY SM","0969532122
","3703269218
"
"CÔNG TY TNHH DỊCH VỤ THƯƠNG MẠI TUẤN TÀI PHÁT","0819404079
","3703269200
"
"CÔNG TY TNHH GỖ ĐẠI PHÁT PHÁT","0589297554
","3703269190
"
"CÔNG TY TNHH DỊCH VỤ DU LỊCH HIẾU BÙI","0915664242
","3703269182
"
"CÔNG TY TNHH THƯƠNG MẠI VÀ CHẾ TẠO MÁY HT","0938026758
","3703269169
"
"CÔNG TY TNHH XIN HENG FENG","0399787168
","3703268831
"
"CÔNG TY TNHH THƯƠNG MẠI VẬN TẢI SUNFAST","0398689258
","3703268824
"
"CÔNG TY TNHH CƠ KHÍ THIẾT KẾ XÂY DỰNG HỮU TÀI","0904612533
","3703268817
"
"CÔNG TY TRÁCH NHIỆM HỮU HẠN MỘT THÀNH VIÊN BẮC LAN","0988803084
","3703268782
"
"CÔNG TY TNHH MTV TM DV VẬN TẢI NHẤT HƯNG PHÁT","0965023227
","3703268775
"
"CÔNG TY TNHH ĐẦU TƯ TỔNG HỢP ĐẠI AN","0896224268
","3703268768
"
"CÔNG TY TNHH THƯƠNG MẠI ANH SƠN TIÊN","0896360968
","3703268750
"
"CÔNG TY TNHH XÂY DỰNG DỊCH VỤ THƯƠNG MẠI NAM BÌNH DƯƠNG","0904637497
","3703268743
"
"CÔNG TY TNHH ĐẦU TƯ VÀ PHÁT TRIỂN THƯƠNG MẠI DỊCH VỤ HỒNG VÂN","0979833946
","3703268736
"
"CÔNG TY TNHH SX TM DV BẢO PHƯỚC","0982828866
","3703268729
"
"CÔNG TY TNHH SẢN XUẤT HONG WEI","035245861
","370326871
"
"CÔNG TY TNHH VẬT LIỆU SONG LONG","0792388186
","3703268704
"
"CÔNG TY TNHH THƯƠNG MẠI SX NGỌC LÂM","0582365625
","3703268694
"
"CÔNG TY TNHH ĐẦU TƯ - THƯƠNG MẠI - DỊCH VỤ MINH HIỀN","0989346756
","3703268662
"
"CÔNG TY TNHH ĐẦU TƯ VÀ PHÁT TRIỂN THƯƠNG MẠI - DỊCH VỤ HOÀNG HƯNG","0979489479
","3703268648
"
"CÔNG TY TNHH DỊCH VỤ THƯƠNG MẠI TỔNG HỢP LỘC 86","0816721739
","3703268630
"
"CÔNG TY TNHH VINA FORM","0983741046
","3703268510
"
"CÔNG TY TNHH XUẤT NHẬP KHẨU GIẤY NHP","0979428157
","3703268422
"
"CÔNG TY TNHH PHÁT TRIỂN THƯƠNG MẠI DỊCH VỤ THANH TUẤN VN79","0563554675
","3703269560
"
"CÔNG TY TNHH DỊCH VỤ CÔNG NGHỆ PHẦN MỀM KV","09747441
","3703269539
"
"CÔNG TY TNHH MỘT THÀNH VIÊN CỬA HÀNG XĂNG DẦU CHIẾN THẮNG I","0972779598
","3703269521
"
"CÔNG TY TNHH VẢI GLISTAR VIỆT NAM","0359980806
","3703268863
"
"CÔNG TY TNHH SẢN XUẤT VÀ CHẾ BIẾN GỖ MINH KHANG","0973140240
","3703268990
"
"CÔNG TY TNHH VĂN PHÒNG PHẨM TRÍ NGUYÊN","0937440664
","3703268951
"
"CÔNG TY TNHH SẢN XUẤT - THƯƠNG MẠI PHONG KHẢI","0344876020
","3703268912
"
"CÔNG TY TNHH XNK VÀ SX MINH AN","0562927325
","3703268856
"
"CÔNG TY TNHH VẬT LIỆU TRANG TRÍ MASHA VIỆT NAM","0368166303
","3703268976
"
"CÔNG TY TNHH GAJA AGARWOOD","0984054529
","3703268969
"
"CÔNG TY TNHH MTV Đ&H","0814136920
","3703268944
"
"CÔNG TY TNHH XUẤT NHẬP KHẨU NS BABY BEAR","0564514824
","3703268888
"
"CÔNG TY TNHH TƯ VẤN DU HỌC VÀ CUNG ỨNG NHÂN LỰC QUỐC TẾ VIETGERMAN PASS","0942575151
","3703268849
"
"CÔNG TY TNHH ĐẦU TƯ QUỐC TẾ PRESTIGE (NỘP HỘ NTNN)","02743868486
","3703269585
"
"CÔNG TY TNHH SẢN XUẤT IN MAY MẶC BOWKER (VIỆT NAM) (NỘP HỘ NTNN)","01679858880
","3703269578
"
"CÔNG TY TNHH TM DV CÔNG NGHỆ TRƯỜNG CHINH","0964029465
","3703268983
"
"CÔNG TY TNHH HỢP TÁC QUỐC TẾ AUUS","0923239874
","3703268895
"
"CÔNG TY TNHH MAY MẶC THANH THANH VN","0876914934
","3703269144
"
"CÔNG TY TNHH MAY MẶC CẨM TÚ DONY","0876905949
","3703269063
"
"CÔNG TY TNHH KIM LOẠI MÀU DƯƠNG HỒNG PHÁT","0938532008
","3703269095
"
"CÔNG TY TNHH TM DV VƯƠNG TÂM ANH","0588321457
","3703269151
"
"CÔNG TY TNHH PHÁT TRIỂN THƯƠNG MẠI VLXD VÀ SẮT THÉP HIỆP HIỆP PHÁT","0813330846
","3703269137
"
"CÔNG TY TNHH PTTM SẮT THÉP ĐẠI NHÂN","0898507566
","3703269105
"
"CÔNG TY TNHH THƯƠNG MẠI DỊCH VỤ LÊ TÀI TẤN","0878168240
","3703269088
"
"CÔNG TY TNHH MTV NĂNG LƯỢNG XANH HUY PHÁT","086958888
","3703269070
"
"CÔNG TY TNHH TMDV PHÙNG THANH TRUNG","0876905749
","3703268623
"
"CÔNG TY TNHH THƯƠNG MẠI DV VẬN CHUYỂN TÂN Á","0986368658
","3703268373
"
"CÔNG TY TNHH DUNG NEO 2791","0979683878
","3703269112
"
"CÔNG TY TNHH CÔNG NGHỆ VẬT LIỆU XIN TAI","0385962134
","3703268599
"
"CÔNG TY TNHH NGŨ KIM HÁN NGUYÊN","0933921146
","3703268535
"
"CÔNG TY TNHH THƯƠNG MẠI DỊCH VỤ QUÝ TÂN","0389196248
","3703268528
"
"CÔNG TY CP ĐẦU TƯ QUỐC TẾ KHẢI VƯƠNG","0862468979
","3703268503
"
"CÔNG TY TNHH THƯƠNG MẠI PHONG CHÂU ANH","0898304468
","3703268461
"
"CÔNG TY TNHH TM DV TÂM HOÀNG HIẾU","0523067284
","3703268454
"
"CÔNG TY TNHH SAMUE","0348089624
","3703268408
"
"CÔNG TY TNHH XE MÁY HOÀNG KHÁNH AN","0927622874
","3703268359
"
"CÔNG TY TNHH PHÁT TRIỂN ĐẦU TƯ THƯƠNG MẠI DỊCH VỤ NHẬT HẠ","0924882782
","3703268542
"
"CÔNG TY TNHH IN ẤN - QUẢNG CÁO HOÀNG BẢO","0975862179
","3703268493
"
"CÔNG TY TNHH MỘT THÀNH VIÊN MINH MINH TIẾN","0896575302
","3703268415
"
"CÔNG TY TNHH TMDV VẬN CHUYỂN ĐOÀN CHU VĂN","0876905741
","3703268380
"
"CÔNG TY TNHH THƯƠNG MẠI DỊCH VỤ KHANH HẢI","0878165473
","3703268366
"
"CÔNG TY TNHH TMDV KINH DOANH TỔNG HỢP TÁM LÊ","0582136425
","3703268327
"
"CÔNG TY TNHH THƯƠNG MẠI DỊCH VỤ ĐỨC VINH BD","0356107269
","3703268655
"
"CÔNG TY TNHH TMDV PHẠM NAM ANH","0898077140
","3703268616
"
"CÔNG TY TNHH THƯƠNG MẠI DỊCH VỤ DƯƠNG CHI BD","0933621093
","3703268581
"
"CÔNG TY TNHH KINH DOANH SẮT THÉP VÀ XÂY DỰNG TRƯƠNG QUỐC SCC","0876912453
","3703268574
"
"CÔNG TY TNHH DỊCH VỤ THUẾ - TƯ VẤN VINATAX","0929666939
","3703268486
"
"CÔNG TY TNHH TMDV ANH TUẤN BD","0973093083
","3703268479
"
"CÔNG TY TNHH ĐẦU TƯ THƯƠNG MẠI VÀ XÂY DỰNG TRƯỜNG GIANG ASM","0876912313
","3703268334
"
"CÔNG TY TNHH KANGCHENG VIỆT NAM","0961089758
","3703267482
"
"CÔNG TY TNHH XÂY DỰNG PHÚ GIA CƯỜNG","0903121265
","3703268905
"
"CÔNG TY TNHH XNK SẢN XUẤT THƯƠNG MẠI & DỊCH VỤ THỦY SẢN BIG SHRIMP","0985733489
","3703268687
"
"CÔNG TY TNHH QUẢN LÝ DỮ LIỆU NIHAO","0798388495
","3703268609
"
"CÔNG TY TNHH TM GIA CÔNG MAY YẾN NHI","0775756536
","3703268567
"
"CÔNG TY TNHH PHÁT TRIỂN VÀ ĐẦU TƯ XÂY DỰNG THIÊN PHÁT GOLD","0393434550
","3703267852
"
"CÔNG TY TNHH BAO BÌ HONG ZHEN (NỘP HỘ NTNN)","02743802478
","3703269056
"
"CÔNG TY TNHH LIANYANG FIBERGLASS TECH VIỆT NAM (NỘP HỘ NTNN)","8613601486931
","3703269049
"
"CÔNG TY TNHH ĐIỆN TỬ HUAJIE VIỆT NAM (NỘP HỘ NTNN)","0274380379
","3703269031
"
"CÔNG TY TNHH CÔNG NGHỆ ĐIỆN TỬ LONGOOD (VIỆT NAM) (NỘP HỘ NTNN)","02743630680
","3703269024
"
"CÔNG TY TNHH EDK VINA (NỘP HỘ NTNN)","02743803357
","3703269017
"
"CÔNG TY TNHH JAMR TECHNOLOGY","0965714056
","3703268214
"
"CÔNG TY TNHH DỊCH VỤ HOTEL TÂN LẬP","0354797570
","3703267965
"
"CÔNG TY TNHH THƯƠNG MẠI VĨNH CƯỜNG BÌNH DƯƠNG","0937376766
","3703268133
"
"CÔNG TY TNHH SX THƯƠNG MẠI CAO SU BÌNH MINH","0362188737
","3703268077
"
"CÔNG TY TNHH XUẤT NHẬP KHẨU NỘI THẤT AN AN","0766872373
","3703268013
"
"CÔNG TY TNHH THƯƠNG MẠI DỊCH VỤ LẨU BÒ ÚT LỢI","0902791188
","3703268006
"
"CÔNG TY TNHH TIẾP THỊ QUỐC TẾ SALADIGITAL","0962423983
","3703268260
"
"CÔNG TY TNHH NHÀ HÀNG JIANG ZHE HUI","0358243698
","370326809
"
"CÔNG TY TNHH TM VÀ ĐT TRỊNH HIỀN","0989753605
","3703268045
"
"CÔNG TY TNHH KINH DOANH VẬN TẢI TRIỀU THÀNH","0966572614
","3703268038
"
"CÔNG TY TNHH THIẾT BỊ CÔNG NGHỆ BO SHI YUAN","0947063150
","3703268020
"
"CÔNG TY TNHH THƯƠNG MẠI DỊCH VỤ QIN MI","0947063150
","3703267997
"
"CÔNG TY TNHH CHUỖI CUNG ỨNG ƯU ĐÀM VIỆT NAM","0382579881
","3703268239
"
"CÔNG TY TNHH MTV KHÁCH SẠN TRẦN LONG THÀNH PHỐ MỚI BÌNH DƯƠNG","096774986
","3703268140
"
"CÔNG TY TNHH THƯƠNG MẠI XÂY DỰNG AN NÔNG VIỆT","0933317925
","3703268126
"
"CÔNG TY TNHH THƯƠNG MẠI GIA CÔNG HUA XIANG","0932161386
","3703268084
"
"CÔNG TY TNHH SAKURA TOSO VIỆT NAM","0908643576
","3703268447
"
"CÔNG TY TNHH PHÁT TRIỂN THƯƠNG MẠI DỊCH VỤ ĐÔNG BÌNH","0566645670
","3703268398
"
"CÔNG TY TNHH SX TM TÂN HƯNG THUẬN","0922974884
","3703268302
"
"CÔNG TY TNHH KINH DOANH THƯƠNG MẠI DỊCH VỤ TINH HOA","0566645646
","3703268292
"
"CÔNG TY TNHH VẬN TẢI NỘI NGOẠI THÀNH HOÀNG PHÁT","0398748621
","3703268197
"
"CÔNG TY TNHH THƯƠNG MẠI XUẤT NHẬP KHẨU LỘC PHÁT FOOD","0937000123
","3703268158
"
"CÔNG TY TNHH TỨ XUYÊN TRÙNG KHÁNH QUÁN","0974666459
","3703267958
"
"CÔNG TY TNHH YOURS COFFEE & TEA (CÀ PHÊ VIỆT - GU VIỆT)","0968528763
","3703268285
"
"CÔNG TY TNHH MTQ ENGINEERING","0977419359
","3703268278
"
"CÔNG TY CỔ PHẦN VAKA LAND","0902474039
","3703267098
"
"CÔNG TY TNHH ĐẦU TƯ NỘI THẤT NPT","0937810869
","3703268341
"
"CÔNG TY TNHH THƯƠNG VILA","0919395657
","3703268246
"
"CÔNG TY TNHH DVTM MẠNH QUÂN.","0976263319
","3703268207
"
"CÔNG TY TNHH GIÁO DỤC PIE","0375037097
","3703268165
"
"CÔNG TY TNHH THƯƠNG MẠI XÂY DỰNG NỘI THẤT TS MIỀN NAM","0776344344
","3703268101
"
"CÔNG TY TNHH NĂNG LƯỢNG VIỄN THÔNG THIÊN ÂN","0988282106
","3703268172
"
"CÔNG TY TNHH SX TM DƯƠNG BÌNH PHÁT","0328320100
","3703268052
"
"CÔNG TY TNHH CƠ KHÍ XÂY DỰNG VÀ THƯƠNG MẠI VINH ANH PHÁT","0356699339
","3703267725
"
"CÔNG TY TNHH HÀ TRUNG THÀNH","0393509001
","3703267972
"
"CÔNG TY TNHH THIẾT KẾ VÀ XÂY DỰNG NHÀ LẮP GHÉP Q71","0966999670
","3703267718
"
"TRƯỜNG MẦM NON HOA NGỌC LAN","0985833499
","3703268253
"
"CÔNG TY TNHH THƯƠNG MẠI SẢN XUẤT INOX MT PHÁT","0979744747
","3703267933
"
"CÔNG TY TNHH QUẢNG CÁO TRUYỀN THÔNG SỰ KIỆN MARKETING GOLDEN LIGHT","0937723325
","3703267877
"
"CÔNG TY TNHH KIM TẤN KHANG","0917713723
","3703267845
"
"CÔNG TY TNHH KỸ THUẬT ZHENGYI","0987954449
","3703267940
"
"CÔNG TY TNHH THIẾT KẾ VÀ TRANG TRÍ THANH TUẤN","0338445228
","3703267926
"
"CÔNG TY TNHH THƯƠNG MẠI YISHUN","0786081524
","3703267919
"
"CÔNG TY TNHH THƯƠNG MẠI VÀ DỊCH VỤ VẬN TẢI TẤN TÀI PHÁT","0971383284
","3703267901
"
"CÔNG TY TNHH THƯƠNG MẠI DỊCH VỤ THIÊN THỦY XANH BD","0929875527
","3703267891
"
"CÔNG TY TNHH THƯƠNG MẠI HUAXIN VIỆT NAM","0981754623
","3703267884
"
"CÔNG TY TNHH THƯƠNG MẠI DỊCH VỤ PHÚC NGỌC BÌNH","0393270840
","3703267813
"
"CÔNG TY TNHH NHA KHOA SMILE 4.0","0984976750
","3703267806
"
"CÔNG TY CỔ PHẦN BLUE SKY TOURIST","0906917803
","3703267796
"
"CÔNG TY TNHH THƯƠNG MẠI DỊCH VỤ SẢN XUẤT VÂN NAM","0902155433
","3703267789
"
"CÔNG TY TNHH MTV DẦU KHÍ ANH VY","0981256526
","3703267764
"
"CÔNG TY TNHH SX TM DV GỖ CHUA SAC","0813330437
","3703267757
"
"CÔNG TY TNHH DỊCH VỤ THƯƠNG MẠI QUANG TAI PHÚ","0995961787
","3703267820
"
"CÔNG TY TNHH KỸ THUẬT IN NAM NAM LONG","0987880567
","37032677111
"
"CÔNG TY CỔ PHẦN THƯƠNG MẠI DỊCH VỤ VẬN TẢI HẰNG HÀ","0377906668
","3703267690
"
"CÔNG TY TNHH TMDV LỘC TRƯỜNG THỊNH","0898507566
","3703267669
"
"CÔNG TY TNHH CON CUNG VIET NAM","0388297433
","3703267644
"
"CÔNG TY TNHH CUNG ỨNG TBS","0948642240
","3703267637
"
"CÔNG TY TNHH MTV CHÂU THẠCH","0777627544
","3703267605
"
"CÔNG TY TNHH THƯƠNG MẠI VÀ VẬN TẢI QUỐC TẾ VPM","0785058308
","3703267595
"
"CÔNG TY TNHH XNK BAO BÌ HOÀNG ÂN","0776105752
","3703267450
"
"CÔNG TY TNHH SẢN XUẤT THƯƠNG MẠI DỊCH VỤ CHÂU THÁI TRUNG","0338393494
","3703267066
"
"CÔNG TY TNHH TRE XANH LOGISTICS","0966467217
","3703267059
"
"CÔNG TY TNHH THƯƠNG MẠI QUẢNG CÁO L-KING","0388224801
","3703267041
"
"CÔNG TY TNHH CH ĐÔNG HIỆP","0858074016
","3703267732
"
"CÔNG TY TNHH CƠ KHÍ XÂY DỰNG MAI GIA","0917060688
","3703267700
"
"CÔNG TY TNHH PHỐ HẢI SẢN HẢI NAM","0968367887
","3703267676
"
"CÔNG TY TNHH HẰNG THỊNH VIỆT NAM","0847252345
","3703267651
"
"CÔNG TY TNHH VẬT LIỆU MODERN DECO","0918593906
","3703267612
"
"CÔNG TY TNHH THƯƠNG MẠI & SẢN XUẤT PLASTIC KIM THÀNH","0528127040
","3703267588
"
"CÔNG TY TNHH GIA CÔNG PHUN SƠN HOÀNG MINH","0582286888
","3703267570
"
"CÔNG TY TNHH THƯƠNG MẠI DỊCH VỤ DU LỊCH KIẾN QUANG","0358434389
","3703267563
"
"CÔNG TY TNHH SẢN XUẤT KỸ THUẬT CƠ KHÍ THÀNH CÔNG","0862237829
","3703267556
"
"CÔNG TY TNHH PHÁT TRIỂN TM DỊCH VỤ HUỲNH KHÁNH","0912471878
","3703267531
"
"CÔNG TY TNHH CƠ KHÍ XÂY DỰNG ĐỖ GIA PHÁT","0976068039
","3703267524
"
"CÔNG TY TNHH DUCK SUNG PRECISION (NỘP HỘ NTNN)","02746539466
","3703267838
"
"CÔNG TY TNHH SẢN XUẤT TM-DV HƯNG NGUYÊN","0975237788
","3703267468
"
"CÔNG TY TNHH TM DV VẬN TẢI TRIỆU SƠN","0963810078
","3703267517
"
"CÔNG TY TNHH TM DV XNK VẠN THỊNH PHÁT","0933369424
","3703267683
"
"CÔNG TY TNHH TM TỔNG HỢP QUÝ DẦN","0899380468
","3703267549
"
"TRƯỜNG MẦM NON, TIỂU HỌC, TRUNG HỌC CƠ SỞ QUÊ HƯƠNG","0903803908
","3703267475
"
"CÔNG TY TNHH MỘT THÀNH VIÊN VẬN TẢI ĐỨC PHÁT","0357881598
","3703267147
"
"CÔNG TY TNHH TMDV CƠ KHÍ XÂY DỰNG TUẤN ANH VINA","0876914853
","3703267404
"
"CÔNG TY TNHH XD PHÁT TRIỂN DỊCH VỤ TMS VN","0345886736
","3703267443
"
"CÔNG TY TNHH SƠN HLP","0967905988
","3703267387
"
"CÔNG TY TNHH THƯƠNG MẠI KE YUE","0329547158
","3703267362
"
"CÔNG TY TNHH TH-BEAUTY","0977681874
","3703267281
"
"CÔNG TY TNHH SẢN XUẤT THƯƠNG MẠI DỊCH VỤ THANH HOÀNG PHÁT","0968792805
","3703267267
"
"CÔNG TY TNHH THỰC PHẨM NHẬT ANH PHÁT","0344187369
","3703267154
"
"CÔNG TY TNHH MTV THƯƠNG MẠI TRƯỜNG SINH","0979492382
","3703267436
"
"CÔNG TY TNHH SỐ ĐẸP PHONG THUỶ VIỆT NAM","0949499785
","3703267274
"
"CÔNG TY TNHH XÂY DỰNG KIẾN TRÚC ĐÔ THỊ TRƯỜNG THỊNH PHÁT","09632169167
","37032671235
"
"CÔNG TY TNHH PETRO BÌNH DƯƠNG","0938002640
","3703267203
"
"CÔNG TY TNHH THƯƠNG MẠI ĐẦU TƯ TÂM AN VN","0338264143
","3703267161
"
"CÔNG TY TNHH QUỐC HƯNG AUTO DETAILING","0982283772
","3703267108
"
"CÔNG TY TNHH SUẤT ĂN ĐƯỜNG BẢO PHÁT","0879236979
","3703267186
"
"CÔNG TY TNHH KINH DOANH ĐẦU TƯ M. QUANG","0928226344
","3703267429
"
"CÔNG TY TNHH TMDV ANH ANH TUẤN SÀI GÒN","0876908953
","3703267394
"
"CÔNG TY TNHH GREENCHOICE QT","0357162686
","3703267228
"
"CÔNG TY CỔ PHẦN GIÁO DỤC HOA SEN BẾN CÁT","0982069069
","3703267192
"
"CÔNG TY TNHH GREEN HOUSE BÌNH DƯƠNG","0969991911
","3703267122
"
"CÔNG TY TNHH THƯƠNG MẠI PHÁT TRIỂN DỊCH VỤ TÔ PHƯƠNG","0928231285
","3703267115
"
"CÔNG TY TNHH HUY HUY HOÀNG VN","0979722750
","3703267411
"
"CÔNG TY TNHH TG TRƯỜNG THỊNH AN","0328789373
","3703267242
"
"CÔNG TY TNHH NGŨ KIM HỒNG TÀI","0896339478
","3703267330
"
"CÔNG TY TNHH SẢN XUẤT THƯƠNG MẠI DỊCH VỤ GỖ VĨNH PHÚC","0359303290
","3703267355
"
"CÔNG TY TNHH THƯƠNG MẠI PAM VIỆT ANH","0778087937
","3703267348
"
"CÔNG TY TNHH TM DỊCH VỤ TỔNG HỢP BÌNH MINH","0927590578
","3703267323
"
"CÔNG TY TNHH MÁY MÓC ĐẠI CƯỜNG THỊNH","0971371749
","3703267210
"
"CÔNG TY TNHH CARLILE JEWELRY VIỆT NAM","862031105998
","3703267179
"
"CÔNG TY TNHH MTV TỔNG HỢP NAM ANH","0898352968
","3703267080
"
"CÔNG TY TNHH VÀNG BẠC ĐÁ QUÝ NGỌC HÀ DĨ AN","0931454868
","3703267073
"
"CÔNG TY TNHH TMDV TỔNG HỢP HOÀNG TRƯỜNG","0898480468
","3703266954
"
"CÔNG TY TNHH THƯƠNG MẠI DỊCH VỤ NEW MONDAY","0582121147
","3703266922
"
"CÔNG TY TNHH PHÚ AN QUÝ","0965135579
","3703266915
"
"CÔNG TY TNHH PHÁT TRIỂN THƯƠNG MẠI DỊCH VỤ HỒNG SANG","0924419941
","3703266908
"
"CÔNG TY TNHH MỘT THÀNH VIÊN GARA Ô TÔ HAI SANG","09032070792
","3703267316
"
"CÔNG TY TNHH ERTIS GLOBAL ENERGY SERVICE","0777796780
","3703267034
"
"CÔNG TY TNHH THƯƠNG MẠI DỊCH VỤ VẬN TẢI HT TRANSPORT","0931318131
","3703267027
"
"CÔNG TY TNHH MTV HIỀN CÁT TƯỜNG","0896962468
","3703267002
"
"CÔNG TY TNHH DVTM TỔNG HỢP ĐẠI LAM ĐIỀN","0915775478
","3703266993
"
"CÔNG TY TNHH HỮU THIỆN TÂM","0898114068
","3703266986
"
"CÔNG TY TNHH THƯƠNG MẠI DỊCH VỤ KHÁCH SẠN HOÀNG MAI","0362849165
","3703266979
"
"CÔNG TY TNHH THƯƠNG MẠI TỔNG HỢP PHỤNG PHÁT","0898502268
","3703266961
"
"CÔNG TY TNHH THƯƠNG MẠI DỊCH VỤ VẬN TẢI BUÔN PHƯƠNG","0927848493
","3703266947
"
"CÔNG TY CỔ PHẦN THƯƠNG MẠI VÀ DU LỊCH BÌNH DƯƠNG (NỘP HỘ NTNN)","02837240240
","3703267309
"
"CÔNG TY TNHH ALPHA BRAVE (NỘP HỘ NTNN)","0913067996
","3703267299
"
"CÔNG TY TNHH PHÁT TRIỂN VIỆT GỖ THÔNG MINH","0934409262
","3703266859
"
"CÔNG TY TNHH VLXD NỘI THẤT CVC","0934409262
","3703266792
"
"CÔNG TY TNHH TMDV PHÁT TRIỂN VĨNH HÒA","0878480548
","3703266785
"
"CÔNG TY TNHH THƯƠNG MẠI SẢN XUẤT TÀI BẢO","0927618341
","3703266753
"
"CÔNG TY TNHH THƯƠNG MẠI XNK ASION","0987365658
","3703266802
"
"CÔNG TY TNHH BKLASER GLOBAL","0785866969
","3703266866
"
"CÔNG TY TNHH THƯƠNG MẠI VÀ TRANG TRÍ NỘI THẤT ANH DƯƠNG PHÁT","0379848567
","3703266841
"
"CÔNG TY TNHH AXMAN (VIỆT NAM)","88648535898
","3703266658
"
"CÔNG TY TNHH THƯƠNG MẠI DỊCH VỤ SẢN XUẤT VĨNH PHÚC","0358432483
","3703266834
"
"CÔNG TY TNHH MIDUO TEXTILES","0975054408
","3703266827
"
"CÔNG TY TNHH ĐIỆN TUẤN KIỆT","0707034345
","3703266778
"
"CÔNG TY TNHH GIA CÔNG CƠ KHÍ HOÀNG GIA PHÁT","0971721781
","3703266760
"
"CÔNG TY TNHH VẬT LIỆU BAO BÌ NHẤT PHONG VIỆT NAM","0383346190
","3703266739
"
"CÔNG TY TNHH KE YI","0965742315
","3703266640
"
"CÔNG TY TNHH THKL","0946404041
","3703266633
"
"CÔNG TY TNHH CITY CENMET BD","0334749957
","3703266626
"
"CÔNG TY TNHH DONEX BD","0357315942
","3703266601
"
"CÔNG TY TNHH YURONG","0976069303
","370326659
"
"CÔNG TY TNHH THƯƠNG MẠI DỊCH VỤ HOÀNG XUÂN VŨ","0786866513
","3703266584
"
"CÔNG TY TNHH DV UNICOME","0366706666
","3703266577
"
"CÔNG TY TNHH XÂY DỰNG HOÀNG KIỀU","0936476114
","3703266552
"
"CÔNG TY TNHH ĐIỆN TỬ HOWELL (VIỆT NAM) (NỘP HỘ NTNN)","821050838288
","3703266898
"
"CÔNG TY TNHH OKIN VIỆT NAM (NỘP HỘ NTNN)","02743591539
","3703266880
"
"CÔNG TY TNHH SẢN XUẤT THƯƠNG MẠI DỊCH VỤ NUM BER ONE (NỘP THAY NTNN)","0898760066
","3703266873
"
"CÔNG TY TNHH PHỤ TÙNG Ô TÔ VÀ LỐP XE VĂN TÌNH","0967638487
","3703266746
"
"CÔNG TY TNHH KỸ THUẬT CƠ ĐIỆN HƯNG QUANG","0799015482
","3703266665
"
"CÔNG TY TNHH THƯƠNG MẠI ĐẦU TƯ NGỌC QUYÊN LILINA","0812797039
","3703266619
"
"CÔNG TY TNHH HANERTO VN","0397913401
","3703266545
"
"CÔNG TY TNHH KINH DOANH TỔNG HỢP THƯƠNG MẠI NGỌC ĐẠT","0909984339
","3703266538
"
"CÔNG TY TNHH TMDV VẬT TƯ Y TẾ THIẾT BỊ NGUYỄN HIỀN","0778314372
","3703266707
"
"CÔNG TY TNHH PHÁT TRIỂN ĐẦU TƯ THƯƠNG MẠI DỊCH VỤ VĨNH HUÊ","0586824839
","3703266714
"
"CÔNG TY TNHH SẢN XUẤT GIA CÔNG HOA LONG","0907697516
","3703266697
"
"CÔNG TY TNHH DỊCH VỤ THƯƠNG MẠI VẬN TẢI HOÀNG KHANG","0933751720
","3703266520
"
"CÔNG TY TNHH KDDV ĐT NGUYỄN NHƯ Ý","0929911408
","3703266513
"
"CÔNG TY TNHH MTV TM DV KỸ THUẬT CNC ĐỨC TOÀN","0981650699
","3703266672
"
"CÔNG TY TNHH TM DV GIAO NHẬN VẬN TẢI AN NHIÊN","0902202009
","370326672
"
"CÔNG TY TNHH THƯƠNG MẠI KHỞI SÂM VIỆT NAM","09732174023
","3703266263
"
"CÔNG TY TNHH HANARIES","0966082296
","3703266217
"
"CÔNG TY TNHH SX TM NỘI THẤT ĐÔ MY","093348081
","3703266256
"
"CÔNG TY TNHH TƯ VẤN XÂY DỰNG VÀ THƯƠNG MẠI Ý THIÊN","0976847747
","3703266224
"
"CÔNG TY CỔ PHẦN ĐẦU TƯ PHÁT TRIỂN ĐÀO TẠO GIÁO DỤC PHƯƠNG ĐÔNG","0964359999
","3703266143
"
"CÔNG TY TNHH PACIFIC STAR VIỆT NAM","0353049137
","3703266136
"
"CÔNG TY TNHH THIẾT KẾ VÀ THI CÔNG XÂY DỰNG RẠNG ĐÔNG","09674842750975575
","3703266094
"
"CÔNG TY TNHH THƯƠNG MẠI DỊCH VỤ THANH THỦY BD","02437876502
","3703266506
"
"CÔNG TY TNHH TƯ VẤN VÀ VẬN HÀNH PVN","0763637333
","3703266048
"
"CÔNG TY TNHH MOKKA","0961270290
","3703266150
"
"CÔNG TY TNHH MTV CHONMANI","0942105167
","3703266087
"
"CÔNG TY TNHH CÔNG NGHỆ HANGONG (VIỆT NAM)","0839618738
","3703266129
"
"CÔNG TY TNHH SẢN XUẤT THƯƠNG MẠI DỊCH VỤ NHƯ Ý NGỌC","07176971
","3703266104
"
"CÔNG TY TNHH QUÀ TẶNG NAM TRẦN","0985953794
","3703266062
"
"CÔNG TY TNHH SX TM DV HOA THÁI","0941777179
","3703266055
"
"CÔNG TY TNHH THƯƠNG MẠI DỊCH VỤ PHƯỚC HUỲNH BD","0876706892
","3703266030
"
"CÔNG TY TNHH HAZTEK VIỆT NAM","0336804158
","3703266023
"
"CÔNG TY CỔ PHẦN BẢO VỆ - VỆ SĨ HOA PHƯỢNG TSL","0983162356
","3703265975
"
,,
,,
,,
,,
"CÔNG TY TNHH XUẤT NHẬP KHẨU ROSA VINA","0523035972
","3703266432
"
,,
,,
,,
,,
,,
,,
,,
,,
,,
,,
"CÔNG TY TNHH THƯƠNG MẠI DỊCH VỤ HAO YU MOTOR","0971736711
","3703266351
"
,,
,,
,,
,,
,,
,,
,,
"CÔNG TY TNHH ĐẦU TƯ THƯƠNG MẠI SẢN XUẤT MỐT VIỆT","0787074850
","3703266249
"
,,
,,
,,
,,
,,
,,
,,
,,
,,
,,
"CÔNG TY TNHH CƠ KHÍ HOÀ PHÁT CONTRUSTION","0943853381
","3703265950
"
,,
,,
,,
,,
,,
,,
,,
,,
,,
,,
,,
,,
,,
,,
,,
,,
,,
,,
,,
"CÔNG TY TNHH CÔNG NGHỆ TỰ ĐỘNG HÓA YONGBANG VIỆT NAM","0397567416
","3703265608
"
,,
,,
,,
,,
,,
,,
,,
,,
,,
,,
,,
,,
,,
"CÔNG TY TNHH XU LONG VIỆT NAM","0978095121
","3703265125
"
,,
"CÔNG TY TNHH MTV TIÊN LONG CHÂU","0899041168
","3703265037
"
"CÔNG TY TNHH TM TÍN DÂN","0906807157
","3703264925
"
,,
"CÔNG TY TNHH GIA CÔNG THUẬN HỒNG","0921532022
","3703265132
"
,,
,,
,,
,,
,,
,,
,,
"CÔNG TY TNHH GỖ NỘI THẤT PINYUE","0917431319
","3703264883
"
,,
,,
"CÔNG TY TNHH VẬN CHUYỂN THƯƠNG MẠI KIM PHÁT","0896119468
","3703264837
"
,,
,,
