CÔNG TY TNHH TIẾN THÀNH CASHEW,979115440,0979115440,0979115440
CÔNG TY TNHH XÂY LẮP ĐIỆN PHÁT ĐẠT,932003397,0932003397,0932003397
CÔNG TY TNHH XUẤT NHẬP KHẨU CHẾ BIẾN NÔNG SẢN ANH ĐÀO BP,357284816,0357284816,0357284816
CÔNG TY TNHH DKCO,3.48937E+15,03489367280977840,03489367280977840
CÔNG TY TNHH MỘT THÀNH VIÊN XUẤT NHẬP KHẨU DỊCH VỤ THƯƠNG MẠI CÔNG DANH,976333504,0976333504,0976333504
CÔNG TY TNHH MỘT THÀNH VIÊN THƯƠNG MẠI NGUYÊN KHANG,918648436,0918648436,0918648436
CÔNG TY TNHH THƯƠNG MẠI DỊCH VỤ MAY MẶC THỜI TRANG BÉ CƯNG KIDS,973006689,0973006689,0973006689
CÔNG TY TNHH THƯƠNG MẠI DỊCH VỤ MINH THÀNH ĐN,903537302,0903537302,0903537302
CÔNG TY TNHH BHG VIỆT NAM & LƯU DANH,909597667,0909597667,0909597667
CÔNG TY TNHH MỘT THÀNH VIÊN HÀ MINH ĐỨC,972034036,0972034036,0972034036
CÔNG TY TNHH THƯƠNG MẠI DỊCH VỤ HƯƠNG AN NHI,977720034,0977720034,0977720034
CÔNG TY TNHH DỊCH VỤ DU LỊCH LỮ HÀNH THÀNH ĐẠT,772039339,0772039339,0772039339
CÔNG TY TNHH MỘT THÀNH VIÊN THƯƠNG MẠI DỊCH VỤ ÁNH HẰNG,385605801,0385605801,0385605801
CÔNG TY TNHH MỘT THÀNH VIÊN DỊCH VỤ NGUYÊN BẢO PHÁT,372260685,0372260685,0372260685
CÔNG TY TNHH MỘT THÀNH VIÊN NAVAN GIA TRUYỀN,352047479,0352047479,0352047479
CÔNG TY TNHH TM DV XNK CHẾ BIẾN KHAI THÁC NÔNG LÂM KHOÁNG SẢN DCK,989766388,0989766388,0989766388
CÔNG TY TNHH MỘT THÀNH VIÊN THƯƠNG MẠI DỊCH VỤ XUẤT NHẬP KHẨU LINH MƯỜI,3.92943E+16,039294333203527700,039294333203527700
CÔNG TY TNHH MTV PHAN NHƠN,889739789,0889739789,0889739789
CÔNG TY TNHH TM DV VÀ XD NAM TIẾN,982563003,0982563003,0982563003
CÔNG TY TNHH FONCHEER TECH-INTELLIGENT MANUFACTURING VIỆT NAM,919967203,0919967203,0919967203
CÔNG TY TNHH MỘT THÀNH VIÊN DỊCH VỤ VI TÍNH CHƠN THÀNH,986976398,0986976398,0986976398
CÔNG TY TNHH HỖ TRỢ TÂM LÝ VÀ CAN THIỆP SỚM MẦM XANH,378384801,0378384801,0378384801
CÔNG TY TNHH MỘT THÀNH VIÊN ĐẦU TƯ THƯƠNG MẠI DỊCH VỤ ĐẤT VIỆT,976334332,0976334332,0976334332
CÔNG TY TNHH KHÁNH VY PLUS,969651854,0969651854,0969651854
CÔNG TY TNHH SẢN PHẨM NGOÀI TRỜI ZHIDING,332347758,0332347758,0332347758
CÔNG TY TNHH THƯƠNG MẠI VÀ XUẤT KHẨU CAO SU F1 GROUP,3599650617,03599650617,03599650617
CÔNG TY TNHH NGUYÊN LIỆU PHA CHẾ TRUNG KIÊN,911212990,0911212990,0911212990
CÔNG TY TNHH TM DV NĂNG LƯỢNG XANH BÌNH PHƯỚC,985657989,0985657989,0985657989
CÔNG TY TNHH GARAGE HẠNH PHÁT,962730280,0962730280,0962730280
CÔNG TY TNHH XUẤT NHẬP KHẨU TRÍ VIỆT,938219786,0938219786,0938219786
CÔNG TY TNHH XUẤT NHẬP KHẨU NGUYỄN KHANG,986161893,0986161893,0986161893
CÔNG TY TNHH TƯ VẤN CÔNG NGHỆ VU,339264353,0339264353,0339264353
CÔNG TY TNHH TMDV DUNG LENSION,792891087,0792891087,0792891087
CÔNG TY TNHH PHÁT TRIỂN GIÁO DỤC GLORY,947938438,0947938438,0947938438
CÔNG TY CỔ PHẦN SẢN XUẤT XUẤT NHẬP KHẨU HẠT ĐIỀU VICTORIA,973774834,0973774834,0973774834
CÔNG TY TNHH ÚT LAN BP,989048139,0989048139,0989048139
CÔNG TY TRÁCH NHIỆM HỮU HẠN DỊCH VỤ & THƯƠNG MẠI TRỨNG GIA CẦM THIÊN PHÚ,376995595,0376995595,0376995595
CÔNG TY TNHH TƯƠNG DƯƠNG,912798912,0912798912,0912798912
CÔNG TY TNHH MỘT THÀNH VIÊN ANH HÙNG PHÁT,939666626,0939666626,0939666626
CÔNG TY CỔ PHẦN XÂY DỰNG CÔNG NGHIỆP BP,919222120,0919222120,0919222120
CÔNG TY TNHH MỘT THÀNH VIÊN SẢN XUẤT THƯƠNG MẠI HIỆP THẢO,972612047,0972612047,0972612047
CÔNG TY TNHH THƯƠNG MẠI VÀ SẢN XUẤT PHÚC AN KHANG,962872851,0962872851,0962872851
CÔNG TY TNHH THƯƠNG MẠI DỊCH VỤ HÙNG HUY BP,987021009,0987021009,0987021009
CÔNG TY TNHH THƯƠNG MẠI DỊCH VỤ BẢO MINH BP,935949469,0935949469,0935949469
CÔNG TY TNHH XUẤT NHẬP KHẨU HỒNG PHÚC BP,982678099,0982678099,0982678099
CÔNG TY TNHH TRIỆU VINH BP,948510314,0948510314,0948510314
CÔNG TY TNHH TM DV TÀI LỘC PL,587845461,0587845461,0587845461
CÔNG TY TNHH MỘT THÀNH VIÊN SẢN XUẤT DỊCH VỤ THƯƠNG MẠI HƯNG HÀ,984278490,0984278490,0984278490
CÔNG TY TNHH MỘT THÀNH VIÊN THƯƠNG MẠI DỊCH VỤ SẢN XUẤT THÀNH PHÁT BP,385639879,0385639879,0385639879
CÔNG TY TNHH MÌ CAY SASAN,369483092,0369483092,0369483092
CÔNG TY TNHH THƯƠNG MẠI VÀ SẢN XUẤT LONG HƯNG PHÁT,942576107,0942576107,0942576107
CÔNG TY TNHH TM DV TỔNG HỢP GIA TRUNG,983717400,0983717400,0983717400
CÔNG TY CP PHÚ HÀO HOLDING,922226852,0922226852,0922226852
CÔNG TY TNHH THƯƠNG MẠI DỊCH VỤ GIA BẢO BP,974956208,0974956208,0974956208
CÔNG TY TNHH ĐẦU TƯ THƯƠNG MẠI SONG KIM,911199181,0911199181,0911199181
CÔNG TY TNHH THƯƠNG MẠI PHÁT TRIỂN TRÀ BÌNH MINH,989710286,0989710286,0989710286
CÔNG TY TNHH SẢN XUẤT THƯƠNG MẠI HUY PHÁT,979514415,0979514415,0979514415
CÔNG TY TNHH XUẤT NHẬP KHẨU NGUYỄN KHÁNH,889435456,0889435456,0889435456
CÔNG TY TNHH THƯƠNG MẠI DỊCH VỤ VÀ XÂY DỰNG AN PHÚ ĐN,348863066,0348863066,0348863066
CÔNG TY TNHH MỘT THÀNH VIÊN TRẦN SIRUM,353972677,0353972677,0353972677
CÔNG TY TNHH THƯƠNG MẠI DỊCH VỤ SẢN XUẤT PHÚC HƯƠNG,977575179,0977575179,0977575179
CÔNG TY TNHH MỘT THÀNH VIÊN HẠT ĐIỀU TUYẾN THỊNH,386751808,0386751808,0386751808
CÔNG TY TNHH THƯƠNG MẠI DỊCH VỤ ĐẦU TƯ XUẤT NHẬP KHẨU AN HUY,966899999,0966899999,0966899999
CÔNG TY TNHH MỘT THÀNH VIÊN XUẤT NHẬP KHẨU TUẤN OANH,973391739,0973391739,0973391739
CÔNG TY TNHH MỘT THÀNH VIÊN THƯƠNG MẠI SẢN XUẤT HỮU SANG,985826220,0985826220,0985826220
CÔNG TY TNHH THƯƠNG MẠI XUẤT NHẬP KHẨU THỊNH VƯỢNG LOGISTICS,974844979,0974844979,0974844979
CÔNG TY TNHH MTV XÂY DỰNG NAM PHÚ PHÁT,363046338,0363046338,0363046338
CÔNG TY TNHH THƯƠNG MẠI DỊCH VỤ SẢN XUẤT NGỌC KHUÊ,848160318,0848160318,0848160318
CÔNG TY TNHH TÂN VIỆT HUY BP,929678993,0929678993,0929678993
CÔNG TY TNHH THƯƠNG MẠI XÂY DỰNG DƯƠNG ANH KHOA,941527007,0941527007,0941527007
CÔNG TY TNHH SẢN XUẤT THƯƠNG MẠI VÀ DỊCH VỤ NGỌC LAN FOOD,961273222,0961273222,0961273222
CÔNG TY TNHH MTV TÂN HUY PHÁT BOM BO,968243186,0968243186,0968243186
CÔNG TY TNHH LINH QUỲNH BP,987988022,0987988022,0987988022
CÔNG TY TNHH KINH DOANH VẬT LIỆU XÂY DỰNG ĐỨC DŨNG,981972755,0981972755,0981972755
CÔNG TY TNHH MỘT THÀNH VIÊN THƯƠNG MẠI DỊCH VỤ TIẾN TRANG,971633439,0971633439,0971633439
CÔNG TY TNHH MỘT THÀNH VIÊN SẢN XUẤT THƯƠNG MẠI DỊCH VỤ HOÀNG DANH,961793969,0961793969,0961793969
CÔNG TY TNHH SẢN XUẤT THƯƠNG MẠI DỊCH VỤ XUẤT NHẬP KHẨU THIỆN PHÁT,986657989,0986657989,0986657989
CÔNG TY TNHH THƯƠNG MẠI DỊCH VỤ SẢN XUẤT NGỌC TUYỀN,392018979,0392018979,0392018979
CÔNG TY TNHH MỘT THÀNH VIÊN THƯƠNG MẠI HẢI OANH BP,963999978,0963999978,0963999978
CÔNG TY TNHH MỘT THÀNH VIÊN MINH LOAN THẮNG,384962461,0384962461,0384962461
CÔNG TY TNHH NÔNG SẢN THIÊN Ý,369063851,0369063851,0369063851
CÔNG TY TNHH ANH TÂY CASHEW,988086094,0988086094,0988086094
CÔNG TY TNHH KỸ THUẬT SONG TOÀN PHÁT,986183766,0986183766,0986183766
CÔNG TY TRÁCH NHIỆM HỮU HẠN MỘT THÀNH VIÊN THƯƠNG MẠI ANH THƯ BÌNH PHƯỚC,982753102,0982753102,0982753102
CÔNG TY TNHH THƯƠNG MẠI THỰC PHẨM SẠCH NHƯ Ý,975233030,0975233030,0975233030
CÔNG TY TNHH THƯƠNG MẠI DỊCH VỤ BIÊN HÒA BP,973739941,0973739941,0973739941
CÔNG TY TNHH XUẤT NHẬP KHẨU SĨ NGUYÊN,988285100,0988285100,0988285100
CÔNG TY TNHH XÂY DỰNG SAN LẤP LÂM HÙNG,914264099,0914264099,0914264099
CÔNG TY TNHH SẢN XUẤT BAO BÌ NHỰA HỒNG PHÁT,777424742,0777424742,0777424742
CÔNG TY TNHH GIẢI PHÁP NÔNG LÂM VIÊN,901663081,0901663081,0901663081
CÔNG TY TNHH KIM LIÊN 79,559342826,0559342826,0559342826
CÔNG TY TNHH XUẤT NHẬP KHẨU NĂNG LƯỢNG NAM ANH,927001368,0927001368,0927001368
CÔNG TY TNHH XUẤT NHẬP KHẨU MINH QUÂN BP,973774002,0973774002,0973774002
CÔNG TY TNHH TMDV HÙNG OANH ĐN,827830830,0827830830,0827830830
CÔNG TY TNHH MỘT THÀNH VIÊN THƯƠNG MẠI MINH HUY BP,988793910,0988793910,0988793910
CÔNG TY TNHH PHÁT TRIỂN KINH DOANH TUẤN LỘC,964121560,0964121560,0964121560
CÔNG TY TNHH PHÁT TRIỂN THƯƠNG MẠI DỊCH VỤ HOÀNG SƠN,353654579,0353654579,0353654579
CÔNG TY TNHH THƯƠNG MẠI DỊCH VỤ DIỄM HOÀNG,982128212,0982128212,0982128212
CÔNG TY TNHH MỘT THÀNH VIÊN SẢN XUẤT DỊCH VỤ THƯƠNG MẠI BẢO CHÂU,961143145,0961143145,0961143145
CÔNG TY TNHH MỘT THÀNH VIÊN CT MƯỜI PHONG,988728560,0988728560,0988728560
CÔNG TY TNHH THƯƠNG MẠI ĐÁ GRANITE QUANG VINH,354285241,0354285241,0354285241
CÔNG TY TNHH LENCRAFT,981851300,0981851300,0981851300
CÔNG TY TNHH MỘT THÀNH VIÊN HIỆP ĐẠI THÀNH BP,969818158,0969818158,0969818158
CÔNG TY TNHH DẦU NHỜN MINH PHÁT,9110678932,09110678932,09110678932
CÔNG TY TNHH CÔ VUI,395757330,0395757330,0395757330
CÔNG TY TNHH CHI KHÔI,971070656,0971070656,0971070656
CÔNG TY TRÁCH NHIỆM HỮU HẠN THƯƠNG MẠI XÂY DỰNG XUÂN LÂM,98350001,098350001,098350001
CÔNG TY TNHH TƯ VẤN THÔNG TIN TC,867831721,0867831721,0867831721
CÔNG TY TNHH CHẾ TẠO NỒI HƠI HÀ PHÁT,918338752,0918338752,0918338752
CÔNG TY TNHH MTV CƠ KHÍ TIẾN THÀNH,969471154,0969471154,0969471154
CÔNG TY CỔ PHẦN ĐẦU TƯ GIÁO DỤC BẢN SẮC VIỆT,975224477,0975224477,0975224477
CÔNG TY TNHH XUẤT NHẬP KHẨU PHÚ KHANG THỊNH,985406496,0985406496,0985406496
CÔNG TY TNHH MỘT THÀNH VIÊN THƯƠNG MẠI VÀ DỊCH VỤ TN MINH THÀNH,984888221,0984888221,0984888221
CÔNG TY TNHH T&T MOBILE,979271087,0979271087,0979271087
CÔNG TY TNHH SẢN PHẨM GIẤY CHUN QIU VIỆT NAM,981744229,0981744229,0981744229
CÔNG TY TNHH ĐẦU TƯ VÀ PHÁT TRIỂN TRIỆU ĐÔ,986661929,0986661929,0986661929
CÔNG TY TNHH THƯƠNG MẠI DỊCH VỤ KHÁNH AN BP,818888892,0818888892,0818888892
CÔNG TY TNHH MỘT THÀNH VIÊN THƯƠNG MẠI NÔNG SẢN NHƯ ANH,977215187,0977215187,0977215187
CÔNG TY TNHH MỘT THÀNH VIÊN XÂY DỰNG DỊCH VỤ THƯƠNG MẠI HOÀNG NAM,916999343,0916999343,0916999343
CÔNG TY TNHH MỘT THÀNH VIÊN NGA BÌNH LONG,919447710,0919447710,0919447710
CÔNG TY TNHH MỘT THÀNH VIÊN TUẤN NHANH PHÁT,362257949,0362257949,0362257949
CÔNG TY CỔ PHẦN PHÁT TRIỂN SÁNG TẠO THƯƠNG MẠI VÀ CÔNG NGHIỆP AN KHÁNH,901553593,0901553593,0901553593
CÔNG TY TNHH DỊCH VỤ SẢN XUẤT TÂN TIẾN PHÁT,866519431,0866519431,0866519431
CÔNG TY TNHH KTNN VN 8.4,922953353,0922953353,0922953353
CÔNG TY TNHH TM DV VẬN TẢI PHƯƠNG NGUYÊN,703000028,0703000028,0703000028
CÔNG TY TNHH ĐIỆN CƠ QUÂN QUYỀN PHÁT,946012397,0946012397,0946012397
CÔNG TY CỔ PHẦN ĐẦU TƯ GILA,336910295,0336910295,0336910295
HỢP TÁC XÃ DỊCH VỤ DU LỊCH VÀ LOGISTICS HOÀNG YẾN LỘC NINH,819009393,0819009393,0819009393
CÔNG TY TNHH MỘT THÀNH VIÊN TUẤN KIỆT BP,964468469,0964468469,0964468469
CÔNG TY TNHH SẮT THÉP XÂY DỰNG THẮNG LỢI PHÁT,907322339,0907322339,0907322339
CÔNG TY TNHH THƯƠNG MẠI DỊCH VỤ SẢN XUẤT THANH VINH,396436513,0396436513,0396436513
CÔNG TY TNHH SONG MINH NAM,777612026,0777612026,0777612026
CÔNG TY TNHH THƯƠNG MẠI DỊCH VỤ TẠP HOÁ TUẤN,973189459,0973189459,0973189459
CÔNG TY TNHH SẢN XUẤT THƯƠNG MẠI NGỌC KIM CHÂU,366229629,0366229629,0366229629
CÔNG TY TNHH THƯƠNG MẠI DỊCH VỤ PHAN MỸ,986944718,0986944718,0986944718
CÔNG TY TNHH MỘT THÀNH VIÊN DUY MẠNH BP,918445910,0918445910,0918445910
CÔNG TY TNHH XÂY DỰNG DỊCH VỤ ĐỒNG NAI,855487777,0855487777,0855487777
CÔNG TY TNHH MỘT THÀNH VIÊN GAS AN THỊNH PHÁT,972757579,0972757579,0972757579
CÔNG TY TNHH THƯƠNG MẠI DỊCH VỤ H&T BÌNH PHƯỚC,979090577,0979090577,0979090577
CÔNG TY TNHH THƯƠNG MẠI VẬN TẢI VŨ LINH,906963998,0906963998,0906963998
CÔNG TY TNHH TM DV XUÂN VĨNH,389833939,0389833939,0389833939
TRUNG TÂM GIÁO DỤC TRẺ ĐẶC BIỆT TÂM ANH,972103336,0972103336,0972103336
CÔNG TY TNHH ÂM THANH BÌNH PHƯỚC,938768379,0938768379,0938768379
CÔNG TY TNHH MỘT THÀNH VIÊN THƯƠNG MẠI DỊCH VỤ TỔNG HỢP TÂM AN,353629957,0353629957,0353629957
CÔNG TY TNHH CÔNG NGHỆ FLEXON,977807193,0977807193,0977807193
CÔNG TY CỔ PHẦN VIETSTRONG AGRI,796894894,0796894894,0796894894
CÔNG TY TNHH TÔ PHÚ TIẾN PHÁT,918753841,0918753841,0918753841
CÔNG TY TNHH MTV THANH NHÀN BP,97139279,097139279,097139279
CÔNG TY TNHH BOYUAN INDUSTRIAL VIỆT NAM,399889533,0399889533,0399889533
CÔNG TY TNHH MỘT THÀNH VIÊN DỊCH VỤ THƯƠNG MẠI TUẤN MINH,948883008,0948883008,0948883008
CÔNG TY TNHH SẮT THÉP CÔNG MINH,987447005,0987447005,0987447005
CÔNG TY TNHH MỘT THÀNH VIÊN THƯƠNG MẠI DỊCH VỤ TỔNG HỢP BẢO TRÍ,971774545,0971774545,0971774545
CÔNG TY TRÁCH NHIỆM HỮU HẠN PHẠM GIA AGRITECH,337448979,0337448979,0337448979
CÔNG TY TNHH MỘT THÀNH VIÊN THƯƠNG MẠI DỊCH VỤ TỔNG HỢP TRUNG NHÂN,786458568,0786458568,0786458568
CÔNG TY TNHH LÊ PHẠM BP,962838210,0962838210,0962838210
CÔNG TY TNHH THƯƠNG MẠI THÀNH PHÁT,962088715,0962088715,0962088715
CÔNG TY CỔ PHẦN KINH TẾ NÔNG NGHIỆP MIỀN NAM,949878630,0949878630,0949878630
CÔNG TY TNHH AN HẢI SƠN TH,986092255,0986092255,0986092255
CÔNG TY TNHH HÙNG DŨNG HR,832667373,0832667373,0832667373
CÔNG TY TNHH BELAN MART,915777070,0915777070,0915777070
CÔNG TY TNHH CHÂU HỒNG LINH,353217641,0353217641,0353217641
CÔNG TY TNHH MTV THƯƠNG MẠI LÊ GIA,899769456,0899769456,0899769456
CÔNG TY TNHH SẮT THÉP MINH KHÁNH,988327044,0988327044,0988327044
CÔNG TY TNHH THƯƠNG MẠI DỊCH VỤ THẢO MI,973263463,0973263463,0973263463
CÔNG TY TNHH MỘT THÀNH VIÊN THƯƠNG MẠI DỊCH VỤ NÔNG NGHIỆP ĐỒNG PHÁT,933947290,0933947290,0933947290
CÔNG TY TNHH MỘT THÀNH VIÊN THƯƠNG MẠI DỊCH VỤ SẢN XUẤT THIÊN NAM,838367567,0838367567,0838367567
CÔNG TY TNHH MỘT THÀNH VIÊN THƯƠNG MẠI DỊCH VỤ TỔNG HỢP HOÀNG YẾN,972875279,0972875279,0972875279
CÔNG TY TNHH MỘT THÀNH VIÊN DỊCH VỤ THƯƠNG MẠI TỔNG HỢP HÙNG OANH,919383848,0919383848,0919383848
CÔNG TY TNHH THƯƠNG MẠI VÀ DỊCH VỤ VẬN TẢI BẢO LÂM KHANG,949732270,0949732270,0949732270
CÔNG TY TNHH THƯƠNG MẠI DƯỢC PHẨM HỒNG THẮM,325239339,0325239339,0325239339
CÔNG TY TNHH KT DELOITTE VN,586324809,0586324809,0586324809
CÔNG TY TNHH XNK TRÁI CÂY HƯNG THỊNH PHÁT,967988328,0967988328,0967988328
CÔNG TY TNHH MỘT THÀNH VIÊN THƯƠNG MẠI HÙNG CƯỜNG BP,977885992,0977885992,0977885992
CÔNG TY TNHH MỘT THÀNH VIÊN DƯƠNG PHÚ NÔNG,989307898,0989307898,0989307898
CÔNG TY TNHH THƯƠNG MẠI SÁNG VỊNH,949657887,0949657887,0949657887
CÔNG TY TNHH BÁCH HÓA TỔNG HỢP THIÊN PHÚC,979559729,0979559729,0979559729
CÔNG TY TNHH XÂY LẮP ĐIỆN UY VŨ,945947194,0945947194,0945947194
CÔNG TY TNHH DỊCH VỤ NÔNG NGHIỆP 360,913703723,0913703723,0913703723
CÔNG TY TNHH THƯƠNG MẠI DỊCH VỤ TỔNG HỢP HUỲNH GIA BATTERY,933823919,0933823919,0933823919
CÔNG TY TNHH MỘT THÀNH VIÊN YẾN SÀO PHÚC TRẦN PHÚC,989034383,0989034383,0989034383
CÔNG TY TNHH XUẤT NHẬP KHẨU HIỀN PHONG,985132502,0985132502,0985132502
CÔNG TY TNHH MỘT THÀNH VIÊN SẢN XUẤT THƯƠNG MẠI DUY PHÁT,912079379,0912079379,0912079379
CÔNG TY TNHH THƯƠNG MẠI THỰC PHẨM HƯNG PHẠM,902400994,0902400994,0902400994
CÔNG TY TNHH THƯƠNG MẠI DỊCH VỤ QUẾ THẮNG,868598357,0868598357,0868598357
CÔNG TY TNHH NÔNG SẢN HỒNG SƠN PHÁT,392527241,0392527241,0392527241
CÔNG TY TRÁCH NHIỆM HỮU HẠN HR MIỀN NAM,98177681,098177681,098177681
CÔNG TY TNHH ĐẦU TƯ GIÁO DỤC ANH TUẤN,8689609032,08689609032,08689609032
CÔNG TY TNHH SẢN XUẤT THƯƠNG MẠI DỊCH VỤ TRÂM HÂN,398256804,0398256804,0398256804
CÔNG TY TNHH PHÁT TRIỂN GIÁO DỤC M&K,975468985,0975468985,0975468985
CÔNG TY TNHH MTV THƯƠNG MẠI VÀ DỊCH VỤ PHẠM TIẾN,976222527,0976222527,0976222527
CÔNG TY TNHH DỊCH VỤ THƯƠNG MẠI THIÊN ÂN,948605345,0948605345,0948605345
CÔNG TY TNHH DV HOTEL VN,585905930,0585905930,0585905930
CÔNG TY TNHH ECORUB VIỆT NAM,965613699,0965613699,0965613699
CÔNG TY TNHH MỘT THÀNH VIÊN THƯƠNG MẠI TỔNG HỢP MAI TIÊN,342240707,0342240707,0342240707
CÔNG TY TNHH MỘT THÀNH VIÊN THƯƠNG MẠI DỊCH VỤ TỔNG HỢP QUANG LỢI,983181517,0983181517,0983181517
CÔNG TY TNHH SẢN XUẤT - THƯƠNG MẠI - DỊCH VỤ PHÒNG CHÁY CHỮA CHÁY SỐ 7,706575777,0706575777,0706575777
CÔNG TY TNHH XÂY DỰNG HHB,3961321303,03961321303,03961321303
CÔNG TY TNHH MỘT THÀNH VIÊN PHƯƠNG LONG NHI,981517630,0981517630,0981517630
CÔNG TY TNHH MỘT THÀNH VIÊN THƯƠNG MẠI TỔNG HỢP TUẤN HẢI,983215245,0983215245,0983215245
CÔNG TY TNHH MỘT THÀNH VIÊN THƯƠNG MẠI DỊCH VỤ SMART AGRI,343456225,0343456225,0343456225
CÔNG TY TNHH PHÂN PHỐI NUTRIFLOWS,963243543,0963243543,0963243543
CÔNG TY TNHH THƯƠNG MẠI GỖ NGUYÊN PHÁT,923681679,0923681679,0923681679
CÔNG TY TNHH MỘT THÀNH VIÊN THƯƠNG MẠI ANH SỸ,978952523,0978952523,0978952523
CÔNG TY TNHH NGÂN KIM PHÁT BP,327044854,0327044854,0327044854
CÔNG TY TNHH XUẤT NHẬP KHẨU VẠN XUÂN BP,963574874,0963574874,0963574874
CÔNG TY TNHH THƯƠNG MẠI LỐP XE HAOHUA (VIỆT NAM),328874868,0328874868,0328874868
CÔNG TY TNHH VĂN NHI TH,978846143,0978846143,0978846143
CÔNG TY TNHH XUÂN PHÚC BP,979910639,0979910639,0979910639
CÔNG TY TNHH MTV TM BẢO BẢO,983072847,0983072847,0983072847
CÔNG TY TNHH ĐẦU TƯ VÀ PHÁT TRIỂN MẠNH TƯƠI,913100329,0913100329,0913100329
CÔNG TY CỔ PHẦN NĂNG LƯỢNG XANH MINH HƯNG III,902618561,0902618561,0902618561
CÔNG TY TNHH NHÂN LỰC VẠN THÀNH,772651234,0772651234,0772651234
CÔNG TY TNHH THƯƠNG MẠI VT KIỀU UYÊN,948483489,0948483489,0948483489
CÔNG TY TNHH CHĂN NUÔI CNC NHẤT QUYẾT,886147939,0886147939,0886147939
CÔNG TY TNHH MỘT THÀNH VIÊN TÔN LỘC HIỆP,916921439,0916921439,0916921439
CÔNG TY TNHH XUẤT NHẬP KHẨU QUỐC TẾ PHÚ THÀNH ĐẠT,982651598,0982651598,0982651598
CÔNG TY TNHH GIA KHANG BP,975538707,0975538707,0975538707
CÔNG TY TNHH MTV TMDV Y&M WIN,352230118,0352230118,0352230118
CÔNG TY TNHH 5S CAR CARE,911015051,0911015051,0911015051
CÔNG TY CỔ PHẦN ĐẦU TƯ ANP,705603363,0705603363,0705603363
CÔNG TY TNHH ĐẦU TƯ PHÁT TRIỂN NINH ĐIỀN,868595738,0868595738,0868595738
CÔNG TY TNHH THƯƠNG MẠI QUỐC TẾ VIỆT CAM,934359399,0934359399,0934359399
CÔNG TY CỔ PHẦN DỊCH VỤ NÔNG NGHIỆP KHUYẾN NÔNG BÌNH PHƯỚC,977436463,0977436463,0977436463
CÔNG TY TNHH GIÒ CHẢ KHANH HOA,912913133,0912913133,0912913133
CÔNG TY TNHH THƯƠNG MẠI PHÁT TRIỂN ĐẠI KIM,984791077,0984791077,0984791077
CÔNG TY TNHH TMDV XÂY DỰNG KHƯƠNG TUẤN,367649999,0367649999,0367649999
CÔNG TY TNHH TMDV THẾ BẢO,335315850,0335315850,0335315850
CÔNG TY TNHH SẢN XUẤT THƯƠNG MẠI DỊCH VỤ NGUYỄN VƯƠNG,973386838,0973386838,0973386838
CÔNG TY TNHH TMDV BAO BÌ NHỰA ĐỒNG VĂN PLASTIC,779176957,0779176957,0779176957
CÔNG TY TNHH MTV THƯƠNG MẠI DỊCH VỤ XUẤT NHẬP NHẨU GIA HIẾU,919221283,0919221283,0919221283
CÔNG TY TNHH TMDV NGUYỄN TRUNG ĐN,528020833,0528020833,0528020833
CÔNG TY TNHH GIẢI PHÁP GỖ PRIME,779910888,0779910888,0779910888
CÔNG TY TNHH DIGITAL LIVE,336946142,0336946142,0336946142
CÔNG TY TNHH THƯƠNG MẠI XUẤT NHẬP KHẨU AN KHÁNH THỊNH,921655200,0921655200,0921655200
CÔNG TY TNHH PHÁT TRIỂN GIÁO DỤC M&K,975468985,0975468985,0975468985
CÔNG TY TNHH TMDV TAM THÁI BÌNH PHƯỚC,978173996,0978173996,0978173996
CÔNG TY CỔ PHẦN TVXD BẢO LONG RID,983651266,0983651266,0983651266
CÔNG TY TNHH GIÁO DỤC NGHIÊN CỨU VÀ TRỊ LIỆU TÂM LÝ TRẺ EM TRÍ TÂM,789223334,0789223334,0789223334
CÔNG TY TNHH GỖ CÔNG NGHIỆP NHẬT MINH PHÁT,776631787,0776631787,0776631787
CÔNG TY TNHH THIẾT KẾ XÂY DỰNG CÔNG TRÌNH MINH HÀ,918090137,0918090137,0918090137
CÔNG TY TNHH MỘT THÀNH VIÊN CHÂU NGỌC AN,988266679,0988266679,0988266679
CÔNG TY TNHH JIECHEN INDUSTRIAL VIỆT NAM,369208213,0369208213,0369208213
CÔNG TY TNHH THƯƠNG MẠI VÀ SẢN XUẤT MINH HƯNG PHƯỚC,377046757,0377046757,0377046757
CÔNG TY TNHH GIA DỤNG ANQI VIỆT NAM,964611520,0964611520,0964611520
CÔNG TY CỔ PHẦN ĐẦU TƯ VÀ PHÁT TRIỂN HẠ TẦNG CÔNG NGHIỆP SINH THÁI SMARTTECH,327996209,0327996209,0327996209
CÔNG TY TNHH TMDV NAM SÀI GÒN NSG,779423942,0779423942,0779423942
CÔNG TY TNHH THƯƠNG MẠI DỊCH VỤ AN PHÁT GL,989474919,0989474919,0989474919
CÔNG TY TNHH TM DV ĐẠT THU VÂN,587899328,0587899328,0587899328
CÔNG TY TNHH XÂY DỰNG VÀ VẬN TẢI HÙNG LÂM,779639019,0779639019,0779639019
CÔNG TY TNHH QUẢNG CÁO VÀ SỰ KIỆN DIÊN TRẦN,779278617,0779278617,0779278617
CÔNG TY TNHH TMDV NGỌC NHƯ HỶ,898001197,0898001197,0898001197
CÔNG TY TNHH TM DV HOÁ CHẤT H&T,587263238,0587263238,0587263238
CÔNG TY TNHH TMDV TÙNG DUY,946871445,0946871445,0946871445
CÔNG TY TNHH PK VUA HÀNG HIỆU VIỆT NAM,921155354,0921155354,0921155354
CÔNG TY TNHH SẢN XUẤT CHẾ BIẾN XUẤT NHẬP KHẨU HẠT ĐIỀU NGUYÊN BẢO,385446955,0385446955,0385446955
CÔNG TY TNHH LỢI HẬU,865471044,0865471044,0865471044
CÔNG TY TNHH LIVESTREAM HCMEDIA,867117789,0867117789,0867117789
CÔNG TY TNHH TMDV THIẾT BỊ VẬT TƯ XÂY DỰNG QUANG HƯNG,332594520,0332594520,0332594520
CÔNG TY TNHH MỘT THÀNH VIÊN THƯƠNG MẠI DỊCH VỤ TỔNG HỢP THANH PHƯỚC,9082321010,09082321010,09082321010
CÔNG TY CỔ PHẦN NHIÊN LIỆU HÀNG HẢI MINH NGUYÊN,383057439,0383057439,0383057439
CÔNG TY TNHH TMDV HÙNG LOAN PT,921587625,0921587625,0921587625
CÔNG TY TNHH TMDV ĐẠT VI BD,853612751,0853612751,0853612751
CÔNG TY TNHH DV XÂY DỰNG VÀ VẬN TẢI TIẾN KHOA,779176930,0779176930,0779176930
CÔNG TY TNHH TMDV MINH NHÂM VN,921587542,0921587542,0921587542
CÔNG TY TNHH TMDV CT MỸ LINH,876952742,0876952742,0876952742
CÔNG TY TNHH TMDV DT KANGNAM,911417973,0911417973,0911417973
CÔNG TY TNHH VY ĐẠI PHÚ,785767939,0785767939,0785767939
CÔNG TY TNHH LYNASA,904405076,0904405076,0904405076
CÔNG TY TNHH VÀNG BẠC ĐÁ QUÝ KIM THANH THỦY,97916115,097916115,097916115
CÔNG TY TNHH THIẾT BỊ CHIẾU SÁNG POJ,905194937,0905194937,0905194937
CÔNG TY TNHH TMDV HHLINH,857216542,0857216542,0857216542
CÔNG TY TNHH GIẢI PHÁP XANH HASU VINA,794435409,0794435409,0794435409
CÔNG TY TNHH THƯƠNG MẠI DỊCH VỤ ĐÀM LÊ GIA,389980909,0389980909,0389980909
CÔNG TY TNHH TẤN ĐẠT DN,989131269,0989131269,0989131269
CÔNG TY TNHH MTV THƯƠNG MẠI DỊCH VỤ NGỌC MAI FOOD,901562582,0901562582,0901562582
CÔNG TY TNHH THƯƠNG MẠI DỊCH VỤ & SẢN XUẤT SONG VY,915545679,0915545679,0915545679
CÔNG TY TNHH THANH COSMETICS,705883406,0705883406,0705883406
CÔNG TY TNHH TƯ VẤN XÂY DỰNG CÔNG TRÌNH NAM TIẾN,984159950,0984159950,0984159950
CÔNG TY TNHH NỘI THẤT BO XUAN,823194296,0823194296,0823194296
CÔNG TY TNHH DỆT MAY SOFAB TRENDS SNB,898902022,0898902022,0898902022
CÔNG TY TNHH MỘT THÀNH VIÊN DỊCH VỤ THƯƠNG MẠI PHÚ THÀNH CÔNG,9.18588E+13,091858758709169,091858758709169
CÔNG TY TRÁCH NHIỆM HỮU HẠN JIA LIAN VIỆT NAM,983876920,0983876920,0983876920
CÔNG TY CỔ PHẦN GIẢI TRÍ SÔNG NƯỚC VIỆT,932988490,0932988490,0932988490
CÔNG TY TNHH TMDV MÁY MÓC NGUYỄN MỪNG,849186739,0849186739,0849186739
CÔNG TY TNHH KINH DOANH TỔNG HỢP KIM HOÀNG NHÃ,817721718,0817721718,0817721718
CÔNG TY TNHH TMDV MAI KHOA MK,777818537,0777818537,0777818537
CÔNG TY TNHH SẮT THÉP XÂY DỰNG VẬN CHUYỂN BÌNH PHƯỚC,332511500,0332511500,0332511500
CÔNG TY CỔ PHẦN CUNG ỨNG DỊCH VỤ ĐÔ THỊ TÂM AN,987924645,0987924645,0987924645
CÔNG TY TNHH LEGEND FUND,929933379,0929933379,0929933379
CÔNG TY TNHH ĐẦU TƯ PT DIAMOND STAR,918292555,0918292555,0918292555
CÔNG TY TNHH THƯƠNG MẠI DỊCH VỤ HẢI NGUYỆT,967397879,0967397879,0967397879
CÔNG TY TNHH DỊCH VỤ THƯƠNG MẠI SẢN XUẤT NHẬT HOÀNG,9891738532,09891738532,09891738532
CÔNG TY TNHH GIÁO DỤC VÀ PHÁT TRIỂN CỘNG ĐỒNG THÀNH NHÂN,984087959,0984087959,0984087959
CÔNG TY TNHH THƯƠNG MẠI DỊCH VỤ THÀNH NAM PHÁT,968118443,0968118443,0968118443
CÔNG TY TNHH JINGPIN VIỆT NAM,889910008,0889910008,0889910008
CÔNG TY TNHH MỘT THÀNH VIÊN TRANG TRẠI NẤM HUGO FARM,975322932,0975322932,0975322932
CÔNG TY TNHH XUẤT NHẬP KHẨU UY VŨ BÌNH PHƯỚC,972795018,0972795018,0972795018
CÔNG TY TNHH LVMH GROUP,925178859,0925178859,0925178859
CÔNG TY TNHH BAO BÌ VIỆT PHONG VIỆT NAM,906698692,0906698692,0906698692
CÔNG TY TNHH GỖ VÁN LẠNG THÁI HÀ,777676962,0777676962,0777676962
CÔNG TY TNHH PHÚ HƯNG GRUP,971411456,0971411456,0971411456
CÔNG TY TNHH DT SANDSVN,911388746,0911388746,0911388746
CÔNG TY TNHH THƯƠNG MẠI DỊCH VỤ NT FOOD,986375066,0986375066,0986375066
CÔNG TY TNHH CƠ KHÍ Ô TÔ BÌNH PHƯỚC,982383788,0982383788,0982383788
CÔNG TY TNHH TMDV HẢI PHÁT,986504289,0986504289,0986504289
CÔNG TY TNHH NỘI THẤT SANYOU,932155441,0932155441,0932155441
CÔNG TY TNHH CÔNG NGHIỆP HENGWEI,933585920,0933585920,0933585920
CÔNG TY TNHH NGÂN THỊNH,919774790,0919774790,0919774790
CÔNG TY TNHH GIẤY TISSUE K - C VIỆT NAM,974729999,0974729999,0974729999
CÔNG TY TNHH THƯƠNG MẠI DỊCH VỤ XUẤT NHẬP KHẨU VĂN THẮNG,856009209,0856009209,0856009209
CÔNG TY TNHH THƯƠNG MẠI DỊCH VỤ SẢN XUẤT XUẤT NHẬP KHẨU UY KIM,966902229,0966902229,0966902229
CÔNG TY TNHH ASXH MTV,925142452,0925142452,0925142452
CÔNG TY TNHH DỊCH VỤ THƯƠNG MẠI XUẤT NHẬP KHẨU QUỐC TẾ,778390063,0778390063,0778390063
CÔNG TY TNHH DỊCH VỤ ĐIỆN LẠNH TUẤN DUY,339190645,0339190645,0339190645
CÔNG TY TNHH PHÁT LỘC BẢO,886833678,0886833678,0886833678
CÔNG TY TNHH TMDV HIỆP HOÀNG BP,528020833,0528020833,0528020833
CÔNG TY TNHH GIÁO DỤC VÀ PHÁT TRIỂN NGOẠI NGỮ TÀI NĂNG TRẺ,916920979,0916920979,0916920979
CÔNG TY CỔ PHẦN ĐẦU TƯ NEWVISTA,327996209,0327996209,0327996209
CÔNG TY TNHH TMDV PHỤ TÙNG THIẾT BỊ MÁY MÓC NGỌC BÍCH,827641326,0827641326,0827641326
CÔNG TY TNHH XS VÀ TMDV OANH TIẾN PHÁT,819515337,0819515337,0819515337
CÔNG TY TNHH DỆT MAY HÀ PHÁT VN,779797687,0779797687,0779797687
CÔNG TY TNHH TMDV PHỤ TÙNG THIẾT BỊ MÁY MÓC NGỌC KIM,844778766,0844778766,0844778766
CÔNG TY TNHH MTV SẢN XUẤT VÀ TMDV DIAMOND HORIZON,947555223,0947555223,0947555223
CÔNG TY TNHH TMDV QUẢNG CÁO AKAY,779706564,0779706564,0779706564
CÔNG TY TNHH TMDV PHƯƠNG NAM PN,779439072,0779439072,0779439072
CÔNG TY TNHH MỘT THÀNH VIÊN SẢN XUẤT THƯƠNG MẠI DỊCH VỤ VẬN TẢI PHÚ TRƯƠNG,9.04548E+17,0904547881091369000,0904547881091369000
CÔNG TY TNHH TMDV MINH THY,776646605,0776646605,0776646605
CÔNG TY TNHH TMDV XUẤT NHẬP KHẨU HUY THÔNG,779701231,0779701231,0779701231
CÔNG TY TNHH TM DV CƠ KHÍ SẮT THÉP MINH SANG,766905378,0766905378,0766905378
CÔNG TY TNHH XÂY DỰNG MA MỘC AN,779183282,0779183282,0779183282
CÔNG TY TNHH XUẤT NHẬP KHẨU BICASH,987309955,0987309955,0987309955
CÔNG TY TNHH THƯƠNG MẠI DỊCH VỤ SẢN XUẤT VẠN LỢI,333036586,0333036586,0333036586
CÔNG TY TNHH TMDV MAI DANH PHÁT,812411096,0812411096,0812411096
CÔNG TY TNHH CÔNG NGHỆ DV BIBO,975329557,0975329557,0975329557
CÔNG TY TNHH THƯƠNG MẠI VÀ DỊCH VỤ HƯNG LỘC VN,779963169,0779963169,0779963169
CÔNG TY TNHH TMDV NP NGỌC PHƯỚC,779439072,0779439072,0779439072
CÔNG TY TNHH CGIS INTERNATIONAL,784304669,0784304669,0784304669
CÔNG TY TNHH TMDV XUẤT NHẬP KHẨU HÙNG HẢI HH,779963375,0779963375,0779963375
CÔNG TY TNHH THƯƠNG MẠI THÀNH PHÁT PHARMA,816219679,0816219679,0816219679
CÔNG TY TNHH MTV THƯƠNG MẠI DỊCH VỤ HOÀNG NGỌC PHI,971032510,0971032510,0971032510
CÔNG TY TNHH TMDV AN NAM VINA,779183282,0779183282,0779183282
CÔNG TY TNHH TM MÁY MÓC THIẾT BỊ VĂN TIỀN,941315471,0941315471,0941315471
CÔNG TY TNHH DỊCH VỤ TRUYỀN THÔNG SỰ KIỆN GIÁP HẰNG,966853431,0966853431,0966853431
CÔNG TY TNHH DỊCH VỤ THƯƠNG MẠI XÂY DỰNG QUỐC KHÁNH,909018113,0909018113,0909018113
CÔNG TY TNHH PHÁT TRIỂN GIÁO DỤC APLUS 1 BÌNH PHƯỚC,867609689,0867609689,0867609689
CÔNG TY TNHH XÂY DỰNG VÀ BẤT ĐỘNG SẢN INO,966445992,0966445992,0966445992
CÔNG TY TNHH THƯƠNG MẠI DỊCH VỤ UNIONPAY VN 104,778359787,0778359787,0778359787
CÔNG TY TNHH PHÁT TRIỂN GIÁO DỤC VÀ TƯ VẤN ĐÀO TẠO ĐĂNG KHOA,947113918,0947113918,0947113918
CÔNG TY TNHH ĐÀO TẠO VÀ PHÁT TRIỂN GIÁO DỤC SUNRISE,336918691,0336918691,0336918691
CÔNG TY TNHH EVNTC VN 102,778359787,0778359787,0778359787
CÔNG TY CỔ PHẦN ĐẦU TƯ VÀ PHÁT TRIỂN HẠ TẦNG CÔNG NGHIỆP ECOTECH,327996209,0327996209,0327996209
CÔNG TY TNHH HANTEC FINANCIAL,929708249,0929708249,0929708249
CÔNG TY TNHH MỘT THÀNH VIÊN XÂY DỰNG DỊCH VỤ VŨ QUANG,379497827,0379497827,0379497827
CÔNG TY TNHH THƯƠNG MẠI DỊCH VỤ VÀ VẬN CHUYỂN SUNNY,776719388,0776719388,0776719388
CÔNG TY TNHH NỘI THẤT MEILIAN,862230528,0862230528,0862230528
CÔNG TY TNHH CÔNG NGHỆ ZHILIAN,919693218,0919693218,0919693218
CÔNG TY TNHH THƯƠNG MẠI XUẤT NHẬP KHẨU THẢO HẰNG,347251192,0347251192,0347251192
CÔNG TY TNHH ĐẦU TƯ VÀ PHÁT TRIỂN GIÁO DỤC - DU LỊCH - DU HỌC APLUS,907218089,0907218089,0907218089
CÔNG TY TNHH MỘT THÀNH VIÊN THƯƠNG MẠI DỊCH VỤ VIỄN THÔNG ĐĂNG NGUYÊN,969450033,0969450033,0969450033
CÔNG TY TNHH MỘT THÀNH VIÊN THƯƠNG MẠI DỊCH VỤ VIỄN THÔNG AN THỊNH,969384468,0969384468,0969384468
CÔNG TY TNHH MỘT THÀNH VIÊN THƯƠNG MẠI SẢN XUẤT PHƯƠNG HẠNH,969666005,0969666005,0969666005
CÔNG TY TNHH TMDV VŨ VĂN LỰC,932168669,0932168669,0932168669
CÔNG TY TNHH TMDV NGUYỄN VINH,909447106,0909447106,0909447106
CÔNG TY TNHH TMDV DANH DŨNG ĐỖ,931882949,0931882949,0931882949
CÔNG TY TNHH TMDV THẢO HOA,347998370,0347998370,0347998370
CÔNG TY TNHH SẢN PHẨM GIẤY MINH VŨ VIỆT NAM,869594711,0869594711,0869594711
CÔNG TY TNHH TMDV VĂN TIẾN,772664731,0772664731,0772664731
CÔNG TY TNHH TMDV THÀNH TRUNG NGUYỄN,971668943,0971668943,0971668943
CÔNG TY TNHH TMDV VĂN PHÓNG,933557164,0933557164,0933557164
CÔNG TY TNHH TMDV ĐÌNH QUYẾT,901660167,0901660167,0901660167
CÔNG TY TNHH BACH DI,786620693,0786620693,0786620693
CÔNG TY TNHH CÔNG NGHỆ THỂ THAO ĐÔNG LỢI VIỆT NAM,394798467,0394798467,0394798467
CÔNG TY TNHH THƯƠNG MẠI VNCIMEX,977591766,0977591766,0977591766
CÔNG TY TNHH XÂY DỰNG GREENFARMS BUILD,933099609,0933099609,0933099609
CÔNG TY TNHH MỘT THÀNH VIÊN THÙY DƯƠNG TOURIST,909182424,0909182424,0909182424
CÔNG TY TNHH TMDV TRẦN HỮU PHƯỚC BP,779797687,0779797687,0779797687
CÔNG TY TNHH VƯƠNG GIA PHÚ SOLUTIONS,963963129,0963963129,0963963129
CÔNG TY TNHH XÂY DỰNG MIỀN NAM BP,779155093,0779155093,0779155093
CÔNG TY TNHH HỮU CƠ THIÊN NHIÊN XANH BÌNH PHƯỚC,334808232,0334808232,0334808232
CÔNG TY CỔ PHẦN NĂNG LƯỢNG XANH GREENTECH,327996209,0327996209,0327996209
CÔNG TY TNHH THƯƠNG MẠI ĐẦU TƯ DỊCH VỤ SỨC KHỎE TOÀN DIỆN GIA NGUYỄN PHÁT,919674678,0919674678,0919674678
CÔNG TY TNHH PHÁT TRIỂN GIÁO DỤC APLUS 1 BÌNH PHƯỚC,867609689,0867609689,0867609689
CÔNG TY TNHH TMDV ÁNH NGUYỆT PHÁT,564332803,0564332803,0564332803
CÔNG TY CỔ PHẦN TẬP ĐOÀN HẰNG LÊ,918422225,0918422225,0918422225
CÔNG TY TNHH THƯƠNG MẠI VÀ PHÁT TRIỂN NÔNG NGHIỆP NHẤT NÔNG,9.87051E+14,0987051090109743,0987051090109743
CÔNG TY TNHH LÂM NGỌC AESTHETIC,839021203,0839021203,0839021203
CÔNG TY TNHH TMDV NGỌC DIỆP PHÁT,929406362,0929406362,0929406362
CÔNG TY TNHH DỊCH VỤ NHÂN LỰC TIẾN PHÁT,919219179,0919219179,0919219179
CÔNG TY CỔ PHẦN KHAI TUYỂN QUẶNG BÌNH PHƯỚC,904161111,0904161111,0904161111
VĂN PHÒNG LUẬT SƯ BÙI VĂN DUY-BÌNH PHƯỚC,974199151,0974199151,0974199151
CÔNG TY TNHH DỊCH VỤ THƯƠNG MẠI SANG PHÁT,917176336,0917176336,0917176336
CÔNG TY TNHH TMDV HÀ THANH 82,942521341,0942521341,0942521341
CÔNG TY TNHH TMDV LÂM TẤN ĐẠT,942521339,0942521339,0942521339
CÔNG TY TNHH TMDV VÀNG CÚ,942521342,0942521342,0942521342
CÔNG TY TNHH TMDV PHAN ĐẪU,942521340,0942521340,0942521340
CÔNG TY TNHH TMDV QUANG CÔNG,942521338,0942521338,0942521338
CÔNG TY CỔ PHẦN ĐẦU TƯ VÀ PHÁT TRIỂN CÔNG NGHIỆP ĐIỆN BP,919194090,0919194090,0919194090
CÔNG TY TNHH SẢN XUẤT THƯƠNG MẠI XUẤT NHẬP KHẨU DUY PHƯƠNG,911107979,0911107979,0911107979
CÔNG TY TNHH SONY'S COFFEE FARM,817738199,0817738199,0817738199
CÔNG TY TNHH THƯƠNG MẠI XÂY DỰNG BẢO ANH BP,834563379,0834563379,0834563379
CÔNG TY TNHH THƯƠNG MẠI XÂY DỰNG CƠ KHÍ NGỌC AN,979603709,0979603709,0979603709
CÔNG TY TNHH GỖ TRUNG HÂN VIỆT NAM,372718321,0372718321,0372718321
HỢP TÁC XÃ VIET FARM,837797079,0837797079,0837797079
CÔNG TY TNHH TMDV VẬN TẢI OANH PHÁT CỪ,584099802,0584099802,0584099802
CÔNG TY TNHH TMDV TRẦN HẰNG PHÁT,584091497,0584091497,0584091497
CÔNG TY TNHH VLXD VÀ SẮT THÉP HẢI THANH PHÁT,569483835,0569483835,0569483835
CÔNG TY TNHH TMDV GỖ VÀ TRANG TRÍ NỘI THẤT ÁNH SAO,562671124,0562671124,0562671124
CÔNG TY TNHH MTV XUẤT NHẬP KHẨU CAO SU SƠN THUỶ,977509168,0977509168,0977509168
CÔNG TY TNHH TMDV SẮT THÉP THIẾT BỊ VẬT TƯ XÂY DỰNG HỮU LỰC,33258954,033258954,033258954
CÔNG TY TNHH XÂY DỰNG NỘI THẤT GỖ CÔNG THƯƠNG,375982264,0375982264,0375982264
CÔNG TY TNHH XNK BP VIỆT NAM,912269840,0912269840,0912269840
CÔNG TY CỔ PHẦN KHAI TUYỂN QUẶNG BÌNH PHƯỚC,905656455,0905656455,0905656455
CÔNG TY TNHH DVTM THỜI TRANG,823397811,0823397811,0823397811
CÔNG TY TNHH DV TỔNG HỢP THANH HÙNG,941363584,0941363584,0941363584
CÔNG TY TNHH TMDV KIM NHUNG BD,335315850,0335315850,0335315850
CÔNG TY CỔ PHẦN HẢI DƯƠNG-XMEN,974288509,0974288509,0974288509
CÔNG TY TNHH MỘT THÀNH VIÊN HIỆU PHƯỚC SƠN,886567893,0886567893,0886567893
CÔNG TY TNHH SẢN XUẤT TMDV VÁN ÉP ĐỨC PHÁT LONG TÂN,9.45701E+17,0945700718091570000,0945700718091570000
CÔNG TY TNHH MỘT THÀNH VIÊN NAM HOA TRUNG,846838999,0846838999,0846838999
CÔNG TY TNHH THÀNH VADA,338658310,0338658310,0338658310
CÔNG TY TNHH THƯƠNG MẠI DỊCH VỤ KỸ THUẬT KIM XƯƠNG,921031966,0921031966,0921031966
CÔNG TY TNHH CÔNG NGHỆ POLYSTEP,387987347,0387987347,0387987347
CÔNG TY TNHH GỖ LÂM ĐẠT,982356456,0982356456,0982356456
CÔNG TY TNHH THƯƠNG MẠI DỊCH VỤ GIA BẢO BÌNH PHƯỚC,927091965,0927091965,0927091965
CÔNG TY TNHH CUNG ỨNG TBĐ NĂNG LƯỢNG MẶT TRỜI ROLINK,909940541,0909940541,0909940541
CÔNG TY TNHH DỆT MAY CHINASIA,918014625,0918014625,0918014625
CÔNG TY TNHH THƯƠNG MẠI DỊCH VỤ HÀNG HOÁ KIM DUNG,925038868,0925038868,0925038868
CÔNG TY TNHH CÔNG NGHỆ WEAVO,918014625,0918014625,0918014625
CÔNG TY TNHH ĐT VÀ DV CẨM THU,978722946,0978722946,0978722946
CÔNG TY TNHH DỆT MAY ĐỨC ĐẠT,941743940,0941743940,0941743940
CÔNG TY TNHH GIA CÔNG GỖ STARCOP,965933022,0965933022,0965933022
CÔNG TY TNHH THƯƠNG MẠI & XNK GỖ HUY LÂM,946396903,0946396903,0946396903
CÔNG TY TNHH CHUANGYUAN VIỆT NAM,946537588,0946537588,0946537588
CÔNG TY TNHH GỖ AN GIA,779650154,0779650154,0779650154
CÔNG TY TNHH MỘT THÀNH VIÊN MAO SHENG (VIỆT NAM),328511774,0328511774,0328511774
CÔNG TY TNHH TMDV GIA CÔNG VÀ MAY MẶC BẢO LONG,921051962,0921051962,0921051962
CÔNG TY TNHH SẢN XUẤT THƯƠNG MẠI PLYWOOD SONG LONG,973856559,0973856559,0973856559
CÔNG TY TNHH MUSTANG BATTERY,888986006,0888986006,0888986006
CÔNG TY TNHH BẤT ĐỘNG SẢN SUỐI CAM 2,982880009,0982880009,0982880009
CÔNG TY TNHH SẢN XUẤT & THƯƠNG MẠI NHỰA T.H PLASTICS,947853974,0947853974,0947853974
CÔNG TY TNHH DV BẢO VỆ VÀ CUNG ỨNG LAO ĐỘNG MIỀN ĐÔNG,915464990,0915464990,0915464990
CÔNG TY TNHH XÂY DỰNG CƠ KHÍ BĐS BẢO NAM,993122222,0993122222,0993122222
CÔNG TY TNHH SAIYANG VIỆT NAM,968945932,0968945932,0968945932
CÔNG TY TNHH ĐẦU TƯ THƯƠNG MẠI VÀ XÂY DỰNG SKYTECCONS,779064223,0779064223,0779064223
CÔNG TY TNHH MỘT THÀNH VIÊN SHUSHI WHITE,917387778,0917387778,0917387778
CÔNG TY TNHH PHÁT TRIỂN GIÁO DỤC HOA PHƯỢNG BP,978696812,0978696812,0978696812
CÔNG TY TNHH MỘT THÀNH VIÊN XUẤT NHẬP KHẨU QUANG VINH BÌNH PHƯỚC,963534083,0963534083,0963534083
CÔNG TY TNHH MTV GIÁO DỤC MINH HẢI,9.16918E+12,09169180090354,09169180090354
CÔNG TY TNHH MỘT THÀNH VIÊN THƯƠNG MẠI DỊCH VỤ KIM NGỌC BP,786395313,0786395313,0786395313
CÔNG TY TNHH SẢN PHẨM KÍNH LONG DING VIỆT NAM,967653508,0967653508,0967653508
CÔNG TY TNHH THƯƠNG MẠI DỊCH VỤ VÀ VẬN CHUYỂN UPCO,776646605,0776646605,0776646605
CÔNG TY TNHH ĐỖ KIỀU FOOD,941358964,0941358964,0941358964
CÔNG TY TNHH KINH DOANH TỔNG HỢP TUYẾT LAN,842816881,0842816881,0842816881
CÔNG TY TNHH MỘT THÀNH VIÊN ĐỨC THẮNG VN,367695224,0367695224,0367695224
CÔNG TY TNHH TMDV PHƯỚC HOÀ,779537843,0779537843,0779537843
CÔNG TY TNHH TMDV XÂY DỰNG SKYTECH,776959442,0776959442,0776959442
CÔNG TY TNHH THƯƠNG MẠI GỖ MIỀN NAM,777818537,0777818537,0777818537
CÔNG TY TNHH THƯƠNG MẠI HƯNG THỊNH BP,972290183,0972290183,0972290183
CÔNG TY TNHH KIM AN BP,949201314,0949201314,0949201314
CÔNG TY TNHH MTV DUY DUY,854143525,0854143525,0854143525
CÔNG TY TNHH THƯƠNG MẠI VÀ SẢN XUẤT PHÙNG ANH PHÁT BP,382414642,0382414642,0382414642
CÔNG TY TNHH SẢN XUẤT THƯƠNG MẠI PLYWOOD MINH TRIẾT,982157506,0982157506,0982157506
CÔNG TY CỔ PHẦN ĐẦU TƯ BẤT ĐỘNG SẢN CHƠN THÀNH BÌNH PHƯỚC,971779393,0971779393,0971779393
TRUNG TÂM KHOA HỌC VÀ ĐỔI MỚI SÁNG TẠO,917000361,0917000361,0917000361
CÔNG TY TNHH MỘT THÀNH VIÊN VÀNG BẠC HỒNG GẤM,355431644,0355431644,0355431644
CÔNG TY TNHH MỘT THÀNH VIÊN XUẤT NHẬP KHẨU THƯƠNG MẠI SẢN XUẤT THU NƯƠNG,945638974,0945638974,0945638974
CÔNG TY TNHH MỘT THÀNH VIÊN XUẤT NHẬP KHẨU THƯƠNG MẠI SẢN XUẤT CÔNG MINH,945638974,0945638974,0945638974
CÔNG TY TNHH MAY MẶC ĐẠI TÍN,975568680,0975568680,0975568680
CÔNG TY TNHH XUẤT NHẬP KHẨU TIẾN LỰC,967951416,0967951416,0967951416
CÔNG TY TNHH SẢN XUẤT THƯƠNG MẠI ANS,968148727,0968148727,0968148727
CÔNG TY TNHH ĐIỆN NƯỚC MINH HƯNG,964148778,0964148778,0964148778
CÔNG TY TNHH ĐẦU TƯ XÂY DỰNG MỘC TRÀ,989278421,0989278421,0989278421
CÔNG TY TNHH THIẾT KẾ - XÂY DỰNG DOANH VIỆT,987202424,0987202424,0987202424
CÔNG TY TNHH XUẤT NHẬP KHẨU NÔNG SẢN QUANG VINH BÌNH PHƯỚC,979719164,0979719164,0979719164
CÔNG TY TNHH THANH VÂN PHÁT VN,588212597,0588212597,0588212597
CÔNG TY TNHH PHÁT TRIỂN GIÁO DỤC SAY YES,979999783,0979999783,0979999783
CÔNG TY TNHH XUẤT NHẬP KHẨU THƯƠNG MẠI ĐOÀN NGUYÊN PHÁT,985921851,0985921851,0985921851
CÔNG TY TNHH XE ĐẠP XE ĐIỆN 68,911139768,0911139768,0911139768
CÔNG TY TNHH Ô TÔ QUANG ANH,902409109,0902409109,0902409109
CÔNG TY CỔ PHẦN THƯƠNG MẠI DỊCH VỤ DIVINA,944438888,0944438888,0944438888
CÔNG TY TNHH TRUYỀN THÔNG QUẢNG CÁO KOI MEDIA,967529954,0967529954,0967529954
CÔNG TY TNHH TMDV SX VÀ CHẾ BIẾN GỖ YẾN NHI,944210580,0944210580,0944210580
CÔNG TY CỔ PHẦN ĐẦU TƯ THƯƠNG MẠI KỶ NGUYÊN,983616485,0983616485,0983616485
CÔNG TY TNHH NÔNG NGHIỆP KHOA LÂM,382847236,0382847236,0382847236
CÔNG TY TNHH V-NICE FURNITURE,971571800,0971571800,0971571800
CÔNG TY TNHH XUẤT NHẬP KHẨU NHIÊN PHÁT BÌNH PHƯỚC,914104455,0914104455,0914104455
CÔNG TY TNHH MTV SẢN XUẤT THƯƠNG MẠI XUẤT NHẬP KHẨU TRẦN PHÚ THỊNH,91117128,091117128,091117128
CÔNG TY TNHH XUẤT NHẬP KHẨU NÔNG SẢN VÂN ANH PHÁT,389679375,0389679375,0389679375
CÔNG TY TNHH THU MUA NÔNG SẢN TRANG PHÁT,818197198,0818197198,0818197198
CÔNG TY TNHH HOÀNG PHÁT SB,948858777,0948858777,0948858777
CÔNG TY TNHH MTV TỔNG HỢP TƯ VẤN XÂY DỰNG HT,962063952,0962063952,0962063952
CÔNG TY TNHH TÂN HỘI ĐỒNG NAI,7.64429E+17,0764428574037781000,0764428574037781000
CÔNG TY TNHH PHURI LPG,7.64429E+17,0764428574037781000,0764428574037781000
DOANH NGHIỆP TƯ NHÂN KINH DOANH TIỆM VÀNG KIM NGỌC,977230467,0977230467,0977230467
CÔNG TY TNHH CÔNG NGHIỆP PRIMA VIỆT NAM,862445158,0862445158,0862445158
CÔNG TY TNHH AGRITRUST VIỆT NAM,356187104,0356187104,0356187104
CÔNG TY TNHH MỘT THÀNH VIÊN LÝ ĐÌNH,346003939,0346003939,0346003939
CÔNG TY TNHH MỘT THÀNH VIÊN SẢN XUẤT THƯƠNG MẠI DỊCH VỤ THANH VÂN,389779918,0389779918,0389779918
CÔNG TY TNHH DỊCH VỤ THƯƠNG MẠI PHƯỚC HƯNG QUANG VINH,917506060,0917506060,0917506060
CÔNG TY TNHH SẢN XUẤT THƯƠNG MẠI XUẤT NHẬP KHẨU THIÊN HỮU TÍN,973831323,0973831323,0973831323
CÔNG TY TNHH TMDV GỖ VÀ TRANG TRÍ NỘI THẤT TRẦN HỒNG,948230387,0948230387,0948230387
CÔNG TY CỔ PHẦN THƯƠNG MẠI VÀ DỊCH VỤ HOÀ ĐẠI PHÁT,978449539,0978449539,0978449539
CÔNG TY TNHH CÔNG NGHỆ ĐỨC HỒNG,976171041,0976171041,0976171041
CÔNG TY TNHH HOÀNG PHÁT ĐN,979633262,0979633262,0979633262
CÔNG TY TNHH TMDV ONETTFF,943257412,0943257412,0943257412
CÔNG TY TNHH SUẤT ĂN CÔNG NGHIỆP ĐỨC MẠNH FOOD,984132666,0984132666,0984132666
CÔNG TY TNHH NÔNG NGHIỆP SỐ 115 DRONE BÌNH PHƯỚC,888800059,0888800059,0888800059
CÔNG TY TNHH SẢN XUẤT THƯƠNG MẠI XUẤT NHẬP KHẨU TRUNG THÀNH,967856199,0967856199,0967856199
CÔNG TY TNHH TMDV XNK ĐỖ NGỌC,896127390,0896127390,0896127390
CÔNG TY TNHH XÂY DỰNG THƯƠNG MẠI VÀ DỊCH VỤ SÔNG BÉ 6688,943993193,0943993193,0943993193
CÔNG TY TNHH THƯƠNG MẠI DỊCH VỤ VÕ LINH,945977367,0945977367,0945977367
CÔNG TY TNHH MINH NGUYỆT BÌNH PHƯỚC,989445144,0989445144,0989445144
CÔNG TY TNHH THƯƠNG MẠI DỊCH VỤ XÂY DỰNG TÂN PHÁT,965436362,0965436362,0965436362
CÔNG TY TNHH VẬN TẢI DU LỊCH GTS EXPRESS,918191589,0918191589,0918191589
CÔNG TY TNHH THÁI AN BP,968965527,0968965527,0968965527
CÔNG TY TNHH CHUỖI CUNG ỨNG PAN OCEAN ( VIỆT NAM),815055097,0815055097,0815055097
CÔNG TY TNHH TƯ VẤN THIẾT KẾ KIẾN TRÚC XÂY DỰNG PHÚC AN KHANG,985770378,0985770378,0985770378
CÔNG TY TNHH TMDV XÂY DỰNG VÀ THI CÔNG TRẦN TÍN,896112385,0896112385,0896112385
CÔNG TY TNHH THƯƠNG MẠI DỊCH VỤ SẢN XUẤT HUY TIẾN,964314117,0964314117,0964314117
CÔNG TY TNHH DỊCH VỤ NẤU ĂN TUẤN HƯNG,987297339,0987297339,0987297339
CÔNG TY TNHH MỘT THÀNH VIÊN DIỆP KHANG,978011339,0978011339,0978011339
CÔNG TY TNHH MỘT THÀNH VIÊN GAMESHOW LÔ TÔ PHƯƠNG NAM,388424082,0388424082,0388424082
CÔNG TY TNHH THƯƠNG MẠI VÀ DỊCH VỤ HỮU ĐỨC CT,907958243,0907958243,0907958243
CÔNG TY TNHH NHIÊN LIỆU BÁ QUÂN,528029233,0528029233,0528029233
CÔNG TY TNHH GIÁO DỤC HOÀNG KIM BÌNH PHƯỚC,7.73133E+16,077313281307851000,077313281307851000
CÔNG TY CP ĐẦU TƯ THƯƠNG MẠI XUẤT NHẬP KHẨU NÔNG LÂM THUỶ HẢI SẢN HOÀNG THU,977829208,0977829208,0977829208
CÔNG TY TNHH LSE STOCK EXCHANGE BLOCKCHAIN,968219594,0968219594,0968219594
CÔNG TY TNHH MTV SX TM NGỌC ÂN,777404798,0777404798,0777404798
"CÔNG TY TNHH THƯƠNG MẠI, XÂY DỰNG VÀ CUNG ỨNG VẬT LIỆU NAM TIẾN",927493619,0927493619,0927493619
HỢP TÁC XÃ NÔNG NGHIỆP THƯƠNG MẠI DỊCH VỤ CỔ PHẦN AN PHÁT,913737743,0913737743,0913737743
CÔNG TY TNHH MỘT THÀNH VIÊN THƯƠNG MẠI SẢN XUẤT KINH DOANH TÂN PHÚ QUÝ,918012095,0918012095,0918012095
CÔNG TY TNHH VINAFOOD BÌNH PHƯỚC,902902269,0902902269,0902902269
CÔNG TY TNHH CẨM HOÀNG GIANG,935964192,0935964192,0935964192
CÔNG TY TNHH JACAINNOV (VIỆT NAM),362479533,0362479533,0362479533
CÔNG TY TNHH THƯƠNG MẠI VÀ DỊCH VỤ PHƯƠNG VINH,881957350,0881957350,0881957350
CÔNG TY CỔ PHẦN CẤP THOÁT NƯỚC CÔNG NGHIỆP MIỀN NAM,902554484,0902554484,0902554484
CÔNG TY TNHH MTV THẢO TÀI GRANITE,904604060,0904604060,0904604060
CÔNG TY TNHH GỖ PHAN THÀNH ĐẠT,962925257,0962925257,0962925257
CÔNG TY TNHH MỘT THÀNH VIÊN SẢN XUẤT DỊCH VỤ THƯƠNG MẠI THÁI SƠN,976114337,0976114337,0976114337
CÔNG TY TNHH MỘT THÀNH VIÊN ĐẦU TƯ PHÁT TRIỂN VÀ XÂY DỰNG PHÚC THỊNH,375273333,0375273333,0375273333
CÔNG TY TNHH XUẤT NHẬP KHẨU THỊNH PHÁT VIỆT NAM,928830352,0928830352,0928830352
CÔNG TY TNHH DVTM DU LỊCH HOTEL VN,898196938,0898196938,0898196938
CÔNG TY TNHH CÔNG NGHỆ CAO ASX,898144504,0898144504,0898144504
CÔNG TY TNHH XUẤT NHẬP KHẨU TRÁI CÂY T & Đ,966944811,0966944811,0966944811
CÔNG TY TNHH THƯƠNG MẠI VÀ DỊCH VỤ LANCOME,913808085,0913808085,0913808085
CÔNG TY TRÁCH NHIỆM HỮU HẠN MỘT THÀNH VIÊN SẢN XUẤT THƯƠNG MẠI XUẤT NHẬP KHẨU HẠT ĐIỀU DUY TÂN,9.83018E+15,09830179990769980,09830179990769980
CÔNG TY TNHH XÂY DỰNG THÁI HÒA BP,988489439,0988489439,0988489439
CÔNG TY TNHH SẢN XUẤT THƯƠNG MẠI HÙNG LỆ,976368171,0976368171,0976368171
CÔNG TY TNHH TMDV BÌNH LONG HSK,776529886,0776529886,0776529886
CÔNG TY TNHH TMDV HỒNG THAO BP,389630877,0389630877,0389630877
CÔNG TY TNHH PHÚC NGUYÊN KHANG BP,918728082,0918728082,0918728082
CÔNG TY TNHH THỰC PHẨM PHÀM VỊ BÌNH PHƯỚC,867647064,0867647064,0867647064
CÔNG TY TNHH THƯƠNG MẠI DỊCH VU SẢN XUẤT MINH HÀ,981364879,0981364879,0981364879
CÔNG TY TNHH TUYỂN SINH VÀ ĐÀO TẠO LÁI XE ĐỒNG TIẾN,979533801,0979533801,0979533801
CÔNG TY TNHH GỖ DONG LIU JIU ZHOU,386299062,0386299062,0386299062
CÔNG TY TNHH ĐẦU TƯ GIÁO DỤC HOÀNG BÁCH,988652092,0988652092,0988652092
CÔNG TY TNHH ĐIỆN THUẬN PHÚ,903600546,0903600546,0903600546
CÔNG TY TNHH XÂY DỰNG TỔNG HỢP CAO TRÍ,896596764,0896596764,0896596764
CÔNG TY TNHH XÂY DỰNG TỔNG HỢP ANH TUẤN,899175053,0899175053,0899175053
CÔNG TY TNHH LÂM GIA LONG,944990365,0944990365,0944990365
CÔNG TY TNHH DỊCH VỤ THƯƠNG MẠI VÀ XÂY DỰNG VAK,933173668,0933173668,0933173668
CÔNG TY TNHH THƯƠNG MẠI DỊCH VỤ PHÁT ĐẠT BP,938881826,0938881826,0938881826
CÔNG TY TNHH KIẾN AN LOGISTIC,908091898,0908091898,0908091898
CÔNG TY TNHH THƯƠNG MẠI DICH VỤ VẬN TẢI NGUYỄN PHÚC,965077770,0965077770,0965077770
CÔNG TY TNHH TƯ VẤN TÀI CHÍNH XUÂN THỊNH,908050664,0908050664,0908050664
CÔNG TY CỔ PHẦN XUẤT NHẬP KHẨU THÁI TUẤN BÌNH PHƯỚC,988975486,0988975486,0988975486
CÔNG TY TNHH RUI LONG VIỆT NAM,377161162,0377161162,0377161162
CÔNG TY TNHH GIÁO DỤC VÀ ĐÀO TẠO TÙNG DƯƠNG,919100588,0919100588,0919100588
CÔNG TY TNHH ĐẦU TƯ GIÁO DỤC BÌNH AN,962837363,0962837363,0962837363
CÔNG TY CỔ PHẦN TRUNG TÂM XÉT NGHIỆM GOLAB BÌNH PHƯỚC,973578801,0973578801,0973578801
CÔNG TY TNHH MỘT THÀNH VIÊN XE NÂNG PHAN KHANH,328186936,0328186936,0328186936
CÔNG TY TNHH THƯƠNG MẠI DỊCH VỤ SỬA CHỮA MINH THY,866465442,0866465442,0866465442
CÔNG TY TNHH TƯ VẤN ĐẦU TƯ XÂY DỰNG THƯƠNG MẠI VÀ DỊCH VỤ THÀNH THẮNG,3996683269,03996683269,03996683269
CÔNG TY TNHH XÂY DỰNG YẾN OANH,899250759,0899250759,0899250759
CÔNG TY TNHH ĐẦU TƯ THƯƠNG MẠI GREEN COLD,777124660,0777124660,0777124660
CÔNG TY CỔ PHẦN ĐẦU TƯ VÀ PHÁT TRIỂN HẠ TẦNG TECHTRA,327996209,0327996209,0327996209
CÔNG TY TNHH MTV NGỌC KHÁNH BP,917223479,0917223479,0917223479
CÔNG TY TNHH THƯƠNG MẠI VÀ SẢN XUẤT NỘI THẤT MỘC PHƯƠNG,9.86483E+13,098648321071912,098648321071912
CÔNG TY CP ĐÀO TẠO NHÂN LỰC MIỀN NAM,937880879,0937880879,0937880879
CÔNG TY TNHH ĐẦU TƯ GIÁO DỤC SMS,979934275,0979934275,0979934275
CÔNG TY TNHH XÂY DỰNG TRỌNG HUY,898672384,0898672384,0898672384
CÔNG TY TNHH XÂY DỰNG TỔNG HỢP TUẤN PHONG,836539020,0836539020,0836539020
CÔNG TY TNHH THƯƠNG MẠI DỊCH VỤ ĐẦU TƯ HADOTA,779028267,0779028267,0779028267
CÔNG TY TNHH ZHENGRONG,966365033,0966365033,0966365033
CÔNG TY TNHH ĐẦU TƯ GIÁO DỤC GREEN LIFE,985889156,0985889156,0985889156
CÔNG TY TNHH THƯƠNG MẠI SẢN XUẤT DỊCH VỤ PHÚC NGUYÊN,335866241,0335866241,0335866241
CÔNG TY CỔ PHẦN FAMICARE BÌNH PHƯỚC,917291810,0917291810,0917291810
CÔNG TY TNHH THƯƠNG MẠI DỊCH VỤ XÂY DỰNG SẢN XUẤT FHB,97709839,097709839,097709839
CÔNG TY TNHH THƯƠNG MẠI DỊCH VỤ VẬN TẢI MINH DŨNG PHÁT,383714416,0383714416,0383714416
CÔNG TY TNHH MTV IN ẤN QUẢNG CÁO TUỔI TRẺ,976345566,0976345566,0976345566
CÔNG TY TNHH THƯƠNG MẠI DỊCH VỤ SẢN XUẤT VẬN TẢI MÔI TRƯỜNG NÔNG NGHIỆP XANH,911327933,0911327933,0911327933
CÔNG TY TNHH CUNG CẤP DỊCH VỤ VỆ SINH AN PHÁT,911808186,0911808186,0911808186
CÔNG TY TNHH HOA SẦU RIÊNG,939271927,0939271927,0939271927
CÔNG TY TNHH TMDV KD HÀNG HOÁ THANH BÌNH,766827225,0766827225,0766827225
CÔNG TY TNHH MTV SẢN XUẤT THƯƠNG MẠI THẢO BÌNH MINH,919770880,0919770880,0919770880
CÔNG TY TNHH MTV SẢN XUẤT THƯƠNG MẠI DỊCH VỤ LỘC PHÁT LỘC 686,915109907,0915109907,0915109907
CÔNG TY TNHH MINH PHONG BÌNH PHƯỚC,989575571,0989575571,0989575571
CÔNG TY TNHH PHÁT TRIỂN GIÁO DỤC VÀ NGOẠI NGỮ VIỆT ÚC,857260102,0857260102,0857260102
CÔNG TY TNHH GỖ CAO SU TIẾN PHÁT,987475547,0987475547,0987475547
CÔNG TY TNHH THU GOM RÁC THẢI LỘC NINH,8880093200,08880093200,08880093200
CÔNG TY TNHH XUẤT NHẬP KHẨU & XÂY DỰNG TUẤN ANH,776998190,0776998190,0776998190
CÔNG TY TNHH KHẢI THÀNH PHÁT BP,909126795,0909126795,0909126795
CÔNG TY TNHH DỊCH VỤ THU TRANG LIMITED,916153623,0916153623,0916153623
CÔNG TY TNHH NHUNG THỊNH PHÁC,947205702,0947205702,0947205702
CÔNG TY TNHH TƯ VẤN ĐẦU TƯ XÂY DỰNG PHƯỚC GIA KHANG,914464546,0914464546,0914464546
CÔNG TY TNHH BẢO VỆ VỆ SĨ THIÊN LONG BP,88671,088671,088671
CÔNG TY TNHH KEESON BÌNH PHƯỚC,988269463,0988269463,0988269463
CÔNG TY TNHH GIA SƯ KHAI TRÍ,906305222,0906305222,0906305222
CÔNG TY TNHH MỘT THÀNH VIÊN THÀNH CÔNG PHÁT TK,767633366,0767633366,0767633366
CÔNG TY TNHH MTV PHONG MƠ,365519320,0365519320,0365519320
CÔNG TY TNHH THỦY LONG PHÁT GLOBAL,968677243,0968677243,0968677243
CÔNG TY CỔ PHẦN XÂY LẮP ĐIỆN CÔNG NGHIỆP BP,919194090,0919194090,0919194090
DOANH NGHIỆP TƯ NHÂN BẠC VÀNG KIM BẢO,977763337,0977763337,0977763337
CÔNG TY TNHH XÂY DỰNG THƯƠNG MẠI ÂU YẾN,987406662,0987406662,0987406662
CÔNG TY TNHH HÓA MỸ PHẨM LINDA,909833859,0909833859,0909833859
CÔNG TY TNHH ĐẦU TƯ VÀ PHÁT TRIỂN CÔNG NGHỆ DƯƠNG HOÀNG MEDIA,587767676,0587767676,0587767676
CÔNG TY TNHH HOÀNG PHÚC BP,913919711,0913919711,0913919711
CÔNG TY TRÁCH NHIỆM HỮU HẠN MỘT THÀNH VIÊN L.G,898766665,0898766665,0898766665
CÔNG TY TNHH Ô TÔ THÀNH VẠN TRUNG,979012395,0979012395,0979012395
HỢP TÁC XÃ GREEN,933918892,0933918892,0933918892
CÔNG TY TNHH THƯƠNG MẠI XUẤT NHẬP KHẨU TÀI QUÝ PHÁT,912101075,0912101075,0912101075
CÔNG TY TNHH MTV TƯ VẤN ĐẦU TƯ XÂY DỰNG TÙNG LÂM,812373779,0812373779,0812373779
CÔNG TY TNHH HƯỚNG NGHIỆP VÀ ĐÀO TẠO HUY HOÀNG,971234577,0971234577,0971234577
CÔNG TY TNHH ĐẦU TƯ GIÁO DỤC NHẬT PHƯƠNG,979255553,0979255553,0979255553
CÔNG TY TNHH NAM ANH BÌNH PHƯỚC,585883887,0585883887,0585883887
CÔNG TY TNHH PHÁT TRIỂN CÔNG NGHỆ LỘC NINH,983819539,0983819539,0983819539
CÔNG TY TNHH MỘT THÀNH VIÊN DỊCH VỤ XUẤT NHẬP KHẨU ĐỨC AN,989704188,0989704188,0989704188
CÔNG TY TNHH ASX LIMITED PHÁT TRIỂN,896314749,0896314749,0896314749
CÔNG TY TRÁCH NHIỆM HỮU HẠN XUẤT NHẬP KHẨU VIỆT CAM BÌNH PHƯỚC,984294191,0984294191,0984294191
CÔNG TY TNHH NINE WOOD,398696851,0398696851,0398696851
CÔNG TY TNHH KIẾN TRÚC XÂY DỰNG DƯƠNG ĐÔNG,985276106,0985276106,0985276106
CÔNG TY TNHH XUẤT NHẬP KHẨU LINH THỦY HS,773787999,0773787999,0773787999
CÔNG TY TNHH VẬN TẢI HÀNG HÓA HOÀNG LONG,978638683,0978638683,0978638683
CÔNG TY TNHH MTV XÂY DỰNG NỘI THẤT CÔNG HIẾU,869690379,0869690379,0869690379
CÔNG TY TNHH BÌNH MINH BIG,984161561,0984161561,0984161561
CÔNG TY TNHH XÂY DỰNG NGỌC ÁNH HOUSE,983767116,0983767116,0983767116
CÔNG TY CỔ PHẦN NATHE,903923010,0903923010,0903923010
CÔNG TY TNHH MỘT THÀNH VIÊN THƯƠNG MẠI XUẤT NHẬP KHẨU TRỊNH HOÀNG,97289016,097289016,097289016
CÔNG TY TNHH PHÁT TRIỂN GIÁO DỤC LƯƠNG GIA,345134586,0345134586,0345134586
CÔNG TY TRÁCH NHIỆM HỮU HẠN NAM NGHỆ,962172737,0962172737,0962172737
CÔNG TY TRÁCH NHIỆM HỮU HẠN NÔNG LÂM SẢN HẢI ĐĂNG,372999199,0372999199,0372999199
CÔNG TY TNHH THƯƠNG MẠI DỊCH VỤ VTK VINA,961320006,0961320006,0961320006
CÔNG TY TNHH TMDV KỸ THUẬT CƯỜNG KHẢI BP,966221088,0966221088,0966221088
CÔNG TY TNHH THƯƠNG MẠI DỊCH VỤ DUY YÊN,965394493,0965394493,0965394493
CÔNG TY TNHH MỘT THÀNH VIÊN THƯƠNG MẠI CHÍNH TÂM,367139949,0367139949,0367139949
CÔNG TY TNHH XUẤT NHẬP KHẨU NÔNG LÂM SẢN SƠN HẢI 93,968219594,0968219594,0968219594
CÔNG TY TNHH TƯ VẤN KỸ THUẬT AN HY,961713979,0961713979,0961713979
CÔNG TY TNHH LÊ GIA EDUCATION,902175393,0902175393,0902175393
CÔNG TY TNHH CHUỖI CUNG ỨNG HOÀNG LƯƠNG SƠN,989825577,0989825577,0989825577
CÔNG TY LUẬT PHẠM HOÀNG,327880123,0327880123,0327880123
CÔNG TY TNHH TC CAPTION VN,976567551,0976567551,0976567551
CÔNG TY TNHH TMDV HOÀNG ANH PETRO,589105676,0589105676,0589105676
CƠ SỞ CAI NGHIỆN MA TÚY SỐ 5 TỈNH BÌNH PHƯỚC,814757979,0814757979,0814757979
CÔNG TY TNHH MTV VẬN TẢI ĐIỂU NHUNG,975241339,0975241339,0975241339
CÔNG TY TNHH THƯƠNG MẠI & DỊCH VỤ TOÀN CẦU CHANG APEX,971028916,0971028916,0971028916
CÔNG TY TNHH MINH HUY BÌNH PHƯỚC,903844089,0903844089,0903844089
CÔNG TY TNHH THƯƠNG MẠI XÂY DỰNG NHẬT LÂM BP,788667667,0788667667,0788667667
CÔNG TY TNHH SẢN XUẤT THƯƠNG MẠI PHẠM GIA BP,799777040,0799777040,0799777040
CÔNG TY TNHH Ô TÔ ĐÌNH DŨNG,9321976818,09321976818,09321976818
VĂN PHÒNG LUẬT SƯ HÒA AN BPH,768359149,0768359149,0768359149
CÔNG TY TNHH THƯƠNG MẠI DỊCH VỤ BẢO TRÂN BP,398238949,0398238949,0398238949
CÔNG TY TNHH TMSX PHÚC THỊNH,912536541,0912536541,0912536541
CÔNG TY TNHH SẢN XUẤT THƯƠNG MẠI DỊCH VỤ HOÀI ĐẠT,815227979,0815227979,0815227979
CÔNG TY TNHH SẢN XUẤT - THƯƠNG MẠI MINH THANH,888490099,0888490099,0888490099
CÔNG TY TNHH CƠ KHÍ TUẤN PHÁT TP,968499400,0968499400,0968499400
CÔNG TY TNHH PHUONG PHUONG MALL,915610449,0915610449,0915610449
CÔNG TY TNHH COMPOSITE MINH KHANG,9321808060,09321808060,09321808060
CÔNG TY TNHH SX DV VÀ CƠ KHÍ HỢP PHÁT,985432831,0985432831,0985432831
CÔNG TY TNHH GIÁO DỤC FATIMA CENTER,399832457,0399832457,0399832457
CÔNG TY TNHH XÂY DỰNG VÀ VẬN TẢI NGỌC THANH,327024274,0327024274,0327024274
PHÒNG NÔNG NGHIỆP VÀ MÔI TRƯỜNG HUYỆN ĐỒNG PHÚ,583405057,0583405057,0583405057
CÔNG TY TNHH QUÁN NHẤT BÌNH PHƯỚC,918390387,0918390387,0918390387
CÔNG TY TNHH THƯƠNG MẠI DỊCH VỤ ĐỒNG PHÚ ĐP,975556339,0975556339,0975556339
CÔNG TY TNHH XE ĐIỆN - XE MÁY NGỌC HỒNG PHÚC,9.65707E+15,09657070230932760,09657070230932760
CÔNG TY TNHH GIẢI PHÁP NHÂN LỰC TIA CHỚP,562123939,0562123939,0562123939
CÔNG TY TRÁCH NHIỆM HỮU HẠN MỘT THÀNH VIÊN SẮT THÉP TRƯỜNG KỲ,986242339,0986242339,0986242339
CÔNG TY TNHH TMDV YESSUN,938267943,0938267943,0938267943
CÔNG TY TNHH ĐẦU TƯ THƯƠNG MẠI SƠN HÀ,967487127,0967487127,0967487127
CÔNG TY TNHH THƯƠNG MẠI SKYREACH,328511774,0328511774,0328511774
CÔNG TY TNHH KINH DOANH GỖ VÀ TRANG TRÍ NỘI THẤT PHI HÙNG,869564892,0869564892,0869564892
CÔNG TY TNHH DỊCH VỤ CÔNG NGHỆ NAM SƠN,908658777,0908658777,0908658777
CÔNG TY TNHH XÂY DỰNG VÀ VẬN CHUYỂN THÀNH AN,389630877,0389630877,0389630877
CÔNG TY TNHH THIÊN BẢO BÌNH,342362957,0342362957,0342362957
CÔNG TY TNHH NĂNG LƯỢNG CÔNG NGHỆ CAO THIÊN DƯƠNG,909399306,0909399306,0909399306
CÔNG TY TNHH NÔNG SẢN THE KHANG AN FARM,865824484,0865824484,0865824484
CÔNG TY TNHH BỒI DƯỠNG KIẾN THỨC VIỆT ANH,835196855,0835196855,0835196855
CÔNG TY CỔ PHẦN GIÁO DỤC ĐÀO TẠO MIỀN NAM,914555097,0914555097,0914555097
CÔNG TY TNHH XÂY DỰNG HẢI HÀ BP,966223885,0966223885,0966223885
CÔNG TY TNHH GIÁO DỤC GIA PHÁT,362037375,0362037375,0362037375
CÔNG TY TNHH MTV NGOẠI NGỮ NGÔI SAO NHỎ,977223826,0977223826,0977223826
CÔNG TY TNHH MỘT THÀNH VIÊN SẢN XUẤT THƯƠNG MẠI DỊCH VỤ NGÔ THÔNG PHÁT,909415229,0909415229,0909415229
CÔNG TY TNHH NỘI THẤT JANE EYRE,395529048,0395529048,0395529048
HỢP TÁC XÃ HỢP TÁC XÃ NÔNG NGHIỆP XANH BỀN VỮNG,377030808,0377030808,0377030808
CÔNG TY TNHH HOÀNG VŨ THÀNH PHÁT,937878353,0937878353,0937878353
CÔNG TY TNHH TẬP ĐOÀN VING WOOD,974538283,0974538283,0974538283
CÔNG TY TNHH TM - DV KIM KHÍ HOÀNG TUẤN,349955661,0349955661,0349955661
CÔNG TY TNHH SẢN XUẤT THƯƠNG MẠI XUẤT NHẬP KHẨU AN PHÁT GROUP,975345634,0975345634,0975345634
CÔNG TY TNHH CHĂN NUÔI CNC BAF ĐỒNG PHÚ,886147939,0886147939,0886147939
CÔNG TY TNHH THÀNH TRUNG ĐỒNG PHÚ,867724989,0867724989,0867724989
CÔNG TY TNHH CHĂN NUÔI HỮU ĐẠT,886147939,0886147939,0886147939
CÔNG TY TNHH MỘT THÀNH VIÊN NHÔM KÍNH ĐẠI THÀNH PHÁT,968814939,0968814939,0968814939
CÔNG TY TNHH TƯ VẤN GIÁO DỤC PHÚC HƯNG,948829002,0948829002,0948829002
CÔNG TY TNHH TMDV VẬT TƯ THIẾT BỊ Y TẾ XUÂN THẢO,589106182,0589106182,0589106182
CÔNG TY TRÁCH NHIỆM HỮU HẠN NAM NUTS,372674135,0372674135,0372674135
CÔNG TY TNHH DỊCH VỤ VẬN TẢI LOGISTICS KHÁNH HƯNG,948864377,0948864377,0948864377
CÔNG TY TNHH VẬN TẢI THƯƠNG MẠI SẢN XUẤT TUẤN ANH,904117008,0904117008,0904117008
CÔNG TY TNHH MTV HOÀNG LONG HARDWARE VIỆT NAM,972569360,0972569360,0972569360
CÔNG TY TNHH MTV HUI YU,888640030,0888640030,0888640030
CÔNG TY TNHH GỖ CAO SU TIẾN PHÁT,987475547,0987475547,0987475547
CÔNG TY TNHH XUẤT NHẬP KHẨU THƯƠNG MẠI TRƯỜNG THỊNH,336149962,0336149962,0336149962
CÔNG TY TNHH TRÒ CHƠI NGUYỄN KHOA,941602113,0941602113,0941602113
CÔNG TY TNHH VIỄN THÔNG VNET BÌNH PHƯỚC,976745618,0976745618,0976745618
CÔNG TY TNHH MUA BÁN PHỤ TÙNG VÀ MÁY MÓC CƠ KHÍ NGỌC MAI,932992034,0932992034,0932992034
CÔNG TY TNHH GIAO NHẬN VẬN TẢI MINH MẪN,789557486,0789557486,0789557486
CÔNG TY TNHH SẢN XUẤT TACN BAF BÌNH PHƯỚC,886147939,0886147939,0886147939
CÔNG TY TNHH KỸ THUẬT CÔNG NGHIỆP TOÀN THẮNG,916035181,0916035181,0916035181
CÔNG TY TNHH MỘT THÀNH VIÊN LÊ DŨNG BP,988775086,0988775086,0988775086
CÔNG TY TNHH ĐẦU TƯ PHÁT TRIỂN TRUNG HIẾU PHÁT,987097726,0987097726,0987097726
CÔNG TY TNHH MỘT THÀNH VIÊN THU MUA HOÀNG MINH PHÁT,932639239,0932639239,0932639239
CÔNG TY TNHH THƯƠNG MẠI GỖ HÒA PHÁT,938321906,0938321906,0938321906
CÔNG TY TNHH THƯƠNG MẠI DỊCH VỤ THIÊN ĐỊNH PHÚ,901466468,0901466468,0901466468
CÔNG TY TNHH PHÁT TRIỂN GIÁO DỤC KỸ NĂNG VÀ NĂNG KHIẾU HUẾ VŨ,967616703,0967616703,0967616703
CÔNG TY TNHH GIÁO DỤC ĐÀO TẠO SMILIES,968636603,0968636603,0968636603
CÔNG TY TNHH MỘT THÀNH VIÊN NGOẠI NGỮ VẠN XUÂN,917804499,0917804499,0917804499
CÔNG TY TNHH DỊCH VỤ THƯƠNG MẠI XUẤT NHẬP KHẨU VẠN HƯNG THỊNH,985937638,0985937638,0985937638
CÔNG TY TNHH PHÂN PHỐI THỰC PHẨM BP,707857602,0707857602,0707857602
CÔNG TY TRÁCH NHIỆM HỮU HẠN XUẤT NHẬP KHẨU SHA VIỆT NAM,987009922,0987009922,0987009922
CÔNG TY TNHH PHÁT TRIỂN XANH LPK,938269700,0938269700,0938269700
CÔNG TY TNHH GVP BÌNH PHƯỚC,968281424,0968281424,0968281424
CÔNG TY TNHH MỘT THÀNH VIÊN THIẾT KẾ XÂY DỰNG VŨ TUẤN,967717950,0967717950,0967717950
CÔNG TY TNHH THỰC PHẨM SẠCH MẸ RÔ,977881499,0977881499,0977881499
CÔNG TY TNHH MỘT THÀNH VIÊN GIÁO DỤC TRÍ VIỆT BP,969110585,0969110585,0969110585
CÔNG TY TNHH NGOẠI NGỮ QUỐC TẾ LA,965355532,0965355532,0965355532
CÔNG TY TNHH MỘT THÀNH VIÊN THƯƠNG MẠI CAO SU NAM CƯỜNG,974233558,0974233558,0974233558
CÔNG TY TNHH MỘT THÀNH VIÊN THƯƠNG MẠI DỊCH VỤ SẢN XUẤT NGUYỄN ĐĂNG,987933393,0987933393,0987933393
CÔNG TY TNHH VẬN TẢI TÍN PHÚC,982387382,0982387382,0982387382
CÔNG TY TNHH MTV XUẤT NHẬP KHẨU HUY PHÁT NUTS,967236393,0967236393,0967236393
CÔNG TY TNHH CÔNG NGHIỆP YICHANG VIỆT NAM,13806536105,013806536105,013806536105
CÔNG TY TNHH CUNG CẤP XUẤT ĂN CÔNG NGHIỆP THANH KIỀU,967623151,0967623151,0967623151
CÔNG TY TNHH BỒI DƯỠNG VĂN HÓA VÀ PHÁT TRIỂN KỸ NĂNG IQ,825002239,0825002239,0825002239
CÔNG TY TNHH FABULOUS (VINA) TEXTILE,387311518,0387311518,0387311518
CÔNG TY TNHH MỘT THÀNH VIÊN XUẤT NHẬP KHẨU MINH KHANG PHÁT BP,949078978,0949078978,0949078978
CÔNG TY TNHH GIÁO DỤC VÀ PHÁT TRIỂN CỘNG ĐỒNG VƯƠNG NGHỊ,973789768,0973789768,0973789768
CÔNG TY TNHH THƯƠNG MẠI SẢN XUẤT DỊCH VỤ VẬN TẢI MINH HƯNG T&T,937671749,0937671749,0937671749
CÔNG TY TNHH GỖ TÂM ĐỨC PHÁT,338100552,0338100552,0338100552
CÔNG TY TNHH XUẤT NHẬP KHẨU HIỀN CƯỜNG,974445663,0974445663,0974445663
CÔNG TY TNHH MỘT THÀNH VIÊN NỘI THẤT HIẾU SÀI GÒN,963350002,0963350002,0963350002
CÔNG TY TNHH ĐẦU TƯ THƯƠNG MẠI DỊCH VỤ XÂY DỰNG BÌNH PHƯỚC,919143386,0919143386,0919143386
CÔNG TY TNHH TRUNG TÂM GIA SƯ PHƯỚC LONG,988806606,0988806606,0988806606
CÔNG TY TNHH TM DV THIẾT KẾ XÂY DỰNG HIẾU THANH,965900905,0965900905,0965900905
CÔNG TY TNHH MỘT THÀNH VIÊN THUẬN MINH BP,916990108,0916990108,0916990108
CÔNG TY TNHH BỒI DƯỠNG GIÁO DỤC NHẬT HUY,3.37814E+15,03378141860783130,03378141860783130
CÔNG TY TNHH MỘT THÀNH VIÊN ĐẦU TƯ THIẾT KẾ XÂY DỰNG HẢI HOÀNG,912719327,0912719327,0912719327
CÔNG TY CỔ PHẦN CUNG ỨNG LAO ĐỘNG PHÚC THỊNH KHANG,979391011,0979391011,0979391011
TRƯỜNG MẪU GIÁO TƯ THỤC HOÀNG ANH,387742508,0387742508,0387742508
CÔNG TY TNHH ĐÀO TẠO VÀ PHÁT TRIỂN TRI THỨC NHÂN VĂN,919205282,0919205282,0919205282
CÔNG TY TNHH THIẾT KẾ THI CÔNG PHÒNG CHÁY CHỮA CHÁY HSPC,937442668,0937442668,0937442668
CÔNG TY TNHH SẢN XUẤT VÀ THƯƠNG MẠI NỘI THẤT LI DELONG (VIỆT NAM),917872988,0917872988,0917872988
CÔNG TY TNHH TƯ VẤN GIÁO DỤC DU LỊCH HUY PHÚC BP,866800809,0866800809,0866800809
CÔNG TY TNHH SX TM NGỌC ĐỈNH THIÊN,986459393,0986459393,0986459393
CÔNG TY TNHH THƯƠNG MẠI & PHÂN PHỐI KIM LONG,917140059,0917140059,0917140059
CÔNG TY TNHH CUNG ỨNG NHÂN LỰC QUỐC TẾ THƯƠNG MẠI SONA VIỆT NAM,898259414,0898259414,0898259414
CÔNG TY TNHH MTV MẠNH THẮNG BP,966954998,0966954998,0966954998
CÔNG TY TNHH PHÁT TRIỂN GIÁO DỤC APLUS 6 CHƠN THÀNH,985234985,0985234985,0985234985
CÔNG TY TNHH MTV VỆ SINH HOÀNG PHÁT,984118112,0984118112,0984118112
CÔNG TY TNHH THIẾT BỊ ĐIỆN LIAONING-EFACEC,916558215,0916558215,0916558215
CÔNG TY TNHH TƯ VẤN XÂY DỰNG PHÚ XUÂN,916205627,0916205627,0916205627
CÔNG TY TNHH MỘT THÀNH VIÊN DIỆU QUANG BÌNH PHƯỚC,913635980,0913635980,0913635980
CÔNG TY TNHH MỘT THÀNH VIÊN PHÚC LỘC CAO SU,965647679,0965647679,0965647679
CÔNG TY TNHH TRẦN GIA PHÁT BP,357731819,0357731819,0357731819
CÔNG TY TNHH PHÁT TRIỂN GIÁO DỤC VÀ DU LỊCH SAO VÀNG BÌNH PHƯỚC,344531386,0344531386,0344531386
CÔNG TY TNHH THƯƠNG MẠI DỊCH VỤ TRẦN GIA CAPITAL,909362868,0909362868,0909362868
CÔNG TY TNHH SẢN XUẤT ĐÁ MỸ NGHỆ SÀI GÒN,869015256,0869015256,0869015256
HỢP TÁC XÃ NÔNG NGHIỆP ĐỒNG NƠ,914199197,0914199197,0914199197
CÔNG TY TNHH HẢI ĐĂNG TIÊN,988355532,0988355532,0988355532
CÔNG TY TNHH MỘT THÀNH VIÊN MINH KHANG BP,392903888,0392903888,0392903888
CÔNG TY TNHH MỘT THÀNH VIÊN GIÁO DỤC HOÀNG MINH BÌNH PHƯỚC,979116869,0979116869,0979116869
CÔNG TY TNHH XÂY DỰNG CHÍNH ĐỨC PHÁT,939240455,0939240455,0939240455
CÔNG TY TNHH THƯƠNG MẠI GỖ AN LỘC,906242307,0906242307,0906242307
CÔNG TY TNHH TMDV SẢN XUẤT TUẤN PHÚ,562391483,0562391483,0562391483
CÔNG TY CỔ PHẦN VƯỜN SINH THÁI BÌNH PHƯỚC,913809262,0913809262,0913809262
CÔNG TY TNHH DV XNK TOÀN QUỐC,949021848,0949021848,0949021848
CÔNG TY TNHH TỔNG HỢP ĐẠI THỊNH VƯỢNG,947888159,0947888159,0947888159
CÔNG TY TNHH DOER MOTION,969287223,0969287223,0969287223
CÔNG TY TNHH MTV XÂY DỰNG THÀNH CÔNG BP,904803614,0904803614,0904803614
CÔNG TY TNHH AGRIWOOD VIỆT NAM,926096096,0926096096,0926096096
CÔNG TY TNHH MTV DỊCH VỤ VỆ SINH THANH BÌNH,9.89657E+15,09896574760986660,09896574760986660
CÔNG TY TNHH ĐẦU TƯ TMDV TÂN HƯNG,779744731,0779744731,0779744731
CÔNG TY TNHH CÔNG NGHỆ BAO BÌ HEXU,813771993,0813771993,0813771993
CÔNG TY TNHH ĐẦU TƯ XÂY LẮP MINH ĐẠT,373505920,0373505920,0373505920
CÔNG TY TRÁCH NHIỆM HỮU HẠN MTV PHÁT HƯNG BP,987555593,0987555593,0987555593
CÔNG TY TNHH KHAI MINH EDUKEYS,9199173269,09199173269,09199173269
HỢP TÁC XÃ DỊCH VỤ HỖ TRỢ VẬN TẢI SỐ 2,971445697,0971445697,0971445697
CÔNG TY TNHH THƯƠNG MẠI DỊCH VỤ CÔNG NGHỆ GIA HUY BÌNH PHƯỚC,916571044,0916571044,0916571044
CÔNG TY TNHH MỘT THÀNH VIÊN TIỆM VÀNG NGỌC TRINH,9.19667E+15,09196667770949660,09196667770949660
CÔNG TY TNHH HITHIMEX,978157845,0978157845,0978157845
CÔNG TY TNHH ENV GREEN TRUNG THÀNH,815555369,0815555369,0815555369
CÔNG TY TNHH SX -TM - DV HẢI SƠN WOOD,944299557,0944299557,0944299557
CÔNG TY TNHH GỖ NĂM CHÂU VIỆT NAM,896962935,0896962935,0896962935
CÔNG TY TNHH THƯƠNG MẠI XUẤT NHẬP KHẨU MINH HẢI PHÁT,916506681,0916506681,0916506681
CÔNG TY TNHH SONG THƯƠNG BP,854863179,0854863179,0854863179
CÔNG TY TNHH GIÁO DỤC TÂM MINH TRÍ,896453435,0896453435,0896453435
CÔNG TY TNHH THIÊN AN PHÁT BP,968077539,0968077539,0968077539
CÔNG TY TNHH TỔNG HỢP KIM NGỌC ANH,987503533,0987503533,0987503533
CÔNG TY TNHH CAO SU THÀNH ĐẠT,939290587,0939290587,0939290587
CÔNG TY TNHH DỊCH VỤ KẾ TOÁN TPA,962622212,0962622212,0962622212
CÔNG TY TNHH TMDV CÔNG NGHỆ VANRY,912269840,0912269840,0912269840
CÔNG TY TNHH PROWELL AGRI,379305158,0379305158,0379305158
CÔNG TY TNHH MỘT THÀNH VIÊN THƯƠNG MẠI DỊCH VỤ MINH DŨNG TK,965557775,0965557775,0965557775
CÔNG TY TNHH DỊCH VỤ THƯƠNG MẠI SẢN XUẤT NÔNG NGHIỆP BỀN VỮNG HOÀNG ANH,947078664,0947078664,0947078664
CÔNG TY TNHH BAO BÌ THIÊN LONG VIỆT NAM,967059695,0967059695,0967059695
CÔNG TY TNHH SẢN XUẤT THƯƠNG MẠI DỊCH VỤ TIẾN MẠNH,985745404,0985745404,0985745404
CÔNG TY TNHH XÂY DỰNG GIA PHÁT BP,904629879,0904629879,0904629879
CÔNG TY TNHH DỊCH VỤ THƯƠNG MẠI CÁT TƯỜNG BP,901477235,0901477235,0901477235
CÔNG TY TNHH DỊCH VỤ CÔNG NÔNG NGHIỆP BÌNH PHƯỚC,916060002,0916060002,0916060002
CÔNG TY TNHH ĐẦU TƯ GIÁO DỤC F-WILL,979346606,0979346606,0979346606
CÔNG TY TNHH GIÁO DỤC ĐÀO TẠO KIM ACADEMY,911136879,0911136879,0911136879
CÔNG TY TNHH TMDV SẢN XUẤT SEO HÒA,562391518,0562391518,0562391518
CÔNG TY TNHH GIA SƯ BÌNH PHƯỚC,979926934,0979926934,0979926934
CÔNG TY TNHH MTV THƯƠNG MẠI DỊCH VỤ NHẬT NAM BP,939432872,0939432872,0939432872
CÔNG TY TNHH ANH NGỮ HADI,367815125,0367815125,0367815125
CÔNG TY TNHH ĐẦU TƯ XD VĂN LUẬT,963642067,0963642067,0963642067
CÔNG TY CỔ PHẦN ĐIỆN MẶT TRỜI TIA SÁNG,989095319,0989095319,0989095319
CÔNG TY TNHH GỖ KIÊN ANH PHÁT,902219906,0902219906,0902219906
CÔNG TY TNHH MỘT THÀNH VIÊN HOÀNG NGHI BP,973158132,0973158132,0973158132
HỢP TÁC XÃ NÔNG NGHIỆP THỊNH VƯỢNG,974408097,0974408097,0974408097
CÔNG TY TNHH THƯƠNG MẠI DỊCH VỤ THANH THANH TÂM BP,585777728,0585777728,0585777728
CÔNG TY TNHH MUA BÁN GỖ VÀ TRANG TRÍ NỘI THẤT TRƯỜNG SINH,343122986,0343122986,0343122986
CÔNG TY TNHH SẢN XUẤT THƯƠNG MẠI GIẤY NHÁM HOÀNG GIA,90874661,090874661,090874661
CÔNG TY TNHH MỘT THÀNH VIÊN VẬN TẢI DUY KHÔI,982386338,0982386338,0982386338
CÔNG TY TNHH HAOHUA (VIỆT NAM),867930866,0867930866,0867930866
CÔNG TY TNHH HƯNG LỘC PHÁT.BP,904736778,0904736778,0904736778
CÔNG TY TNHH ĐẦU TƯ XÂY DỰNG NGUYÊN GIA PHÁT,917666132,0917666132,0917666132
CÔNG TY TNHH FC FURNITURE,359033378,0359033378,0359033378
CÔNG TY TNHH MTV HÙNG DŨNG BP,868696777,0868696777,0868696777
CÔNG TY TNHH BẢO VỆ VỆ SỸ THĂNG LONG,931108022,0931108022,0931108022
CÔNG TY TNHH THƯƠNG MẠI DỊCH VỤ TRẦM HƯƠNG CÀ PHÊ HOA GIẤY,772354639,0772354639,0772354639
CÔNG TY TNHH MTV ALLECRET GLOBAL PTE LTD,975322222,0975322222,0975322222
CÔNG TY TNHH TƯ VẤN SẢN XUẤT BIDOOR,987079109,0987079109,0987079109
CÔNG TY TNHH MỸ PHẨM SOONLABE HÀN QUỐC,984684869,0984684869,0984684869
CÔNG TY TNHH NỘI THẤT ĐẠI NGÔ GIA,984764076,0984764076,0984764076
CÔNG TY TNHH MTV 3B BP,799999900,0799999900,0799999900
CÔNG TY TNHH ĐIỆN NĂNG LƯỢNG MẶT TRỜI MẠNH TRƯỜNG,985655786,0985655786,0985655786
CÔNG TY TNHH THƯƠNG MẠI DỊCH VỤ XUẤT NHẬP KHẨU ĐẠI QUANG THANH,919067492,0919067492,0919067492
CÔNG TY TNHH MỘT THÀNH VIÊN XÂY DỰNG THƯƠNG MẠI VÀ DỊCH VỤ HỒNG LỘC PMB,364371828,0364371828,0364371828
CÔNG TY TNHH MTV THƯƠNG MẠI VÀ DỊCH VỤ QUẢNG CÁO SƠN TÙNG,339741748,0339741748,0339741748
CÔNG TY TNHH VÀNG BẠC ĐÁ QUÝ KIM PHƯỚC,934272726,0934272726,0934272726
CÔNG TY TNHH SẢN XUẤT THƯƠNG MẠI ĐÀO KHANG,927868168,0927868168,0927868168
CÔNG TY TNHH MỘT THÀNH VIÊN GIA HUY CÂY XANH,949197594,0949197594,0949197594
CÔNG TY CỔ PHẦN ĐIỆN MẶT TRỜI SÓNG VIỆT,989095319,0989095319,0989095319
CÔNG TY TNHH MUSTANG BATTERY,888986006,0888986006,0888986006
CÔNG TY TNHH ĐẦU TƯ GIÁO DỤC NHẬT MINH,356831377,0356831377,0356831377
CÔNG TY TNHH MỘT THÀNH VIÊN XUẤT NHẬP KHẨU VÀ THƯƠNG MẠI HOÀI THƯƠNG,948332424,0948332424,0948332424
CÔNG TY TNHH RICHEN VIỆT NAM,388207280,0388207280,0388207280
CÔNG TY TNHH NUÔI TRỒNG NẤM PHÚ PHÁT,988907469,0988907469,0988907469
CÔNG TY TNHH MỘT THÀNH VIÊN GARAGE TÂN PHÚ,933180456,0933180456,0933180456
CÔNG TY CỔ PHẦN SẢN XUẤT THƯƠNG MẠI AN THÁI VIỆT NAM,942008518,0942008518,0942008518
CÔNG TY TNHH DỊCH VỤ THƯƠNG MẠI XUẤT NHẬP KHẨU NGỌC TRÂN,375709115,0375709115,0375709115
CÔNG TY TNHH MỘT THÀNH VIÊN THƯƠNG MẠI DỊCH VỤ LÊ LÂN BÌNH PHƯỚC,949707599,0949707599,0949707599
CÔNG TY CỔ PHẦN THƯƠNG MẠI DỊCH VỤ VẬN TẢI & DU LỊCH NGỌC CHÂU,766003939,0766003939,0766003939
CÔNG TY TNHH DỊCH VỤ HÀNH KHÁCH NGỌC CHÂU,9139320035,09139320035,09139320035
CÔNG TY TNHH SẢN XUẤT VÀ THƯƠNG MẠI THUẬN THẢO JQT,784969889,0784969889,0784969889
CÔNG TY TNHH TRANG SỨC VÀNG BẠC ĐÁ QUÝ DŨNG 3,963999978,0963999978,0963999978
CÔNG TY TNHH THƯƠNG MẠI DỊCH VỤ SẢN XUẤT VIỆT XANH,354866832,0354866832,0354866832
CÔNG TY TNHH SSAMM PACK,365775792,0365775792,0365775792
CÔNG TY TNHH MTV DỊCH VỤ THƯƠNG MẠI MINH ĐAN,366735278,0366735278,0366735278
CÔNG TY TNHH MỘT THÀNH VIÊN CHUYÊN DÊ HẢI SẢN,969640993,0969640993,0969640993
CÔNG TY TNHH MỘT THÀNH VIÊN NÔNG SẢN FUHA,337888801,0337888801,0337888801
CÔNG TY TNHH CƠ KHÍ CHẾ TẠO HOÀNG PHÁT BP,399984335,0399984335,0399984335
CÔNG TY TNHH MINH LONG PHÁT BP,989581342,0989581342,0989581342
CÔNG TY TNHH MỘT THÀNH VIÊN CƠ KHÍ XÂY DỰNG QUỐC SÁU,9.16329E+16,091632869908431600,091632869908431600
CÔNG TY TNHH CUNG ỨNG NHÂN LỰC VÀ GIẢI PHÁP NHÂN SỰ PHÚC THỊNH,985029739,0985029739,0985029739
CÔNG TY TNHH ĐẦU TƯ PHÁT TRIỂN MINH TÂM,9032682008,09032682008,09032682008
CÔNG TY TNHH DỊCH VỤ XÂY DỰNG BÌNH PHƯỚC,886147939,0886147939,0886147939
CÔNG TY TNHH MTV SẢN XUẤT THƯƠNG MẠI HOÀNG GIA BÌNH PHƯỚC,916898979,0916898979,0916898979
CÔNG TY TNHH MỘT THÀNH VIÊN ĐO ĐẠC ĐẤT ĐAI 401 BÌNH PHƯỚC,916939496,0916939496,0916939496
CÔNG TY TNHH MỘT THÀNH VIÊN THƯƠNG MẠI DỊCH VỤ HÙNG TIẾN PHÁT BP,913953767,0913953767,0913953767
CÔNG TY TNHH ĐẦU TƯ PHÁT TRIỂN THƯƠNG MẠI THÁI THỊNH,774439387,0774439387,0774439387
CÔNG TY TNHH TMDV MAY MẶC KIM NGÂN,987248501,0987248501,0987248501
CÔNG TY TNHH MỘT THÀNH VIÊN ĐẦU TƯ XUẤT NHẬP KHẨU HOA LƯ,969364383,0969364383,0969364383
CÔNG TY TNHH MỘT THÀNH VIÊN VÀNG BẠC NGỌC BÍCH VÂN,372399402,0372399402,0372399402
CÔNG TY TNHH MỘT THÀNH VIÊN BẢO NHẬT QUANG,855568949,0855568949,0855568949
CÔNG TY TNHH PHÁT TRIỂN VÀ SẢN XUẤT THƯƠNG MẠI TRANG ANH,398812723,0398812723,0398812723
CÔNG TY TNHH SẢN XUẤT THƯƠNG MẠI DỊCH VỤ KIDITI,393719011,0393719011,0393719011
CÔNG TY TNHH ĐẦU TƯ PHÁT TRIỂN THƯƠNG MẠI DỊCH VỤ PHÚC KHANG,357612273,0357612273,0357612273
CÔNG TY TNHH MAY MẶC TIẾN NGÂN,794078343,0794078343,0794078343
CÔNG TY TNHH MỘT THÀNH VIÊN DỊCH VỤ THƯƠNG MẠI CƠ KHÍ THỊNH PHÁT,989407362,0989407362,0989407362
CÔNG TY TNHH MỘT THÀNH VIÊN VẬN TẢI QUỐC TẾ HTB,899089963,0899089963,0899089963
CÔNG TY TNHH PHÁT TRIỂN THƯƠNG MẠI LỘC XUÂN,774439387,0774439387,0774439387
CÔNG TY TNHH MỘT THÀNH VIÊN THƯƠNG MẠI DỊCH VỤ NGÂN PHÁT,988192597,0988192597,0988192597
CÔNG TY TNHH ĐẠI THÀNH PHÚC ĐTP,961973950,0961973950,0961973950
CÔNG TY TNHH ĐẦU TƯ PHÁT TRIỂN THƯƠNG MẠI SUNRISE VIỆT,941343979,0941343979,0941343979
CÔNG TY TNHH SẢN XUẤT THƯƠNG MẠI DỊCH VỤ QUẢNG CÁO THỊNH PHÁT,937123650,0937123650,0937123650
CÔNG TY TRÁCH NHIỆM HỮU HẠN THƯƠNG MẠI VÀ DỊCH VỤ TÂM AN BP,909837121,0909837121,0909837121
CÔNG TY TNHH SẢN XUẤT MAY MẶC Y RA,357612273,0357612273,0357612273
HỢP TÁC XÃ DỊCH VỤ CÂY GIỐNG VÀ HOA KIỂNG BÌNH LONG,918159491,0918159491,0918159491
VĂN PHÒNG LUẬT SƯ HOÀNG TUẤN,967002200,0967002200,0967002200
HỢP TÁC XÃ NÔNG SẢN BÙ ĐĂNG,964421368,0964421368,0964421368
CÔNG TY TNHH CHUANGXIN VIỆT NAM,971189487,0971189487,0971189487
CÔNG TY TNHH MTV KHAI THÁC KHOÁNG SẢN PHÚC AN THỊNH,859868668,0859868668,0859868668
HỢP TÁC XÃ TRỒNG ĐIỀU ĐỒNG NƠ,962866104,0962866104,0962866104
CÔNG TY TNHH DỊCH VỤ VẬN TẢI LOGISTIC TOÀN CẦU PMC,919900096,0919900096,0919900096
CÔNG TY TNHH BIDAKING 24H,966013780,0966013780,0966013780
CÔNG TY TNHH MỘT THÀNH VIÊN CAO SU TRƯỜNG THỊNH,352352947,0352352947,0352352947
CÔNG TY CỔ PHẦN CÔNG NGHỆ CHIVIGO INTERNATIONAL,986681618,0986681618,0986681618
CÔNG TY TNHH SẢN XUẤT THƯƠNG MẠI XUẤT NHẬP KHẨU TÂN ĐẠI MINH PHÁT,90798011,090798011,090798011
CÔNG TY TNHH THIẾT KẾ XÂY DỰNG VÀ VẬN HÀNH BÙ ĐĂNG,989621618,0989621618,0989621618
CÔNG TY CỔ PHẦN PHÂN BÓN HỮU CƠ ORGANIC VIỆT NAM,906629868,0906629868,0906629868
CÔNG TY TNHH GIA DỤNG BO YUAN,919803083,0919803083,0919803083
CÔNG TY TNHH MỘT THÀNH VIÊN SẢN XUẤT THƯƠNG MẠI TÂM TRÍ,988339760,0988339760,0988339760
CÔNG TY TNHH TMDV CƠ ĐIỆN LẠNH QUANG LIÊM,968984695,0968984695,0968984695
CÔNG TY TNHH MỘT THÀNH VIÊN ANH ĐẠI NHẬT,916732424,0916732424,0916732424
HỢP TÁC XÃ NÔNG NGHIỆP HỮU CƠ THIÊN NAM BÌNH PHƯỚC,978034039,0978034039,0978034039
CÔNG TY TNHH VẬN TẢI XÂY DỰNG VÀ THI CÔNG CƠ GIỚI CK BÌNH PHƯỚC,974377189,0974377189,0974377189
CÔNG TY TNHH ĐẦU TƯ PHÁT TRIỂN THƯƠNG MẠI DỊCH VỤ PHÚC CỬU,794078343,0794078343,0794078343
CÔNG TY TNHH TÀI PHÁT LOGISTICS,385777630,0385777630,0385777630
CÔNG TY TNHH SẢN XUẤT THƯƠNG MẠI XUẤT NHẬP KHẨU NGUYỄN THỨC,792115575,0792115575,0792115575
CÔNG TY TNHH THIỆN MINH LONG,963596363,0963596363,0963596363
CÔNG TY TNHH MỘT THÀNH VIÊN THƯƠNG MẠI DỊCH VỤ GIA LẠC BP,339239393,0339239393,0339239393
CÔNG TY TNHH MỘT THÀNH VIÊN PHÚC HƯNG BN,915625653,0915625653,0915625653
CÔNG TY TNHH AMBER BUILDING VIỆT NAM,347199242,0347199242,0347199242
CÔNG TY TNHH SẢN XUẤT THƯƠNG MẠI XUẤT NHẬP KHẨU BẢO HÂN,911757074,0911757074,0911757074
CÔNG TY TNHH MỘT THÀNH VIÊN THƯƠNG MẠI DỊCH VỤ XÂY DỰNG ĐẠI HƯNG PHÁT BP,967326279,0967326279,0967326279
HỢP TÁC XÃ YẾN SÀO NHA BÍCH,938905989,0938905989,0938905989
CÔNG TY TNHH THƯƠNG MẠI VÀ ĐẦU TƯ NGỌC SƠN VIỆT NAM,974479285,0974479285,0974479285
CÔNG TY TNHH SX-TM-DV HOÁ PHẨM TỔNG HỢP HÙNG CƯỜNG,908509350,0908509350,0908509350
TRUNG TÂM NGOẠI NGỮ PHAN KHANH,389116080,0389116080,0389116080
CÔNG TY TNHH MTV HUY CHÂU PHÁT,9321999136,09321999136,09321999136
CÔNG TY TNHH XUẤT NHẬP KHẨU HẠT ĐIỀU NHƯ NGỌC,987935686,0987935686,0987935686
CÔNG TY TNHH MỘT THÀNH VIÊN MỘC XANH BÌNH PHƯỚC,844639393,0844639393,0844639393
CÔNG TY TNHH GỖ CÔNG NGHIỆP THÁI HÀ,903483313,0903483313,0903483313
CÔNG TY TNHH GỖ CÔNG NGHIỆP PHAN ĐẠT,936056016,0936056016,0936056016
CÔNG TY TNHH TMDV - VT - LOLITTIC PHẠM GIA,862236677,0862236677,0862236677
CÔNG TY TNHH MTV NHU DUY,357385264,0357385264,0357385264
CÔNG TY TNHH FLEXP,835023636,0835023636,0835023636
CÔNG TY TNHH TH ĐẠI CÁT TƯỜNG,975538939,0975538939,0975538939
CÔNG TY TNHH MỘT THÀNH VIÊN CAO MY,889335678,0889335678,0889335678
CÔNG TY TNHH GLOW MARINE PTE,588331472,0588331472,0588331472
CÔNG TY TNHH CƠ KHÍ XÂY DỰNG PHÁT CHÍ TIẾN,933498566,0933498566,0933498566
CÔNG TY CỔ PHẦN THƯƠNG MẠI VÀ DỊCH VỤ LÊ GIA BÌNH PHƯỚC,908798042,0908798042,0908798042
CÔNG TY LUẬT TNHH SUPREME VIỆT NAM,964447153,0964447153,0964447153
CÔNG TY TNHH THƯƠNG MẠI TỔNG HỢP TẤN LỘC,987698658,0987698658,0987698658
CÔNG TY TNHH GỖ HIỆP PHÁT,936173505,0936173505,0936173505
CÔNG TY TNHH GỖ HÀ LÂM PHÁT,936073805,0936073805,0936073805
CÔNG TY TNHH LONG PHI BP,777777286,0777777286,0777777286
CÔNG TY TNHH TMDV THIẾT BỊ ĐIỆN BÌNH PHƯỚC,835089018,0835089018,0835089018
CÔNG TY TNHH CUNG ỨNG NHÂN LỰC AN KIỆT,866167761,0866167761,0866167761
CÔNG TY TNHH MỘT THÀNH VIÊN SẢN XUẤT THƯƠNG MẠI PHI HÙNG,988136827,0988136827,0988136827
CÔNG TY TNHH TRUNG THẮNG VN,393092520,0393092520,0393092520
CÔNG TY TNHH ĐẠI LỘC BP,988694789,0988694789,0988694789
CÔNG TY TNHH MTV SẢN XUẤT THƯƠNG MẠI NÔNG SẢN AN PHÁT,976605500,0976605500,0976605500
CÔNG TY TNHH XÂY DỰNG VÀ THƯƠNG MẠI DỊCH VỤ TL BP,919122369,0919122369,0919122369
CÔNG TY TRÁCH NHIỆM HỮU HẠN ĐẦU TƯ PHÁT TRIỂN DUY LUÂN,915760006,0915760006,0915760006
CÔNG TY TNHH CÂY XANH PHÚC LỘC BÌNH PHƯỚC,813747676,0813747676,0813747676
CÔNG TY TNHH DỊCH VỤ THƯƠNG MẠI TÂN THĂNG LONG BP,795548807,0795548807,0795548807
CÔNG TY TNHH XUẤT NHẬP KHẨU NÔNG SẢN CAO NGÂN,941350239,0941350239,0941350239
CÔNG TY TNHH NGUYỄN TÌNH SOLAR,968848939,0968848939,0968848939
CÔNG TY TNHH THƯƠNG MẠI ĐT NIÊN ĐẠI,852698148,0852698148,0852698148
CÔNG TY TNHH THƯƠNG MẠI DỊCH VỤ MÔI TRƯỜNG NHẬT ANH,972885212,0972885212,0972885212
CÔNG TY TNHH DỊCH VỤ THƯƠNG MẠI MẠNH TRƯỜNG,974195415,0974195415,0974195415
CÔNG TY TNHH PHÁT TRIỂN THƯƠNG MẠI HÀO HÙNG CA KS,906010767,0906010767,0906010767
CÔNG TY TNHH THƯƠNG MẠI DỊCH VỤ XUẤT NHẬP KHẨU THÀNH AN VƯƠNG JP,763432335,0763432335,0763432335
CÔNG TY TNHH GỖ CÔNG NGHIỆP TÂN THÀNH PHÁT,936327276,0936327276,0936327276
CÔNG TY TNHH MỘT THÀNH VIÊN VẬT LIỆU XÂY DỰNG TOÀN PHÁT,918838345,0918838345,0918838345
CÔNG TY TNHH THƯƠNG MẠI VẬT TƯ MÁY MÓC TẤN MỸ,968698985,0968698985,0968698985
CÔNG TY TNHH NÔNG SẢN XUẤT NHẬP KHẨU QUỐC TẾ VIỆT CAM,973877788,0973877788,0973877788
CÔNG TY TNHH TMDV VẬN TẢI NGÂN HUỲNH,968698858,0968698858,0968698858
CÔNG TY TNHH DỊCH VỤ THƯƠNG MẠI ĐẠI TÂY DƯƠNG BP,933976643,0933976643,0933976643
CÔNG TY TRÁCH NHIỆM HỮU HẠN THƯƠNG MẠI DỊCH VỤ NHẬT VY BP,345893768,0345893768,0345893768
CÔNG TY TNHH THƯƠNG MẠI GỖ LONG HƯNG,936034148,0936034148,0936034148
CÔNG TY TNHH MTV XE MÁY - XE ĐIỆN TÍN THÀNH,5668005090,05668005090,05668005090
CÔNG TY TNHH THƯƠNG MẠI SX GỖ VÀ NỘI THẤT KIẾN TẠO,582369548,0582369548,0582369548
TỔ HỢP TÁC DỆT THỔ CẨM XÃ THANH AN,393748459,0393748459,0393748459
CÔNG TY TNHH THƯƠNG MẠI VLXD LÝ ANH,852362669,0852362669,0852362669
CÔNG TY TNHH MỘT THÀNH VIÊN LÂM THỦY BP,965737899,0965737899,0965737899
CÔNG TY TNHH THƯƠNG MẠI DỊCH VỤ HỒNG SƠN GROUP,823982789,0823982789,0823982789
CÔNG TY TNHH PHÁT TRIỂN NĂNG KHIẾU & TRUYỀN THÔNG ĐA PHƯƠNG TIỆN KEVA,862136062,0862136062,0862136062
CÔNG TY TNHH XÂY DỰNG ĐẦU TƯ PHÁT TRIỂN HƯNG THỊNH PHÁT,972768393,0972768393,0972768393
CÔNG TY CỔ PHẦN CÔNG NGHỆ YU SHINE VIỆT NAM,937745677,0937745677,0937745677
CÔNG TY TNHH MTV SẢN XUẤT DỊCH VỤ TẤN TRÌNH 380,396588332,0396588332,0396588332
CÔNG TY TNHH QUỐC THỊNH BP,911394989,0911394989,0911394989
CÔNG TY TNHH THƯƠNG MẠI THÀNH TRUNG WINDOW,989917926,0989917926,0989917926
CÔNG TY TNHH CÂY XANH THANH HÀO,977312147,0977312147,0977312147
CÔNG TY TRÁCH NHIỆM HỮU HẠN MỘT THÀNH VIÊN THƯƠNG MẠI DỊCH VỤ THANH TRƯỜNG BP,901328979,0901328979,0901328979
CÔNG TY CỔ PHẦN KING MIT,944203037,0944203037,0944203037
DOANH NGHIỆP TƯ NHÂN NGÔ QUANG TƯỜNG,373549302,0373549302,0373549302
CÔNG TY TNHH MỘT THÀNH VIÊN DỊCH VỤ THƯƠNG MẠI BẤT ĐỘNG SẢN HƯNG PHÁT,976663878,0976663878,0976663878
CÔNG TY TNHH MỘT THÀNH VIÊN HỒNG ĐỨC BP,981280034,0981280034,0981280034
CÔNG TY TNHH ĐẦU TƯ THƯƠNG MẠI NÔNG SẢN HOÀNG SANG,911122408,0911122408,0911122408
CÔNG TY TNHH IN ẤN THIẾT KẾ QUẢNG CÁO VIỆT HẢI,899439113,0899439113,0899439113
CÔNG TY CỔ PHẦN BVM SÀI GÒN BÌNH PHƯỚC,903903172,0903903172,0903903172
CÔNG TY TNHH MỘT THÀNH VIÊN TƯ VẤN VÀ DỊCH VỤ NGỌC KHUÊ,915441551,0915441551,0915441551
CÔNG TY TNHH MỘT THÀNH VIÊN PR HIGHLIGHT,569999973,0569999973,0569999973
CÔNG TY TRÁCH NHIỆM HỮU HẠN SUPPLY ORGANIC,976638979,0976638979,0976638979
CÔNG TY TNHH MỘT THÀNH VIÊN VÀNG BẠC KIM HƯỜNG BA,989315708,0989315708,0989315708
CÔNG TY TNHH MỘT THÀNH VIÊN MAY SVC,924666639,0924666639,0924666639
CÔNG TY TNHH MỘT THÀNH VIÊN THƯƠNG MẠI DỊCH VỤ XUẤT NHẬP KHẨU THIỆN THÀNH PHÁT,868986037,0868986037,0868986037
CÔNG TY TNHH SX TM DV CUNG ỨNG LAO ĐỘNG THIỆN AN,384810232,0384810232,0384810232
CÔNG TY TNHH MTV THƯƠNG MẠI VÀ XÂY DỰNG PHÚ CƯỜNG BP,972403979,0972403979,0972403979
HỢP TÁC XÃ SẢN XUẤT DƯA LƯỚI CÔNG NGHỆ CAO - DỊCH VỤ PHÚ PHÁT,975468775,0975468775,0975468775
CÔNG TY TNHH AABAN EXPORTERS,987800199,0987800199,0987800199
CÔNG TY TNHH NHẤT KHANH,973321738,0973321738,0973321738
CÔNG TY TNHH THIỆN NHÂN AUTO,986162538,0986162538,0986162538
CÔNG TY TNHH CHEN YAO,357689732,0357689732,0357689732
CÔNG TY TNHH THƯƠNG MẠI XUẤT NHẬP KHẨU NÔNG SẢN NGỌC DIỆP,972731197,0972731197,0972731197
CÔNG TY TNHH XUẤT NHẬP KHẨU YẾN SÀO LỘC TRỜI,963817212,0963817212,0963817212
CÔNG TY TNHH YẾN SÀO CẨM LY,963817212,0963817212,0963817212
CÔNG TY TNHH SHANGPIN FURNISHINGS,326604523,0326604523,0326604523
CÔNG TY TNHH THƯƠNG MẠI DỊCH VỤ XUẤT NHẬP KHẨU ĐIỀU VƯỢNG PHÁT,973265659,0973265659,0973265659
CÔNG TY TNHH WJ FURNITURE (VIỆT NAM),385388245,0385388245,0385388245
CÔNG TY CỔ PHẦN ĐIỆN LỰC HOÀNG NGÂN BÌNH PHƯỚC,983142555,0983142555,0983142555
DOANH NGHIỆP TƯ NHÂN THANH BÌNH NEW,77681279,077681279,077681279
CÔNG TY TNHH THƯƠNG MẠI DỊCH VỤ XUẤT NHẬP KHẨU CẨM TÚ,384310179,0384310179,0384310179
CÔNG TY TNHH TM DV SẢN XUẤT LONG XIN,989510278,0989510278,0989510278
CÔNG TY TNHH TMDV TỔNG HỢP NIÊN PHÁT,946362859,0946362859,0946362859
CÔNG TY TNHH TMDV BTH BLUE,899231489,0899231489,0899231489
CÔNG TY TNHH TM SX GỖ TRƯỜNG AN,989427968,0989427968,0989427968
CÔNG TY TNHH THƯƠNG MẠI DỊCH VỤ XÂY DỰNG NHÀ KHỀNH,937461133,0937461133,0937461133
CÔNG TY TNHH MỘT THÀNH VIÊN THƯƠNG MẠI XÂY DỰNG THANH BÌNH,987265859,0987265859,0987265859
CÔNG TY TNHH THƯƠNG MẠI DỊCH VỤ CƯỜNG PHÁT GROUP,942216926,0942216926,0942216926
CÔNG TY TNHH SẢN XUẤT THƯƠNG MẠI DỊCH VỤ MINH PHÁT BÌNH PHƯỚC,917370078,0917370078,0917370078
CÔNG TY TNHH MỘT THÀNH VIÊN PR PHÚC LỘC,969401197,0969401197,0969401197
CÔNG TY TNHH XUẤT NHẬP KHẨU ANH PHÁT BÌNH PHƯỚC,869182617,0869182617,0869182617
CÔNG TY TNHH THƯƠNG MẠI VÀ DỊCH VỤ NHÂN THỊNH PHÁT,931852880,0931852880,0931852880
CÔNG TY TNHH SOFA HẢO ĐÔNG,3641111,03641111,03641111
CÔNG TY TNHH TƯ VẤN XÂY DỰNG AZ,915627784,0915627784,0915627784
CÔNG TY TNHH VẠN AN PHÁT CERAMIC,888778999,0888778999,0888778999
CÔNG TY CỔ PHẦN KHAI TUYỂN QUẶNG BÌNH PHƯỚC,904134439,0904134439,0904134439
CÔNG TY TNHH MTV TƯ VẤN XÂY DỰNG MỸ ANH,972758717,0972758717,0972758717
CÔNG TY TNHH MTV GARA Ô TÔ GIA PHÁT,866551667,0866551667,0866551667
CÔNG TY TNHH DYNAMIC HEALTHCARE,915817766,0915817766,0915817766
CÔNG TY TNHH SẢN XUẤT THƯƠNG MẠI DỊCH VỤ GIA PHÚ BP,974981617,0974981617,0974981617
CÔNG TY TNHH QUỲNH ANH TILES,917000093,0917000093,0917000093
CÔNG TY TNHH MỘT THÀNH VIÊN VẬN TẢI PHƯƠNG THẢO BP,988864144,0988864144,0988864144
CÔNG TY TNHH TMDV HẠNH NGUYÊN,987658958,0987658958,0987658958
CÔNG TY TNHH MTV THƯƠNG MẠI DỊCH VỤ XUÂN HUẤN,926181868,0926181868,0926181868
CÔNG TY CỔ PHẦN KHAI TUYỂN QUẶNG BÌNH PHƯỚC,904134439,0904134439,0904134439
CÔNG TY TNHH SẢN XUẤT PHÂN BÓN HỮU CƠ TIẾN PHÚC ĐỨC PHÁT,988156858,0988156858,0988156858
CÔNG TY TNHH AGRO NAM ĐÔ,375080956,0375080956,0375080956
CÔNG TY TNHH TRẠI VỊT LONG HÀ,975740909,0975740909,0975740909
CÔNG TY TNHH TƯ VẤN AN VIỆT BP,971846968,0971846968,0971846968
CÔNG TY TNHH THƯƠNG MẠI ĐIỆN LẠNH KHÁNH NGỌC,987365985,0987365985,0987365985
CÔNG TY TNHH NÔNG SẢN NĂM SAO,971670128,0971670128,0971670128
CÔNG TY TNHH GỖ HM VIỆT,878996189,0878996189,0878996189
CÔNG TY TNHH BOMBAS IDEAL SA,917880440,0917880440,0917880440
CÔNG TY TRÁCH NHIỆM HỮU HẠN PHẠM ĐỨC GIA,392678626,0392678626,0392678626
CÔNG TY TNHH ĐẦU TƯ SẢN XUẤT VÀ PHÁT TRIỂN THƯƠNG MẠI DỊCH VỤ MINH HIỀN,972656083,0972656083,0972656083
CÔNG TY TNHH THƯƠNG MẠI QUỐC HƯNG VP,931503218,0931503218,0931503218
CÔNG TY TNHH TMDV GIA PHÚC THỊNH,987524368,0987524368,0987524368
CÔNG TY TRÁCH NHIỆM HỮU HẠN ĐẦU TƯ VÀ PHÁT TRIỂN TIẾN HƯNG,762268228,0762268228,0762268228
CÔNG TY TNHH CHẾ BIẾN GỖ TOÀN CẦU,792249494,0792249494,0792249494
CÔNG TY TNHH THIẾT BỊ GIÁO DỤC-VĂN PHÒNG PHẨM THU HƯỜNG,988961168,0988961168,0988961168
CÔNG TY TNHH MTV THƯƠNG MẠI DỊCH VẬN TẢI HỒNG PHÁT,946406287,0946406287,0946406287
CÔNG TY TNHH TƯ VẤN DỊCH VỤ NGỌC HÂN,824999935,0824999935,0824999935
CÔNG TY CỔ PHẦN XUẤT NHẬP KHẨU THÀNH ĐẠT BP,344547547,0344547547,0344547547
CÔNG TY TNHH OKAYA POWER PVT LTD,975322222,0975322222,0975322222
CÔNG TY TNHH XÂY DỰNG VÀ PHÁT TRIỂN BẤT ĐỘNG SẢN THÀNH CÔNG,986668799,0986668799,0986668799
CÔNG TY CỔ PHẦN LLP QAZPETRO INTERNATIONAL REFINERY,961611611,0961611611,0961611611
CÔNG TY TNHH MỘT THÀNH VIÊN CT HOÀNG PHÚC,989705777,0989705777,0989705777
CÔNG TY TNHH THƯƠNG MẠI - DỊCH VỤ - XÂY DỰNG ĐÀO NGỌC THIÊN,346422215,0346422215,0346422215
CÔNG TY CỔ PHẦN ĐÁ GRANITE MỸ NGHỆ VIỆTNAM,388470470,0388470470,0388470470
CÔNG TY TNHH SẢN XUẤT THƯƠNG MẠI GAS THÁI BÌNH,913643699,0913643699,0913643699
CÔNG TY TNHH H.T NGỌC ÁNH,853506289,0853506289,0853506289
CÔNG TY TNHH ZHEJIANG LONGBANG PLSTIC,569876868,0569876868,0569876868
CÔNG TY TNHH SUNTO SEMICONDUCTOR TECHNOLOGY,948262525,0948262525,0948262525
CÔNG TY TNHH SUNRISE SPORT EQUIPMENT,569876868,0569876868,0569876868
CÔNG TY TNHH MỘT THÀNH VIÊN ĐẦU TƯ THƯƠNG MẠI HUY HÂN,919061606,0919061606,0919061606
CÔNG TY TNHH YUANFA,772005499,0772005499,0772005499
CÔNG TY TNHH MỘT THÀNH VIÊN CƠ KHÍ XÂY DỰNG THANH LÂM,97713739,097713739,097713739
CÔNG TY TNHH DEEP DRAGON BÌNH PHƯỚC,337619188,0337619188,0337619188
CÔNG TY TNHH SẢN XUẤT THƯƠNG MẠI XUẤT NHẬP KHẨU HỒNG KHIÊM,823491979,0823491979,0823491979
CÔNG TY TNHH MỘT THÀNH VIÊN TƯ VẤN XÂY DỰNG ĐẦU TƯ PHÚC PHÁT BP,813999499,0813999499,0813999499
CÔNG TY TNHH MỘT THÀNH VIÊN THƯƠNG MẠI LAN HƯƠNG PHÁT,938110889,0938110889,0938110889
CÔNG TY TNHH THƯƠNG MẠI DỊCH VỤ XUẤT NHẬP KHẨU VIỆT NHẬT,982425063,0982425063,0982425063
CÔNG TY TNHH ĐẦU TƯ THƯƠNG MẠI SẢN XUẤT TRƯỜNG THỊNH PHÁT,367303826,0367303826,0367303826
CÔNG TY TNHH ELECTRONICS HANKS,962007179,0962007179,0962007179
CÔNG TY LUẬT TNHH LÊ MINH,902521628,0902521628,0902521628
TRUNG TÂM NGOAÊI NGƯ� APLUS 1,985941190,0985941190,0985941190
CÔNG TY TNHH AEROBIC THIẾU NHI SƠN CA,877977979,0877977979,0877977979
CÔNG TY TNHH DOC LOGISTICS BV.,585129680,0585129680,0585129680
CÔNG TY TNHH PTAS SDN BHD GROUP,583301593,0583301593,0583301593
CÔNG TY TNHH THỰC PHẨM NGUYỄN VŨ LINH,358700701,0358700701,0358700701
TRƯỜNG TIỂU HỌC BÌNH THẮNG B,914605962,0914605962,0914605962
CÔNG TY TNHH STR VIETNAM,762805009,0762805009,0762805009
CÔNG TY TNHH JIA XING VIỆT NAM,969914694,0969914694,0969914694
CÔNG TY TNHH DỊCH VỤ XÂY DỰNG PHÚC THỊNH BP,909134382,0909134382,0909134382
CÔNG TY TNHH DỊCH VỤ THƯƠNG MẠI MẠNH CƯỜNG TH,902088256,0902088256,0902088256
CÔNG TY TNHH SẢN XUẤT THƯƠNG MẠI VÀ DỊCH VỤ TDG,978217656,0978217656,0978217656
CÔNG TY TNHH SONG ANH BP,967308178,0967308178,0967308178
CÔNG TY TNHH MỘT THÀNH VIÊN XUẤT NHẬP KHẨU HOÀNG ĐỒNG,384040440,0384040440,0384040440
CÔNG TY TNHH THƯƠNG MẠI DỊCH VỤ NGỌC TRINH TH,937005181,0937005181,0937005181
CÔNG TY TNHH THƯƠNG MẠI VẬT LIỆU XÂY DỰNG NAM LỘC,398526581,0398526581,0398526581
CÔNG TY TNHH THƯƠNG MẠI DỊCH VỤ THUỲ NHÂN GROUP,823991025,0823991025,0823991025
CÔNG TY TNHH THƯƠNG MẠI DỊCH VỤ LONG XUÂN HỒNG,927663939,0927663939,0927663939
CÔNG TY TNHH THE ONE GENERAL TRADER,965165346,0965165346,0965165346
CÔNG TY TNHH THƯƠNG MẠI DỊCH VỤ MACQUEEN,985987957,0985987957,0985987957
CÔNG TY TNHH MTV ĐẦU TƯ THUẬN PHÚ,878996189,0878996189,0878996189
CÔNG TY TNHH NÔNG SẢN NHẤT ĐỈNH,878480548,0878480548,0878480548
CÔNG TY TNHH MỘT THÀNH VIÊN THƯƠNG MẠI XUẤT NHẬP KHẨU ANH PHƯƠNG,362979939,0362979939,0362979939
NHÀ THIẾU NHI HUYỆN BÙ ĐĂNG,979332908,0979332908,0979332908
CÔNG TY TNHH DỊCH VỤ XÂY DỰNG TÂN HỮU THÀNH,906634173,0906634173,0906634173
CÔNG TY CỔ PHẦN ĐỨC ANH AUTO,7937717717,07937717717,07937717717
CÔNG TY TNHH MỘT THÀNH VIÊN NÔNG SẢN HOÀNG VẠN,971877158,0971877158,0971877158
CÔNG TY CỔ PHẦN KỸ THUẬT XÂY DỰNG PHÒNG CHÁY VÀ CHỮA CHÁY BẮC TRUNG NAM,909959997,0909959997,0909959997
CÔNG TY TNHH THƯƠNG MẠI DỊCH VỤ DU LỊCH PHƯƠNG KHA TRAVEL,828672786,0828672786,0828672786
CÔNG TY TNHH PHƯỚC LỘC HÒA,903340667,0903340667,0903340667
CÔNG TY CỔ PHẦN KHAI TUYỂN QUẶNG BÌNH PHƯỚC,904134439,0904134439,0904134439
CÔNG TY TNHH MỘT THÀNH VIÊN THƯƠNG MẠI SẢN XUẤT AN THỊNH,949262762,0949262762,0949262762
CÔNG TY TNHH THƯƠNG MẠI SẢN XUẤT VÀ XUẤT NHẬP KHẨU LTA VIỆT NAM,979425282,0979425282,0979425282
CÔNG TY TNHH SẢN XUẤT THƯƠNG MẠI GỖ GIA HÂN,964378399,0964378399,0964378399
CÔNG TY TNHH THƯƠNG MẠI XÂY DỰNG KHÔI VŨ,397857658,0397857658,0397857658
CÔNG TY TNHH PHÁT TRIỂN VẬN TẢI VÀ XÂY DỰNG TRẦN TRỌNG,77895579,077895579,077895579
CÔNG TY TNHH DICH VỤ XÂY DỰNG TẤN PHÁT,909932625,0909932625,0909932625
CÔNG TY TNHH MINLAND ENERGY TECNOLOGY (VIỆT NAM),383269390,0383269390,0383269390
CÔNG TY TNHH MỘT THÀNH VIÊN DỊCH VỤ THƯƠNG MẠI VĂN CƯỜNG,328144822,0328144822,0328144822
CÔNG TY TNHH CÔNG TY TNHH NỘI THẤT CONCEPT,348641448,0348641448,0348641448
CÔNG TY TNHH SX TM CƠ ĐIỆN HOÀNG NAM,878480548,0878480548,0878480548
CÔNG TY TRÁCH NHIỆM HỮU HẠN LỘC NGHỊ,795443576,0795443576,0795443576
CÔNG TY TNHH ĐẦU TƯ PHÁT TRIỂN TOÀN CẦU KHẢI LUYỆN,896406487,0896406487,0896406487
CÔNG TY TNHH PHÁT TRIỂN VÀ ĐẦU TƯ NGUYỄN BÌNH,896730974,0896730974,0896730974
CÔNG TY TNHH PHÁT TRIỂN VẬN TẢI VÀ XÂY DỰNG ĐINH TIẾN PHÁT,778194528,0778194528,0778194528
CÔNG TY TNHH NASAS AGRICO,987971810,0987971810,0987971810
CÔNG TY CỔ PHẦN THỰC PHẨM BÌNH PHƯỚC,979010203,0979010203,0979010203
CÔNG TY TNHH MỘT THÀNH VIÊN THƯƠNG MẠI THIÊN SƠN HẢI,931887888,0931887888,0931887888
CÔNG TY TNHH MỘT THÀNH VIÊN THƯƠNG MẠI SẢN XUẤT NGUYỄN PHƯƠNG,989331771,0989331771,0989331771
CÔNG TY TNHH TM DV VẬN TẢI TIẾN HẢI,799154201,0799154201,0799154201
CÔNG TY TNHH ĐẦU TƯ VÀ PHÁT TRIỂN TOÀN CẦU VŨ KHIÊM,898423126,0898423126,0898423126
CÔNG TY TNHH PHÁT TRIỂN XÂY DỰNG QUYẾT THẮNG,898326751,0898326751,0898326751
CÔNG TY TNHH ĐẦU TƯ PHÁT TRIỂN TỔNG HỢP ĐỒNG BIÊN,776436204,0776436204,0776436204
CÔNG TY TNHH CÁT LỘC PHƯỚC,904986952,0904986952,0904986952
CÔNG TY TNHH THƯƠNG MẠI ĐẦU TƯ SX HỮU HẠNH,358698258,0358698258,0358698258
CÔNG TY TNHH MTV VẬN CHUYỂN LƯƠNG SƠN,333132657,0333132657,0333132657
CÔNG TY TNHH PHÁT TRIỂN VÀ ĐẦU TƯ TRỊNH DINH,778032080,0778032080,0778032080
CÔNG TY TNHH XÂY DỰNG DỊCH VỤ TRƯỜNG THU,969737142,0969737142,0969737142
CÔNG TY CỔ PHẦN BỆNH VIỆN MẮT QUỐC TẾ SÀI GÒN BÌNH PHƯỚC,989226326,0989226326,0989226326
CÔNG TY TNHH MTV NỘI THẤT - QUẢNG CÁO CHƠN THÀNH,848398739,0848398739,0848398739
CÔNG TY TNHH PHÁT TRIỂN ĐẦU TƯ TỔNG HỢP HOÀNG LONG PHÁT,776004295,0776004295,0776004295
CÔNG TY TNHH ĐẦU TƯ PHÁT TRIỂN QUẢNG CÁO MINH HUỆ PHÁT,778547370,0778547370,0778547370
CÔNG TY TNHH IRATE (SHANDONG) GRINDING MATERIAL,981234545,0981234545,0981234545
CÔNG TY TNHH ĐẦU TƯ PHÁT TRIỂN KINH DOANH HỒNG LÊ VIỆT,899489527,0899489527,0899489527
CÔNG TY TNHH DỊCH VỤ XÂY DỰNG BP,982731822,0982731822,0982731822
TRUNG TÂM NGOẠI NGỮ THÁI BÌNH DƯƠNG,908910877,0908910877,0908910877
CÔNG TY TNHH THƯƠNG MẠI DỊCH VỤ HOÀNG HÀ 2M,398258298,0398258298,0398258298
CÔNG TY TNHH VĂN NHƯỜNG,798274829,0798274829,0798274829
CÔNG TY TNHH TMDV NHIÊN LIỆU MAI THẢO PETRO,778072032,0778072032,0778072032
CÔNG TY TNHH THƯƠNG MẠI DỊCH VỤ XÂY DỰNG NAM THIÊN PHÁT,979118418,0979118418,0979118418
CÔNG TY TNHH THƯƠNG MẠI DỊCH VỤ NHÂN THÀNH VIỆT NAM,398958698,0398958698,0398958698
CÔNG TY TNHH TM DV SX NÔNG SẢN HOÀNG VIỆT,377431749,0377431749,0377431749
CÔNG TY TNHH PHÁT TRIỂN XÂY DỰNG THI CÔNG LẮP ĐẶT ĐIỆN PHẠM TRUNG,776110896,0776110896,0776110896
CÔNG TY TNHH THIẾT BỊ PHỤ TÙNG CƠ KHÍ XÂY DỰNG BÙI HOÀNG,778676682,0778676682,0778676682
CÔNG TY TNHH TẬP ĐOÀN HẠT VIỆT NAM,795003333,0795003333,0795003333
CÔNG TY TNHH ĐẦU TƯ PHÁT TRIỂN TỔNG HỢP TRẦN DŨNG,776766759,0776766759,0776766759
CÔNG TY TNHH PHÁT TRIỂN VÀ ĐẦU TƯ PHÙNG CHÍ,778318209,0778318209,0778318209
CÔNG TY TNHH CÔNG NGHỆ SẢN PHẨM NGOÀI TRỜI HAOHONG,382177360,0382177360,0382177360
"CÔNG TY TNHH SINOMA INTERNATIONAL ENGINEERING,VN",961224040,0961224040,0961224040
CÔNG TY TNHH MỘT THÀNH VIÊN ĐẠI TRƯỜNG THÀNH BP,369669541,0369669541,0369669541
CÔNG TY TNHH THƯƠNG MẠI DỊCH VỤ MAI LÊ,909947110,0909947110,0909947110
CÔNG TY TNHH GREENCONN TECHNOLOGY,889294830,0889294830,0889294830
CÔNG TY CỔ PHẦN THƯƠNG MẠI CHỢ MINH THÀNH,961343537,0961343537,0961343537
DOANH NGHIỆP TƯ NHÂN MASSAGE THANH BÌNH NEW NEW,962881678,0962881678,0962881678
CÔNG TY TNHH CÔNG NGHỆ ĐẦU TƯ VÀ PHÁT TRIỂN TP,906226188,0906226188,0906226188
CÔNG TY TNHH PRIMA INDO TUNA.,975322222,0975322222,0975322222
CÔNG TY TNHH GỖ VƯƠNG THỤY,898949093,0898949093,0898949093
HỘI CHỮ THẬP ĐỎ THỊ XÃ CHƠN THÀNH,918393854,0918393854,0918393854
CÔNG TY TNHH MTV THƯƠNG MẠI DỊCH VỤ CÔNG NGHỆ HOÀNG TÍN,965020777,0965020777,0965020777
CÔNG TY TNHH MỘT THÀNH VIÊN INOX PHƯƠNG ĐÔNG BP,967130455,0967130455,0967130455
CÔNG TY TNHH CV GUANGDONG CHIGO TECHNOLOGY,975322222,0975322222,0975322222
CÔNG TY TNHH NÔNG NGHIỆP KỸ THUẬT CAO BÌNH PHƯỚC,967237839,0967237839,0967237839
CÔNG TY TNHH TÂM ĐAN BÌNH PHƯỚC,908023047,0908023047,0908023047
CÔNG TY TNHH THƯƠNG MẠI QUẢNG CÁO HÀ QUẢNG,385752369,0385752369,0385752369
CÔNG TY TNHH MỘT THÀNH VIÊN ANH CÁT LỢI BP,843331866,0843331866,0843331866
HỘI NGƯỜI CAO TUỔI THỊ XÃ CHƠN THÀNH,982930562,0982930562,0982930562
CÔNG TY TNHH SẢN XUẤT RĂNG SỨ NỤ CƯỜI VIỆT,901211993,0901211993,0901211993
CÔNG TY TNHH TƯ VẤN ĐẦU TƯ XÂY DỰNG MINH ĐĂNG,943743579,0943743579,0943743579
CÔNG TY TNHH THƯƠNG MẠI VÀ DỊCH VỤ CƠ KHÍ XÂY DỰNG 73,364503645,0364503645,0364503645
HỢP TÁC XÃ HAMYCO,986663294,0986663294,0986663294
CÔNG TY TNHH NÔNG SẢN MIỀN ĐÔNG,965550279,0965550279,0965550279
CÔNG TY TNHH THƯƠNG MẠI MAILISA STORE,987699422,0987699422,0987699422
CÔNG TY TNHH THƯƠNG MẠI TỔNG HỢP LIÊN HOA SƠN,978658252,0978658252,0978658252
CÔNG TY TNHH MTV TMDV ĐIỆN CƠ NGỌC HIỂN,937869340,0937869340,0937869340
HỢP TÁC XÃ CAO SU GIỐNG LỘC HIỆP,975750754,0975750754,0975750754
CÔNG TY TNHH TUYẾT NGA BP,9.83627E+16,098362727209697900,098362727209697900
CÔNG TY TNHH SẢN XUẤT THƯƠNG MẠI NPA FARM,836992288,0836992288,0836992288
CÔNG TY TNHH TANK TOMASZ,983457722,0983457722,0983457722
CÔNG TY TNHH SẢN XUẤT THƯƠNG MẠI NÔNG SẢN HƯNG PHƯỚC,799015482,0799015482,0799015482
CÔNG TY TNHH ĐIỆN LẠNH TRƯỜNG AN VN,981558542,0981558542,0981558542
HỘI NÔNG DÂN THỊ XÃ CHƠN THÀNH,983885992,0983885992,0983885992
CÔNG TY CỔ PHẦN PHÂN BÓN KOTINOCHI,908576234,0908576234,0908576234
CÔNG TY TNHH ROYAL CROWN COLA INTERNATIONAL,982067777,0982067777,0982067777
CÔNG TY TNHH THƯƠNG MẠI PHÁT TRIỂN TỔNG HỢP MẠNH CƯỜNG,851214125,0851214125,0851214125
HỘI LIÊN HIỆP PHỤ NỮ THỊ XÃ CHƠN THÀNH,911828886,0911828886,0911828886
CÔNG TY TNHH THƯƠNG MẠI KỸ THUẬT ĐIỆN LẠNH HẢI DUY,587658245,0587658245,0587658245
CÔNG TY TNHH TƯ VẤN ĐẦU TƯ AN PHÚ VƯỢNG,918227213,0918227213,0918227213
CÔNG TY TNHH XÂY DỰNG VÀ ĐẦU TƯ VIỆT TIẾN,976678439,0976678439,0976678439
CÔNG TY TNHH FENG SENG FURNITURE,388836239,0388836239,0388836239
CÔNG TY TNHH UNITED COMPRESSOR SYSTEMS,971170202,0971170202,0971170202
CÔNG TY TNHH DỊCH VỤ THƯƠNG MẠI TRÚC NGUYỄN,787360177,0787360177,0787360177
CÔNG TY TNHH MỘT THÀNH VIÊN THƯƠNG MẠI LỢI PHƯƠNG,969656533,0969656533,0969656533
CÔNG TY TNHH VẢI KHÔNG DỆT XIAYANG (VIỆT NAM),918731288,0918731288,0918731288
HỢP TÁC XÃ DƯỢC LIỆU BÌNH PHƯỚC,964392627,0964392627,0964392627
CÔNG TY TNHH SẢN XUẤT THƯƠNG MẠI DỊCH VỤ PALLET BẢO NGÂN,981897456,0981897456,0981897456
CÔNG TY TNHH ĐẦU TƯ XÂY DỰNG HƯNG KIM PHÁT,866171579,0866171579,0866171579
CÔNG TY TNHH KAFTAS SHIPPING,989117799,0989117799,0989117799
CÔNG TY TNHH THƯƠNG MẠI DỊCH VỤ VẬN TẢI HỮU NGHỊ,579548685,0579548685,0579548685
CÔNG TY TNHH YUSHIN PRECISION INDUSTRY,973017777,0973017777,0973017777
CÔNG TY TNHH THƯƠNG MẠI DỊCH VỤ XÂY DỰNG HOÀNG GIA VINA,918443567,0918443567,0918443567
CÔNG TY TNHH PT DOMAS AGROINTI PRIMA,963888881,0963888881,0963888881
CÔNG TY TNHH SẢN XUẤT THƯƠNG MẠI ADS,366448311,0366448311,0366448311
CÔNG TY TNHH SẢN XUẤT THƯƠNG MẠI XUẤT NHẬP KHẨU BẢO LÊ GIA,9821393832,09821393832,09821393832
CÔNG TY TNHH INSTITUT MIHAJLO PUPIN DOO BEOGRAD,876268256,0876268256,0876268256
CÔNG TY TNHH THƯƠNG MẠI XÂY DỰNG DUNG THẮNG,975094067,0975094067,0975094067
CÔNG TY TNHH XUẤT NHẬP KHẨU CHẾ BIẾN HẠT ĐIỀU HQ,352292858,0352292858,0352292858
CÔNG TY TNHH QFS GOLDEN VN,931784976,0931784976,0931784976
CÔNG TY TNHH MỘT THÀNH VIÊN HUY ĐỖ BP,784888878,0784888878,0784888878
CÔNG TY TNHH TAI SENG INDUSTRIAL,966560998,0966560998,0966560998
CÔNG TY TRÁCH NHIỆM HỮU HẠN ĐẠT BÍCH,762150882,0762150882,0762150882
CÔNG TY TNHH THƯƠNG MẠI DỊCH VỤ HÀO MỸ NGUYÊN,778724382,0778724382,0778724382
CÔNG TY TNHH CÔNG NGHỆ ĐẠI ĐÔNG PHƯƠNG VIỆT NAM,912631803,0912631803,0912631803
CÔNG TY TNHH THƯƠNG MẠI DỊCH VỤ IN ẤN VÀ QUẢNG CÁO KHƯƠNG THY,582547658,0582547658,0582547658
CÔNG TY TNHH HUMBOLDT WEDAG,913112913,0913112913,0913112913
CÔNG TY CỔ PHẦN THƯƠNG MẠI DỊCH VỤ ĐẠI LONG BÌNH PHƯỚC,978217656,0978217656,0978217656
CÔNG TY TNHH TMDV ĐẦU TƯ VẬN CHUYỂN PHƯƠNG OANH VN,378658525,0378658525,0378658525
CÔNG TY TNHH THƯƠNG MẠI TỔNG HỢP ÂN KHÁNH,528447658,0528447658,0528447658
CÔNG TY TNHH MTV THƯƠNG MẠI SAM NGHI,937823456,0937823456,0937823456
CÔNG TY TNHH ĐẦU TƯ PHÁT TRIỂN TỔNG HỢP THÀNH TÔ,527658524,0527658524,0527658524
CÔNG TY TRÁCH NHIỆM HỮU HẠN MỘT THÀNH VIÊN THƯƠNG MẠI DỊCH VỤ 86,978036122,0978036122,0978036122
CÔNG TY TNHH THƯƠNG MẠI DỊCH VỤ MÁY VĂN PHÒNG THIÊN PHÚ,973939000,0973939000,0973939000
CÔNG TY TNHH TƯ VẤN & TRẢI NGHIỆM DỊCH VỤ SỐ 2 SAPUTO RANCH,786202104,0786202104,0786202104
CÔNG TY TNHH SOLAR THANH HÀ,835060708,0835060708,0835060708
CÔNG TY TNHH HUMBOL WEDAG,913112913,0913112913,0913112913
CÔNG TY TNHH MỘT THÀNH VIÊN SẢN XUẤT DỊCH VỤ THƯƠNG MẠI HẢI ĐĂNG,931887888,0931887888,0931887888
CÔNG TY TNHH THƯƠNG MẠI DỊCH VỤ XUẤT NHẬP KHẨU KHÁNH BĂNG,865132494,0865132494,0865132494
CÔNG TY TNHH THƯƠNG MẠI ĐỨC BẢO MINH ANH,901798903,0901798903,0901798903
CÔNG TY TNHH TMDV VẬN CHUYỂN HỒ NGỌC TIẾN,378658668,0378658668,0378658668
CÔNG TY TNHH MTV KHÁNH DƯƠNG BP,937775874,0937775874,0937775874
CÔNG TY TNHH TMDV ĐẦU TƯ PHÁT TRIỂN TRÍ THIỆN TMT,589789635,0589789635,0589789635
CÔNG TY TNHH XIAMEAN HANSHENGS YACHTS BUILDING,983457722,0983457722,0983457722
CÔNG TY TNHH VENUS IMPORT EXPORT TRADING,859170777,0859170777,0859170777
CÔNG TY TNHH THƯƠNG MẠI ĐẦU TƯ NHÀ Ở VÀ DỊCH VỤ CẦM ĐỒ ĐẠI NGÂN,363109068,0363109068,0363109068
CÔNG TY TNHH HENG RUI,901886998,0901886998,0901886998
CÔNG TY TNHH GUY-LEONARD & CO,783337722,0783337722,0783337722
CÔNG TY TNHH HOÀNG KIM PHÁT BP,985982040,0985982040,0985982040
CÔNG TY TNHH NỘI THẤT HONG CHENG,378078736,0378078736,0378078736
CÔNG TY TNHH MỘT THÀNH VIÊN CUNG ỨNG DỊCH VỤ KỸ THUẬT AN PHÁT,372185732,0372185732,0372185732
CÔNG TY TNHH SẮT THÉP MẠNH QUANG,978286004,0978286004,0978286004
CÔNG TY TNHH THƯƠNG MẠI DỊCH VỤ TRẦN ÂN,899399393,0899399393,0899399393
CÔNG TY TNHH ĐẦU TƯ VÀ PHÁT TRIỂN GIÁO DỤC TIẾN BỘ,988506079,0988506079,0988506079
CÔNG TY TNHH TMDV KIM THỊ VN,898271003,0898271003,0898271003
CÔNG TY TNHH THƯƠNG MẠI GỖ ĐẠT BẢO ANH,878643043,0878643043,0878643043
CÔNG TY TNHH THƯƠNG MẠI HOA KHANG VIỆT NAM,896985848,0896985848,0896985848
CÔNG TY TNHH THƯƠNG MẠI DỊCH VỤ KỸ THUẬT TBP,988086715,0988086715,0988086715
CÔNG TY TNHH TƯ VẤN THIẾT KẾ VÀ XÂY DỰNG GOODHOUSE,584955139,0584955139,0584955139
CÔNG TY TNHH GIA LINH BÌNH PHƯỚC,915329539,0915329539,0915329539
CÔNG TY TNHH MỘT THÀNH VIÊN SẢN XUẤT THƯƠNG MẠI DỊCH VỤ CÂY XANH PHƯỚC LONG,825579579,0825579579,0825579579
CÔNG TY TNHH SẢN XUẤT THƯƠNG MẠI DỊCH VỤ XÂY DỰNG THANH NGA,987043250,0987043250,0987043250
CÔNG TY TNHH THƯƠNG MẠI VẬN TẢI VÀ XÂY DỰNG TUẤN THIÊN,979364546,0979364546,0979364546
CÔNG TY TNHH VLXD TÂN LIÊN,878081792,0878081792,0878081792
HỢP TÁC XÃ NÔNG NGHIỆP CÔNG NGHỆ CAO BÙ GIA MẬP,968153154,0968153154,0968153154
CÔNG TY TNHH MTV LÊ LAN ANH,963942434,0963942434,0963942434
CÔNG TY TNHH VẬN TẢI XÂY DỰNG LỘC THIỆN,377077287,0377077287,0377077287
CÔNG TY TNHH TMDV KHẢI HOÀNG BÌNH PHƯỚC,922543268,0922543268,0922543268
CÔNG TY TNHH SÔNG HÀO PHƯỚC BÌNH,389715410,0389715410,0389715410
CÔNG TY CỔ PHẦN KHAI THÁC HẠ TẦNG CÔNG NGHIỆP MINH KHANG 3,9321808060,09321808060,09321808060
CÔNG TY TNHH THƯƠNG MẠI CAO SU HỒNG PHƯỚC,867014621,0867014621,0867014621
CÔNG TY TNHH THƯƠNG MẠI DỊCH VỤ VẬN CHUYỂN AC,898934952,0898934952,0898934952
CÔNG TY TNHH SẢN XUẤT THƯƠNG MẠI KHÁNH NGÂN BP,983937205,0983937205,0983937205
CÔNG TY TNHH MỘT THÀNH VIÊN THỰC PHẨM THIÊN MÃ THỊNH,383339068,0383339068,0383339068
CÔNG TY TNHH MỘT THÀNH VIÊN THƯƠNG MẠI VÀ XÂY DỰNG TRƯỜNG SƠN,986866694,0986866694,0986866694
CÔNG TY TNHH THƯƠNG MẠI DỊCH VỤ THANH CHANG,979138979,0979138979,0979138979
TỔ HỢP TÁC SẦU RIÊNG SẠCH PHÚ RIỀNG,973698862,0973698862,0973698862
HỢP TÁC XÃ NÔNG NGHIỆP CHẤT VN,965945255,0965945255,0965945255
CÔNG TY TNHH YOUNG EUN VINA,934454473,0934454473,0934454473
CÔNG TY TNHH XÂY DỰNG VÀ VẬN TẢI AN ĐẠT PT,3832819832,03832819832,03832819832
CÔNG TY TRÁCH NHIỆM HỮU HẠN MỘT THÀNH VIÊN DỊCH VỤ DU LỊCH HANA ENTERPRISE,569222200,0569222200,0569222200
CÔNG TY TNHH TRỒNG RỪNG NHƯ Ý,96219115,096219115,096219115
CÔNG TY TNHH THƯƠNG MẠI SẢN XUẤT MINH PHƯỚC FG,528698887,0528698887,0528698887
CÔNG TY TNHH THƯƠNG MẠI DỊCH VỤ CƠ ĐIỆN LẠNH THANH BÌNH,833666700,0833666700,0833666700
HỢP TÁC XÃ HẠT ĐIỀU LONG GIANG,398106408,0398106408,0398106408
CÔNG TY TNHH TM SX THUẬN THÀNH PHÁT,797521858,0797521858,0797521858
CÔNG TY TNHH THƯƠNG MẠI DỊCH VỤ SẢN XUẤT GẠCH ĐẠI AN,35700159,035700159,035700159
CÔNG TY TNHH MỘT THÀNH VIÊN THƯƠNG MẠI DỊCH VỤ VẬN TẢI NAM THỊNH PHÁT,964694324,0964694324,0964694324
CÔNG TY TNHH THƯƠNG MẠI TRÍ DƯƠNG BÌNH PHƯỚC,586793511,0586793511,0586793511
CÔNG TY TNHH MTV AN CƯỜNG BÌNH PHƯỚC,947228713,0947228713,0947228713
CÔNG TY TNHH PHÁT TRIỂN NGUỒN NHÂN LỰC HƯNG THỊNH PHÁT,856568339,0856568339,0856568339
CÔNG TY TNHH HỌC VIỆN ANH NGỮ COSMOS,979498589,0979498589,0979498589
CÔNG TY TNHH XUẤT NHẬP KHẨU NÔNG SẢN VIỆT THẮNG,779957013,0779957013,0779957013
"TỔ HỢP TÁC DU LỊCH SINH THÁI, TRẢI NGHIỆM GIÁO DỤC NÔNG-LÂM-NGƯ NGHIỆP PHÚ NGHĨA",947865646,0947865646,0947865646
CÔNG TY TNHH GIA CÔNG NIỀM TIN,332710656,0332710656,0332710656
CÔNG TY TNHH ONENESS VINA,931784832,0931784832,0931784832
CÔNG TY TNHH GIÁO DỤC VÀ ĐÀO TẠO SMART BRAIN BÌNH PHƯỚC,987736818,0987736818,0987736818
CÔNG TY TNHH XD TM DV HỒNG VINH PHÁT,523067284,0523067284,0523067284
CÔNG TY TNHH TIME,978314854,0978314854,0978314854
CÔNG TY TNHH GIẢI PHÁP CÔNG NGHỆ LCN,937864168,0937864168,0937864168
CÔNG TY TNHH MỘT THÀNH VIÊN THƯƠNG MẠI DỊCH VỤ XUẤT NHẬP KHẨU GỖ HOA HỒNG,922268266,0922268266,0922268266
CÔNG TY TNHH VÀNG BẠC ĐÁ QUÝ KIM NHẬT LINH,901132635,0901132635,0901132635
CÔNG TY TNHH XD TM DV TÙNG HUY PHÁT,588287574,0588287574,0588287574
CÔNG TY TNHH ĐẦU TƯ VÀ PHÁT TRIỂN KINH DOANH TRẦN CƯỜNG,782364556,0782364556,0782364556
CÔNG TY TNHH ĐẦU TƯ VÀ PHÁT TRIỂN TOÀN CẦU TƯ NGUYỄN,782387273,0782387273,0782387273
CÔNG TY TNHH MTV THƯƠNG MẠI DỊCH VỤ IN BẢO TÍN,989123737,0989123737,0989123737
DNTN VÀNG BẠC QUANG MINH PHÁT PTJ,988633780,0988633780,0988633780
CÔNG TY TNHH TM DV BIOMOO,983717400,0983717400,0983717400
CÔNG TY TNHH XÂY DỰNG CÂY XANH SƠN DƯƠNG,916610875,0916610875,0916610875
CÔNG TY TNHH THƯƠNG MẠI MAY MẶC PHÚC TÍNH,527987369,0527987369,0527987369
CÔNG TY CỔ PHẦN ĐIỆN LỰC TRƯỜNG AN BÌNH PHƯỚC,919524545,0919524545,0919524545
CÔNG TY CỔ PHẦN XUẤT NHẬP KHẨU SẢN XUẤT & THƯƠNG MẠI PHÚC LỢI,362079198,0362079198,0362079198
CÔNG TY TNHH THƯƠNG MẠI DỊCH VỤ XUẤT NHẬP KHẨU HƯNG PHƯỚC BĐ,977699334,0977699334,0977699334
CÔNG TY TNHH ĐT PHÁT TRIỂN THƯƠNG MẠI HÀO KIỆT VN,526874568,0526874568,0526874568
CÔNG TY TNHH DỊCH VỤ CÔNG NGHIỆP MTH VIỆT NAM,832449704,0832449704,0832449704
CÔNG TY TNHH MTV GẠCH MEN PHÁT ĐẠT BÌNH PHƯỚC,858941789,0858941789,0858941789
CÔNG TY TNHH BẢO VỆ THỰC VẬT VINASKY,964132425,0964132425,0964132425
CÔNG TY CỔ PHẦN ĐẦU TƯ ĐIỆN LỰC BÌNH PHƯỚC,789268078,0789268078,0789268078
CÔNG TY TNHH NK TIẾN THÀNH,836450879,0836450879,0836450879
CÔNG TY TNHH THANH VY NUT,948363898,0948363898,0948363898
CÔNG TY TNHH GIÁO DỤC VIỆT MỸ SUPERKIDS,968237777,0968237777,0968237777
CÔNG TY TNHH THIÊN THÀNH BÌNH PHƯỚC,889292888,0889292888,0889292888
CÔNG TY TNHH VẬT LIỆU XÂY DỰNG QUỐC CƯỜNG TP,974897568,0974897568,0974897568
CÔNG TY TNHH MỘT THÀNH VIÊN ĐẦU TƯ PHÁT TRIỂN ĐỨC KHẢI,943949468,0943949468,0943949468
CÔNG TY TNHH THƯƠNG MẠI GAS LONG PHÁT,818203979,0818203979,0818203979
CÔNG TY TNHH CÔNG NGHỆ & TRUYỀN THÔNG TINH CẦU,911202404,0911202404,0911202404
CÔNG TY TNHH XD THIẾT KẾ - THI CÔNG BÌNH PHƯỚC CONS,945673668,0945673668,0945673668
CÔNG TY TNHH MÔI TRƯỜNG XANH QUANG TRÍ,961525869,0961525869,0961525869
CÔNG TY TNHH THIẾT BỊ VẬT TƯ ANH MINH,989772737,0989772737,0989772737
CÔNG TY TNHH THƯƠNG MẠI DỊCH VỤ HOÀN,909829006,0909829006,0909829006
CÔNG TY TNHH THƯƠNG MẠI XÂY DỰNG VÀ VẬN TẢI TIÊN PHONG,971687148,0971687148,0971687148
CÔNG TY TNHH MỘT THÀNH VIÊN HƯƠNG THỊNH BP,398594292,0398594292,0398594292
CÔNG TY TNHH THƯƠNG MẠI DỊCH VỤ ĐƯỜNG GIA PHÁT,969125567,0969125567,0969125567
TRUNG TÂM VĂN HOÁ - THỂ THAO VÀ ĐÀI TRUYỀN THANH - TRUYỀN HÌNH HUYỆN BÙ ĐĂNG,963502357,0963502357,0963502357
CÔNG TY TNHH SX TM XNK NÔNG SẢN VIỆT,898507566,0898507566,0898507566
CÔNG TY TNHH SX TM ĐẦU TƯ KIẾN TRƯƠNG,368978988,0368978988,0368978988
CÔNG TY TNHH DƯỢC VÀ DINH DƯỠNG BIZMIL,373682668,0373682668,0373682668
CÔNG TY TNHH XUẤT NHẬP KHẨU BAO BÌ VŨ NGUYỄN,908367420,0908367420,0908367420
CÔNG TY TNHH SẢN XUẤT THƯƠNG MẠI GOODCOM,829830750,0829830750,0829830750
CÔNG TY TNHH THƯƠNG MẠI DỊCH VỤ VÀ PHÂN PHỐI MINH KHÔI,971923089,0971923089,0971923089
CÔNG TY TNHH THƯƠNG MẠI THIẾT BỊ PHỤ TÙNG Ô TÔ TÍN PHÁT,528062400,0528062400,0528062400
CÔNG TY TNHH NGỌC CƯỜNG MEDIA,338675257,0338675257,0338675257
CÔNG TY TNHH THƯƠNG MẠI XÂY DỰNG VÀ VẬN TẢI THANH NHÃ,528062925,0528062925,0528062925
DOANH NGHIỆP TƯ NHÂN THƯƠNG MẠI VÀNG BẠC ĐÁ QUÝ NGỌC LINH 2,961768778,0961768778,0961768778
CÔNG TY TNHH HOA TƯƠI KIM LỢI,982456527,0982456527,0982456527
CÔNG TY TNHH TRƯỜNG TRÂM LỘC NINH,976999800,0976999800,0976999800
CÔNG TY TNHH DỊCH VỤ THƯƠNG MẠI NHƯ Ý,979094794,0979094794,0979094794
CÔNG TY TNHH VIỆT HUY KHANG,896978438,0896978438,0896978438
CÔNG TY TNHH THƯƠNG MẠI TỔNG HỢP MANG HẰNG,397698987,0397698987,0397698987
CÔNG TY TNHH THIẾT KẾ CẢI TẠO Ô TÔ BÌNH PHƯỚC,933333486,0933333486,0933333486
CÔNG TY TNHH MỘT THÀNH VIÊN SẢN XUẤT THƯƠNG MẠI THANH BÌNH M O,972000105,0972000105,0972000105
CÔNG TY TRÁCH NHIỆM HỮU HẠN ĐẦU TƯ XUẤT NHẬP KHẨU LƯƠNG KHANH BÌNH PHƯỚC,397239593,0397239593,0397239593
CÔNG TY TNHH VÀNG BẠC ĐÁ QUÝ NGỌC BÍCH LOAN V,974425252,0974425252,0974425252
CÔNG TY TNHH DỊCH VỤ THƯƠNG MẠI TRÚC QUYÊN,983399425,0983399425,0983399425
CÔNG TY CỔ PHẦN QUỐC TẾ NHÃ KỲ BP,919193293,0919193293,0919193293
CÔNG TY TNHH ĐIỆN LỰC TÂN PHÁT,362796606,0362796606,0362796606
CÔNG TY TNHH TUẤN PHÁT CERAMIC,904345134,0904345134,0904345134
CÔNG TY TNHH DỊCH VỤ TƯ VẤN CÔNG NGHỆ SỐ,825334079,0825334079,0825334079
CÔNG TY TNHH MỘT THÀNH VIÊN THƯƠNG MẠI DỊCH VỤ THANH TRÀ BP,373755705,0373755705,0373755705
CÔNG TY TNHH THƯƠNG MẠI DỊCH VỤ XUẤT NHẬP KHẨU TỔNG HỢP TRƯỜNG KHÁNH,931295525,0931295525,0931295525
CÔNG TY TNHH PHÁT TRIỂN XÂY DỰNG ÁNH QUANG,8.45379E+17,0845379338098508000,0845379338098508000
CÔNG TY TNHH XUẤT NHẬP KHẨU THƯƠNG MẠI DỊCH VỤ MINH PHÁT,347177886,0347177886,0347177886
CÔNG TY TNHH BẢO ANH FARM,355457937,0355457937,0355457937
CÔNG TY TNHH SẢN XUẤT THƯƠNG MẠI NGỌC LĨNH,979364546,0979364546,0979364546
CÔNG TY TNHH MỘT THÀNH VIÊN SẢN XUẤT TRANG TRÍ NỘI THẤT TRẦN GIA HƯNG,988858030,0988858030,0988858030
CÔNG TY TNHH NHỰA MÔI TRƯỜNG XANH,989268658,0989268658,0989268658
CÔNG TY TNHH THƯƠNG MẠI ĐẦU TƯ TỔNG HỢP THANH THÚY,528065510,0528065510,0528065510
CÔNG TY TNHH ĐẦU TƯ THƯƠNG MẠI TỔNG HỢP ĐẠT TIẾN,529781988,0529781988,0529781988
CÔNG TY TNHH THƯƠNG MẠI MAY MẶC VÀ PHỤ KIỆN TÚ TRINH,528063971,0528063971,0528063971
CÔNG TY TNHH LỐP Ô TÔ HUY SƠN,886884994,0886884994,0886884994
TRẠI GIAM TỐNG LÊ CHÂN,357366179,0357366179,0357366179
CÔNG TY TNHH ĐỨC HƯNG THỊNH PHÁT,984200690,0984200690,0984200690
CÔNG TY TNHH HIỆP NANO,911046879,0911046879,0911046879
CÔNG TY TNHH VẬT LIỆU XÂY DỰNG THẮNG THU,918268534,0918268534,0918268534
CÔNG TY TNHH TM TỔNG HỢP NGỌC HẠNH HP,397857697,0397857697,0397857697
CÔNG TY TNHH TM DV NGUYỄN PHƯỚC,896978438,0896978438,0896978438
CÔNG TY TNHH THƯƠNG MẠI DỊCH VỤ XÂY DỰNG TRANG TRÍ NỘI THẤT TỔNG HỢP THANH VŨ BH,931295525,0931295525,0931295525
CÔNG TY TNHH THƯƠNG MẠI DỊCH VỤ XÂY DỰNG ĐẦU TƯ PHÁT TRIỂN TỔNG HỢP MINH CHÂU,777061239,0777061239,0777061239
CÔNG TY TNHH THƯƠNG MẠI DỊCH VỤ XÂY DỰNG ĐẦU TƯ PHÁT TRIỂN NGUYỄN HIỀN,933339873,0933339873,0933339873
CÔNG TY TNHH MỘT THÀNH VIÊN CAO SU TIẾN LỘC PHÁT,845221989,0845221989,0845221989
CÔNG TY TNHH SẢN XUẤT VÁN LẠNG THÀNH ĐÔ,911224663,0911224663,0911224663
HỢP TÁC XÃ DƯA LƯỚI TÂN NÔNG,981834539,0981834539,0981834539
CÔNG TY TNHH SỬA CHỮA - THI CÔNG 24/7 BÌNH PHƯỚC,985333334,0985333334,0985333334
CÔNG TY TNHH CÔNG NGHIỆP AUREA,979147822,0979147822,0979147822
CÔNG TY TNHH TM ĐẦU TƯ PHƯƠNG NHƯ,397697877,0397697877,0397697877
CÔNG TY TNHH TỔNG HỢP THƯƠNG MẠI PHẠM GIA,917837279,0917837279,0917837279
CÔNG TY CỔ PHẦN PHÚ LONG BP,918006879,0918006879,0918006879
CÔNG TY TNHH ĐẦU TƯ THƯƠNG MẠI KHÁNH DƯ,904995392,0904995392,0904995392
CÔNG TY TNHH MỘT THÀNH VIÊN XÂY DỰNG HÙNG DŨNG MẠNH,985556305,0985556305,0985556305
CÔNG TY TNHH THƯƠNG MẠI GIA NGỌC BP,896339478,0896339478,0896339478
CÔNG TY TNHH THƯƠNG MẠI GIA CÔNG CƠ KHÍ VLXD ANH NGUYỄN,528060153,0528060153,0528060153
CÔNG TY TNHH MỸ NGHỆ TRE HÙNG VƯƠNG,928516171,0928516171,0928516171
CÔNG TY TNHH PHÁT TRIỂN THƯƠNG MẠI ĐẠI PHƯỚC,931399452,0931399452,0931399452
CÔNG TY TNHH TRỒNG RỪNG ĐẠI PHÁT,948749855,0948749855,0948749855
CÔNG TY TNHH TM DV TỔNG HỢP ĐẶNG THÀNH,379687668,0379687668,0379687668
CÔNG TY TNHH PHÁT TRIỂN ĐẦU TƯ NĂNG LƯỢNG SẠCH VIỆT NAM,963200678,0963200678,0963200678
CÔNG TY TNHH CÔNG NGHIỆP AUREA,979147822,0979147822,0979147822
CÔNG TY TNHH THƯƠNG MẠI DỊCH VỤ XUẤT NHẬP KHẨU PHƯƠNG QUYÊN,931295525,0931295525,0931295525
CÔNG TY TNHH XÂY DỰNG THƯƠNG MẠI DỊCH VỤ ĐẦU TƯ PHÁT TRIỂN NGỌC TUYỀN HQ,933339873,0933339873,0933339873
CÔNG TY TNHH TM DV XD PHƯƠNG TRÂM,567746582,0567746582,0567746582
CÔNG TY TNHH TM DV XÂY DỰNG ĐẦU TƯ PHÁT TRIỂN QUỐC THẮNG,587508164,0587508164,0587508164
CÔNG TY TNHH THƯƠNG MẠI DỊCH VỤ XÂY DỰNG XUẤT NHẬP KHẨU HOA PHÁT,931295525,0931295525,0931295525
CÔNG TY TNHH ĐẦU TƯ PHÁT TRIỂN TỔNG HỢP HẢI YẾN,933339873,0933339873,0933339873
CÔNG TY TNHH DỊCH VỤ THƯƠNG MẠI XÂY DỰNG TRANG TRÍ NỘI THẤT TUẤN TÚ,777061239,0777061239,0777061239
CÔNG TY TNHH ĐẦU TƯ TỔNG HỢP VIỆT ĐÔ,396654667,0396654667,0396654667
CÔNG TY TNHH AEGONA BP,982845601,0982845601,0982845601
CÔNG TY TNHH SẢN XUẤT TM DV XNK TN GROUP,969987671,0969987671,0969987671
CÔNG TY TNHH XNK NÔNG SẢN TRUNG NAM PHÁT,975921921,0975921921,0975921921
CÔNG TY CỔ PHẦN NHIÊN LIỆU PETROLEMET,819153979,0819153979,0819153979
CÔNG TY TNHH MỘT THÀNH VIÊN THƯƠNG MẠI DỊCH VỤ VÀNG BẠC KIM HOÀNG ANH,987540734,0987540734,0987540734
CÔNG TY TNHH ĐẦU TƯ TỔNG HỢP HỮU TÂM,396487336,0396487336,0396487336
CÔNG TY TNHH MỘT THÀNH VIÊN ANH KHOA BP,915439952,0915439952,0915439952
CÔNG TY TNHH THƯƠNG MẠI DỊCH VỤ KARAOKE LUXURY,912708534,0912708534,0912708534
CÔNG TY TNHH TM DV TRÍ AN VIÊN,587820395,0587820395,0587820395
CÔNG TY TNHH MỘT THÀNH VIÊN HOÀNG VIỆT BP,987033377,0987033377,0987033377
HỢP TÁC XÃ NÔNG NGHIỆP CÔNG NGHỆ CAO BÌNH PHƯỚC,987071818,0987071818,0987071818
CÔNG TY TRÁCH NHIỆM HỮU HẠN THƯƠNG MẠI DỊCH VỤ VĨNH PHAN,762150882,0762150882,0762150882
CÔNG TY CỔ PHẦN KIẾN TRÚC BẦU TRỜI XANH,988800926,0988800926,0988800926
CÔNG TY TNHH MỘT THÀNH VIÊN BĂNG NGHI,967897978,0967897978,0967897978
CÔNG TY TRÁCH NHIỆM HỮU HẠN XUẤT NHẬP KHẨU TRẦN ANH TN,971646568,0971646568,0971646568
HỢP TÁC XÃ DƯỢC LIỆU TÂN TIẾN,373030939,0373030939,0373030939
CÔNG TY TNHH QUẢN LÝ BÌNH MINH,329006861,0329006861,0329006861
CÔNG TY TNHH TM DV XNK THIÊN TÂN,963169857,0963169857,0963169857
CÔNG TY TNHH ĐẦU TƯ GIÁO DỤC VÀ ĐÀO TẠO TALKTIDE,326363403,0326363403,0326363403
CÔNG TY TNHH MỘT THÀNH VIÊN NHÀ NGHỈ BA KHIÊM,913677562,0913677562,0913677562
CÔNG TY TNHH THƯƠNG MẠI DỊCH VỤ VẬN TẢI TRUNG NAM HẢI,936404340,0936404340,0936404340
CÔNG TY TNHH VÀNG BẠC KIM ĐẠI PHÁT,987948958,0987948958,0987948958
CÔNG TY TNHH TM DV XÂY DỰNG ĐẦU TƯ PHÁT TRIỂN TRƯỜNG DŨNG,568040397,0568040397,0568040397
CÔNG TY TNHH TM DV XÂY DỰNG ĐẦU TƯ PHÁT TRIỂN HẢI SƠN,587820395,0587820395,0587820395
CÔNG TY TNHH TM DV XÂY DỰNG ĐẦU TƯ PHÁT TRIỂN NGỌC PHẠM,568040397,0568040397,0568040397
CÔNG TY CỔ PHẦN S.H.V BÌNH PHƯỚC,986987878,0986987878,0986987878
CÔNG TY TNHH MỘT THÀNH VIÊN SẢN XUẤT THƯƠNG MẠI XUẤT NHẬP KHẨU PHONG XUÂN THỊNH,963511236,0963511236,0963511236
CÔNG TY TNHH MỘT THÀNH VIÊN NÔNG NGHIỆP SẠCH VẠN PHÚC,889852222,0889852222,0889852222
CÔNG TY TNHH KỸ THUẬT ĐIỆN PHƯỚC LONG BP,972729910,0972729910,0972729910
CÔNG TY TNHH SẢN XUẤT TM DV THANH THIÊN MINH,384088039,0384088039,0384088039
CÔNG TY TNHH ĐẦU TƯ PHÁT TRIỂN GIÁO DỤC ĐẤT VIỆT,909986699,0909986699,0909986699
HỘI LIÊN HIỆP PHỤ NỮ TỈNH BÌNH PHƯỚC,975484585,0975484585,0975484585
CÔNG TY TNHH ĐẦU TƯ TỔNG HỢP TUYẾT VÂN,969987693,0969987693,0969987693
CÔNG TY TNHH THƯƠNG MẠI TỔNG HỢP HIẾU VÕ,394569759,0394569759,0394569759
CÔNG TY TNHH TÂN LIÊN VIỆT NAM,975943896,0975943896,0975943896
CÔNG TY TNHH DỊCH VỤ - THƯƠNG MẠI TỔNG HỢP BẢO ANH 68,346804955,0346804955,0346804955
CÔNG TY TNHH SẢN XUẤT THƯƠNG MẠI XUẤT NHẬP KHẨU PHƯƠNG MINH,987437837,0987437837,0987437837
CÔNG TY TNHH THƯƠNG MẠI CAO SU ĐẠI THẮNG,337608672,0337608672,0337608672
CÔNG TY TNHH TM DV XÂY DỰNG KHANG ĐIỀN,567746582,0567746582,0567746582
CÔNG TY TNHH TM DV LÊ THANH TÙNG,587508164,0587508164,0587508164
CÔNG TY TNHH KỸ THUẬT SEEMOON VIỆT NAM,8.61851E+12,08618506734278,08618506734278
CÔNG TY TNHH XÂY DỰNG VÀ THIẾT KẾ THI CÔNG NỘI THẤT PROS DECOR,9710618932,09710618932,09710618932
CÔNG TY TNHH TẬP ĐOÀN KIẾN XANH,817339237,0817339237,0817339237
CÔNG TY TNHH KHU PHÚC HỢP THỂ THAO HƯNG THỊNH,869678993,0869678993,0869678993
CÔNG TY TNHH TITAN STAR,979000356,0979000356,0979000356
CÔNG TY TNHH TM DV THÀNH TÂM VN,796794424,0796794424,0796794424
CÔNG TY TNHH SẢN XUẤT QUẢNG NGUYÊN,838438365,0838438365,0838438365
CÔNG TY TNHH CÔNG NGHIỆP GỖ CẢNH LÂM VIỆT NAM,336418111,0336418111,0336418111
CÔNG TY TNHH XÂY DỰNG VẬN TẢI VÀ DU LỊCH NGUYỆT PHÁT,912992100,0912992100,0912992100
CÔNG TY TNHH PHÂN BÓN MINH PHÁT,393329302,0393329302,0393329302
CÔNG TY TNHH DỊCH VỤ BẢO VỆ VỆ SĨ CUNG ỨNG NHÂN SỰ KIÊN CƯỜNG,927186789,0927186789,0927186789
CÔNG TY TNHH MỘT THÀNH VIÊN ĐÌNH LỢI BÌNH PHƯỚC,975002593,0975002593,0975002593
CÔNG TY TNHH MỘT THÀNH VIÊN PHẠM GIA ĐỒNG PHÚ,354228485,0354228485,0354228485
CÔNG TY TNHH THƯƠNG MẠI HOÀNG CƯỜNG BP,977676699,0977676699,0977676699
CÔNG TY TNHH XÂY DỰNG ĐẦU TƯ PHÁT TRIỂN PHÚC NGUYÊN,973199203,0973199203,0973199203
CÔNG TY TNHH MỘT THÀNH VIÊN ĐẦU TƯ THƯƠNG MẠI DỊCH VỤ VY ANH,947263314,0947263314,0947263314
CÔNG TY TNHH MỘT THÀNH VIÊN CAO SU CHÍ TRUNG,943910101,0943910101,0943910101
CÔNG TY TNHH MTV HỒ THÁI PHÁT,979123111,0979123111,0979123111
CÔNG TY TNHH XUẤT NHẬP KHẨU TÂN HOÀNG PHƯỚC,918227686,0918227686,0918227686
CÔNG TY TNHH TỔ CHỨC SỰ KIỆN TRUYỀN THÔNG QUANG MINH,915815247,0915815247,0915815247
CÔNG TY TNHH NỘI THẤT LONG ZHI SHENG (VIỆT NAM),949915879,0949915879,0949915879
CÔNG TY TNHH THƯƠNG MẠI XNK AN BÌNH BP,969987689,0969987689,0969987689
CÔNG TY TRÁCH NHIỆM HỮU HẠN PHÚC LINH BP,913320092,0913320092,0913320092
CÔNG TY CỔ PHẦN CƠ ĐIỆN BÌNH PHƯỚC,916949379,0916949379,0916949379
CÔNG TY TNHH MỘT THÀNH VIÊN NGUYỄN MẠNH SƠN,967833665,0967833665,0967833665
CÔNG TY TNHH TM DV SẢN XUẤT THANH HƯƠNG,969897658,0969897658,0969897658
CÔNG TY TNHH VẬN TẢI HÙNG NHỊ BP,787281155,0787281155,0787281155
CÔNG TY TNHH THƯƠNG MẠI DỊCH VỤ SẢN XUẤT THÁI BÌNH,901425565,0901425565,0901425565
CÔNG TY TNHH GIAO NHẬN VẬN TẢI TAD,833221649,0833221649,0833221649
CÔNG TY TNHH TM DỊCH VỤ XÂY DỰNG ĐẦU TƯ PHÁT TRIỂN QUỐC VĨ BP,777061239,0777061239,0777061239
CÔNG TY TNHH THƯƠNG MẠI XUẤT NHẬP KHẨU CHẾ BIẾN NÔNG SẢN ĐÌNH VĂN,866074301,0866074301,0866074301
CÔNG TY TNHH TM DỊCH VỤ XUẤT NHẬP KHẨU NGỌC ÁNH BP,3711277117,03711277117,03711277117
CÔNG TY TNHH XÂY DỰNG THƯƠNG MẠI DỊCH VỤ XUẤT NHẬP KHẨU PHÚC THỊNH,931295525,0931295525,0931295525
CÔNG TY CỔ PHẦN XUẤT NHẬP KHẨU QTM,934369999,0934369999,0934369999
CÔNG TY TNHH TƯ VẤN XÂY DỰNG NGUYÊN KHÔI,945599539,0945599539,0945599539
CÔNG TY TNHH THƯƠNG MẠI DỊCH VỤ HỒNG HẬU,923676898,0923676898,0923676898
CÔNG TY TNHH TM DỊCH VỤ TƯ VẤN THIẾT KẾ XÂY DỰNG MINH TRÍ,933339873,0933339873,0933339873
CÔNG TY TNHH MỘT THÀNH VIÊN HOÀN BẢO SƠN,8.6231E+13,086230987903724,086230987903724
CÔNG TY TNHH TƯ VẤN THIẾT KẾ XÂY DỰNG KHÔNG GIAN VIỆT,918268248,0918268248,0918268248
CÔNG TY TRÁCH NHIỆM HỮU HẠN DỊCH VỤ THƯƠNG MẠI THIỆN HƯNG,898935568,0898935568,0898935568
CÔNG TY TNHH KINBEST LIFE TECH,898522227,0898522227,0898522227
CÔNG TY TNHH ZHIWEI FURNITURE VIỆT NAM,974932080,0974932080,0974932080
CÔNG TY TNHH MỘT THÀNH VIÊN THƯƠNG MẠI DỊCH VỤ NGUYỄN HƯNG LỘC NINH,987569638,0987569638,0987569638
HỢP TÁC XÃ NÔNG NGHIỆP HỮU CƠ LỘC PHÁT,334306981,0334306981,0334306981
CÔNG TY TNHH THƯƠNG MẠI DỊCH VỤ SẢN XUẤT LONG GIANG,797879288,0797879288,0797879288
CÔNG TY TNHH MTV TƯ VẤN ĐẦU TƯ XÂY DỰNG OÁT HIỀN,978228118,0978228118,0978228118
CÔNG TY TNHH KOOL - KOOL,989165577,0989165577,0989165577
CÔNG TY TNHH MỘT THÀNH VIÊN NHIỆT XANH AN BÌNH PHÁT,924784785,0924784785,0924784785
CÔNG TY TNHH PHƯỚC ĐẠT THÀNH BP,906335636,0906335636,0906335636
CÔNG TY TNHH XNK HOÀNG TÂM AGRI,988775208,0988775208,0988775208
CÔNG TY TNHH MTV MÔI TRƯỜNG ĐÔ THỊ KHOA KHÔI,965246288,0965246288,0965246288
CÔNG TY TNHH KIM NGHĨA PHÁT,935739579,0935739579,0935739579
CÔNG TY CỔ PHẦN DỊCH VỤ Y TẾ NAM PHƯƠNG,345634468,0345634468,0345634468
CÔNG TY TNHH THƯƠNG MẠI DỊCH VỤ BẢO HÂN BP,969026615,0969026615,0969026615
CÔNG TY TNHH XÂY DỰNG THƯƠNG MẠI HPC HOME,839643456,0839643456,0839643456
CÔNG TY TNHH PHÁT TRIỂN THƯƠNG MẠI SƠN PHÚC,969189197,0969189197,0969189197
CÔNG TY TNHH GỖ CÔNG NGHIỆP KIM ANH,587562798,0587562798,0587562798
CÔNG TY TNHH GIA CÔNG - TM DV HOÀNG PHONG,927532666,0927532666,0927532666
CÔNG TY TNHH MỘT THÀNH VIÊN GỖ S LÊ,937167789,0937167789,0937167789
CÔNG TY TNHH MỘT THÀNH VIÊN PHAN LONG PHÁT,877111444,0877111444,0877111444
CÔNG TY TNHH GỖ MINH ANH TÚ,588130528,0588130528,0588130528
CÔNG TY TNHH MỘT THÀNH VIÊN THƯƠNG MẠI DỊCH VỤ XÂY DỰNG GIA PHÚ,967192331,0967192331,0967192331
CÔNG TY TNHH ĐỨC HÀ STEEL,985380290,0985380290,0985380290
CÔNG TY TNHH WINSHIP,915436567,0915436567,0915436567
CÔNG TY TNHH PHÚC SƠN AGITECH,866966166,0866966166,0866966166
CÔNG TY TNHH GỖ HOÀNG NAM SƠN,562785364,0562785364,0562785364
CÔNG TY TNHH MỘT THÀNH VIÊN THƯƠNG MẠI DỊCH VỤ TƯ VẤN LUẬT ĐỨC ANH,937629456,0937629456,0937629456
CÔNG TY TNHH MỘT THÀNH VIÊN NƯỚC UỐNG ĐỒNG PHÚ,398304345,0398304345,0398304345
CÔNG TY TNHH TM DỊCH VỤ XÂY DỰNG THÀNH ĐẠT,931295525,0931295525,0931295525
CÔNG TY TNHH CUNG ỨNG NHÂN LỰC TRÍ VIỆT,378362568,0378362568,0378362568
CÔNG TY TNHH MỘT THÀNH VIÊN XÂY DỰNG THƯƠNG MẠI LONG THỊNH,904585092,0904585092,0904585092
CÔNG TY TNHH TƯ VẤN XÂY DỰNG ĐĂNG DƯƠNG,973348508,0973348508,0973348508
CÔNG TY TNHH TỔ CHỨC SỰ KIỆN ĐĂNG TRÌNH,913937942,0913937942,0913937942
CÔNG TY TNHH XUẤT NHẬP KHẨU THƯƠNG MẠI DỊCH VỤ HƯNG THỊNH PHÁT,813880668,0813880668,0813880668
CÔNG TY TNHH RTQ INTELLIGENT TECHNOLOGY,975851927,0975851927,0975851927
CÔNG TY TNHH SẢN XUẤT THƯƠNG MẠI DỊCH VỤ TL MỸ KIM,964655138,0964655138,0964655138
CÔNG TY TNHH MTV HÀ GIANG BP,838121398,0838121398,0838121398
CÔNG TY TNHH THƯƠNG MẠI GIANG NGUYÊN,911496699,0911496699,0911496699
CÔNG TY TNHH MỘT THÀNH VIÊN TM DV KHO BÌNH PHƯỚC,914118003,0914118003,0914118003
CÔNG TY TNHH NĂNG LƯỢNG GRESOLAR,939410721,0939410721,0939410721
CÔNG TY TNHH TRUYỀN THÔNG X.COW ENTERTAIMENT,365764979,0365764979,0365764979
CÔNG TY CỔ PHẦN CHUYỂN ĐỔI SỐ VÀ SỞ HỮU TRÍ TUỆ DITIP,988111001,0988111001,0988111001
CÔNG TY TNHH SẢN XUẤT THƯƠNG MẠI VÀ CHẾ BIẾN GỖ HỒNG SÂM,813272776,0813272776,0813272776
CÔNG TY TNHH SẢN XUẤT NHÔM KÍNH TÂN THIỆN PHÁT,848739393,0848739393,0848739393
CÔNG TY TNHH MTV NỘI THẤT BÌNH PHƯỚC,971185445,0971185445,0971185445
CÔNG TY TNHH MỘT THÀNH VIÊN VĂN HỒNG BẢO NGỌC,917446697,0917446697,0917446697
CÔNG TY TNHH BAO BÌ HÀNG HẢI,379327838,0379327838,0379327838
DNTN TỔNG HỢP THỰC PHẨM AN KHANG,942727372,0942727372,0942727372
CÔNG TY TNHH THƯƠNG MẠI DỊCH VỤ LUNAR & CO VIỆT NAM,335463058,0335463058,0335463058
CÔNG TY TNHH KD TM DV XD THUẬN AN PHÁT,365578462,0365578462,0365578462
CÔNG TY TNHH MỘT THÀNH VIÊN DỊCH VỤ THƯƠNG MẠI HOÀNG NGỌC,915027619,0915027619,0915027619
CÔNG TY TNHH KD TM DV XD NGỌC QUỲNH,365578462,0365578462,0365578462
CÔNG TY TNHH NĂNG LƯỢNG MAISON,939410721,0939410721,0939410721
HỢP TÁC XÃ NÔNG NGHIỆP HỮU CƠ ĐỨC BÌNH,986137907,0986137907,0986137907
CÔNG TY CỔ PHẦN ĐẦU TƯ XÂY DỰNG ĐẠI HOÀNG KIM,971732088,0971732088,0971732088
THANH TRA TỈNH,918290027,0918290027,0918290027
CÔNG TY TNHH MTV SẢN XUẤT THƯƠNG MẠI XUẤT NHẬP KHẨU YẾN VY,983440040,0983440040,0983440040
CÔNG TY TNHH THƯƠNG MẠI DỊCH VỤ RET,939410721,0939410721,0939410721
"CÔNG TY TNHH THƯƠNG MẠI, DỊCH VỤ VÀ NĂNG LƯỢNG MỚI A&T",939410721,0939410721,0939410721
HỢP TÁC XÃ THANH NIÊN LỘC AN,382717426,0382717426,0382717426
CÔNG TY TNHH MỘT THÀNH VIÊN LYN STORE,865883514,0865883514,0865883514
CÔNG TY TNHH THƯƠNG MẠI DỊCH VỤ TỔNG HỢP ĐẠI PHÁT BP,936221663,0936221663,0936221663
CÔNG TY TNHH SẢN XUẤT THƯƠNG MẠI XUẤT NHẬP KHẨU HH&M,989559556,0989559556,0989559556
CÔNG TY TNHH THIẾT KẾ XÂY DỰNG KHÁNH NGỌC,915018131,0915018131,0915018131
HỢP TÁC XÃ VẬN TẢI SƠN GIANG,977079055,0977079055,0977079055
CÔNG TY TNHH MỘT THÀNH VIÊN SẢN XUẤT THƯƠNG MẠI DỊCH VỤ XUẤT NHẬP KHẨU HẢI ĐĂNG PHÁT BP,778906030,0778906030,0778906030
CÔNG TY TNHH MỘT THÀNH VIÊN NHÔM THÀNH ĐẠT,984251601,0984251601,0984251601
CÔNG TY TNHH MTV SẢN XUẤT XUẤT NHẬP KHẨU ĐIỀU VIỆT NAM,918215159,0918215159,0918215159
CÔNG TY TNHH THẮNG LỢI BÌNH PHƯỚC 93,972141161,0972141161,0972141161
CÔNG TY TNHH JSS INVESTMENT VIỆT NAM,876512294,0876512294,0876512294
CÔNG TY TNHH CÔNG TY TNHH DỊCH VỤ BẢO VỆ VỆ SĨ UY DŨNG,828937777,0828937777,0828937777
CÔNG TY TRÁCH NHIỆM HỮU HẠN MỘT THÀNH VIÊN HOÀNG NAM THÁI BÌNH,911339479,0911339479,0911339479
CÔNG TY CỔ PHẦN CHẾ BIẾN HẠT ĐIỀU BÌNH PHƯỚC,849979078,0849979078,0849979078
CÔNG TY TNHH ĐẦU TƯ XÂY DỰNG KHAI THÁC KHOÁNG SẢN PHƯỚC THÀNH BP,983992457,0983992457,0983992457
CÔNG TY TNHH SẢN XUẤT XUẤT NHẬP KHẨU TRÂM ANH,98615469,098615469,098615469
CÔNG TY TNHH MẬU DỊCH ỨC HÀNG,905194937,0905194937,0905194937
CÔNG TY TNHH TRỜI MÂY,918675737,0918675737,0918675737
CÔNG TY TNHH IVY DUBAI,943503449,0943503449,0943503449
CÔNG TY TNHH TMDV PCCC ANH KHÔI,353840999,0353840999,0353840999
