name,phone,Số điện thoại
CÔNG TY TNHH GARAGE VẬN TẢI ĐẠI THÀNH CÔNG,913795978,0913795978
CÔNG TY TNHH THƯƠNG MẠI GỖ HOÀNG NAM PHÁT,983590921,0983590921
CÔNG TY TNHH GẠCH MEN TRUNG VŨ,9879321805,09879321805
CÔNG TY TNHH THƯƠNG MẠI DỊCH VỤ CORES,775124526,0775124526
CÔNG TY TNHH KỸ THUẬT XÂY DỰNG & CƠ ĐIỆN LẠNH LONG GIANG,902414170,0902414170
CÔNG TY TNHH ĐẠI LÝ NHẬT KHOA,932222440,0932222440
CÔNG TY TNHH THƯƠNG MẠI ĐẮC VINH,386244261,0386244261
CÔNG TY TNHH KIỆT PHONG BÙI,977086963,0977086963
CÔNG TY TNHH XÂY DỰNG VÀ TM THIÊN LAM,349195113,0349195113
CÔNG TY CỔ PHẦN LIÊN KẾT QUỐC TẾ,2.51365E+20,02.51364769670613E+20
CÔNG TY TNHH THANH VIÊN PHÁT,847532085,0847532085
CÔNG TY TNHH TM DV NHẬT LAN,982980733,0982980733
CÔNG TY TNHH VIETNAM ELITE MACHINERY,357574055,0357574055
CÔNG TY TNHH THƯƠNG MẠI - DỊCH VỤ - SẢN XUẤT VÀ CUNG ỨNG VẬT TƯ ĐIỆN LẠNH BẢO NGỌC,986219148,0986219148
CÔNG TY TNHH THƯƠNG MẠI DỊCH VỤ THÉP HÙNG ANH PHÁT,356216703,0356216703
CÔNG TY TNHH BÁCH HOÁ KIM CHÂU,777660887,0777660887
CÔNG TY TNHH LƯU THÀNH PHÁT RICE,349682180,0349682180
CÔNG TY TNHH FRESH EGGS,911455288,0911455288
CÔNG TY TNHH THƯƠNG MẠI DỊCH VỤ NAM LONG VIỆT,918834342,0918834342
CÔNG TY TNHH TM TÂM NGỌC NHI,968214179,0968214179
CÔNG TY TNHH MTV THƯƠNG MẠI DỊCH VỤ QUỲNH NHƯ,986572393,0986572393
CÔNG TY TNHH SẢN XUẤT MAI HƯƠNG PHÁT,962300113,0962300113
CÔNG TY TNHH SẢN XUẤT THƯƠNG MẠI XUẤT NHẬP KHẨU AN THÁI,981877851,0981877851
CÔNG TY TNHH THƯƠNG MẠI VÀ DỊCH VỤ LAN ANH HẢI PHÁT,904591852,0904591852
CÔNG TY TNHH ZHI ZHU,836150999,0836150999
CÔNG TY TNHH THƯƠNG MẠI DỊCH VỤ T.M.T COSMETICA,582273381,0582273381
CÔNG TY TNHH SÀI GÒN LÂM YẾN,943548345,0943548345
TRƯỜNG MẦM NON THẾ GIỚI ÁNH DƯƠNG,,0
HỘI CỰU THANH NIÊN XUNG PHONG TỈNH ĐỒNG NAI,2513943512,02513943512
CÔNG TY CỔ PHẦN ĐẦU TƯ DOVINA ĐỒNG NAI,919933358,0919933358
CÔNG TY TNHH PHAN TUYỀN PHONG,936400455,0936400455
CÔNG TY TNHH HÀ HON,985412881,0985412881
CÔNG TY TNHH THƯƠNG MẠI THIẾT BỊ TỔNG HỢP HƯNG THỊNH,906783325,0906783325
CÔNG TY TNHH ĐẦU TƯ VÀ PHÁT TRIỂN CHĂN NUÔI V.P VIỆT NAM,779822855,0779822855
CÔNG TY TNHH THƯƠNG MẠI TRƯƠNG KIM TRƯƠNG,907824189,0907824189
CÔNG TY TNHH SCM LK,909577187,0909577187
CÔNG TY TNHH SẢN XUẤT THƯƠNG MẠI GẠCH THIÊN THÀNH,981298899,0981298899
CÔNG TY TNHH PT TM DV ANH PHÁT,964556669,0964556669
CÔNG TY TNHH DỊCH VỤ VẬN TẢI GIANG PHƯƠNG VỸ,933743387,0933743387
CÔNG TY TNHH THƯƠNG MẠI DỊCH VỤ MINH ĐỒNG AN PHÁT,888156158,0888156158
CÔNG TY TNHH TRUNG TÂM KỸ NĂNG XOGO,946255339,0946255339
CÔNG TY TNHH AN NHẤT HY,916337122,0916337122
CÔNG TY TNHH TIẾT Ú BAKERY,912345025,0912345025
CÔNG TY TNHH MTV THƯƠNG MẠI DỊCH VỤ CHÂU KIM PHÁT,938834505,0938834505
CÔNG TY TNHH MỘT THÀNH VIÊN XUẤT NHẬP KHẨU A MY LỘC PHÁT,334286864,0334286864
CÔNG TY TNHH S-CONSUMER,969249345,0969249345
CÔNG TY TNHH BẢO NAM TÂN PHÚ,913834056,0913834056
CÔNG TY TNHH MIMALA,898879797,0898879797
CÔNG TY TNHH VĨNH HƯNG ĐỒNG NAI,914618840,0914618840
CÔNG TY TNHH GẠCH MEN TRUNG NGUYÊN,975506505,0975506505
CÔNG TY TNHH THƯƠNG MẠI DỊCH VỤ SẢN XUẤT HUY HOÀNG NAM,395368246,0395368246
CÔNG TY TNHH TMDV HOÀNG NAM DƯƠNG,382277044,0382277044
CÔNG TY TNHH ÂN TRUNG NHÂN,915225279,0915225279
CÔNG TY TNHH THƯƠNG MẠI SẢN XUẤT HOÀI PHÁT,948258608,0948258608
CÔNG TY TNHH LABO HƯNG PHÁT,352585254,0352585254
CÔNG TY TNHH THƯƠNG MẠI DỊCH VỤ XÂY DỰNG GIA ĐẠI PHÁT,938414034,0938414034
CÔNG TY TNHH KINH DOANH THƯƠNG MẠI VẬN TẢI VÀ VLXD THIÊN ĐẠI PHÁT,869977994,0869977994
CÔNG TY TNHH MTV TIẾN HÀ,383966245,0383966245
CÔNG TY TNHH SX TM DV ĐỨC THÀNH PHÁT,931737730,0931737730
CÔNG TY TNHH CƠ KHÍ LƯU GIA BẢO,398700987,0398700987
CÔNG TY TNHH PHÂN PHỐI THỰC PHẨM MINH VY,938869264,0938869264
CÔNG TY TNHH XÂY DỰNG VÀ CƠ GIỚI MIỀN ĐÔNG,973066750,0973066750
CÔNG TY TNHH DỊCH VỤ CHUYỂN PHÁT TAPAO,962353270,0962353270
CÔNG TY TNHH MOSAIC MEDIA,969427639,0969427639
CÔNG TY TNHH QUẢNG CÁO THIẾT KẾ ANH ĐOÀN,868942766,0868942766
CÔNG TY TNHH XÂY DỰNG CÔNG TRÌNH & SAN LẤP MĂT BẰNG HOÀNG YẾN NHƯ Ý,707993603,0707993603
CÔNG TY TNHH NHA KHOA MINH KHÔI,379511449,0379511449
CÔNG TY TNHH VLXD & TTNT TIẾN LÊN,972247926,0972247926
CÔNG TY TNHH HÀ THỊNH PHÁT PLASTIC,935248838,0935248838
CÔNG TY TNHH TM DV HIỆP VINH,908374708,0908374708
CÔNG TY TNHH THƯƠNG MẠI MAY MẶC THỦY TIÊN,965664039,0965664039
CÔNG TY TNHH BẤM ỐNG THỦY LỰC HOÀNG LINH ĐẠI PHÁT,938315682,0938315682
CÔNG TY TNHH DVTM THIẾT BỊ ĐIỆN HOÀNG QUÂN,907123790,0907123790
CÔNG TY TNHH THÀNH THẢO FARM,962005200,0962005200
CÔNG TY CP DỊCH VỤ THỂ THAO PICKLECHIP,842444888,0842444888
CÔNG TY TNHH THƯƠNG MẠI NGỌC ĐIỆP AGIA,926430430,0926430430
CÔNG TY TNHH MỘT THÀNH VIÊN LAN ĐƯỜNG,915751545,0915751545
CÔNG TY TNHH HÒA GIA HUY,909925360,0909925360
CÔNG TY TNHH NGỌC PHỤNG PHÁT,916338676,0916338676
CÔNG TY TNHH THƯƠNG MẠI MTV GIÁNG HƯƠNG,975400654,0975400654
CÔNG TY TNHH MTV NƯỚC GIẢI KHÁT VÀ TẠP HÓA HOÀNG ANH,963256428,0963256428
CÔNG TY TNHH GỖ THÀNH ĐẠI PHÁT,975206573,0975206573
CÔNG TY TNHH THƯƠNG MẠI BULLSEYE,967680162,0967680162
CÔNG TY TNHH NAM XANH VIỆT,968739439,0968739439
CÔNG TY TNHH THƯƠNG MẠI KỸ THUẬT STB,939770001,0939770001
CÔNG TY TNHH VIỄN THÔNG HOÀI THU,976719135,0976719135
CÔNG TY TNHH KỸ THUẬT MỎ MIỀN NAM,902799345,0902799345
CÔNG TY TNHH VIỆT NAM SHINKO,916998759,0916998759
CÔNG TY TNHH DỊCH VỤ VIỄN THÔNG THẢO NGỌC,977227752,0977227752
CÔNG TY TNHH HỨA HOÀNG PHÁT,902913848,0902913848
CÔNG TY TNHH NGHIỆM ƯU HÁN PHÁT,876072283,0876072283
CÔNG TY TNHH DỊCH VỤ XÂY DỰNG ANH DŨNG,943864353,0943864353
CÔNG TY TNHH TMDV THIẾT KẾ XÂY DỰNG PHÚC AN,859582234,0859582234
CÔNG TY TNHH SẢN XUẤT DVTM LAN THẢO,982716935,0982716935
CÔNG TY TNHH ĐẶNG VĂN PHÚC,826114115,0826114115
CÔNG TY TNHH TƯ VẤN VÀ THƯƠNG MẠI GIẢI PHÁP XÂY DỰNG ANH KHÔI,84922233868,084922233868
CÔNG TY TNHH CÁNH ĐỒNG XANH LOGISTICS,335155431,0335155431
CÔNG TY TNHH TẠP HÓA MAI LINH,976389197,0976389197
CÔNG TY TNHH TM DV XD AN THỊNH PHÁT,908848876,0908848876
CÔNG TY TNHH LAN NGHỀ,902109306,0902109306
CÔNG TY TNHH GATE FURNITURE,388641299,0388641299
CÔNG TY TNHH THANH PHƯƠNG SPA & NAIL,933446216,0933446216
CÔNG TY TNHH THƯƠNG MẠI DỊCH VỤ ĐỖ KHẮC NHÂN,933070089,0933070089
CÔNG TY TNHH SẢN XUẤT THƯƠNG MẠI KIM NHẬT PHƯỚC,931658839,0931658839
CÔNG TY TRÁCH NHIỆM HỮU HẠN MỘT THÀNH VIÊN THIẾT BỊ ĐIỆN LỰC PHÁT,964239969,0964239969
CÔNG TY TNHH MỘT THÀNH VIÊN THƯƠNG MẠI Ý AN KHANG,907666661,0907666661
CÔNG TY TNHH MỘT THÀNH VIÊN VẬT LIỆU XÂY DỰNG VÀ TRANG TRÍ NỘI THẤT ĐỨC MINH PHÁT,933504877,0933504877
CÔNG TY TNHH THƯƠNG MẠI DỊCH VỤ CƠ KHÍ XÂY DỰNG NHẬT DUY,943141728,0943141728
CÔNG TY TNHH THANH MINH HUYỀN,907926486,0907926486
CÔNG TY TNHH ĐIỆN TỬ RESUN,965132886,0965132886
CÔNG TY CỔ PHẦN KHANG VIỆT GROUP,931999594,0931999594
CÔNG TY TNHH NPP HẢI YẾN,389969120,0389969120
CÔNG TY TNHH MTV VẬN TẢI NAM MY,918620962,0918620962
CÔNG TY TNHH QUẢNG CÁO TƯ DUY,337777619,0337777619
CÔNG TY TNHH XÂY DỰNG NHÀ SÀI GÒN LONG THÀNH,905299077,0905299077
CÔNG TY TNHH LÝ KHIÊM PHÁT,779000755,0779000755
CÔNG TY TNHH THIÊN MỸ FOODS,984733789,0984733789
CÔNG TY TNHH NGỌC QUÂN FOOD & BEVERAGE,983942836,0983942836
CÔNG TY TNHH CAO PHẨM HÓA LỘC,876072284,0876072284
CÔNG TY TNHH TƯ VẤN KỸ THUẬT VÀ GIẢI PHÁP XÂY DỰNG PDN,2518601268,02518601268
CÔNG TY TNHH TRÀ CHANH CƠM CHÁY,817620999,0817620999
CÔNG TY TNHH MTV ĐỈNH PHONG,949103331,0949103331
CÔNG TY TNHH GIẢI PHÁP NHÔM KÍNH AUSTRALIA,988897794,0988897794
CÔNG TY TNHH MTV HỮU MỸ,963831060,0963831060
CÔNG TY TNHH THỤY ĐỨC PHONG,334640554,0334640554
CÔNG TY TNHH TM CƠ KHÍ XD ĐẠI THÀNH,914756568,0914756568
CÔNG TY TNHH THƯƠNG MẠI DỊCH VỤ SẢN XUẤT SỐNG XANH,937973792,0937973792
CÔNG TY TNHH MTV TM&DV SĂM LỐP BANKOS,946790079,0946790079
CÔNG TY TNHH XD-TM HÙNG NHÂN CONS,909776474,0909776474
HỢP TÁC XÃ LONG TIẾN PHÁT,798413036,0798413036
CÔNG TY TNHH PHÂN PHỐI TIÊU DÙNG VĨNH LỘC PHÁT,911495455,0911495455
CÔNG TY TNHH NGUYỄN LẬP T&L,933101440,0933101440
CÔNG TY TNHH THƯƠNG MẠI DỊCH VỤ SỬA CHỮA Ô TÔ BẢO ANH,908484057,0908484057
CÔNG TY LUẬT TNHH MTV HOÀNG DŨNG,943297282,0943297282
CÔNG TY TNHH MTV PHÂN PHỐI MINH ANH,932142580,0932142580
CÔNG TY TNHH IN NHANH KTS THANH HẢI,367916917,0367916917
DOANH NGHIỆP TƯ NHÂN DỊCH VỤ ĐÓNG GÓI HOÀNG HUY,794568947,0794568947
CÔNG TY TNHH CÔNG NGHỆ SỐ VIETLINK,363909999,0363909999
BAN QUẢN LÝ KHU KINH TẾ,,0
CÔNG TY TNHH KHANG MY ANH,946583227,0946583227
SỞ NGOẠI VỤ,,0
CÔNG TY TNHH THƯƠNG MẠI DỊCH VỤ HIẾU MINH PHÁT,907347678,0907347678
CÔNG TY TNHH VẬT LIỆU XÂY DỰNG VÀ TRANG TRÍ NỘI THẤT VẠN THÀNH PHÁT,862572192,0862572192
CÔNG TY TNHH HOA TƯƠI SỰ KIỆN TAD,795673303,0795673303
CÔNG TY TNHH OSKA TOÀN CẦU,964830247,0964830247
CÔNG TY TNHH THƯƠNG MẠI DỊCH VỤ KỸ THUẬT QUỲNH PHÁT,962637455,0962637455
CÔNG TY TNHH THƯƠNG MẠI DỊCH VỤ TÂN THÀNH AGRI,967277564,0967277564
CÔNG TY TNHH THẾ NỮ,989066600,0989066600
CÔNG TY TNHH MTV NGUYÊN MINH ANH,906392639,0906392639
CÔNG TY TNHH LAM ĐẠI ANH,915314139,0915314139
CÔNG TY TNHH CÔNG NGHIỆP ZET MEGA,13923724936,013923724936
CÔNG TY TNHH TMDV ĐIỆN MÁY HỒNG ĐỨC,944734880,0944734880
CÔNG TY TNHH NHƯ VUI GIA ÂN,348961903,0348961903
CÔNG TY TNHH TRUONG GIANG ENTERTAINIMENT,792778603,0792778603
CÔNG TY TNHH MTV CÁCH NHIỆT PHÁT ĐẠT,931549494,0931549494
CÔNG TY TNHH NHÀ HÀNG THIỆU PHÁT,918607858,0918607858
CÔNG TY TNHH TÂM PHÚ LAND,385679139,0385679139
CÔNG TY TNHH XUẤT NHẬP KHẨU VÀ THƯƠNG MẠI DỊCH VỤ NHƯ Ý,936416408,0936416408
CÔNG TY TNHH THIÊN PHƯƠNG PHÁT,937179158,0937179158
CÔNG TY TNHH MEXICO FASTFOOD,989679247,0989679247
CÔNG TY TNHH SKYWORTH INTELLIGENT PRECISION (VIỆT NAM),913656469,0913656469
CÔNG TY TNHH KPX CHEMICAL VINA,933737758,0933737758
CÔNG TY TNHH XẾP DỠ TIẾN DŨNG,987202884,0987202884
CÔNG TY TNHH CHUYỂN PHÁT TAPAO,962353270,0962353270
CÔNG TY LUẬT TNHH MTV AN NHIÊN,918620151,0918620151
CÔNG TY TNHH PHÚ QUÝ PURID,876011206,0876011206
CÔNG TY TNHH TIÊN THÀNH TÍN,933946220,0933946220
CÔNG TY TNHH DVTM SONG MINH,937793729,0937793729
CÔNG TY TNHH GIẢI PHÁP THƯƠNG MẠI ĐIỆN TỬ SUCCESSMART VIỆT NAM,708096666,0708096666
CÔNG TY TNHH TM DV MTV PHAN TIẾN PHÁT,985555476,0985555476
CÔNG TY TNHH HÓA NÔNG NAT AGRI,933956122,0933956122
CÔNG TY TNHH PHÂN PHỐI TIÊU DÙNG VĨNH LỘC PHÁT,911495455,0911495455
CÔNG TY TNHH THƯƠNG MẠI VÀ SẢN XUẤT VĂN THÀNH CÔNG,961279505,0961279505
CÔNG TY TNHH NỘI THẤT PHÚ QUÝ VINH,932247263,0932247263
CÔNG TY TNHH THƯƠNG MẠI TƯ HUY,916774046,0916774046
CÔNG TY TNHH KERAMIC VTT,966432567,0966432567
CÔNG TY TNHH MTV PHƯƠNG THỊNH,966712768,0966712768
CÔNG TY TNHH LÊ CÔNG CHÍNH,987991236,0987991236
CÔNG TY TNHH THU MUA NÔNG SẢN PHÁT ĐẠT,878119119,0878119119
CÔNG TY TNHH LUTECO,933152167,0933152167
CÔNG TY TNHH THƯƠNG MẠI VÀ DỊCH VỤ ĐỨC MẬU,977864171,0977864171
CÔNG TY TNHH THƯƠNG MẠI DỊCH VỤ DUNG DUY,918393435,0918393435
CÔNG TY TNHH SẮT THÉP MINH BẢO VN,343643603,0343643603
CÔNG TY TNHH PHẠM ĐỨC CHÍNH,987438408,0987438408
CÔNG TY TNHH GARAGE Ô TÔ VĂN HƯNG,382199799,0382199799
CÔNG TY TNHH XE ĐIỆN HOÀNG ĐQ,917181914,0917181914
CÔNG TY TNHH MTV TRÂN THÁI TUẤN,937544188,0937544188
CÔNG TY TNHH MỘT THÀNH VIÊN TEN NOODLES,849485343,0849485343
CÔNG TY TNHH PHƯƠNG MINH FAMILY,943985579,0943985579
CÔNG TY TNHH THƯƠNG MẠI KIẾN TRÚC XÂY DỰNG LÂM SƠN PHÁT,904117257,0904117257
CÔNG TY TNHH MỘT THÀNH VIÊN NÔNG SẢN PHẠM HÙNG FOOD,8155228218,08155228218
CÔNG TY TNHH TM DV PP BÁCH QUÂN,395300290,0395300290
CÔNG TY TNHH XÂY DỰNG VÀ SẢN XUẤT VẬT LIỆU XÂY DỰNG THANH NGUYÊN,945931931,0945931931
CÔNG TY TNHH MTV VINH INOK,976983879,0976983879
CÔNG TY TNHH QUỐC BẢO MINH,702636789,0702636789
CÔNG TY TNHH NỘI THẤT GỖ TIẾN ĐẠT,908647917,0908647917
CÔNG TY TNHH TM DV PP TUẤN TRANG,918186443,0918186443
CÔNG TY TNHH VẬN TẢI DỊCH VỤ TRÚC VÂN,913884769,0913884769
CÔNG TY TNHH SẢN XUẤT GIẤY THÁI AN,908051018,0908051018
CÔNG TY TNHH NPP TÂM ANH,911055551,0911055551
CÔNG TY TNHH CÁ LÓC NƯỚNG MIỀN TÂY,978331123,0978331123
CÔNG TY TNHH AN YÊN FARM,904784370,0904784370
CÔNG TY TNHH TM DIỄM THANH,972179168,0972179168
CÔNG TY TNHH TM & DV NGUYỄN HOÀNG NAM,912151505,0912151505
CÔNG TY TNHH YẾN SÀO LINH CHI,961125605,0961125605
CÔNG TY TNHH THỰC PHẨM AN TÍN PHÁT,335856678,0335856678
CÔNG TY TNHH XÂY DỰNG THƯƠNG MẠI VẬN TẢI LAM THÀNH,976251665,0976251665
CÔNG TY TNHH NPP PHƯƠNG PHƯƠNG THẢO,933515828,0933515828
CÔNG TY TNHH HT TELECOM,979203088,0979203088
CÔNG TY TNHH PHẠM BÍCH TRÂM,933091384,0933091384
CÔNG TY LUẬT TNHH MTV BYTL,935184082,0935184082
CÔNG TY TNHH VẬN TẢI DU LỊCH - VY THỊNH PHÁT,702686826,0702686826
CÔNG TY TNHH GIA DỤNG LỘC LỘC,933678790,0933678790
CÔNG TY TNHH ĐIỆN LẠNH NHẬT NAM PHÁT,906724929,0906724929
CÔNG TY TNHH DỊCH VỤ ĐẦU TƯ PHÚC HƯNG THỊNH,937386336,0937386336
CÔNG TY TNHH THƯƠNG MẠI PHẠM ĐẮC,968934148,0968934148
CÔNG TY TNHH THƯƠNG MẠI KINH DOANH PHƯƠNG HUY,938955166,0938955166
CÔNG TY CỔ PHẦN DONA LAW,966461268,0966461268
CÔNG TY TNHH DANH HÀ PHÁT,963694374,0963694374
CÔNG TY TNHH MTV CÔ BẢY,974725037,0974725037
CÔNG TY TNHH THƯƠNG MẠI DỊCH VỤ SƠN HẢI TƯ,866271368,0866271368
CÔNG TY TNHH WASH'N GO (TM),967244255,0967244255
CÔNG TY TNHH THANG MÁY ALTIVA,946336855,0946336855
CÔNG TY TNHH HADI VIỆT NAM,902186968,0902186968
CÔNG TY TNHH THƯƠNG MẠI VÀ DỊCH VỤ LẠC VIỆT EVENT,779821666,0779821666
CÔNG TY TNHH CƠ KHÍ THỤC MINH,903730455,0903730455
CÔNG TY TNHH THƯƠNG MẠI DỊCH VỤ GIA HUY XUÂN LỘC,932183316,0932183316
CÔNG TY TNHH NỘI THẤT MỸ HẰNG,938970430,0938970430
CÔNG TY TNHH DỊCH VỤ SARANG BINGSU,388743734,0388743734
CÔNG TY TNHH TM KỸ THUẬT XÂY DỰNG THÀNH ĐẠT,388334494,0388334494
CÔNG TY TNHH AN CHI THẢO,961911687,0961911687
CÔNG TY TNHH XUÂN QUYẾN,962282502,0962282502
CÔNG TY TNHH MTV BẢO BÌNH GOLD,976908663,0976908663
CÔNG TY TRÁCH NHIỆM HỮU HẠN GOODSUN,931323218,0931323218
CÔNG TY TNHH THƯƠNG MẠI ĐỊNH VƯƠNG PHÁT,372868234,0372868234
CÔNG TY TNHH TM DV ĐẦU TƯ TỔNG HỢP TƯỜNG VY,784574155,0784574155
CÔNG TY TNHH SẢN XUẤT THƯƠNG MẠI ĐẶNG TRƯỜNG PHÁT,949669623,0949669623
CÔNG TY CP SAWA NUTRITION,909212657,0909212657
CÔNG TY TNHH DỊCH VỤ VẬN TẢI TRƯỜNG THÀNH NHÂN,985445325,0985445325
CÔNG TY TRÁCH NHIỆM HỮU HẠN NÔNG SẢN VIỆT - HUY,969684371,0969684371
CÔNG TY TNHH QUÀ TẶNG MỘC BẢO YẾN,908956708,0908956708
CÔNG TY TNHH SẢN PHẨM KHUÔN MẪU NHỰA WEI HANG,8.61391E+12,08613913346997
CÔNG TY TNHH THƯƠNG MẠI HỮU T DUYÊN,918237823,0918237823
CÔNG TY TNHH GIAO NHẬN QUỐC TẾ L&T,933444440,0933444440
CÔNG TY TNHH GỐM MỸ THUẬT TÁM TIỀN,918860177,0918860177
CÔNG TY TNHH THẠCH CAO HIỆP,338286515,0338286515
CÔNG TY TNHH MỘNG KHA FASHION,379916784,0379916784
CÔNG TY TNHH BẢO CHÂU MEDIA PRO,983435541,0983435541
CÔNG TY TNHH DỊCH VỤ VẬN TẢI TRIỀU CHÂU,938266108,0938266108
CÔNG TY TNHH THÀNH LÂM TOYS,937139290,0937139290
CÔNG TY TNHH TM LINH HOÀNG PHÁT,906873398,0906873398
CÔNG TY TNHH JENNIFER - ANNA PHAM,912694647,0912694647
CÔNG TY TNHH SẢN XUẤT VẬT LIỆU MỚI VIỄN DƯƠNG,346928521,0346928521
CÔNG TY TNHH DỊCH VỤ VẬN TẢI HOÀNG KIỆT,908458195,0908458195
CÔNG TY TNHH ĐẠI THỔ PHÁT,96961379,096961379
CÔNG TY TNHH TRẦN MINH ĐỨC PHÁT,909940257,0909940257
CÔNG TY TNHH TRƯƠNG PHÚC KHANG,379679779,0379679779
CÔNG TY TNHH WORLD TRAVEL 24H.COM,376850136,0376850136
HỢP TÁC XÃ SẢN XUẤT KINH DOANH DƯỢC LIỆU QUỐC TẾ,969096680,0969096680
CÔNG TY TNHH TM DV PP NGUYÊN VY,961719289,0961719289
CÔNG TY TNHH CƠ ĐIỆN NHẬT THIÊN,903903943,0903903943
CÔNG TY TNHH CÔNG NGHỆ PHÒNG KHÁM CHỮA BỆNH,778879115,0778879115
CÔNG TY TNHH THỰC PHẨM THS,706090982,0706090982
CÔNG TY TNHH THÀNH ĐẠT XR,918708787,0918708787
CÔNG TY TNHH TRÀ VÀ CÀ PHÊ NGUYÊN ANH,367476179,0367476179
CÔNG TY TNHH TƯ VẤN XÂY DỰNG CƯỜNG KHANG,988898839,0988898839
CÔNG TY TNHH MỘT THÀNH VIÊN DŨNG HIỀN DN,706536878,0706536878
CÔNG TY TNHH TM VŨ PHÚC LONG,976170188,0976170188
CÔNG TY TNHH THƯƠNG MẠI MAI NHƯ,987249392,0987249392
CÔNG TY TNHH TÔN THÉP PHƯƠNG NAM,937111337,0937111337
CÔNG TY TNHH SX TM DV HẢI ĐĂNG PHÁT,977646639,0977646639
CÔNG TY TNHH SẢN XUẤT THƯƠNG MẠI DỊCH VỤ HAI ĐÀM,933371274,0933371274
CÔNG TY CP DỊCH VỤ ĐIỆN NĂNG LƯỢNG XANH,937008479,0937008479
CÔNG TY TNHH TM VẬN TẢI DƯƠNG GIA PHÚ,912308556,0912308556
CÔNG TY TRÁCH NHIỆM HỮU HẠN THƯƠNG MẠI DỊCH VỤ PHÚC AN KHANG LONG THÀNH,333939904,0333939904
CÔNG TY TNHH YẾN THỊNH FOOD,918607464,0918607464
CÔNG TY TNHH THƯƠNG MẠI ĐỨC NHẬT NAM,964225282,0964225282
CÔNG TY TNHH HƯNG THỊNH THƯỜNG TÂN,908323067,0908323067
CÔNG TY TNHH XÂY LẮP THANH DIỆU,975379378,0975379378
CÔNG TY TNHH THƯƠNG MẠI XUẤT NHẬP KHẨU QUỐC TẾ SƠN DƯƠNG,979492790,0979492790
CÔNG TY TNHH ĐIỆN CƠ NHẬT TÂM ANH,968116552,0968116552
CÔNG TY TRÁCH NHIỆM HỮU HẠN CÔNG NGHỆ SBH,388269212,0388269212
CÔNG TY TNHH TM-DV LỰC AN PHÁT,765225335,0765225335
CÔNG TY TNHH MTV TM VŨ GIA,569317634,0569317634
CÔNG TY TNHH SẢN XUẤT TM DV ĐỒNG TIẾN PHÁT,946221299,0946221299
CÔNG TY TNHH VẬN CHUYỂN TRẦN THẠCH ẨN,375984088,0375984088
CÔNG TY TNHH NHA KHOA THIÊN NGỌC,706980616,0706980616
CÔNG TY TNHH TM TÚ NHƯ,355232862,0355232862
CÔNG TY TNHH TM TRẦN TAM,389298931,0389298931
CÔNG TY TNHH LƯU TRÚ DL VNS,357295040,0357295040
CÔNG TY TNHH H&H PLASTECH,909953273,0909953273
CÔNG TY TNHH THƯƠNG MẠI DỊCH VỤ HOÀNG BÁCH PHÁT,785682397,0785682397
CÔNG TY TNHH SẢN XUẤT THƯƠNG MẠI VÀ VẬT LIỆU BAO BÌ HÒA PHÁT ĐẠT,782345638,0782345638
CÔNG TY TNHH QUALETE,919474998,0919474998
CÔNG TY TNHH LAN ANH TUẤN,981605960,0981605960
CÔNG TY TNHH DUNG - NA,909639048,0909639048
CÔNG TY TNHH MTV THƯƠNG MẠI MINH HỒNG,936955323,0936955323
CÔNG TY TNHH MTV TRƯỜNG TRINH PHÁT,912220919,0912220919
CÔNG TY TNHH MTV OANH THANH NGÂN,987736343,0987736343
CÔNG TY TNHH GIẢI PHÁP MÙI HƯƠNG HOÀNG GIA KIM,898901005,0898901005
CÔNG TY TNHH MỘT THÀNH VIÊN THẢO PHÁT,828333335,0828333335
CÔNG TY TNHH BÁCH HOÁ TỔNG HỢP TUẤN LIÊN,916758045,0916758045
CÔNG TY TNHH TRÁI CÂY VINH QUANG,931881189,0931881189
CÔNG TY TNHH GIÁO DỤC NGOẠI NGỮ LEO,964087935,0964087935
CÔNG TY TNHH THƯƠNG MẠI DỊCH VỤ IN NGUYỄN CẢNH,968376771,0968376771
CÔNG TY TNHH MTV KIM PHƯỢNG PHÁT,9.18827E+15,09188267480913820
CÔNG TY TNHH NPP TUỆ ANH,919080985,0919080985
CÔNG TY TNHH TM DV HOÀNG PHÚ THẢO,327846705,0327846705
CÔNG TY TNHH ĐÀO TẠO & SÁT HẠCH LÁI XE THẢO THẮNG,877089789,0877089789
CÔNG TY TNHH MẸ GUN GIFT & MORE,784621549,0784621549
CÔNG TY TNHH MÁY TÍNH SONG ANH,869914995,0869914995
CÔNG TY TNHH SẢN XUẤT THƯƠNG MẠI XÂY DỰNG TRƯỜNG AN,963290479,0963290479
CÔNG TY TNHH TIỆM CỦA VÂN,333355299,0333355299
CÔNG TY TNHH KINH DOANH PHÚC AN PHÁT,928411385,0928411385
CÔNG TY TNHH THIẾT KẾ XÂY DỰNG ĐỨC HỒNG PHÚC PT18,972444418,0972444418
CÔNG TY TNHH TM YAH,937837386,0937837386
CÔNG TY TNHH MỘT THÀNH VIÊN HẠNH THÀNH PHÁT,933326216,0933326216
CÔNG TY TNHH TM & DV NGUYỄN TUẤN KIỆT,392603177,0392603177
CÔNG TY TNHH LINH HOÀNG KIM,979567838,0979567838
CÔNG TY TNHH DỊCH VỤ TÌNH BẰNG HỮU,984664599,0984664599
CÔNG TY TNHH LIÊN KẾT L & T,359529229,0359529229
CÔNG TY TNHH BIA CƯỜNG THỊNH,919134543,0919134543
CÔNG TY TNHH BÌNH SINH NEWS,973467547,0973467547
CÔNG TY TNHH MỘT THÀNH VIÊN NHÀ HÀNG PHÚC VIỆT,974667599,0974667599
CÔNG TY TNHH DVTM HOTEL LAM SON,704769400,0704769400
CÔNG TY TNHH TM LÊ NGỌC,394241376,0394241376
CÔNG TY TNHH TM - DV KIM NGỌC LAN,865341349,0865341349
CÔNG TY CP ĐẦU TƯ & PHẦN MỀM CÔNG NGHỆ CAO TNQ,908616002,0908616002
CÔNG TY TNHH CƠ KHÍ XÂY DỰNG CPH,974575602,0974575602
CÔNG TY TNHH ĐẦU TƯ LY HOÀNG BẢO,359076027,0359076027
CÔNG TY TNHH NHÀ HÀNG HƯƠNG QUỲNH TRANG,904761122,0904761122
CÔNG TY HỮU HẠN CÔNG NGHIỆP KIẾN HẰNG,2513835788,02513835788
CÔNG TY TNHH SHAIHAO VIỆT NAM,8.61892E+12,08618918285565
CÔNG TY TNHH THƯƠNG MẠI DỊCH VỤ AN NHIÊN VN GROUP,937162259,0937162259
CÔNG TY TNHH TM SỮA NGUYỄN HOA,2513840170,02513840170
CÔNG TY TNHH TM DV DI LINH PHÁT,789298299,0789298299
CÔNG TY TNHH TM DV SONG THANH,943480407,0943480407
CÔNG TY TNHH VẬN TẢI LÂM TIẾN PHÁT,973837057,0973837057
CÔNG TY TNHH ĐIỆN TỬ NIUFULAI (VIỆT NAM),57761367666,057761367666
CÔNG TY TNHH LQT TECHNOLOGY,343532556,0343532556
CÔNG TY TNHH VẬT TƯ NÔNG NGHIỆP TRẦN VĂN LẮM,972617688,0972617688
CÔNG TY TNHH THƯƠNG MẠI DỊCH VỤ SẢN XUẤT NHẬP KHẨU LEGEND ROSE,869496886,0869496886
CÔNG TY TNHH THƯƠNG MẠI - XỬ LÝ MÔI TRƯỜNG PHÚC KHANG THỊNH,966927243,0966927243
CÔNG TY TNHH THƯƠNG MẠI DỊCH VỤ SANG PHÚ,909392272,0909392272
CÔNG TY TNHH XNK HOÀNG KIM ĐAN,888882994,0888882994
CÔNG TY TNHH NÔNG SẢN PHƯƠNG THẾ,907239363,0907239363
CÔNG TY TNHH VỎ XE HÙNG CƯỜNG,90372199,090372199
CÔNG TY TNHH NẤM NAM SƠN LONG THÀNH,9620328130,09620328130
CÔNG TY TNHH THƯƠNG MẠI DỊCH VỤ THÁI BÌNH LÊ,908696395,0908696395
CÔNG TY TNHH ĐỖ TƯỜNG NHI,933390030,0933390030
CÔNG TY TNHH TUYẾT BEDDING,901304050,0901304050
CÔNG TY TNHH MTV VẬN TẢI PHƯƠNG TRINH,981776015,0981776015
CÔNG TY TNHH PHÁT TRIỂN DỊCH VỤ VẬN TẢI PHÚC ĐĂNG,816233488,0816233488
CÔNG TY TNHH RECELL ECO,822810811,0822810811
CÔNG TY TNHH PHẢI NY,327029311,0327029311
CÔNG TY TNHH TM HIẾU HÀ,904123336,0904123336
CÔNG TY TNHH THƯƠNG MAI DỊCH VỤ HESED,974100021,0974100021
CÔNG TY TNHH ĐỖ HOÀI NAM,919486681,0919486681
CÔNG TY TNHH ẮC QUY TÂN BÌNH,985078029,0985078029
CÔNG TY TNHH GỖ ĐỨC HUY PHÁT,933947831,0933947831
CÔNG TY TNHH MTV THƯƠNG MẠI AMATA 60 NAM HẢI LAN,935778236,0935778236
CÔNG TY TNHH XÂY DỰNG THƯƠNG MẠI BẢO KHANG TÍN,902722169,0902722169
CÔNG TY TNHH ĐIỆN MÁY TRƯƠNG GIA,985245333,0985245333
CÔNG TY TNHH DỊCH VỤ THƯƠNG MẠI PHÚ THỊNH PHÁT,937824951,0937824951
CÔNG TY TNHH VÕ VĂN ĐẠI,975806122,0975806122
CÔNG TY TNHH SẮT MƯỜI PHÁT,979212116,0979212116
CÔNG TY TNHH THỰC PHẨM LÂM HẰNG,334719998,0334719998
CÔNG TY TNHH THƯƠNG MẠI VÀ DỊCH VỤ VINA ECO SOURCES,977529361,0977529361
CÔNG TY TNHH THIẾT KẾ KỸ THUẬT TÂM ĐỖ,937161739,0937161739
CÔNG TY TNHH MTV TM DV PHÁT ĐẠT VINA,948511230,0948511230
HỢP TÁC XÃ NÔNG LÂM THỦY SẢN ĐỊNH QUÁN,903045867,0903045867
CÔNG TY TNHH CÔNG NGHỆ WEILIJIE VIỆT NAM,984761683,0984761683
CÔNG TY TNHH MTV VẬT TƯ NÔNG NGHIỆP DUY SÁU,985356072,0985356072
CÔNG TY TNHH THƯƠNG MẠI DỊCH VỤ LINH TRÂN,976404756,0976404756
CÔNG TY TNHH MIHO TRADING VIỆT NAM,367857798,0367857798
CÔNG TY TNHH QUỐC THANH PHÁT,939632159,0939632159
CÔNG TY TNHH GUANGWEI OUTDOOR VIỆT NAM,387221602,0387221602
CÔNG TY TNHH GIA CÔNG MAY MẶC HẢI VÂN,937635094,0937635094
CÔNG TY TNHH LOGISTICS THỊNH VIỆT VIỆT NAM,989005325,0989005325
CÔNG TY TNHH VẬT TƯ CÔNG NGHIỆP ĐẠI PHƯỚC,704488357,0704488357
CÔNG TY TNHH XD TM DV TIẾN ĐẠT PHÁT,398746339,0398746339
CÔNG TY TNHH THƯƠNG MẠI TH BÌNH AN PHÁT,988786586,0988786586
CÔNG TY TNHH CƠ KHÍ YANQI VIỆT NAM,352256366,0352256366
CÔNG TY TNHH MỘT THÀNH VIÊN F&B ORCA VIỆT NAM,932936786,0932936786
CÔNG TY TNHH THƯƠNG MẠI THỰC PHẨM HẢI MINH,974750482,0974750482
CÔNG TY TNHH SỮA PHƯỚC THÁI,935656668,0935656668
CÔNG TY TNHH THƯƠNG MẠI DỊCH VỤ HUỲNH OANH,938480830,0938480830
CÔNG TY TNHH MTV KIM HỒNG PHƯƠNG,905451258,0905451258
CÔNG TY TNHH KINH DOANH DỊCH VỤ THƯƠNG MẠI PTN,918038926,0918038926
CÔNG TY TNHH N.S AUTO,8.88993E+15,08889929790945220
CÔNG TY TNHH GIÁO DỤC VIỆN SÁNG TẠO,866683593,0866683593
CÔNG TY TNHH THƯƠNG MẠI DỊCH VỤ TH HÙNG ANH,336955452,0336955452
CÔNG TY TNHH YONGSHI ELECTRICAL VIỆT NAM,8.61391E+12,08613906628765
CÔNG TY TNHH MTV THƯƠNG MẠI MỸ NHUNG,888070938,0888070938
CÔNG TY TNHH TM VÀ DV KIM DUNG,945312379,0945312379
CÔNG TY TNHH NPP TÀI THỊNH PHÁT,987541729,0987541729
CÔNG TY TNHH DÊ CHUNG CƯ PHÚ THỊNH,972658883,0972658883
CÔNG TY TNHH PHÁT TRIỂN THƯƠNG MẠI THIÊN PHƯƠNG,989401181,0989401181
CÔNG TY TNHH THƯƠNG MẠI LỘC TIẾN AN,916279388,0916279388
CÔNG TY TNHH KHÁNH NHƯ PHẠM,935114964,0935114964
CÔNG TY TNHH HƯNG THỊNH RICE,862669779,0862669779
CÔNG TY TNHH THƯƠNG MẠI DỊCH VỤ GIA BẢO TRẦN,919156476,0919156476
CÔNG TY TNHH NHA KHOA HẠNH PHÚC ĐQ,918563939,0918563939
CÔNG TY TNHH SVA SMILE,947722988,0947722988
CÔNG TY TNHH MTV THƯƠNG MẠI XANH,967260850,0967260850
CÔNG TY TNHH MOBILE NATIONWIDE,787977626,0787977626
CÔNG TY TNHH TRÂM AN PHÁT,983430932,0983430932
CÔNG TY TNHH GREENSHIFT,965946869,0965946869
CÔNG TY TNHH MAXI FOOD,705632228,0705632228
CÔNG TY TNHH MK MOLD,779941229,0779941229
CÔNG TY TNHH THƯƠNG MẠI DỊCH VỤ THANH LỰC,937427844,0937427844
CÔNG TY TNHH CHĂN NUÔI HÀ TRÂM ANH,869847585,0869847585
CÔNG TY TNHH THƯƠNG MẠI DỊCH VỤ B&K ĐỒNG NAI,888366176,0888366176
CÔNG TY TNHH LINH KIỆN PHẠM NGỌC,944787878,0944787878
CÔNG TY TNHH MẠNH NHƯỜNG,978248535,0978248535
CÔNG TY TNHH ĐIỆN CÔNG NGHIỆP ANH QUÂN,972641496,0972641496
CÔNG TY TNHH HỌC VIỆN ĐÀO TẠO IGROW GROUP,937779181,0937779181
CÔNG TY TNHH THƯƠNG MẠI QUANG THUỶ,913374040,0913374040
CÔNG TY TNHH THƯƠNG MẠI PHÁT TRIỂN TỔNG HỢP THUỲ DƯƠNG,968551446,0968551446
CÔNG TY TNHH TƯ VẤN SÀI GÒN LAND,775177979,0775177979
CÔNG TY TNHH VN AN THỊNH PHÁT,918908882,0918908882
CÔNG TY TNHH NGỌC ÁNH PHƯƠNG,399272772,0399272772
CÔNG TY TNHH THƯƠNG MẠI DỊCH VỤ KỸ THUẬT LINH ANH PHÁT,973673773,0973673773
CÔNG TY TNHH TM VÀ SẢN XUẤT XUẤT KHẨU GỖ XẺ SẤY JIN JIN SEN,979468948,0979468948
CÔNG TY CP ĐẦU TƯ KHỞI NGHIỆP SÁNG TẠO & CÔNG NGHỆ CAO TNECOSYS,908616002,0908616002
CÔNG TY TNHH TM & DV LÊ MINH PHÁT,919320327,0919320327
CÔNG TY TNHH THƯƠNG MẠI XNK POK,982670522,0982670522
CÔNG TY TNHH CHÂU ANH THÁI,972667139,0972667139
CÔNG TY TNHH NGA HẠ LONG KHÁNH,961567433,0961567433
CÔNG TY TNHH THỜI TRANG THANH DUNG,79256212,079256212
CÔNG TY CP ĐẦU TƯ KHỞI NGHIỆP SÁNG TẠO & CÔNG NGHỆ CAO QTECOSYS,905842464,0905842464
CÔNG TY TNHH NGUYỄN MINH MATERIALS,901655150,0901655150
CÔNG TY TNHH ANN'S FARM,903015544,0903015544
CÔNG TY TNHH THƯƠNG MẠI DỊCH VỤ ĐỒNG QUỐC HƯNG,396451369,0396451369
CÔNG TY TNHH TM DV NGỌC TRAI,793794242,0793794242
CÔNG TY TNHH THANH THÚY DORI,778684333,0778684333
CÔNG TY TNHH MTV GIÁO DỤC ZHEN HÁN NGỮ,938338032,0938338032
CÔNG TY TNHH THÚY ANH PHÁT,977847105,0977847105
CÔNG TY TNHH HẠT GIỐNG LẠC HỒNG,964998720,0964998720
CÔNG TY TNHH THƯƠNG MẠI DỊCH VỤ VŨ ANH MINH,9.18154E+15,09181544440844080
CÔNG TY TNHH MỘT THÀNH VIÊN VTNN ÁNH DUNG,976983879,0976983879
CÔNG TY TNHH TMDV VY PHI,933784584,0933784584
CÔNG TY TNHH NGUYỄN HOÀNG LÂM GIA PHÁT,967965438,0967965438
CÔNG TY TNHH THƯƠNG MẠI KHANG KHÔI,933800436,0933800436
CÔNG TY TNHH THIÊN ĐƯỜNG BAKERY,984977223,0984977223
CÔNG TY TNHH THẦY GIÁO DIỄN,918660122,0918660122
CÔNG TY TNHH HOÀNG LÂM NHI,783435993,0783435993
CÔNG TY TNHH TM DV MTV NGỌC LONG,968005537,0968005537
CÔNG TY TNHH NPP NGỌC TRƯỜNG THỊNH,972317277,0972317277
CÔNG TY TNHH TMDV PHÁT TUẤN KHÔI,708004917,0708004917
CÔNG TY TNHH XÂY DỰNG PHÁT TRIỂN QUANG VINH,918745577,0918745577
CÔNG TY TNHH DỊCH VỤ VIỆT ANH PHÁT,566339339,0566339339
CÔNG TY TNHH MTV NHÂN NGHĨA PHÁT,705678307,0705678307
CÔNG TY TNHH TMDV NGỌC KHÁNH AN,919359078,0919359078
CÔNG TY TNHH TOÀN VẠN LỢI,901362356,0901362356
CÔNG TY TNHH ĐẦU TƯ PHÁT TRIỂN XUẤT NHẬP KHẨU AN NGUYÊN,939904306,0939904306
CÔNG TY TNHH THƯƠNG MẠI DỊCH VỤ XÂY DỰNG TÔN SẮT THÉP HOÀNG ANH PHÁT,988579485,0988579485
CÔNG TY TNHH THÁI NHỰA,968921268,0968921268
CÔNG TY TNHH SẦU RIÊNG BA CÔ TIÊN,969881189,0969881189
CÔNG TY TNHH MTV TMDV TRUNG VIỆT,797788289,0797788289
CÔNG TY TNHH NGỌC LAN PHÁT 6868,818017925,0818017925
CÔNG TY TNHH NHỰA TÙNG ANH,337329086,0337329086
CÔNG TY TNHH THƯƠNG MẠI SẢN XUẤT KHƯU GIA,932023333,0932023333
CÔNG TY TNHH SONG ANH TP,902878379,0902878379
CHI NHÁNH CÔNG TY TNHH DAISHIN GLOBAL ASIA TẠI ĐỒNG NAI,2862556795,02862556795
CÔNG TY TNHH HENGFENG TOP LEISURE (VIETNAM),901266023,0901266023
CHI NHÁNH CÔNG TY TNHH JCEM VIỆT NAM - NHÀ MÁY NIKKAKI ĐỒNG NAI,332997072,0332997072
CÔNG TY TNHH MTV TÂN THÁI MINH,798099555,0798099555
CÔNG TY TNHH THƯƠNG MẠI DỊCH VỤ TRỊNH THẢO NGUYÊN,901042830,0901042830
CÔNG TY TNHH THƯƠNG MẠI VÀ XÂY DỰNG KỸ THUẬT TÂN THUẬN PHÁT,978079279,0978079279
CÔNG TY TNHH GÀ VỊT TƯỜNG VY,986080808,0986080808
CÔNG TY TNHH MTV THÁI QUYÊN,339590514,0339590514
CÔNG TY TNHH ĐỨC HIẾU TECH,773327198,0773327198
CÔNG TY TNHH MTV NAM PHÁT TÀI,966008079,0966008079
CÔNG TY TNHH TMDV NGỌC BỘI,2513996666,02513996666
CÔNG TY TNHH ĐAN THANH (VIỆT NAM),919512336,0919512336
CÔNG TY TNHH CHEIL VINA,84783402559,084783402559
CÔNG TY TNHH THÀNH THÀNH TUYỀN,397002939,0397002939
CÔNG TY TNHH CHẾ BIẾN GỖ WOODHOME,961320482,0961320482
CÔNG TY TNHH ZEN NOVA,985649430,0985649430
CÔNG TY TNHH PHÁT TRIỂN SẢN XUẤT THƯƠNG MẠI DUY PHÁT ĐẠT,976481371,0976481371
CÔNG TY TNHH ASIA GOLDEN DRAGON LOGISTICS,93725004,093725004
CÔNG TY TNHH XE GẮN MÁY VÀ XE ĐIỆN LINH VŨ,933227504,0933227504
CÔNG TY TNHH MTV THỰC PHẨM HƯNG PHÁT FOODS,938472139,0938472139
CÔNG TY TNHH THẢO DƯƠNG PHÁT,972226161,0972226161
CÔNG TY TNHH ĐIỆN TỬ HUIJIN (VIỆT NAM),8.61381E+12,08613805263266
CÔNG TY TNHH SÀI GÒN XƯƠNG KHỚP,907856755,0907856755
CÔNG TY TNHH UNRIVALED ADVANCED INDUSTRIAL VIỆT NAM,974128002,0974128002
CÔNG TY TNHH XUẤT NHẬP KHẨU THƯƠNG MẠI DỊCH VỤ GIAO NHẬN VẬN TẢI PHÁT ĐẠT,975300166,0975300166
CÔNG TY TNHH DỊCH VỤ VÀ THƯƠNG MẠI NGỌC QUÝ,966755099,0966755099
CÔNG TY TNHH THÀNH CÔNG NGUYỄN,939860123,0939860123
CÔNG TY CỔ PHẦN BỆNH VIỆN MẮT VIỆT BIÊN HÒA,776860056,0776860056
CÔNG TY TNHH CNC TÂM ANH,942733889,0942733889
CÔNG TY TNHH XNK CNC VIETSYN,91949141,091949141
CÔNG TY TNHH GỐM MỸ THUẬT BIÊN HÒA,908849383,0908849383
CÔNG TY TNHH THƯƠNG MẠI DỊCH VỤ NAM HOÀNG TÂN,346792692,0346792692
CÔNG TY TNHH SẢN XUẤT THƯƠNG MẠI DỊCH VỤ HOÀNG PHÚ LÂM,933397228,0933397228
DOANH NGHIỆP TN TS&L.CO,909615614,0909615614
CÔNG TY TNHH MTV HOÀNG LINH GIANG,932038998,0932038998
CÔNG TY TNHH HÓA SINH MIỀN ĐÔNG,965024234,0965024234
CÔNG TY TNHH PT DV TẤN ĐẠI PHÁT,528853309,0528853309
CÔNG TY TNHH Y DƯỢC HIỀN TÂM,949083468,0949083468
CÔNG TY TNHH DIỆP LINH TAX,983713266,0983713266
CÔNG TY TNHH TM-DV PHÚC TOÀN THỊNH,948976076,0948976076
CÔNG TY CỔ PHẦN GIAO NHẬN VẬN TẢI DOLPHIN MEKONG,2518601268,02518601268
CÔNG TY CỔ PHẦN QUẢN LÝ KHAI THÁC SẢN XUẤT LÂM SẢN BẢO LÂM,979250186,0979250186
CÔNG TY TNHH ĐÁ HOA CƯƠNG ĐỖ CƯỜNG,906302376,0906302376
CÔNG TY TNHH XE MÁY HÙNG HỒNG,976767629,0976767629
CÔNG TY TNHH THƯƠNG MẠI DỊCH VỤ KHẮC TỊNH,934696751,0934696751
CÔNG TY TNHH EASYPLUG,972244726,0972244726
CÔNG TY TNHH THƯƠNG MẠI DỊCH VỤ XÂY DỰNG MR YANG,909013632,0909013632
CÔNG TY TNHH CƠ ĐIỆN LẠNH ANH EM,343160698,0343160698
CÔNG TY TNHH COMBIZ ISRAEL,849334950,0849334950
CÔNG TY TNHH MỘT THÀNH VIÊN GIA BẢO ANH,938700139,0938700139
CÔNG TY TNHH DỊCH VỤ VẬN TẢI KIÊN ĐẶNG,339039173,0339039173
CÔNG TY TNHH MINH HUY DƯƠNG,968938365,0968938365
HỢP TÁC XÃ THƯƠNG MẠI DỊCH VỤ TỔNG HỢP MIỀN ĐÔNG,973200202,0973200202
CÔNG TY TNHH THƯƠNG MẠI ĐĂNG QUANG G9,867127575,0867127575
CÔNG TY TNHH GIÁO DỤC ANH NGỮ HAN,907357572,0907357572
CÔNG TY TNHH TM-DV XÂY DỰNG THẢO HUYÊN,902302509,0902302509
CÔNG TY TNHH THƯƠNG MẠI VÀ DỊCH VỤ THỊNH PHÁT LLC,907988407,0907988407
CÔNG TY TNHH HƯƠNG VỊ TÌNH THÂN VIỆT NAM,985820865,0985820865
CÔNG TY TNHH SX VÀ TM LÂM AN,898407056,0898407056
CÔNG TY TNHH PHÒNG KHÁM ĐA KHOA Y DƯỢC SÀI GÒN LONG THÀNH,918605115,0918605115
CÔNG TY TNHH NHIÊN AN PRO,935577587,0935577587
CÔNG TY TNHH THƯƠNG MẠI DỊCH VỤ NAM KHƯƠNG,966772466,0966772466
CÔNG TY TNHH THƯƠNG MẠI DỊCH VỤ THIÊN TUẤN PHÁT,909205981,0909205981
CÔNG TY TNHH TM DV HẰNG NGA ĐẠT,395795583,0395795583
CÔNG TY TNHH TMDV BIÊN HOÀ PHÁT,845009979,0845009979
CÔNG TY TNHH TECHNOLOGY JIAYIN (VIỆT NAM),8.61374E+12,08613738416801
CÔNG TY TNHH JIAWEI HUATE,338162006,0338162006
CÔNG TY TNHH ĐẦU TƯ THƯƠNG MẠI QUỐC TẾ THANH VIỆT,568390545,0568390545
CÔNG TY TNHH TRUNG TÂM BỒI DƯỠNG TRI THỨC TRẺ ÁNH DƯƠNG,388445644,0388445644
CÔNG TY TNHH TERRAFLUX,374053093,0374053093
CÔNG TY TNHH THƯƠNG MẠI DỊCH VỤ YẾN LAN HẢI,334343435,0334343435
CÔNG TY TNHH LY SONG VY,907478193,0907478193
CÔNG TY TNHH KINH DOANH THƯƠNG MẠI THYAN,862051338,0862051338
CÔNG TY TNHH BRIGHTNEST,392321425,0392321425
CÔNG TY TNHH THỜI TRANG CHU DU,365322109,0365322109
CÔNG TY TNHH THƯƠNG MẠI DỊCH VỤ VẬN TẢI ĐÌNH KHÁNH,786636686,0786636686
CÔNG TY TNHH CHÂU KHÁNH LINH,87911122,087911122
CÔNG TY TNHH THƯƠNG MẠI DỊCH VỤ KỸ THUẬT HUY AN KHÁNH,909904603,0909904603
CÔNG TY TNHH THƯƠNG MẠI DỊCH VỤ MAVIN HOLDING,849867213,0849867213
CÔNG TY TNHH PHÚC NGỌC QUANG LOGISTICS,986438120,0986438120
CÔNG TY TNHH MỘT THÀNH VIÊN THIẾT BỊ ĐIỆN NGÔI SAO,9331321313,09331321313
CÔNG TY TNHH VIETFROZEN DELIGHTS,907387675,0907387675
DOANH NGHIỆP TƯ NHÂN VÀNG QUỐC BẢO VÂN,906545617,0906545617
CÔNG TY TNHH DỊCH VỤ NHA KHOA ĐÔNG SÀI GÒN,365687368,0365687368
CÔNG TY TNHH CP HUY HOÀNG,787201088,0787201088
CÔNG TY TNHH THƯƠNG MẠI DỊCH VỤ HẠNH THIÊN AN,933786519,0933786519
CÔNG TY TNHH HAI THÀNH VIÊN VẬN TẢI ĐAN HUY,932999278,0932999278
CÔNG TY TNHH TM - DV ẮC QUY THÀNH BẢO PHÁT,917419139,0917419139
CÔNG TY TNHH T.BELLA ACADEMY,868160560,0868160560
CÔNG TY TNHH BÁCH HÓA TỔNG HỢP HẰNG SƠN,931108709,0931108709
CÔNG TY TNHH THỰC PHẨM BÌNH LỘC PHÁT,876226868,0876226868
CÔNG TY TNHH SẢN XUẤT THƯƠNG MẠI SẮT THÉP CHÁNH PHONG,908624472,0908624472
CÔNG TY TNHH CÔNG NGHIỆP DỆT KIM PHƯƠNG ĐÔNG,963188166,0963188166
CÔNG TY TNHH THƯƠNG MẠI DỊCH VỤ PHÂN PHỐI KHÁNH PHÁT,393954869,0393954869
CÔNG TY TNHH TM DV TỔNG HỢP ĐẠI XUÂN PHÁT,901590594,0901590594
CÔNG TY TNHH MINH DOUBLE,84318201,084318201
HỢP TÁC XÃ MÔI TRƯỜNG XANH ĐỒNG AN,918101681,0918101681
CÔNG TY TNHH DV VẬN TẢI NHẬT NAM,973934655,0973934655
CÔNG TY TNHH SƠN TUỆ,352831081,0352831081
CÔNG TY TNHH PHÒNG KHÁM ĐA KHOA KIÊN KHANG,903850228,0903850228
CÔNG TY TNHH SẢN XUẤT & DỊCH VỤ HUYỀN THỊNH,329492668,0329492668
CÔNG TY TNHH NÔNG SẢN LAM NGUYỄN,70403180,070403180
CÔNG TY TNHH MTV LỘC THỊNH VƯỢNG,976405439,0976405439
CÔNG TY TNHH TM DV YẾN SÀO THIÊN KIM,982200549,0982200549
CÔNG TY TNHH O&J NGỌC PHÁT ĐỒNG NAI,2513824455,02513824455
CÔNG TY TNHH DỊCH VỤ VẬN TẢI WEI PHÚ VIỆT NAM,8.6588E+19,086588014970865800000
CÔNG TY TNHH CÀ PHÊ VÀ GIA VỊ KHANG LIÊM,918744490,0918744490
CÔNG TY TNHH THƯƠNG MẠI DỊCH VỤ Ô TÔ AN VIÊN,919906060,0919906060
CÔNG TY TNHH NƯỚC KHOÁNG THÀNH THỊNH,896122212,0896122212
CÔNG TY TNHH THƯƠNG MẠI MTV BÁ LINH,373198665,0373198665
CÔNG TY TNHH ĐAN VY NGUYỄN,918797038,0918797038
CÔNG TY TNHH ĐĂNG THÀNH DONA,388319121,0388319121
CÔNG TY TNHH TM DV HUÂN HÙNG,329691484,0329691484
CÔNG TY TNHH TƯ VẤN ĐẦU TƯ XÂY DỰNG MÔI TRƯỜNG HƯNG THỊNH,907068728,0907068728
CÔNG TY TNHH DU LỊCH VN VNPAY,376850136,0376850136
CÔNG TY TNHH MTV CƠ KHÍ THƯƠNG MẠI THÀNH VINH,979257737,0979257737
CÔNG TY TNHH THƯƠNG MẠI DỊCH VỤ ANH QUÂN THỊNH PHÁT,937654659,0937654659
CÔNG TY TNHH THƯƠNG MẠI SẢN XUẤT PHƯỚC HẰNG,937997710,0937997710
CÔNG TY TNHH THƯƠNG MẠI DỊCH VỤ CHIP BABY,982622224,0982622224
CÔNG TY TNHH CÔNG NGHỆ TATA (VIỆT NAM),977002808,0977002808
CÔNG TY TNHH DỊCH VỤ PHÂN PHỐI GIA KHANG,832509705,0832509705
CÔNG TY TNHH THƯƠNG MẠI XÂY DỰNG DỊCH VỤ HÀO GIA,933767374,0933767374
CÔNG TY TNHH THƯƠNG MẠI DỊCH VỤ PHÚ LỘC T2T,765029118,0765029118
CÔNG TY TNHH ĐẦU TƯ THƯƠNG MẠI DỊCH VỤ HIỆP HƯNG PHÁT,933184695,0933184695
CÔNG TY TNHH CN - SH CAO NGUYÊN,944960222,0944960222
CÔNG TY TNHH THƯƠNG MẠI SẮT THÉP Á CHÂU,369150150,0369150150
CÔNG TY TNHH THƯƠNG MẠI XÂY DỰNG NHẤT PHÁT,938449279,0938449279
CÔNG TY TNHH NÔNG NGHIỆP NGỌC MINH TIẾN,946252440,0946252440
CÔNG TY TNHH TM DV HUY PHÁT FAMILY,879061,0879061
CÔNG TY CP CUNG CẤP DỊCH VỤ VÀ CỐ VẤN KỸ THUẬT TRANG TRẠI TRANSFARM,868904563,0868904563
CÔNG TY TNHH SẢN XUẤT THƯƠNG MẠI T.B.M,377819177,0377819177
CÔNG TY TNHH THƯƠNG MẠI BẢO SANG,908252374,0908252374
CÔNG TY CỔ PHẦN NGHĨA TRANG VĨNH THANH,987729222,0987729222
CÔNG TY TNHH DONA MART FOODS,939742337,0939742337
CÔNG TY TNHH THƯƠNG MẠI GAODAQIANG,922101868,0922101868
CÔNG TY TNHH DV QUẢNG CÁO THIÊN ÂN DESIGN,948626968,0948626968
CÔNG TY TNHH AZ FASHION GARMENT,966344278,0966344278
CÔNG TY TNHH DV EDEN GARDEN,779999597,0779999597
CÔNG TY TNHH TM DV TÂN THUẬN AN 2,908540777,0908540777
CÔNG TY TNHH KIM NGA FURNITURE,988088720,0988088720
CÔNG TY TNHH THƯƠNG MẠI - XÂY DỰNG LƯƠNG DUY,962569113,0962569113
CÔNG TY CỔ PHẦN XUÂN LỘC PHÁT TÀI,987729222,0987729222
CÔNG TY TNHH MÔI TRƯỜNG ĐẠI TIẾN PHÁT,965293904,0965293904
CÔNG TY TNHH PHÁT TRIỂN SẢN XUẤT THƯƠNG MẠI DUY PHÁT ĐẠT,976481371,0976481371
CÔNG TY TNHH IN ẤN ANDA,989815244,0989815244
CÔNG TY TNHH THƯƠNG MẠI DỊCH VỤ VẬN TẢI TTS,937033779,0937033779
CÔNG TY TNHH QUẢNG CÁO PHẠM CHIẾN,934296898,0934296898
CÔNG TY TNHH TM DV CHÂU HÂN,987047162,0987047162
CÔNG TY TNHH GIẢI PHÁP CÔNG NGHỆ ZYN DATA,817737340,0817737340
CÔNG TY TNHH THƯƠNG MẠI ĐẦU TƯ LÊ QUÂN,964800888,0964800888
CÔNG TY TNHH JCH (VN),8.86092E+12,08860919541567
CÔNG TY TNHH TM DV PHÚC ANH KHÔI,836135222,0836135222
CÔNG TY TNHH LOGISTIC GREEN CHEETAH,906718807,0906718807
CÔNG TY TNHH ĐẦU TƯ THƯƠNG MẠI THIÊN MINH LONG,344345905,0344345905
CÔNG TY TNHH GARAGE CƯỜNG THUẬN,382839849,0382839849
CÔNG TY TNHH THƯƠNG MẠI DỊCH VỤ HOÀNG BÁCH FOOD,358467622,0358467622
CÔNG TY TNHH ĐỊA ỐC TRƯỜNG TẤN,979221545,0979221545
CÔNG TY TNHH THƯƠNG MẠI DỊCH VỤ ĐỒNG PHÁT HƯNG,937234397,0937234397
CÔNG TY TNHH TMDV NHÔM KÍNH NHẬT NAM,932260603,0932260603
CÔNG TY TNHH UYÊN HOÀNG KIM,934943579,0934943579
CÔNG TY TNHH TÁI CHẾ HOÀNG LÂM,382190096,0382190096
CÔNG TY TNHH NPP BẢO NGỌC,906898017,0906898017
CÔNG TY TNHH NEXPAK,903033274,0903033274
CÔNG TY TNHH PHÁT TRIỂN ĐẦU TƯ THƯƠNG MẠI PHÚ CƯỜNG,942393955,0942393955
CÔNG TY TNHH MTV SIEU THI BABY KIDS,921230672,0921230672
CÔNG TY TNHH THƯƠNG MẠI DỊCH VỤ KHÁNH BẢO SƠN,909946668,0909946668
CÔNG TY TNHH XÂY DỰNG NHÔM KÍNH QUANG ĐỨC,975056935,0975056935
CÔNG TY TNHH VẬT TƯ NÔNG NGHIỆP TIẾN TRINH,913897933,0913897933
CÔNG TY TNHH VẬT TƯ XÂY DỰNG HOÀNG THIÊN,866583848,0866583848
CÔNG TY TNHH TM DV VẬN TẢI TRỊNH GIA,865599923,0865599923
CÔNG TY TNHH ĐIỆN YOWASUN-CQP,372753979,0372753979
CÔNG TY TNHH KINH DOANH THƯƠNG MẠI VẬN TẢI QUỐC UY,383469286,0383469286
CÔNG TY TNHH XÂY DỰNG VƯỢNG TẤN PHÁT,986069586,0986069586
CÔNG TY TNHH TƯ VẤN THIẾT KẾ XÂY DỰNG ĐINH PHÚC THỊNH,9.09749E+15,09097490560972230
CÔNG TY TNHH CƠ KHÍ & XÂY DỰNG DŨNG ĐẠT,971218466,0971218466
CÔNG TY TNHH GIA CÔNG PHÁT THÀNH CÔNG,938873004,0938873004
CÔNG TY TNHH MHN DOCTOR MAGIC,921639851,0921639851
CÔNG TY TNHH TIAN YI,386100587,0386100587
CÔNG TY TNHH THIÊN ÂN FRUIT & BEER 20,898035901,0898035901
CÔNG TY TNHH MUNHOUSE,909107678,0909107678
CÔNG TY TNHH MTV PHẠM HẰNG,912124006,0912124006
CÔNG TY TNHH TM PHÚ HỮU LỘC,962419920,0962419920
CÔNG TY TNHH CẦM ĐỒ TRANG ANH,332202339,0332202339
CÔNG TY TNHH DỊCH VỤ THƯƠNG MẠI HOÀNG VỸ,987506506,0987506506
CÔNG TY TNHH N.K.H.G,943976138,0943976138
CÔNG TY TNHH KD THIÊN HỒNG PHÁT,973785823,0973785823
CÔNG TY TNHH TRẦN LÊ FOODS,932610881,0932610881
CÔNG TY TNHH TRÁI CÂY NHẬP KHẨU HẰNG MÈO,916309700,0916309700
CÔNG TY TNHH TM VÀ SX KIM HOA NAM,852925285,0852925285
CÔNG TY TNHH ĐIỆN LẠNH CÔNG NGHIỆP GIA HUY,344700150,0344700150
CÔNG TY TNHH HỮU MÃO,976004881,0976004881
CÔNG TY TNHH HOÀNG PHÁT VN,838608379,0838608379
CÔNG TY TNHH MỘT THÀNH VIÊN VĂN THANH TÙNG,327597908,0327597908
CÔNG TY TNHH THƯƠNG MẠI DỊCH VỤ HA NA SUN,969525598,0969525598
CÔNG TY TNHH THƯƠNG MẠI NỘI THẤT ĐỨC HUY HOÀN,983599806,0983599806
CÔNG TY TNHH & DỊCH VỤ THÀNH LONG PHÁT,983435541,0983435541
CÔNG TY TNHH THƯƠNG MẠI DỊCH VỤ VÀ TỔ CHỨC SỰ KIỆN NGỌC PHÚC NGHI,836095095,0836095095
CÔNG TY TNHH KD TM DV GIANG THANH PHÁT,784475418,0784475418
CÔNG TY TNHH THƯƠNG MẠI XÂY DỰNG VÀ VẬN TẢI QUỐC HUY,975505559,0975505559
CÔNG TY TNHH THƯƠNG MẠI DỊCH VỤ NHỰT TRUNG PHÁT,948636770,0948636770
CÔNG TY TNHH SẢN XUẤT DỆT MAY SUNSHINE,8148551,08148551
CÔNG TY TNHH TẬP ĐOÀN NAM NGỌC PHÁT,986406028,0986406028
CÔNG TY TNHH KOZEN FOODS VIỆT NAM,2513201032,02513201032
CÔNG TY TNHH ZT VINA,785140128,0785140128
CÔNG TY TNHH KIẾN TRÚC VÀ XÂY DỰNG TRUNG ANH,929738678,0929738678
HỢP TÁC XÃ DƯỢC LIỆU TỔNG HỢP VIỆT NAM,977333663,0977333663
CÔNG TY LUẬT TNHH MTV NGUYỄN HIẾU,924924222,0924924222
CÔNG TY TNHH PHÂN PHỐI VÕ GIA PHÁT,906830168,0906830168
CÔNG TY TNHH CHUYỂN PHÁT NHANH TOÀN CẦU THIỆN NHÂN,908492696,0908492696
CÔNG TY TNHH DESIGN & MACHINING CNC UK,932220683,0932220683
CÔNG TY TNHH ĐIỆN TỬ DEEPERLAND,963902797,0963902797
CÔNG TY TNHH ONE REFRACTORIES ASIA,2.5132E+21,02.51320103270251E+21
CÔNG TY TNHH DỊCH VỤ XNK HATTO,889826789,0889826789
CÔNG TY TNHH THIẾT BỊ CÔNG NGHIỆP KHANG MINH,908795975,0908795975
CÔNG TY TNHH MTV TÂM PHƯỚC,9080329660,09080329660
CÔNG TY TNHH THIẾT KẾ & CHẾ TẠO MÁY TOKUMA VIỆT NAM,964648184,0964648184
CÔNG TY TNHH THƯƠNG MẠI DỊCH VỤ HOÀNG ĐỊNH FOODS,915685760,0915685760
CÔNG TY TNHH GIÁO DỤC & ĐÀO TẠO LONG KHÁNH,947229129,0947229129
CÔNG TY TNHH ĐÀO TẠO NGHỀ NGỌC BẢO CHÂU,9024381,09024381
CÔNG TY TNHH XÂY DỰNG THƯƠNG MẠI NGỌC HOÀNG PHÁT,938566535,0938566535
CÔNG TY TNHH SAFETY NOW,909961768,0909961768
CÔNG TY TNHH BỐC XẾP SĨ DŨNG SÀI GÒN,377733042,0377733042
CÔNG TY TNHH TM DV XUẤT NHẬP KHẨU HIẾU THÀNH ĐẠT,918013763,0918013763
CÔNG TY TNHH THƯƠNG MẠI DỊCH VỤ KỸ THUẬT DTA-TECH,916977551,0916977551
CÔNG TY TNHH VẬT LIỆU XÂY DỰNG LÊ HOÀNG,933769080,0933769080
CÔNG TY TNHH NGA TIN MAI,937896299,0937896299
CÔNG TY TNHH TM KỸ THUẬT HOÀNG LONG,945523790,0945523790
CÔNG TY TNHH SẢN XUẤT THƯƠNG MẠI UB SOLUTIONS,901180092,0901180092
CÔNG TY TNHH HÀ NHẤT PHÁT,982428239,0982428239
CÔNG TY TNHH HOÀNG THỤY ANH,918615518,0918615518
CÔNG TY TNHH ĐẦU TƯ XÂY DỰNG VÀ THƯƠNG MẠI DỊCH VỤ AN LỘC PHÁT,968859633,0968859633
CÔNG TY TNHH MTV KHẢI ĐĂNG,917454625,0917454625
CÔNG TY TNHH NÔNG SẢN THỰC PHẨM NHẬT MINH,928481111,0928481111
CÔNG TY TNHH XUẤT NHẬP KHẨU HOA QUẢ THIÊN PHÁT,388898358,0388898358
CÔNG TY TNHH VINBRIGHT VIỆT NAM,379180699,0379180699
CÔNG TY TNHH MTV THƯƠNG MẠI DV VẬN TẢI VÀ KINH DOANH TRẠM SẠC XE ĐIỆN NĂNG LƯỢNG XANH,931534234,0931534234
CÔNG TY TNHH THƯƠNG MẠI VÀ DỊCH VỤ XUẤT NHẬP KHẨU GIANG LAM,969527979,0969527979
CÔNG TY TNHH XÂY DỰNG THƯƠNG MẠI DỊCH VỤ NADICON,985202078,0985202078
CÔNG TY TNHH TBKT CÔNG NGHIỆP ANH HIẾU,9.15683E+15,09156826860352130
CÔNG TY TNHH PHAN SINH TECH,3786511,03786511
CÔNG TY TNHH XÂY DỰNG TÍN THỊNH PHÁT,931561646,0931561646
CÔNG TY TNHH VIỄN THÔNG BAO BAO,972090606,0972090606
CÔNG TY TNHH TM DV GIA BẢO ANH,368861494,0368861494
CÔNG TY TNHH TMDV & ĐTPT NHƯ Ý CÁT TƯỜNG,927979979,0927979979
CÔNG TY TNHH MTV THUỐC THÚ Y NGỌC HÀ,918638140,0918638140
CÔNG TY TNHH & DỊCH VỤ TRUNG HIẾU PHÁT,36342021,036342021
CÔNG TY TNHH VN THIÊN TẤN PHÁT,938333077,0938333077
CÔNG TY TNHH LE WINE,559400177,0559400177
CÔNG TY TNHH VÁN GỖ THIÊN Ý ĐẠT,332722898,0332722898
CÔNG TY TNHH SMILE LIFE DENTAL LAB,967456459,0967456459
CÔNG TY TNHH TRẦN NHƯ TÂM,909294979,0909294979
CÔNG TY TNHH CUNG ỨNG NHÂN LỰC QUỐC TẾ VIỆT ĐỨC,978447580,0978447580
CÔNG TY TNHH XÂY DỰNG VÀ ĐẦU TƯ PHÚ MỸ,387635082,0387635082
CÔNG TY TNHH THƯƠNG MẠI DỊCH VỤ XÂY DỰNG HÀ MINH PHƯƠNG,901042830,0901042830
CÔNG TY TNHH VIETNAM RUBBER PLYWOOD,353114451,0353114451
CÔNG TY TNHH TM DV HỒNG GIA HÂN,909770102,0909770102
CÔNG TY TNHH KERUIDA,946294153,0946294153
CÔNG TY TNHH THƯƠNG MẠI DỊCH VỤ MỘT THÀNH VIÊN XNK TH,865026976,0865026976
CÔNG TY TNHH THƯƠNG MẠI DỊCH VỤ NỘI THẤT NGUYÊN GIA,902821159,0902821159
CÔNG TY TNHH THỰC PHẨM NGUỒN SỐNG,345626828,0345626828
CÔNG TY TNHH VY GIA VƯỢNG,388159526,0388159526
CÔNG TY TNHH TM VT DUYÊN TRỊNH TRANSPORT,399041158,0399041158
CÔNG TY TNHH MTV ĐẦU TƯ NGỌC THIÊN KIM,938399310,0938399310
CÔNG TY TNHH TM DV TỔNG HỢP HUYỀN VINH,946397788,0946397788
CÔNG TY TNHH THIẾT KẾ VÀ XÂY DỰNG ĐẠI VIỆT SANH,902020806,0902020806
CÔNG TY TNHH XÂY DỰNG THƯƠNG MẠI DỊCH VỤ TIỀN TUYẾN,915154610,0915154610
CÔNG TY TNHH THƯƠNG MẠI DAYSUN,705836788,0705836788
CÔNG TY TNHH THƯƠNG MẠI DỊCH VỤ VẬN CHUYỂN TRUNG NGHĨA,943496989,0943496989
CÔNG TY TNHH MÁY LỌC NƯỚC HÒA PHÁT,799388633,0799388633
CÔNG TY TNHH BĐS HÙNG VƯƠNG,974319136,0974319136
CÔNG TY TNHH TMDV CÔNG NGHỆ PHONG VÂN,984595563,0984595563
CÔNG TY TNHH THƯƠNG MẠI DỊCH VỤ NHÂN ANH PHÁT,937840140,0937840140
CÔNG TY TNHH TM DV TƯ VẤN ĐÓN ĐẦU,912307940,0912307940
CÔNG TY TNHH ĐT VÀ PT DV FUTUREPLAN,762214756,0762214756
CÔNG TY TNHH THƯƠNG MẠI XÂY DỰNG ĐẠI BÌNH SƠN,969795139,0969795139
CÔNG TY TNHH DV DLKS NC,386893703,0386893703
CÔNG TY TNHH TM DV TƯ VẤN MAI ĐỨC NAM,334576912,0334576912
CÔNG TY TNHH HD HORIZON,357345807,0357345807
CÔNG TY TNHH TM - DV HẠNH NHƯ,973172735,0973172735
CÔNG TY TNHH TM DV QC TRÂU VÀNG,973451126,0973451126
CÔNG TY TNHH VETALIS,938664468,0938664468
CÔNG TY TNHH SẢN XUẤT SVVIFT,988906733,0988906733
CÔNG TY TNHH THƯƠNG MẠI & DỊCH VỤ VẬN TẢI TÍN TIẾN PHÁT,967773554,0967773554
CÔNG TY TNHH SẢN XUẤT ĐỒ GỖ THẢO MY,986046990,0986046990
CÔNG TY TNHH MỘT THÀNH VIÊN Ô TÔ THÀNH NGỌC PHÁT,972004508,0972004508
CÔNG TY CỔ PHẦN DINH DƯỠNG VINAUS VIỆT NAM,981654888,0981654888
CÔNG TY TNHH THƯƠNG MẠI SẢN XUẤT DỊCH VỤ & XÂY DỰNG AN LỘC PHÁT,908270739,0908270739
CÔNG TY TNHH THƯƠNG MẠI DỊCH VỤ KHO XƯỞNG HỒ NAM,933893189,0933893189
CÔNG TY TNHH NỘI THẤT SANXILIN,375084766,0375084766
CÔNG TY TNHH MTV ĐỒNG ĐỘI,876979415,0876979415
CÔNG TY TNHH CHỈNH LÝ VÀ SỐ HÓA ĐỒNG NAI,911152515,0911152515
CÔNG TY TNHH BRONCO HOUSEWARE VIỆT NAM,347145745,0347145745
CÔNG TY TNHH DỊCH VỤ VÀ ĐẦU TƯ VNM,914556470,0914556470
CÔNG TY TNHH MTV ĐẠI THIÊN ÂN,901295648,0901295648
CÔNG TY TRÁCH NHIỆM HỮU HẠN MỘT THÀNH VIÊN KỸ THUẬT CÔNG NGHIỆP NGUYỄN VŨ,344668889,0344668889
CÔNG TY TNHH NỘI THẤT HUA XIU,862018808,0862018808
CÔNG TY TNHH CÔNG NGHỆ Y DƯỢC QHH,969052208,0969052208
CÔNG TY TNHH MỘT THÀNH VIÊN HẠT CÁT VIỆT,797103365,0797103365
CÔNG TY TNHH NỘI THẤT GỖ DA FANG,913941899,0913941899
CÔNG TY CỔ PHẦN KCN BIÊN HÒA,348522506,0348522506
CÔNG TY TNHH XÂY DỰNG THƯƠNG MẠI DỊCH VỤ HOÀNG HUY ĐỒNG NAI,906678789,0906678789
CÔNG TY TNHH HOLICGROUP,931552662,0931552662
CÔNG TY CP CÔNG NGHỆ & TRUYỀN THÔNG INNOSTACK,908616002,0908616002
CÔNG TY TNHH THẨM MỸ ÁNH HỒNG,862954468,0862954468
CÔNG TY TNHH THƯƠNG MẠI DỊCH VỤ VẬN TẢI HDK CARGO LOGISTIC,899522017,0899522017
CÔNG TY TNHH ASOIL,866082578,0866082578
CÔNG TY TNHH GIẢI TRÍ VÀ DU LỊCH VNN,901893472,0901893472
CÔNG TY TNHH GLOBAL JPM OPPORTUNITIES CLASS A,947657836,0947657836
CÔNG TY TNHH OANH BĐP,945428906,0945428906
CÔNG TY TNHH THƯƠNG MẠI CENTRAL VN,908516610,0908516610
CÔNG TY TNHH DVTM VIN PEARLVN,343242717,0343242717
CÔNG TY TNHH DONGJIN TOTAL MOTOR SOLUTIONS,2513992007,02513992007
VĂN PHÒNG LUẬT SƯ ĐẶNG MINH QUÂN,834066966,0834066966
CÔNG TY TNHH SẮT THIÊN KIM,919544375,0919544375
CÔNG TY TNHH EVIKO FORKLIFT,849526786,0849526786
CÔNG TY TNHH THƯƠNG MẠI DỊCH VỤ NHÔM HƯNG THỊNH,985440141,0985440141
CÔNG TY TNHH MỘT THÀNH VIÊN XE GIA HOÀ,388124779,0388124779
CÔNG TY TNHH TMĐT TIẾN ĐẠT,967766351,0967766351
CÔNG TY TNHH KD BẤT ĐỘNG SẢN ĐẠT PHÁT,937476668,0937476668
CÔNG TY TNHH MẠNH HẰNG PHÁT,385064481,0385064481
CÔNG TY TNHH THƯƠNG MẠI VÀ DỊCH VỤ NHẬT NAM SST,978563970,0978563970
CÔNG TY TNHH SẢN XUẤT - THƯƠNG MẠI PHƯƠNG HOÀNG PHÁT,908268625,0908268625
CÔNG TY CỔ PHẦN KÍNH XÂY DỰNG TRƯỜNG THỊNH,912106879,0912106879
CÔNG TY TNHH TM DV HẰNG HẢI PHÁT,909543732,0909543732
CÔNG TY TNHH TM DV KIM LOẠI MÀU A PHÁT,339596157,0339596157
CÔNG TY TNHH TRUYỀN THÔNG LÊ THÀNH,947081144,0947081144
CÔNG TY TNHH DỊCH VỤ NHÔM KÍNH PHƯƠNG ĐÔNG,9312639832,09312639832
CÔNG TY TNHH ZENLYTICS,899496569,0899496569
CÔNG TY TNHH PHẾ LIỆU HOÀNG ANH PHÚ,90177817,090177817
CÔNG TY TNHH CÂY XANH CÔNG TRÌNH ĐỒNG NAI,961500537,0961500537
CÔNG TY TNHH THƯƠNG MẠI LINH NHI PK,838094094,0838094094
CÔNG TY TNHH HYUN SEO VINA,799925655,0799925655
CÔNG TY TNHH THƯƠNG MẠI VÀ DỊCH VỤ THẾ KIM MEDIA,902249243,0902249243
CÔNG TY TNHH MTV THI CÔNG XÂY DỰNG HOÀNG PHÁT,988803707,0988803707
CÔNG TY TNHH PHÚ THỊNH PHÁT LK,974976266,0974976266
CÔNG TY TNHH SẢN XUẤT TMDV AUTOENGI,833537703,0833537703
CÔNG TY CỔ PHẦN DÉLICHI VODKA VIỆT NAM,945484177,0945484177
CÔNG TY TNHH CƠ KHÍ VẬN TẢI NTC,932124939,0932124939
CÔNG TY TNHH GIÁO DỤC LONG VÂN,984757417,0984757417
CÔNG TY TNHH ĐÀO TẠO NGOẠI NGỮ FAMKIDS,986643826,0986643826
CÔNG TY TNHH XÂY DỰNG CẦU ĐƯỜNG HOÀNG LONG,972287878,0972287878
CÔNG TY TNHH ROY MOTOR (VIỆT NAM) MANUFACTURING,907001356,0907001356
CÔNG TY CỔ PHẦN THƯƠNG MẠI DỊCH VỤ XÂY DỰNG NHÂN LỰC TMT,902373006,0902373006
CÔNG TY TNHH ỐNG SILICONE PERFECT VIỆT NAM,965830382,0965830382
CÔNG TY TNHH NGÂN TOÀN THẮNG,911218998,0911218998
CÔNG TY TNHH VẬN TẢI THÀNH TIẾN PHÁT,832305858,0832305858
CÔNG TY TNHH M&E AN TÂM,901699646,0901699646
CÔNG TY TNHH MTV THƯƠNG MẠI DỊCH VỤ XÂY DỰNG BÌNH AN,937973481,0937973481
CÔNG TY TNHH ĐÀO TẠO NGOẠI NGỮ DUY HÀ,768777303,0768777303
CÔNG TY TNHH DỊCH VỤ BẤT ĐỘNG SẢN ZINHOMES,971281831,0971281831
CÔNG TY TNHH SẢN XUẤT VÀ THƯƠNG MẠI THIÊN PHÚC P&D,344337138,0344337138
CÔNG TY TNHH PHÚC MINH FOOD,933092211,0933092211
CÔNG TY TNHH SXTM VÀ DV ĐIỆN LONG MINH,9.48745E+12,09487452510915
CÔNG TY TNHH TM-DV TỔNG HỢP HOÀNG VÂN,989344135,0989344135
CÔNG TY TNHH DỊCH VỤ THƯƠNG MẠI XỬ LÝ PHẾ LIỆU MÔI TRƯỜNG XANH TÂM HIỀN,989364468,0989364468
CÔNG TY TNHH TMDV SÓNG NHẠC 1 VĨNH AN,919923224,0919923224
CÔNG TY TNHH HÓA MỸ PHẨM TNK,933999418,0933999418
CÔNG TY TNHH VẬN CHUYỂN AN VƯỢNG PHÁT,978682179,0978682179
CÔNG TY TNHH TƯ VẤN THIẾT KẾ VÀ DỊCH VỤ CẢNH QUAN ĐỒNG NAI,865409879,0865409879
CÔNG TY TNHH NPP ĐẠI THÀNH CÔNG,918521699,0918521699
CÔNG TY TNHH KANAHO,865941470,0865941470
CÔNG TY TNHH THƯƠNG MẠI DỊCH VỤ PHAN HOÀNG MINH QUÂN,983778778,0983778778
CÔNG TY CỔ PHẦN ĐẦU TƯ & CÔNG NGHỆ CAO TNHIGHTECH,908616002,0908616002
CÔNG TY TNHH DỊCH VỤ VẬN TẢI ANH THẮNG,9.3799E+16,093799019809065200
CÔNG TY TNHH VẬN TẢI HỒNG NHẬT PHÁT,906853366,0906853366
CÔNG TY TNHH ỨNG DỤNG CÔNG NGHỆ CHĂM SÓC SỨC KHỎE THẢO NGUYÊN,917661279,0917661279
CÔNG TY TNHH MTV XNK NÔNG SẢN ÁI LIÊM,366462439,0366462439
CÔNG TY TNHH CƠ KHÍ XÂY DỰNG THÉP ĐẠI PHONG,909248332,0909248332
CÔNG TY TNHH DỆT MAY SÁNG TẠO KINH VĨ,379735587,0379735587
TOKURA CORPORATION - THẦU CHÍNH THIẾT KẾ VÀ THI CÔNG DỰ ÁN NHÀ MÁY YAMAHACHI DENTAL MATERIALS VN,2432045070,02432045070
CÔNG TY TNHH SX TM VÀ DỊCH VỤ THỊNH PHÁT,909525660,0909525660
CÔNG TY TNHH BÔNG SEN AG,78374140,078374140
CÔNG TY TNHH PHẾ LIỆU MÔI TRƯỜNG ĐỨC HIẾU ĐỒNG NAI,962742280,0962742280
CÔNG TY TNHH THƯƠNG MẠI ĐẦU TƯ LÊ QUÂN,964800888,0964800888
CÔNG TY TNHH TMDV QUỐC KHANH ĐN,584413345,0584413345
CÔNG TY TNHH SÁNG PARAPEN PHÁT,776575472,0776575472
CÔNG TY TNHH THƯƠNG MẠI DỊCH VỤ TIỆM HOA 3366,925393366,0925393366
CÔNG TY TNHH BẤT ĐỘNG SẢN HEAVEN HOÀNG PHÁT,909090987,0909090987
CÔNG TY CỔ PHẦN NHÀ HÀNG ẨM THỰC SÔNG TRÀM,905252656,0905252656
CÔNG TY TNHH TRUNG TÂM TIỆC CƯỚI KIM TÂM,964255119,0964255119
CÔNG TY TNHH THƯƠNG MẠI VÀ XÂY DỰNG TÍNH NGHĨA VN,988535525,0988535525
CÔNG TY TNHH CƠ KHÍ XD TM CƯỜNG THỊNH PHÁT,977474999,0977474999
CÔNG TY TNHH LÊ TRỊNH MOTOR,356049261,0356049261
CÔNG TY TNHH THƯƠNG MẠI DỊCH VỤ NHÀ HÀNG GHITA,918234646,0918234646
CÔNG TY TNHH TMDV SX PHƯỚC HIỀN,399655116,0399655116
CÔNG TY TNHH TƯ VẤN DỊCH VỤ THƯƠNG MẠI VĂN GIA,969875558,0969875558
CÔNG TY TNHH BRIANBROWS,777058350,0777058350
CÔNG TY TNHH THƯƠNG MẠI NHÔM TRƯỜNG AN,829990928,0829990928
CÔNG TY TNHH VTNN THU,866822955,0866822955
CÔNG TY TNHH THỰC PHẨM LIÊM NGUYỄN,975803489,0975803489
CÔNG TY TNHH THƯƠNG MẠI DỊCH VỤ ĐẦU TƯ XÂY DỰNG THÁI SƠN,378970265,0378970265
CÔNG TY TNHH KHÁCH SẠN DU LỊCH THANH TÂM,961994804,0961994804
CÔNG TY TNHH CÔNG NGHỆ CHÍNH XÁC MENGXIN,985829437,0985829437
CÔNG TY TNHH SẢN XUẤT THƯƠNG MẠI TÂN HƯNG VƯỢNG,368678684,0368678684
CÔNG TY TNHH THƯƠNG MẠI VÀ DỊCH VỤ TỔNG HỢP GIA GIA PHÁT,399014079,0399014079
CÔNG TY CỔ PHẦN GIẢI PHÁP PHẦN MỀM MIN,947996239,0947996239
CÔNG TY TNHH CÂU CÁ THỂ THAO CÓ THƯỞNG BIÊN HÒA,939077769,0939077769
CÔNG TY TNHH CARBORI MOLDS VIỆT NAM,84352465581,084352465581
CÔNG TY TNHH TMDV VẬN TẢI LOTUS,921268379,0921268379
CÔNG TY TNHH TOÀN ĐỈNH BÌNH,908746349,0908746349
CÔNG TY TNHH LOAN NHƯ,987249392,0987249392
CÔNG TY TNHH TM XNK PEFORMANCE,878782323,0878782323
CÔNG TY TNHH TM DV AN THỊNH PHÁT ĐỒNG NAI,908103126,0908103126
CÔNG TY TNHH CƠ SỞ GIÁO DỤC THIÊN THỨC,932696266,0932696266
CÔNG TY TNHH TM DV NGUYÊN DUY,937416989,0937416989
CÔNG TY TNHH THÉP TRƯỜNG HƯNG PHÁT,868741020,0868741020
CÔNG TY TNHH SẢN XUẤT VÀ THƯƠNG MẠI TRIỆU KHANG,869676887,0869676887
CÔNG TY TNHH TƯ VẤN ĐÀO TẠO NGOẠI NGỮ HUỲNH GIA,903365422,0903365422
CÔNG TY TNHH XÂY DỰNG VIỄN THÔNG CNTT THÁI BÌNH,971222279,0971222279
CÔNG TY TNHH DẦU KHÍ BÌNH HÒA,947909090,0947909090
CÔNG TY TNHH GIẤY HÂN PHÁT ĐN,916999852,0916999852
CÔNG TY CỔ PHẦN PHÒNG KHÁM ĐA KHOA Y ĐỨC TRẢNG BOM,989763532,0989763532
CÔNG TY TNHH TM DV AN THU PHÁT,933924586,0933924586
CÔNG TY TNHH THƯƠNG MẠI DỊCH VỤ VẬN TẢI HÂN VY,988581842,0988581842
CÔNG TY TNHH TOLKYNNEFTEGAZ LLP,395108523,0395108523
CÔNG TY TNHH GỖ WING ON,905211089,0905211089
CÔNG TY TNHH XÂY DỰNG VÀ CƠ ĐIỆN KHANG MINH,389069302,0389069302
CÔNG TY TNHH SẢN XUẤT NÔNG SẢN XUẤT NHẬP KHẨU HÙNG PHÁT FOOD,92771197177,092771197177
CÔNG TY TNHH THƯƠNG MẠI DỊCH VỤ ĐẮC HƯNG,938323878,0938323878
CÔNG TY TNHH SẢN XUẤT THƯƠNG MẠI THỤY THĂNG,915989995,0915989995
CÔNG TY TNHH TẬP ĐOÀN GIÁO DỤC GIA ĐÌNH VIỆT,918121525,0918121525
CÔNG TY TNHH PHÁT TRIỂN VÕ THUẬT FUMIDO,868936964,0868936964
CÔNG TY TNHH GIẢI PHÁP VÀ DỊCH VỤ AN THIÊN NHIÊN,792736868,0792736868
CÔNG TY TNHH CÔNG NGHỆ URA,968607025,0968607025
CÔNG TY TNHH MONGKOK,942545457,0942545457
CÔNG TY TNHH VẬN TẢI CƠ GIỚI TUẤN LOAN,974518133,0974518133
CÔNG TY TNHH DỊCH VỤ THƯƠNG MẠI BẠN ĐỒNG HÀNH,888790990,0888790990
CÔNG TY TNHH HẢI VÂN LINKS VN,948586289,0948586289
CÔNG TY TNHH THIẾT KẾ XÂY DỰNG PHƯƠNG TRẦN,965720820,0965720820
CÔNG TY TNHH XÂY DỰNG SƠN MINH,901937357,0901937357
CÔNG TY TNHH ĐIỆN - ĐIỆN LẠNH TRẦN TUẤN MINH,702126969,0702126969
CÔNG TY TNHH KIM HƯNG LAND,325878986,0325878986
CÔNG TY TNHH TMDV MỸ LAN ĐN,588446700,0588446700
CÔNG TY TNHH TM-DV GIA CÔNG CƠ KHÍ LÊ HUY,916715115,0916715115
CÔNG TY TNHH PHÂN PHỐI THÀNH TÍN,988417984,0988417984
CÔNG TY CỔ PHẦN ĐẦU TƯ - TRUYỀN THÔNG - CÔNG NGHỆ CAO QTHIGHTECH,905842464,0905842464
CÔNG TY TNHH PHẾ LIỆU VÒNG TRÒN XANH,938446536,0938446536
CÔNG TY TNHH DỊCH VỤ ĐAN ANH LONG KHÁNH,969553308,0969553308
CÔNG TY TNHH NHA KHOA THÀNH SANG,913181274,0913181274
CÔNG TY CỔ PHẦN CHĂN NUÔI DNT VIỆT NAM,838093979,0838093979
CÔNG TY TNHH KINH DOANH SẢN XUẤT THƯƠNG MẠI NỘI THẤT TÙNG THU,964283260,0964283260
CÔNG TY TNHH MAY MẶC QUYẾT TIẾN,989716063,0989716063
CÔNG TY TNHH GIÁO DỤC VÀ ĐÀO TẠO NHÓM TRẺ THIÊN THẦN NHỎ,366696114,0366696114
CÔNG TY TNHH CK & XD PHÚC PHÁT ĐẠT,989786063,0989786063
CÔNG TY TNHH TUYẾT NGỌC ANH,976362730,0976362730
CÔNG TY TNHH MTV THỰC PHẨM TÂM PHÁT,913586822,0913586822
CÔNG TY TNHH TM DV AN PHÁT TAP,984308060,0984308060
CÔNG TY TNHH TM DV XÂY DỰNG MẠNH TÙNG PHÁT,969254077,0969254077
CÔNG TY TNHH TƯỜNG VI PHÁT,963071918,0963071918
CÔNG TY CỔ PHẦN ĐÀO TẠO VÀ PHÁT TRIỂN NHÂN LỰC SANHO,868050080,0868050080
CÔNG TY TNHH TNHH NL ECOGROW,868719698,0868719698
CÔNG TY TNHH THÊM AN PHÁT,376034278,0376034278
CÔNG TY TNHH XUẤT NHẬP KHẨU NÔNG SẢN VÀ KHOÁNG SẢN THÁI HÀO,9.6256E+14,0962560288032510
CÔNG TY TNHH SIKACHI,937216738,0937216738
CÔNG TY TNHH XÂY DỰNG PHONG NGÔ,937602643,0937602643
CÔNG TY TNHH HỒNG HƯNG ĐỒNG NAI,932171652,0932171652
CÔNG TY TNHH SẢN XUẤT THƯƠNG MẠI HN FOOD,706337169,0706337169
CÔNG TY TNHH MTV VLXD HOÀNG PHÚC,919275544,0919275544
CÔNG TY TNHH XD NGUYỄN QUỐC CƯỜNG,7977573713,07977573713
CÔNG TY TNHH MÔI GIỚI BĐS PIVILAND,912110786,0912110786
CÔNG TY TNHH TM DU LỊCH LỮ HÀNH STAR,865557920,0865557920
CÔNG TY TNHH MINH TUẤN HOME,866163249,0866163249
CÔNG TY TNHH DTPT QUY XSPACE,775696824,0775696824
CÔNG TY TNHH MTV DV TM NHƯ Ý,982809723,0982809723
CÔNG TY TNHH DƯƠNG AN PHÁT,938585319,0938585319
CÔNG TY TNHH VẬN TẢI NGỌC AN LOGISTICS,965555166,0965555166
CÔNG TY TNHH TÂM RẠNG ĐÔNG,393870161,0393870161
CÔNG TY TNHH TENGYUE ELECTRIC APPLIANCE,797840890,0797840890
CÔNG TY TNHH NITEX VINA,2513566018,02513566018
CÔNG TY TNHH LEADERSHIP ELECTRIC APPLIANCE VIET NAM,2513940555,02513940555
CÔNG TY TNHH THỦY SẢN HOÀNG AQUA,336737839,0336737839
HỢP TÁC XÃ CUNG CẤP GIỐNG THỦY SẢN MI.CH.EL VIỆT,988188156,0988188156
CÔNG TY TNHH HJ TECHNOLOGY.,901041811,0901041811
CÔNG TY TNHH TM PHÚ HỮU THẮNG,961842175,0961842175
CÔNG TY TNHH ĐẦU TƯ GIẢI TRÍ DAFA,705576117,0705576117
CÔNG TY TNHH MTV THƯƠNG MẠI DỊCH VỤ AN CƯỜNG,973487819,0973487819
CÔNG TY TNHH THỐNG ĐẠT LOGISTICS,938187628,0938187628
CÔNG TY TNHH TÂN SƠN ĐỒNG NAI,915250285,0915250285
CÔNG TY TNHH PCCC VÀ BẢO HỘ LAO ĐỘNG ĐỒNG PHÁT,911595979,0911595979
CÔNG TY CỔ PHẦN TUỆ HÂN GROUP,979090560,0979090560
CÔNG TY TNHH CƠ KHÍ ĐIỆN MÁY GIA CƯƠNG,978329946,0978329946
CÔNG TY TNHH ACE THIÊN ÂN,978413232,0978413232
CÔNG TY TNHH TMDV XD VŨ QUANG 39,345572136,0345572136
CÔNG TY TNHH TM DV VẬN TẢI CHÍNH TRẦN,909933986,0909933986
CÔNG TY TNHH MTV VIỄN THÔNG LINH NHẬT,964652939,0964652939
CÔNG TY TNHH TM-DV ĐẦU TƯ BÌNH ANH PHÁT,967939533,0967939533
CÔNG TY TNHH TMDV KỸ THUẬT NAM VIỆT STAR,967506580,0967506580
CÔNG TY TNHH ĐIỆN CÔNG NGHIỆP TRƯƠNG GIA BẢO,357257211,0357257211
CÔNG TY TNHH TMDV THANH TÂM VINA,919195670,0919195670
CÔNG TY TNHH THÉP KHUÔN MẪU CHUANG JIA,374017193,0374017193
CÔNG TY TNHH VẬN TẢI VÀ DU LỊCH NHẬT LONG,765550555,0765550555
CÔNG TY TNHH NÔNG SẢN TRẦN VĂN ĐỨC,911194720,0911194720
CÔNG TY TNHH SHINKWANG CF VINA,352385225,0352385225
CÔNG TY TNHH THƯƠNG MẠI DỊCH VỤ MÔI TRƯỜNG NAM TIẾN PHÁT,376984322,0376984322
CÔNG TY TNHH MTV DV VT MINH THÔNG,969956978,0969956978
CÔNG TY TNHH KIM Ý PHÁT,902798798,0902798798
CÔNG TY TNHH PHỤ LIỆU MAY MẶC HBG,984888563,0984888563
CÔNG TY TNHH THIẾT BỊ ĐIỆN CHÂU ANH HUY,932737965,0932737965
CÔNG TY TNHH KỸ THUẬT THƯƠNG MẠI KIM NGÂN PHÁT,982491351,0982491351
CÔNG TY TNHH PK NINA NGUYỄN,967114799,0967114799
CÔNG TY TNHH CÂU LẠC BỘ THỂ DỤC THỂ THAO HOA PHƯỢNG,937371674,0937371674
CÔNG TY TNHH SX TM XNK PHÁT ĐẠI PHÁT,773736868,0773736868
CÔNG TY TNHH ĐẦU TƯ GIÁO DỤC VÀ HỢP TÁC QUỐC TẾ THANG CONNECT,867759917,0867759917
CÔNG TY TNHH THU MUA SẦU RIÊNG XUẤT KHẨU CUNG ĐƯỜNG,768739682,0768739682
CÔNG TY TNHH MAGNIS INDUSTRIES,896546939,0896546939
CÔNG TY TNHH MỘT THÀNH VIÊN DNT VIỆT NAM,838093979,0838093979
DOANH NGHIỆP TƯ NHÂN ẨM THỰC VƯỜN NHO,905877988,0905877988
CÔNG TY TNHH TM NGỌC BẢO TÍN,977625303,0977625303
CÔNG TY TNHH PHÒNG KHÁM ĐA KHOA HỒNG PHƯỚC,909466039,0909466039
CÔNG TY TNHH VĂN PHÒNG PHẨM SƠN HOA,916274190,0916274190
CÔNG TY TNHH VŨ GIA - SỮA CHUA GIA TRUYỀN NHÀ HỌ VŨ,855865568,0855865568
CÔNG TY TNHH CÔNG NGHỆ STOREVPS,328224161,0328224161
CÔNG TY TNHH MỘT THÀNH VIÊN NHÂN THÀNH PHÁT,327915314,0327915314
CÔNG TY TNHH MTV TƯƠNG LAI TƯƠI SÁNG,903814990,0903814990
CÔNG TY TNHH MTV DV VẬN TẢI HUỲNH GIA,792999136,0792999136
CÔNG TY TNHH ANH NGỮ VACC,915011220,0915011220
CÔNG TY TNHH ĐẦU TƯ PHÁT TRIỂN VÀ THƯƠNG MẠI TÂN MINH PHÁT,335610779,0335610779
CÔNG TY TNHH DỊCH VỤ THƯƠNG MẠI VẬN TẢI MINH HIẾU,899995949,0899995949
CÔNG TY TNHH TAHATECH,898338286,0898338286
DOANH NGHIỆP TƯ NHÂN GIẢI TRÍ NGUYỄN VĂN HOÀNG,329589329,0329589329
CÔNG TY CỔ PHẦN CHÂN BỒN NƯỚC ĐẠI PHƯƠNG ĐÔNG,9069328898,09069328898
CÔNG TY TNHH SX VÀ TM BẢO PHÁT VIỆT NAM,978292158,0978292158
CÔNG TY TNHH CÔNG NGHIỆP RONG XIN,368731073,0368731073
CÔNG TY TNHH ĐÓA PHÁT,989016514,0989016514
CÔNG TY TNHH ĐẦU TƯ GIÁO DỤC THẾ HỆ VÀNG,906995587,0906995587
CÔNG TY TNHH XÂY DỰNG THỦY HOÀNG KIM,973945922,0973945922
CÔNG TY TNHH SẢN XUẤT VÀ THƯƠNG MẠI KHẢI HI,354252318,0354252318
CÔNG TY TNHH MTV PHÚC LÂM NGUYÊN,977111670,0977111670
CÔNG TY TNHH THƯƠNG MẠI VÀ DỊCH VỤ ĐỨC THIỆN PHÁT,382747104,0382747104
CÔNG TY TNHH PHÒNG CHÁY CHỮA CHÁY MINH THỊNH PHÁT,337382221,0337382221
CÔNG TY TNHH SX &TM DV TRẦN ANH KHÔI,941768046,0941768046
CÔNG TY TNHH CƠM NIÊU QUANG NGUYỄN,966557889,0966557889
CÔNG TY TNHH DƯƠNG HƯƠNG HK,349717579,0349717579
CÔNG TY TNHH THIÊN QUANG VN,909215932,0909215932
CÔNG TY TNHH MTV HÀO GIA HÂN,913850499,0913850499
CÔNG TY TNHH BCT ENERGY,976005113,0976005113
CÔNG TY TNHH SẢN XUẤT THƯƠNG MẠI DỊCH VỤ LƯU LỘC PHÁT,966379479,0966379479
CÔNG TY TNHH TỰ ĐỘNG HÓA P.H.A,947502781,0947502781
CÔNG TY TNHH MAI ANH NGUYỄN GROUP,903799838,0903799838
CÔNG TY TNHH LN PREMIUM BEAUTY CENTER,934228499,0934228499
CÔNG TY TNHH THIẾT BỊ CƠ GIỚI PHƯỢNG HOÀNG,933584598,0933584598
CÔNG TY TNHH SẢN XUẤT THƯƠNG MẠI CHÂU HOÀNG HÀ,335506051,0335506051
CÔNG TY TNHH THƯƠNG MẠI DỊCH VỤ VẬN TẢI HOÀNG GIA BẢO,9.38839E+15,09388391790942100
CÔNG TY TNHH DV VẬN TẢI MINH THIỆN,987633599,0987633599
CÔNG TY TNHH JAYBEE CHEMTECH,977094710,0977094710
CÔNG TY TNHH THƯƠNG MẠI DỊCH VỤ LÂM VI PHÁT,8.34167E+13,083416689909438
CÔNG TY TNHH GIÁO DỤC ĐÀO TẠO DIARK,388764939,0388764939
CÔNG TY TNHH THƯƠNG MẠI DỊCH VỤ CÔNG NGHỆ LT,344805850,0344805850
CÔNG TY TNHH TH TÁI SINH,913712772,0913712772
CÔNG TY TNHH GIX VN,794186152,0794186152
CÔNG TY TNHH THƯƠNG MẠI THÉP TÂM ĐỨC PHÁT,988175899,0988175899
CÔNG TY TNHH MTV DU LỊCH VẬN TẢI TRANG ANH,902839176,0902839176
CÔNG TY TNHH ĐIỆN CƠ HOÀNG HUY,798011530,0798011530
CÔNG TY TNHH ĐẠI NAM HOA,938622889,0938622889
CÔNG TY TNHH TM DV SX SENFOR VIỆT NAM,919102379,0919102379
CÔNG TY TNHH THƯƠNG MẠI DỊCH VỤ HOÀNG KIM HƯƠNG,3632107612,03632107612
CÔNG TY TNHH CƠ KHÍ XÂY DỰNG GIANG HỢP PHÁT,988188453,0988188453
CÔNG TY TNHH KIM MINH KIÊN,988685841,0988685841
CÔNG TY TNHH WELLINS VIỆT NAM,2513940222,02513940222
CÔNG TY TNHH GIÁO DỤC DƯƠNG KHÔI NGUYÊN,918537316,0918537316
CÔNG TY TNHH LONG TIÊN PHÁT,972898766,0972898766
CÔNG TY TNHH KVX,982556800,0982556800
CÔNG TY TNHH THƯƠNG MẠI DỊCH VỤ KIM KHÍ DIỆP TIẾN,936133357,0936133357
CÔNG TY TNHH THƯƠNG MẠI DỊCH VỤ IN ẤN TÚ ANH,377620630,0377620630
CÔNG TY TNHH PHÚ KIM NGỌC,906807080,0906807080
CÔNG TY TNHH FUTUREX,383870174,0383870174
CÔNG TY TNHH TM&DV KHÁNH PHÁT TTA,363201454,0363201454
CÔNG TY TNHH CÔNG NGHIỆP DONA TRẦN,908309859,0908309859
CÔNG TY TNHH TMDV TÂM AN GROUP,908559039,0908559039
CÔNG TY TNHH CÔNG NGHỆ ĐIỆN TỬ TÍN HUY,965132886,0965132886
CÔNG TY TNHH THƯƠNG MẠI - DỊCH VỤ - XUẤT NHẬP KHẨU KB VIỆT NAM,984553880,0984553880
CÔNG TY CỔ PHẦN DƯỢC LIỆU HỒ CẦU MỚI ĐỒNG NAI,961097111,0961097111
CÔNG TY TNHH TAILOR INTERNATIONAL,902672269,0902672269
CÔNG TY TNHH MAY MẶC QUYẾT TIẾN,989716063,0989716063
CÔNG TY TNHH NAM DƯỢC ĐỀN TRẦN,933114860,0933114860
CÔNG TY TNHH TRUNG TÂM HUỲNH NHƯ,966907858,0966907858
CÔNG TY CỔ PHẦN TUỆ HÂN GROUP,979090560,0979090560
CÔNG TY TNHH TIỆN ÍCH NHANH,939739668,0939739668
CÔNG TY TNHH PHÁT THẢO KHÍ,779285309,0779285309
CÔNG TY TNHH CƠ ĐIỆN LẠNH NGUYỄN HẬU,961957127,0961957127
CÔNG TY TNHH TM DẦU KHÍ HOÀNG ANH,335987039,0335987039
CÔNG TY TNHH THƯƠNG MẠI VÀ DỊCH VỤ VẬN TẢI THUẬN THIÊN VƯƠNG,965741118,0965741118
CÔNG TY TNHH DƯỢC PHẨM LÝ NGỌC HÂN,966777616,0966777616
CÔNG TY TNHH DỊCH VỤ QUẢNG CÁO THIÊN KIỆT PHÁT,944750568,0944750568
CÔNG TY TNHH NẦY TRUNG,7.8535E+12,07853503150796
CÔNG TY TNHH TM DV PP CÁT TƯỜNG,985253044,0985253044
CÔNG TY TNHH TRƯỜNG HOÀNG KHÁNH,963842920,0963842920
CÔNG TY TNHH NGỌC TÚ FOOD,786794931,0786794931
CÔNG TY TNHH BIOMASS CHẤN PHONG,903973337,0903973337
CÔNG TY TNHH MỘT THÀNH VIÊN TM DV TOÀN GIA THỊNH,908011251,0908011251
CÔNG TY TNHH MTV KHANG VỸ,972042266,0972042266
CÔNG TY TNHH THƯƠNG MẠI DỊCH VỤ LS NEW,908233879,0908233879
CÔNG TY TNHH SẮT THÉP MƯỜI PHÁT,979822989,0979822989
CÔNG TY TNHH KHUÊ SHORT PLUS,779129762,0779129762
CÔNG TY TNHH XÂY DỰNG PC HOÀNG PHƯƠNG,392787984,0392787984
CÔNG TY TNHH ĐIỆN LẠNH GPT,392345253,0392345253
CÔNG TY TNHH KIẾN TRÚC VÀ NỘI THẤT KIẾN AN DESIGN,911662612,0911662612
CÔNG TY TNHH NƯỚC UỐNG ĐẠI QUÊN,776877268,0776877268
CÔNG TY TNHH XÂY DỰNG VÀ THIẾT KẾ DC,788888077,0788888077
CÔNG TY TNHH BIGCHICK VIỆT NAM,833338168,0833338168
CÔNG TY TNHH THƯƠNG MẠI DỊCH VỤ VẬN TẢI ÁI VY,372422110,0372422110
CÔNG TY TNHH NGỌC TÂM ĐỒNG NAI,943964595,0943964595
CÔNG TY TNHH XÂY DỰNG TOÀN CHUNG BLUE,918880627,0918880627
CÔNG TY TNHH HOÀNG GIANG FOOD,941983979,0941983979
CÔNG TY TNHH GEM ENTERTAINMENT,886688890,0886688890
CÔNG TY TNHH HỌC VIỆN KIẾN THỨC VIỆT,9.33629E+15,09336291370347170
CÔNG TY TNHH KOKOSA,398915555,0398915555
CÔNG TY TNHH XÂY DỰNG MỸ THUẬT THANH BÌNH,978456479,0978456479
CÔNG TY TNHH XE MÁY GIA KHANG,862393960,0862393960
CÔNG TY TNHH HẠ HẢI NGÂN,896149878,0896149878
CÔNG TY TNHH BÁNH TÂY NGON,787263992,0787263992
CÔNG TY TNHH ERA VIỆT NAM VĨNH THỊNH,389861986,0389861986
CÔNG TY TNHH NHỰA TALI VIỆT NAM,2513683758,02513683758
CÔNG TY LUẬT TNHH ÁNH VIỆT,977865759,0977865759
VĂN PHÒNG ĐẠI DIỆN FORIMPEX INC. TẠI TỈNH ĐỒNG NAI,909993212,0909993212
CÔNG TY TNHH THƯƠNG MẠI CHẤT ĐỐT XANH CÔNG NGHIỆP,964555569,0964555569
ĐỒN CÔNG AN KHU CÔNG NGHIỆP NHƠN TRẠCH,2513569700,02513569700
CÔNG TY TNHH THƯƠNG MẠI DỊCH VỤ Ô TÔ CÔNG THÀNH,334644924,0334644924
CÔNG TY CỔ PHẦN THƯƠNG MẠI DỊCH VỤ NHÂN TÀI ĐỨC,912522133,0912522133
CÔNG TY TNHH THÚ Y ANV,349175654,0349175654
CÔNG TY TNHH MTV CÂY XANH CẢNH QUAN HIỆP PHÁT,974242579,0974242579
CÔNG TY TNHH GIÁO DỤC NAM TRUNG ĐÔNG,834567399,0834567399
CÔNG TY TNHH NGŨ KIM BẢO THẮNG,903631819,0903631819
CÔNG TY TNHH TM SINH THÁI ECO VIỆT NAM,938302666,0938302666
CÔNG TY CỔ PHẦN KIỂM ĐỊNH ĐO LƯỜNG KHU VỰC 3,398770114,0398770114
CÔNG TY TNHH THƯƠNG MẠI DỊCH VỤ THÀNH YÊN CHI,862878717,0862878717
CÔNG TY TNHH KIẾN TRÚC NỘI THẤT XÂY DỰNG AN GIA PHÁT,911196979,0911196979
CÔNG TY TNHH VẬN TẢI LOGISTIC LONG THÀNH TÂN,976769936,0976769936
CÔNG TY TNHH TÂM AN PAPER,777730887,0777730887
CÔNG TY TNHH P.N PHAN NGỌC,909856449,0909856449
CÔNG TY CỔ PHẦN DOSA ĐẠI PHƯỚC GROUP,3787711,03787711
CÔNG TY TNHH XUẤT NHẬP KHẨU THƯƠNG MẠI VÀ DỊCH VỤ ANH PHÁT,937647668,0937647668
CÔNG TY TNHH MTV NGÔ XUÂN VINH,988775908,0988775908
CÔNG TY TNHH TM DV BÌNH MINH ĐẠI PHÁT,984441331,0984441331
CÔNG TY TNHH VẬN TẢI SƠN HÙNG PHÁT,966373426,0966373426
CÔNG TY TNHH RVN FIBERS,907402501,0907402501
CÔNG TY TNHH POWER MIC,949852231,0949852231
CÔNG TY TNHH ĐẦU TƯ PHÁT TRIỂN THÁC TRỜI,939977959,0939977959
CÔNG TY TNHH ĐC FOOD,913608473,0913608473
CÔNG TY TNHH KỸ THUẬT HOÀNH LONG,918616365,0918616365
HỢP TÁC XÃ NHƠN TRẠCH,913007777,0913007777
CÔNG TY TNHH THƯƠNG MẠI DỊCH VỤ PHÁT TRIỂN PHƯƠNG HOA,981624241,0981624241
CÔNG TY TNHH THƯƠNG MẠI DỊCH VỤ VÀ XUẤT KHẨU NAM ANH,876477673,0876477673
CÔNG TY TNHH MỘT THÀNH VIÊN DNT VIỆT NAM,838093979,0838093979
CÔNG TY TNHH TRẮC ĐỊA TÙNG LÂM,978470614,0978470614
CÔNG TY TNHH Y TẾ GIÁO DỤC NGUYỄN HOÀNG,97278179,097278179
CÔNG TY TNHH ENTER VINA,896145635,0896145635
CÔNG TY TNHH XNK NÔNG SẢN THẢO THỌ,932801919,0932801919
CÔNG TY TNHH ĐẦU TƯ VÀ DỊCH VỤ HATTO,941554901,0941554901
CÔNG TY TNHH GREEN GARDEN VN,839437868,0839437868
CÔNG TY TNHH THƯƠNG MẠI DỊCH VỤ PHÁT TRIỂN LÂM NHIÊN,966644685,0966644685
CÔNG TY TNHH DV & TM HƯNG THỊNH PHÁT AUTO,978129394,0978129394
CÔNG TY TNHH MAI CƯỜNG PHÁT,9.08322E+17,0908321990209690000
CÔNG TY TNHH DV BỐC XẾP TRUNG HIẾU,825725527,0825725527
CÔNG TY TNHH DENVER GARMENT MANUFACTURING,901662216,0901662216
CÔNG TY TNHH VẬN TẢI VÀ XÂY DỰNG HL GROUP,702970070,0702970070
CÔNG TY CP ĐẦU TƯ PHÁT TRIỂN VÀ DỊCH VỤ TAM THÀNH PHÁT,934890957,0934890957
CÔNG TY TNHH BẤT ĐỘNG SẢN NHÀ ĐẤT LONG KHÁNH -THIỆN,838958585,0838958585
CÔNG TY TNHH DV & TM NATURAL HEALTH,938953774,0938953774
CÔNG TY TNHH LƯƠNG THỰC THỰC PHẨM THÀNH NHƯ,972266751,0972266751
CÔNG TY TNHH NHÂN HOÀ STAFFING,879897368,0879897368
CÔNG TY TNHH THƯƠNG MẠI DỊCH VỤ STRONG & SAFE,975345224,0975345224
CÔNG TY TNHH NHA KHOA THẨM MỸ NỤ CƯỜI XINH,974474735,0974474735
CÔNG TY TNHH PHÁT TRIỂN HẠ TẦNG VIỄN THÔNG THUẬN ĐỨC,946624666,0946624666
CÔNG TY TNHH LN LINH NGUYỄN,888678713,0888678713
CÔNG TY TNHH THỊNH TIÊN NHI,985834821,0985834821
CÔNG TY TNHH XÂY DỰNG THƯƠNG MẠI NAM KIM PHÁT,977075452,0977075452
CÔNG TY TNHH MÁY TÍNH HÀ GIA PHÁT,703039145,0703039145
CÔNG TY TNHH SẢN XUẤT VÀ THƯƠNG MẠI TRƯỜNG KIM,965275357,0965275357
CÔNG TY TNHH HOÀ BÌNH FURNITURE,977835584,0977835584
CÔNG TY TNHH TMDV DƯƠNG KHANG PHÁT,7.05991E+17,0705991111090978000
CÔNG TY CỔ PHẦN ĐẦU TƯ AC.CONS VN,974066879,0974066879
CÔNG TY TNHH VIỆT NAM MERATECH ADVANCED MATERIAL,88635513223,088635513223
CÔNG TY TNHH CÔNG NGHỆ SHENJIE VIỆT NAM,975238190,0975238190
CÔNG TY TNHH NEWENVICO,933192333,0933192333
CÔNG TY TNHH PHỤ TÙNG XE MÁY NGUYỄN ANH,2513985212,02513985212
CÔNG TY TNHH TMDV SẢN XUẤT HUỲNH PHƯỚC,328366163,0328366163
CÔNG TY TNHH CK BÁCH KHOA VN,347431583,0347431583
CÔNG TY TNHH THƯƠNG MẠI PHÂN PHỐI HEO VÀNG,915685760,0915685760
CÔNG TY TNHH THƯƠNG MẠI DỊCH VỤ FARM VŨ,865979179,0865979179
CÔNG TY TNHH DR.HOME HN,399783494,0399783494
CÔNG TY TNHH NAM LINH NHI,965512709,0965512709
CÔNG TY TNHH TM-DV THANH PHÚC HẬU,987794478,0987794478
CÔNG TY TNHH MTV VÀNG BẠC ĐÁ QUÝ KIM TÂN PHÁT LUXURY,938023686,0938023686
CÔNG TY TNHH THƯƠNG MẠI DỊCH VỤ DƯƠNG GIA DIGITAL,919069683,0919069683
CÔNG TY TNHH ĐẦU TƯ VÀ PHÁT TRIỂN NÔNG NGHIỆP THỊNH VƯỢNG,97817741,097817741
CÔNG TY TNHH TƯ VẤN ĐẦU TƯ XD ĐỨC HÀ,964594999,0964594999
CÔNG TY TNHH THÁI MỸ VNP,918820182,0918820182
CÔNG TY TNHH THIẾT KẾ XÂY DỰNG THƯƠNG MẠI DỊCH VỤ NGUYÊN SƠN FURNITURE,937238078,0937238078
CÔNG TY CP XÂY DỰNG VÀ PHÁT TRIỂN BẤT ĐỘNG SẢN HKT,945171987,0945171987
CÔNG TY TNHH MỘT THÀNH VIÊN DẦU KHÍ ĐỨC PHÁT,398578567,0398578567
CÔNG TY TNHH PALLET GIA BẢO,937098783,0937098783
CÔNG TY TNHH XÂY DỰNG NHÀ XINH TÂM ĐỨC,399958258,0399958258
CÔNG TY TNHH THƯƠNG MẠI DỊCH VỤ MAY MẶC A&H,9329807399,09329807399
CÔNG TY TNHH GỐM TRUYỀN THỐNG BIÊN HOÀ,936143772,0936143772
CÔNG TY TNHH TM DEV VN,936895323,0936895323
CÔNG TY TNHH DV VẬN TẢI TÂN MINH KHÔI,918004466,0918004466
CÔNG TY TNHH YOUTONG (VIỆT NAM),967105716,0967105716
CÔNG TY TNHH SẢN PHẨM CAO SU CHÍNH XÁC VIETNAM-YEDA,8.10369E+11,0810368608598
CÔNG TY TNHH WANHE INTERNATIONAL,862585863,0862585863
CÔNG TY TNHH VMD TECH,9112603205,09112603205
CÔNG TY TNHH MỘT THÀNH VIÊN THÀNH ĐẠT ĐỒNG NAI,913675928,0913675928
CÔNG TY TNHH TM DV Ô TÔ HD,909395521,0909395521
CÔNG TY TNHH SẢN XUẤT - XÂY DỰNG & VÀNG BẠC ĐÁ QUÝ LIÊM,566797979,0566797979
CÔNG TY TNHH MỘC NHÂN PHÁT,392054639,0392054639
CÔNG TY TNHH THƯƠNG MẠI DV VẬN TẢI THIÊN PHÁT PHÁT,907361729,0907361729
CÔNG TY TNHH CHO THUÊ VÀ VẬN CHUYỂN XE CƠ GIỚI ĐỨC HUY,979555492,0979555492
CÔNG TY CỔ PHẦN TRABO GROUP,961449451,0961449451
CÔNG TY TNHH HÓA CHẤT JINLIDA QINGDAO,824235453,0824235453
CÔNG TY TNHH THƯƠNG MẠI DỊCH VỤ SẢN XUẤT TH79,963970279,0963970279
CÔNG TY TNHH TƯ VẤN THIẾT KẾ XÂY DỰNG CÔNG TRÌNH MAI LÂM,899038287,0899038287
CÔNG TY TNHH MTV THIẾT KẾ XÂY DỰNG KIÊN CƯỜNG,915751308,0915751308
CÔNG TY TNHH TM DV VẬN TẢI NHẬT DUY,392477779,0392477779
CÔNG TY TNHH MỘT THÀNH VIÊN VẬN TẢI ĐÌNH CƯỜNG,945150707,0945150707
CÔNG TY TNHH DỊCH VỤ XÂY DỰNG 239,971013275,0971013275
CÔNG TY TNHH SẢN XUẤT VÀ THƯƠNG MẠI BẢO SANG,785852584,0785852584
CÔNG TY TNHH VẬN TẢI HUY THÀNH PHÁT,815668368,0815668368
CÔNG TY TNHH NGOẠI NGỮ HOA VĂN BẢO BÌNH,909405379,0909405379
CÔNG TY TNHH SHAF MUHAMMAD,814272474,0814272474
CÔNG TY CỔ PHẦN QUỐC THẮNG FOOD,911148093,0911148093
CÔNG TY TNHH CÔNG NGHỆ SẢN XUẤT LỘC NAM PHÁT,911712068,0911712068
CÔNG TY TNHH LỘC KHÁNH VY,909122966,0909122966
CÔNG TY TNHH SẢN XUẤT THƯƠNG MẠI HỒNG ANH PHÁT,902850414,0902850414
CÔNG TY TNHH TM DV VẬN TẢI QUANG VINH THỊNH,907362859,0907362859
CÔNG TY TNHH NHUNG NHỰA,389749372,0389749372
CÔNG TY TNHH GIÁO DỤC VÀ ĐÀO TẠO ANH NGỮ HOÀNG KIM,963231752,0963231752
CÔNG TY TNHH CƠ KHÍ KỸ THUẬT CÔNG NGHIỆP HOÀNG NHIÊN,938650234,0938650234
CÔNG TY TNHH THỦ CÔNG Y HỌC,373331691,0373331691
CÔNG TY TNHH CƠ KHÍ XÂY DỰNG ANH MINH PHÁT,989132075,0989132075
CÔNG TY TNHH ĐT TM-DV TRÍ THÀNH,994345979,0994345979
CÔNG TY TNHH DV TM HOÀNG LÂM,865986878,0865986878
CÔNG TY TNHH OTO NHẬP KHẨU ĐÌNH DŨNG,522296164,0522296164
CÔNG TY TNHH THANH TRÚC LK,908581205,0908581205
CÔNG TY TNHH GỖ AN THÀNH,372387955,0372387955
CÔNG TY TNHH SẢN PHẨM KIM LOẠI TONGSHUN (VIỆT NAM),8.65139E+12,08651386116548
CÔNG TY TNHH DỊCH VỤ THƯƠNG MẠI KỸ THUẬT THIÊN KIM,933947558,0933947558
CÔNG TY TNHH AUTO VĂN LONG,522292539,0522292539
CÔNG TY TNHH OGRANGEFAP,986123523,0986123523
CÔNG TY TNHH VẬN CHUYỂN PHẠM THY,792887297,0792887297
CÔNG TY TNHH TM XNK GIA THÀNH,786499899,0786499899
CÔNG TY TNHH BẾN THỦY NỘI ĐỊA THANH THẢO,797939229,0797939229
CÔNG TY TNHH NÔNG SẢN TRIỀU CHÂU,901666588,0901666588
CÔNG TY TNHH EVOSPHERE SOLUTIONS,966166456,0966166456
DOANH NGHIỆP TƯ NHÂN KINH DOANH VÀNG KIM LÝ,932092585,0932092585
CÔNG TY TNHH CƠ KHÍ XÂY DỰNG GH E&C,9.71172E+15,09711722120329010
CÔNG TY TNHH ĐIỆN HUY HOÀNG,898993412,0898993412
CÔNG TY TNHH THIẾT KẾ XÂY DỰNG NỘI THẤT KỲ ANH,388388770,0388388770
CÔNG TY TNHH GỖ ĐẠI PHÚ MINH,907332330,0907332330
CÔNG TY TNHH THƯƠNG MẠI ĐÌNH THIÊN PHÚC,906365121,0906365121
CÔNG TY TNHH TMDV MỘC TÙNG LÂM,908048092,0908048092
CÔNG TY TNHH VINVET,931121287,0931121287
CÔNG TY TNHH SẢN XUẤT THƯƠNG MẠI CƠ KHÍ LINH KHANG PHÁT,947566296,0947566296
CÔNG TY TNHH DẦU GIÂY SKY,902006736,0902006736
CÔNG TY TNHH XÂY DỰNG CƠ ĐIỆN PHÁT HUY,918528901,0918528901
CÔNG TY TNHH THƯƠNG MẠI VÀ DỊCH VỤ BÌNH AN NÔNG,9.87734E+13,098773394970967
CÔNG TY TNHH GIÁO DỤC ANH NGỮ VIỆT ANH,86647913,086647913
CÔNG TY TNHH TMDV & SX TÂY NGUYÊN XANH,397655659,0397655659
CÔNG TY TNHH THƯƠNG MẠI DỊCH VỤ KHÁNH HÒA VIỆT FOODS NEST,963486878,0963486878
CÔNG TY TNHH SẢN XUẤT THƯƠNG MẠI VÀ DỊCH VỤ ĐÔNG PHƯƠNG VN,973759379,0973759379
CÔNG TY TNHH TƯ VẤN DỊCH VỤ PHÁP LÝ TÂM VIỆT,948399150,0948399150
CÔNG TY TNHH PHÁT TRIỂN NHÂN LỰC TIỀM NĂNG VIỆT,935234685,0935234685
CÔNG TY TNHH XD AN LỘC PHÁT,969867982,0969867982
CÔNG TY TNHH SẢN XUẤT THƯƠNG MẠI PHONG TRẦN FOOD,898397606,0898397606
CÔNG TY TNHH CHÍNH XÁC JINGZHI,2518966189,02518966189
CÔNG TY TNHH THANH HƯNG ĐỒNG NAI,985229516,0985229516
CÔNG TY TNHH SẢN XUẤT VÀ DỊCH VỤ TÔN NGUYỄN,961725774,0961725774
CÔNG TY TNHH XPLUS HOLDING,943160584,0943160584
CÔNG TY TNHH THUẬN VƯỢNG,961618775,0961618775
CÔNG TY TNHH ĐẦU TƯ XÂY DỰNG CƠ ĐIỆN ANH QUÂN,989515114,0989515114
CÔNG TY TNHH MỘT THÀNH VIÊN XUẤT NHẬP KHẨU HỢP NHẤT,251837199,0251837199
CÔNG TY TNHH NAM YANG,818879869,0818879869
CÔNG TY TNHH TM DV Ô TÔ MINH HIẾU,966392926,0966392926
CÔNG TY TNHH GREENIE TOWN,911194212,0911194212
CÔNG TY TNHH ĐÔ THỊ XANH DONA,946100884,0946100884
CÔNG TY TNHH TMDV KIM BẢO PHÁT,913790511,0913790511
CÔNG TY TNHH MỘT THÀNH VIÊN CƠ KHÍ AN BÌNH PHÁT,918691123,0918691123
CÔNG TY TNHH NAKANO PRECISION VIỆT NAM,337991885,0337991885
CÔNG TY TNHH PHƯƠNG BẢO NHI,918361535,0918361535
"CÔNG TY TNHH TM, KỸ THUẬT GIA PHÁT",989594879,0989594879
CÔNG TY TNHH XÂY DỰNG VÀ THƯƠNG MẠI ĐĂNG VŨ,326646338,0326646338
CÔNG TY TRÁCH NHIỆM HỮU HẠN PHÚ QUANG DANH,933117234,0933117234
CÔNG TY TNHH THƯƠNG MẠI XUẤT NHẬP KHẨU GIANG NAM PHÁT,342998887,0342998887
CÔNG TY TNHH LT AN NHÂN,702928559,0702928559
CÔNG TY TNHH SẢN XUẤT THƯƠNG MẠI LÊ VI,775943953,0775943953
CÔNG TY TNHH XÂY DỰNG ĐÔ THỊ ĐỒNG NAI,918740356,0918740356
CÔNG TY TNHH THƯƠNG MẠI SẢN XUẤT LỘC KHANG PHÁT,388433142,0388433142
CÔNG TY TNHH MTV HƯNG NGUYỄN,903114422,0903114422
CÔNG TY TNHH NOKKI FARM GROUP,973851005,0973851005
CÔNG TY TNHH ANH QUÂN PHÁT FURNIMETAL,972368439,0972368439
CÔNG TY TNHH TMDV ĐẠI HƯNG,368874738,0368874738
CÔNG TY TNHH MINH BẢO AUTO,908368604,0908368604
CÔNG TY TNHH THƯƠNG MẠI DỊCH VỤ CƠ ĐIỆN ĐỨC AN,966110770,0966110770
CÔNG TY TNHH MTV BEST EXPRESS DẦU GIÂY,964725426,0964725426
CÔNG TY TNHH PHÚC ĐẠI HẢI,918035785,0918035785
CÔNG TY TNHH PHÚC NGỌC HẢI,938733545,0938733545
CÔNG TY TNHH RIEDLBERGER GMBH,374436138,0374436138
CÔNG TY TNHH TMDV HUỲNH HƯƠNG,933226470,0933226470
CÔNG TY CỔ PHẦN NỀN TẢNG XANH,349162304,0349162304
CÔNG TY TNHH THIẾT KẾ XÂY DỰNG HTH XUÂN HIẾU,919629649,0919629649
CÔNG TY TNHH VT CHARGING ĐỒNG NAI,777160292,0777160292
CÔNG TY TNHH VẬN TẢI THANH HẰNG PHÁT,359029379,0359029379
CÔNG TY TNHH THƯƠNG MẠI DỊCH VỤ PHÚ CƯỜNG PLUS,928479779,0928479779
CÔNG TY TNHH THIẾT BỊ ĐIỆN VÀ XÂY DỰNG AN VINH,963213317,0963213317
CÔNG TY TNHH NHƯ HỒNG PHÁT,332500350,0332500350
CÔNG TY TNHH TM DV CƠ KHÍ QUANG DŨNG,869954579,0869954579
CÔNG TY TNHH NGŨ KIM KIM HUY VIỆT NAM,786649482,0786649482
CÔNG TY TNHH TM - SX CƠ KHÍ CAO GIA PHÁT,918926897,0918926897
CÔNG TY TNHH GIÁO DỤC KHẢI ĐĂNG,933555109,0933555109
CÔNG TY CỔ PHẦN KỸ NGHỆ THƯƠNG MẠI WSP,846339579,0846339579
CÔNG TY TNHH GARAGE Ô TÔ TÂN HOÀNG PHÁT,979655542,0979655542
CÔNG TY TNHH LUẬT VŨ HUỲNH,918419499,0918419499
CÔNG TY TNHH NƯỚC TINH KHIẾT HAI YAN,975507598,0975507598
CÔNG TY TNHH THƯƠNG MẠI DỊCH VỤ THÁI KHANG TIRES,982594567,0982594567
CÔNG TY TNHH XÂY DỰNG THƯƠNG MẠI DỊCH VỤ AN ĐỨC PHÁT,974004779,0974004779
CÔNG TY TNHH KHÔI NGUYÊN AGRI,968995821,0968995821
CÔNG TY TNHH NGÔI NHÀ SỨC KHỎE THIÊN HƯƠNG ĐƯỜNG ĐỒNG NAI,379926234,0379926234
CÔNG TY TNHH KỸ THUẬT CÔNG NGHIỆP ĐỨC TIẾN,389680201,0389680201
CÔNG TY TNHH VÀNG TRANG SỨC BẢO NGỌC BNJ,974411808,0974411808
CÔNG TY TNHH THƯƠNG MẠI DỊCH VỤ VÀ XÂY DỰNG ĐỒNG TIẾN DŨNG,909909333,0909909333
CÔNG TY TNHH TMDV XUẤT NHẬP KHẨU KIM ĐỨC,935630758,0935630758
CÔNG TY TNHH MTV METRICS HONG KONG PVT,937626762,0937626762
CÔNG TY TNHH SẢN XUẤT LVHA,913942544,0913942544
CÔNG TY TNHH TỔ CHỨC SỰ KIỆN GIẢI TRÍ DÂN GIAN THIẾU NHI MINH TRỰC,336419838,0336419838
CÔNG TY TNHH TUẤN NAM SƠN,978543657,0978543657
CÔNG TY TNHH SX TM DV MTV PHÚC VINH PHÁT,839680069,0839680069
CÔNG TY TNHH THẢO NGUYÊN LONG THÀNH,938453567,0938453567
CÔNG TY TNHH TM & DV TRÍ THÀNH LOGISTICS,935070718,0935070718
CÔNG TY TNHH TRANG PHƯƠNG AGRI,931260347,0931260347
CÔNG TY TNHH GIAO NHẬN THIÊN BẢO,937467336,0937467336
CÔNG TY TNHH KHOA HỌC THÔNG MINH FU BING KANG VIỆT NAM,359281592,0359281592
CÔNG TY TNHH HOÀNG THẢO VY,964064023,0964064023
CÔNG TY TNHH THƯƠNG MẠI DỊCH VỤ SỬA CHỮA GIA LẠC PHÁT,385039300,0385039300
CÔNG TY TNHH CƠ KHÍ NGUYỄN GIA PHÁT,943585292,0943585292
CÔNG TY TNHH ĐẦU TƯ KIẾN TRÚC XÂY DỰNG TÁ PHAN,9.09456E+12,09094563120962
CÔNG TY TNHH NL IEC,762214756,0762214756
CÔNG TY TNHH THIÊN BẢO NGUYÊN INTERNATIONAL,912290221,0912290221
CÔNG TY TNHH XÂY DỰNG MỸ THUẬT HUẾ,946552938,0946552938
CÔNG TY TNHH TM SÔNG LAM,986639993,0986639993
CÔNG TY TNHH PALLET PHI HÙNG,933143191,0933143191
CÔNG TY TNHH THÀNH THÀNH KÝ,908504052,0908504052
CÔNG TY TNHH SƠN ĐỒNG THỊNH,913102472,0913102472
CÔNG TY TNHH KN DENTAL GROUP,325047375,0325047375
CÔNG TY TNHH XÂY DỰNG VÀ THƯƠNG MẠI NAM ANH ĐỒNG NAI,906868099,0906868099
CÔNG TY TNHH KINH DOANH THT EDUCATION,932526283,0932526283
CÔNG TY TNHH TM VẬT LIỆU XÂY DỰNG TỔNG HỢP ĐÔNG HOÀ,8993219915,08993219915
CÔNG TY CỔ PHẦN TẬP ĐOÀN QUỐC PHƯƠNG VIỆT NAM,768391349,0768391349
CÔNG TY TNHH THƯƠNG MẠI ĐẦU TƯ XÂY DỰNG SƠN VINH,937974902,0937974902
CÔNG TY TNHH MTV GENLY,917241153,0917241153
CÔNG TY TNHH LÂM HIỆP MACHINERY,982220138,0982220138
CÔNG TY TNHH MTV LUÂN MINH PHÁT,327276627,0327276627
CÔNG TY TNHH NGOẠI NGỮ MS NHUNG,349231190,0349231190
CÔNG TY CỔ PHẦN THƯƠNG MẠI XÂY DỰNG BLB LONG THÀNH,966669466,0966669466
CÔNG TY TNHH XUÂN VŨ PHÁT,973888726,0973888726
CÔNG TY TNHH THƯƠNG MẠI DỊCH VỤ KIM TÍN AN,911280589,0911280589
CÔNG TY TNHH THƯƠNG MẠI DỊCH VỤ 820,918970820,0918970820
CÔNG TY TNHH THƯƠNG MẠI BẢO PHÚC FOOD,965256364,0965256364
CÔNG TY CỔ PHẦN ĐẦU TƯ VÀ QUẢN TRỊ DỊCH VỤ CÔNG NGHIỆP HKT,945171987,0945171987
CÔNG TY TNHH MTV TRÍ TRƯỜNG,906858216,0906858216
CÔNG TY TNHH ƯƠM MẦM NHỮNG ƯỚC MƠ,984396698,0984396698
"CÔNG TY TNHH XÂY DỰNG & DỊCH VỤ THƯƠNG MẠI, KHOÁNG SẢN, XUẤT NHẬP KHẨU UNIVERSE",984106784,0984106784
CÔNG TY TNHH LANEWOOD INDUSTRY VIỆT NAM,365071268,0365071268
CÔNG TY TNHH QUẢN LÝ NHIỆT ATHERM (VIỆT NAM),369919939,0369919939
CÔNG TY TNHH WINWAY DEVELOP VIỆT NAM,9770957121,09770957121
CÔNG TY TRÁCH NHIỆM HỮU HẠN TRANG THIẾT BỊ VẬT TƯ Y TẾ SOLUMED,396981547,0396981547
CÔNG TY TNHH MTV TÂM AN NHI,847876666,0847876666
CÔNG TY TNHH TM DV VẬN TẢI MAI TIẾN ĐẠT,984822032,0984822032
CÔNG TY TNHH PHÁT TRIỂN VẬN TẢI KIM NGÂN PHÁT,943840840,0943840840
CÔNG TY TNHH SINH THÁI VÀ MÔI TRƯỜNG NEVAK,707276595,0707276595
CÔNG TY TNHH THƯƠNG MẠI DỊCH VỤ XÂY DỰNG VTK,969439635,0969439635
CÔNG TY TNHH SẢN XUẤT BAO BÌ HVT,356252623,0356252623
CÔNG TY TNHH HOÀNG DUNG BIOMASS,944145986,0944145986
CÔNG TY TNHH VẬN TẢI PHÚC BẢO KHANG,937415438,0937415438
CÔNG TY TNHH THÉP NAM LONG PHÁT,902007913,0902007913
CÔNG TY TNHH KIM HOÀNG PHÁT HY,387551209,0387551209
CÔNG TY CỔ PHẦN CƠ KHÍ MẠNH TRƯỜNG,773110387,0773110387
CÔNG TY TNHH KIM LONG PHÁT GROUP,789387888,0789387888
CÔNG TY TNHH SẢN XUẤT THƯƠNG MẠI SƠN ÁNH DƯƠNG,986419360,0986419360
CÔNG TY TNHH CÔNG NGHỆ VÀ SỰ KIỆN VPA,908793793,0908793793
CÔNG TY TNHH CƠ KHÍ XÂY DỰNG NGUYÊN BẢO,9.33002E+12,09330020000983
CÔNG TY TNHH SƠN THUẬN NHIÊN,945889686,0945889686
CÔNG TY TNHH NEXSOURCE,989963704,0989963704
CÔNG TY TNHH LUYỆN CHỮ ĐẸP CÔ THẮM,908469814,0908469814
CÔNG TY TNHH THƯƠNG MẠI DỊCH VỤ SANDS NAM VIỆT,908329076,0908329076
CÔNG TY TNHH CÔNG NGHIỆP GỖ HENGSHENG,982258846,0982258846
CÔNG TY TNHH THƯƠNG MẠI BẾP NHÀ KHƠ,981992785,0981992785
CÔNG TY TNHH MTV ĐIỆN LẠNH THANH THẾ,981786407,0981786407
CÔNG TY TNHH CƠ ĐIỆN HÙNG ANH,937697095,0937697095
CÔNG TY TNHH THƯƠNG MẠI SẢN XUẤT KANGNAMVINA,329755443,0329755443
CÔNG TY TNHH THIÊN ÂN LÝ,983751536,0983751536
DNTN KINH DOANH VÀNG BẠC ĐÁ QUÝ KIM TÂM,345355330,0345355330
CÔNG TY TNHH TM DV CHÂU LỘC AN,399606879,0399606879
CÔNG TY TNHH SX TM TAKA,979735757,0979735757
CÔNG TY TNHH TM DV VẬN CHUYỂN TUYẾN SN,899006820,0899006820
CÔNG TY TNHH THƯƠNG MẠI DỊCH VỤ Ô TÔ TÂN MINH PHÁT,937017607,0937017607
CÔNG TY CỔ PHẦN MÔI TRƯỜNG ECOTECHVINA,2513952595,02513952595
CÔNG TY TNHH DỊCH VỤ DU LỊCH ANH LONG THÀNH CAR,9.08506E+15,09085056580909430
CÔNG TY TNHH IN ẤN SONG BIẾT,843456868,0843456868
CÔNG TY TNHH MTV ANH NGUYÊN,359359549,0359359549
CÔNG TY TNHH XUẤT NHẬP KHẨU LOGISTICS THUẬN HÒA,593939696,0593939696
CÔNG TY TNHH TCCIC VN,937524078,0937524078
CÔNG TY TNHH DỊCH VỤ VÀ ĐẦU TƯ 5S LAND,968143646,0968143646
CÔNG TY TNHH THƯƠNG MẠI - XÂY DỰNG - THIẾT KẾ GIA PHÚC,588855599,0588855599
CÔNG TY TNHH XNK TÀI NGUYÊN,933500029,0933500029
CÔNG TY TNHH THƯƠNG MẠI DỊCH VỤ TRƯỜNG THỊNH PHÁT PETRO,793463144,0793463144
CÔNG TY TNHH MTV TIẾP VẬN SKY AIR ĐỒNG NAI,786578131,0786578131
CÔNG TY TNHH HƯNG LONG CRANES,966408467,0966408467
CÔNG TY TNHH GIÁO DỤC PHÚC LỘC,961490497,0961490497
CÔNG TY TNHH XÂY DỰNG THƯƠNG MẠI DỊCH VỤ KIỆT VŨ PHÁT,706394988,0706394988
CÔNG TY TNHH SX TM DV HẢI GIANG,343448216,0343448216
CÔNG TY TNHH DỊCH VỤ QUẢNG CÁO TRẦN DŨNG,933733954,0933733954
CÔNG TY TNHH THƯƠNG MẠI DỊCH VỤ SẢN XUẤT NAM THÀNH,778560888,0778560888
CÔNG TY TNHH SẢN XUẤT THƯƠNG MẠI DỊCH VỤ HUY KIÊN PHÁT,353920068,0353920068
CÔNG TY TNHH MTV MORNING KEBAB,792808186,0792808186
CÔNG TY TNHH DỊCH VỤ LOGISTICS MEKONG VIỆT NAM,983571648,0983571648
HỢP TÁC XÃ THƯƠNG MẠI DỊCH VỤ - VỆ SINH MÔI TRƯỜNG BẢO HÒA,937290406,0937290406
CÔNG TY TNHH BĐS TÂN TOÀN PHÁT,975988107,0975988107
CÔNG TY TNHH YSY VIỆT NAM,908802462,0908802462
CÔNG TY TNHH SẢN XUẤT VÀ THƯƠNG MẠI PHÚ NGUYỄN,385195519,0385195519
CÔNG TY TNHH TM - DV HỒNG MINH PHÚC,394997268,0394997268
CÔNG TY TNHH VNUNIVERSITY,849759863,0849759863
CÔNG TY TNHH Y TẾ MINH PHƯỚC - PHÒNG KHÁM ĐA KHOA BÁC SĨ HÙNG,915634000,0915634000
CÔNG TY CỔ PHẦN ĐẦU TƯ THIẾT KẾ XÂY DỰNG NAM TIẾN PHÁT,966767629,0966767629
CÔNG TY TNHH TM DV DDGVN,987219542,0987219542
CÔNG TY TNHH XÂY DỰNG & LẮP MÁY NGỌC CHÂU,9.02858E+17,0902858379093324000
CÔNG TY TNHH MỘT THÀNH VIÊN VẬN TẢI VÀ DU LỊCH PHÚC THẮNG,914049878,0914049878
CÔNG TY TNHH MAI PHƯƠNG THẢO FOOD,946184164,0946184164
CÔNG TY TNHH TM DV BÌNH MY,941336440,0941336440
CÔNG TY TNHH THƯƠNG MẠI XUẤT NHẬP KHẨU HẢI THỦY,792713367,0792713367
CÔNG TY TNHH THƯƠNG MẠI DỊCH VỤ XUẤT NHẬP KHẨU KHÁNH HẠ,334052372,0334052372
CÔNG TY TNHH TM DV XM TIẾN THÀNH,979352577,0979352577
CÔNG TY TNHH TMDV NHẬT LINH,899651914,0899651914
NGÂN HÀNG NHÀ NƯỚC CHI NHÁNH KHU VỰC 12,2513822586,02513822586
CÔNG TY TNHH TƯ VẤN THIẾT KẾ & XÂY DỰNG - ĐT - TM- DV - SX THIÊN LỘC PHÁT,903482177,0903482177
CÔNG TY TNHH THƯƠNG MẠI DV NGUYÊN KHANG,973011397,0973011397
CÔNG TY TNHH MTV TM XNK TÂN NGỌC THỊNH,932143632,0932143632
CÔNG TY CỔ PHẦN CHEMNOVA FACTORY,913184004,0913184004
CÔNG TY TNHH THIẾT BỊ VẬT TƯ Y TẾ GLX,13844753560,013844753560
CÔNG TY TNHH THƯƠNG MẠI VÀ DỊCH VỤ ANH PHONG PHÚ,888666411,0888666411
CÔNG TY TNHH SẢN XUẤT THANH BÌNH PHÁT,949604872,0949604872
CÔNG TY TNHH SẢN XUẤT & THƯƠNG MẠI VĨNH NGUYÊN PHÁT,383634234,0383634234
CÔNG TY TNHH DỊCH VỤ DU LỊCH HIỆP HÒA,935713543,0935713543
CÔNG TY TNHH PHÁT TRIỂN THƯƠNG MẠI DỊCH VỤ VIỆT HÙNG,988853650,0988853650
CÔNG TY TNHH XÂY DỰNG VÀ PHÁT TRIỂN ĐẠI ĐÔNG PHƯƠNG,963084778,0963084778
CÔNG TY TNHH PHONG THỦY LINH SƠN,987915131,0987915131
CÔNG TY TNHH MTV TMDV TRẦN LINH,345390008,0345390008
CÔNG TY TNHH THƯƠNG MẠI DỊCH VỤ TRẦN TIẾN 24H,921787616,0921787616
CÔNG TY TNHH SX TM DỊCH VỤ HOÀNG SƠN LÂM LONG THÀNH,868191727,0868191727
CÔNG TY TNHH MTV VOXELNC,986591421,0986591421
CÔNG TY TNHH F.Q.C VIỆT NAM,343962239,0343962239
CÔNG TY TNHH THƯƠNG MẠI - DỊCH VỤ - TỔNG HỢP HÒA PHÁT LỘC PHÁT,904166007,0904166007
CÔNG TY TNHH MỘT THÀNH VIÊN GARA ÔTÔ ĐỊNH QUÁN,933157615,0933157615
CÔNG TY TNHH KỸ THUẬT CÔNG NGHỆ KIM YẾN,938759124,0938759124
CÔNG TY TNHH HT DEVELOPMENTS,919474073,0919474073
PHÒNG DÂN TỘC VÀ TÔN GIÁO HUYỆN CẨM MỸ,988504662,0988504662
CÔNG TY TNHH THIẾT BỊ VẬT TƯ PHÚ XUÂN,898697185,0898697185
CÔNG TY TNHH SẢN XUẤT MỸ PHẨM MỘC KIM OANH,929868968,0929868968
TRUNG TÂM CÔNG NGHỆ THÔNG TIN,2518823352,02518823352
CÔNG TY TNHH PHỤ LIỆU QUỐC TẾ REMMINGTON,978659749,0978659749
CÔNG TY LUẬT TNHH ALOHA LAW,799876848,0799876848
CÔNG TY TNHH FREUDENBERG & VILENE INTERNATIONAL VIỆT NAM Ẵ CHI NHÁNH LONG THÀNH,907483783,0907483783
CÔNG TY TNHH HOÀNG HÀ PHƯƠNG,826542739,0826542739
CÔNG TY CỔ PHẦN AINGHIAHEALTH+,979857440,0979857440
CÔNG TY TNHH 89G ACADEMY,906433573,0906433573
CÔNG TY TNHH THƯƠNG MẠI DỊCH VỤ VẠN AN KHÁNH,707462725,0707462725
CÔNG TY TNHH DỊCH VỤ CẢNH QUAN MỘC LONG CTL,368120687,0368120687
CÔNG TY TNHH CƠ KHÍ XÂY DỰNG CÔNG NGHIỆP AIC E&C,816119779,0816119779
CÔNG TY TNHH DỊCH VỤ NẤU ĂN PHƯƠNG TUYỀN,798646946,0798646946
CÔNG TY TNHH TRƯƠNG DƯƠNG LONG KHÁNH,918645444,0918645444
CÔNG TY TNHH SAFEBRICK ĐỒNG NAI,896997096,0896997096
CÔNG TY CỔ PHẦN NÔNG NGHIỆP XANH PHƯỚC THỊNH,397888581,0397888581
CÔNG TY TNHH GOLF BIÊN HÒA,968509999,0968509999
CÔNG TY TNHH ĐT TM DV PHÚC ĐIỀN,913851414,0913851414
CÔNG TY TNHH MTV TM-DV-SX VLNG VIETNAM WOOD,889563939,0889563939
PHÒNG VĂN HÓA KHOA HỌC VÀ THÔNG TIN,347191780,0347191780
CÔNG TY TNHH ĐẦU TƯ XÂY DỰNG NHÀ PHƯỚC THUẬN,907364858,0907364858
CÔNG TY TNHH ACC HOÀNG HÀ,979838087,0979838087
CÔNG TY TNHH TMDV QUYỀN LÝ,987871991,0987871991
CÔNG TY CỔ PHẦN QUỐC TẾ AMERICAN GROUP,823632323,0823632323
CÔNG TY TNHH TM DV TỔNG HỢP ĐỒNG NAI,979670026,0979670026
CÔNG TY TNHH PHÁT TRIỂN GIÁO DỤC LUYỆN CHỮ ĐẸP PHẠM QUỲNH CHI,909847997,0909847997
CÔNG TY TNHH XNK PHONG ĐIỀN,788747006,0788747006
CÔNG TY TNHH XÂY DỰNG ĐẠI PHƯƠNG NAM,983009963,0983009963
CÔNG TY TNHH XÂY DỰNG QUỐC THÁI AN,932154023,0932154023
CÔNG TY TNHH MTV LỘC TÍN,863526886,0863526886
CÔNG TY TNHH SẢN XUẤT THƯƠNG MẠI CHẾ TẠO CƠ KHÍ THẮNG ĐẠI PHÁT,962556155,0962556155
PHÒNG DÂN TỘC VÀ TÔN GIÁO,2513670076,02513670076
PHÒNG NÔNG NGHIỆP VÀ MÔI TRƯỜNG,2513676076,02513676076
"PHÒNG VĂN HÓA, KHOA HỌC VÀ THÔNG TIN",916706001,0916706001
PHÒNG NÔNG NGHIỆP VÀ MÔI TRƯỜNG HUYỆN TÂN PHÚ,918265872,0918265872
CÔNG TY CỔ PHẦN ĐẦU TƯ THƯƠNG MẠI DỊCH VỤ CHIẾU XẠ LƯU TRỮ ĐÓNG GÓI & VẬN CHUYỂN THIÊN KIM,938809986,0938809986
CÔNG TY CỔ PHẦN CÔNG NGHỆ SBOT,948822866,0948822866
DOANH NGHIỆP TƯ NHÂN HY LẠC TRIẾT,7.78079E+12,07780788870933
CÔNG TY TNHH GD THIÊN ANH,918016374,0918016374
CÔNG TY TNHH PHÁT TRIỂN GIÁO DỤC THÁI GIANG,983608578,0983608578
CÔNG TY TNHH VOCALIS PRO,813670133,0813670133
CÔNG TY TNHH CƠ KHÍ CHẾ TẠO ZENMEC,812387540,0812387540
CÔNG TY TNHH GIẢI PHÁP NĂNG LƯỢNG DTTECH,329717575,0329717575
CÔNG TY TNHH THƯƠNG MẠI DỊCH VỤ M&T GROUP,9.02477E+15,09024774690969000
CÔNG TY TNHH THÀNH KIM ĐẠT,983349889,0983349889
CÔNG TY TNHH TỨ AN BIÊN HÒA,909345555,0909345555
CÔNG TY TNHH THIẾT KẾ THI CÔNG XÂY DỰNG HẢI NAM,987479528,0987479528
CÔNG TY TNHH KINH DOANH NHỰA VÀ BAO BÌ THÀNH AN,788927053,0788927053
CÔNG TY TNHH VẬT LIỆU GỖ MẠNH QUÂN,919181120,0919181120
CÔNG TY TNHH SX TMDV PHÁT KHANG,979896878,0979896878
CÔNG TY TNHH XÂY DỰNG CHÍN TIẾN,899004405,0899004405
CÔNG TY TNHH AN TRÚC PHONG,943547232,0943547232
CÔNG TY TNHH THƯƠNG MẠI DỊCH VỤ KỲ NGUYỆN HƯƠNG,967121568,0967121568
CÔNG TY TNHH THỰC PHẨM VIỆT ANH THY,918455600,0918455600
CÔNG TY TNHH THƯƠNG MẠI DỊCH VỤ PRIME INFINITY,902934926,0902934926
CÔNG TY CỔ PHẦN TUỆ AN PHÁT,379025496,0379025496
CÔNG TY TNHH NHÂN PHỤC HƯNG,964215789,0964215789
CÔNG TY TNHH SẢN XUẤT GIA CÔNG CƠ KHÍ NGHIỆP PHÁT THÀNH,938295522,0938295522
CÔNG TY TNHH XÂY DỰNG - VẬN TẢI - DỊCH VỤ - THƯƠNG MẠI NGỌC THANH TÂM,703333222,0703333222
CÔNG TY TNHH TMDV AURUM,911092727,0911092727
CÔNG TY TNHH DỊCH VỤ AN TOÀN LAO ĐỘNG BẮC TRUNG NAM,388907968,0388907968
CÔNG TY TNHH VẠN BÌNH THÀNH,786749886,0786749886
CÔNG TY TNHH DỊCH VỤ BẢO VỆ AN NINH 4/10,9.37924E+15,09379239230966300
CÔNG TY TNHH SAN LẤP MẶT BẰNG VÀ VẬT LIỆU XÂY DỰNG HOÀNG TÂN SƠN,905975787,0905975787
CÔNG TY TNHH MTV GỖ HOÀNG TRÂM ANH,913985267,0913985267
CÔNG TY TNHH XÂY DỰNG YẾN LINH,919477289,0919477289
CÔNG TY TNHH TM VÀ CP DỊCH VỤ NGOẠI NGỮ VN,794691895,0794691895
CÔNG TY TNHH GIÁO DỤC ĐÀO PHƯƠNG,399909979,0399909979
CÔNG TY TNHH PHÚC ANH THỌ,2518603999,02518603999
CÔNG TY CỔ PHẦN ĐÀO TẠO LÁI XE SONG HÀNH TH,2513952595,02513952595
CÔNG TY TNHH HOÀNG LONG COMMODITIES,969050939,0969050939
CÔNG TY TNHH THƯƠNG MẠI DỊCH VỤ GIAO NHẬN ANH LỢI,961250819,0961250819
CÔNG TY CỔ PHẦN TMDV VÀ ĐẦU TƯ XÂY DỰNG THÀNH THỊNH,968421762,0968421762
CÔNG TY TNHH TƯ VẤN VP & ASSOCIATES,919154718,0919154718
CÔNG TY TNHH THIÊN PHONG THUỶ,938074568,0938074568
CÔNG TY TNHH ĐÀO TẠO VÀ GIÁO DỤC HOMIES,928639586,0928639586
CÔNG TY TNHH THƯƠNG MẠI - DỊCH VỤ - KỸ THUẬT AN TÂM PHÁT,978162279,0978162279
CÔNG TY TNHH PHÚC NGÂN KIM,918275656,0918275656
CÔNG TY TNHH BẠN ĐỒNG HÀNH ĐỒNG NAI,782567878,0782567878
CÔNG TY TNHH TM DV HOÀNG LIÊN SƠN,916397928,0916397928
CÔNG TY TNHH KỸ THUẬT- THƯƠNG MẠI VÀ SẢN XUẤT VIỆT TRUNG ĐỨC,937559286,0937559286
CÔNG TY TNHH GIÁO DỤC MEA,767060717,0767060717
CÔNG TY TNHH VẬN TẢI HỒNG SINH,909589457,0909589457
CÔNG TY TNHH BIỂN VÀNG LOGISTICS,988837589,0988837589
CÔNG TY TNHH NĂNG LƯỢNG XANH MO,967714823,0967714823
CÔNG TY TNHH TMDV XD VÀ VẬN CHUYỂN HÀ THANH,768872259,0768872259
CÔNG TY TNHH ADAPTECH,909430968,0909430968
CÔNG TY TNHH TƯ VẤN GIÁO DỤC THÀNH ĐẠT,938773575,0938773575
CÔNG TY TNHH KINH DOANH THƯƠNG MẠI PHAN HIỀN,353693034,0353693034
CÔNG TY TNHH SX-TM NÔNG SẢN ĐẤT VIỆT,965979988,0965979988
CÔNG TY TNHH THƯƠNG MẠI DỊCH VỤ QUẢNG CÁO QUÂN BẢO,792627619,0792627619
CÔNG TY TNHH MỘT THÀNH VIÊN THƯƠNG MẠI BẢO AN PHÁT,344167586,0344167586
CÔNG TY TNHH THƯƠNG MẠI DỊCH VỤ ĐỨC ANH LOGISITCS,937983786,0937983786
CÔNG TY TNHH THỰC PHẨM CƠM VIỆT,967619679,0967619679
CÔNG TY TNHH LAM SON LUAT,357295040,0357295040
CÔNG TY TNHH KTS.PAINT,916429439,0916429439
CÔNG TY TNHH MTV THUẤN PHÁT,989479090,0989479090
CÔNG TY TNHH PHỤC VỤ MẶT ĐẤT SÀI GÒN - LONG THÀNH,908414641,0908414641
CÔNG TY TNHH BAO BÌ LONGBAO,825670999,0825670999
CÔNG TY TNHH NÔNG SẢN GIAO NHANH,823251958,0823251958
CÔNG TY TNHH XNK NÔNG SẢN SẠCH VŨ COFFEE,937752255,0937752255
CÔNG TY TNHH XNK CÔNG THÀNH NUTS,374600979,0374600979
CÔNG TY TNHH A.T FURNITURE,983305767,0983305767
CÔNG TY TNHH JM HEALTH KOREA,772436347,0772436347
CÔNG TY TNHH PHÁT TRIỂN GIÁO DỤC TRẦN VY,984242719,0984242719
CÔNG TY TNHH Ý KHANG AN,974300258,0974300258
CÔNG TY TNHH LINH DƯƠNG DONA,593939696,0593939696
CÔNG TY TNHH TMDV PHONG HÂN,938129678,0938129678
CÔNG TY TNHH XÂY DỰNG HOÀNG VŨ D&C,908884719,0908884719
HỢP TÁC XÃ CÂY CẢNH ĐỊNH QUÁN,983750701,0983750701
HỢP TÁC XÃ THƯƠNG MẠI VÀ DỊCH VỤ CHỢ PHÚ LỢI,395223277,0395223277
CÔNG TY TNHH VẬN TẢI VÀ DỊCH VỤ DU LỊCH MINH CHÂU,888046016,0888046016
CÔNG TY TNHH THƯƠNG MẠI SẢN XUẤT THIẾT KẾ CÔNG NGHỆ LT,356843698,0356843698
CÔNG TY TNHH NHÂN LỰC QUỐC TẾ HANEI VIỆT NAM,352511796,0352511796
CÔNG TY TNHH TRẦN THIÊN ÂN,365538135,0365538135
CÔNG TY TNHH DỊCH VỤ TIẾN KHOA,934233997,0934233997
CÔNG TY TNHH NHU ANH PROCESSING,916334493,0916334493
CÔNG TY TNHH THI CÔNG XÂY DỰNG NGUYỄN TRƯỜNG,985121408,0985121408
CÔNG TY TNHH ĐT TM VẬN TẢI TUẤN MINH,777421782,0777421782
CÔNG TY TNHH MTV TMDV PHƯỚC THỊNH,988171443,0988171443
CÔNG TY TNHH DV KỸ NGHỆ ĐÔNG NAM BỘ,969872059,0969872059
CÔNG TY TNHH ĐÀO TẠO QUỐC TẾ AMBER DƯƠNG,979723273,0979723273
CÔNG TY TNHH TM DV TIN HỌC LONG KHÁNH,983801330,0983801330
CÔNG TY TNHH KIM THÁI WOOD,948494979,0948494979
CÔNG TY TNHH DV TM THANH NHÀN,924033566,0924033566
CÔNG TY TNHH KIẾN TRÚC XÂY DỰNG VÀ NỘI THẤT HUỲNH GIA,931845170,0931845170
CÔNG TY TNHH THƯƠNG MẠI VẬT LIỆU & XÂY DỰNG PHÚ QUÝ,365275989,0365275989
CÔNG TY TNHH TM - DV HỢP TÁC - CHIA SẺ,985304080,0985304080
CÔNG TY TNHH HOTEL VÀ DU LỊCH BOOKING,968502048,0968502048
CÔNG TY TNHH THÔNG VIỆT ĐỒNG NAI,9160105832,09160105832
CÔNG TY TNHH VĂN PHÒNG PHẨM NGUYỄN TRÚC,867065099,0867065099
CÔNG TY TNHH THƯƠNG MẠI DỊCH VỤ LONG TÍN PHÁT,947639639,0947639639
CÔNG TY TNHH XỬ LÝ MÔI TRƯỜNG LIÊN VIỆT,975718228,0975718228
CÔNG TY TNHH DỊCH VỤ VẬN TẢI VÀ XUYÊN VIỆT TRAVEL,975658913,0975658913
CÔNG TY TNHH NỘI THẤT GỖ LONG PHÁT,918790186,0918790186
CÔNG TY TNHH NGOẠI NGỮ MS. LOAN,339631035,0339631035
CÔNG TY CỔ PHẦN NHỰA ĐƯỜNG NGUYỄN ĐÌNH 79,922079779,0922079779
CÔNG TY TNHH NHŨ TƯƠNG NHỰA ĐƯỜNG TRUNG LINH,902090759,0902090759
CÔNG TY TNHH THƯƠNG MẠI VẬT LIỆU LONGCHENG HEIMAO,906668418,0906668418
CÔNG TY TNHH ENGLISH VICTORY,766647674,0766647674
CÔNG TY TNHH HƯNG THỊNH HPT,877254659,0877254659
CÔNG TY TNHH DỊCH VỤ ẮC QUY ĐỨC LUYẾN,908068639,0908068639
PHÒNG NÔNG NGHIỆP VÀ MÔI TRƯỜNG,919358098,0919358098
CÔNG TY TNHH SẢN XUẤT THƯƠNG MẠI ĐỒ GỖ NGHĨA SƠN,916668086,0916668086
CÔNG TY TNHH SẢN XUẤT THƯƠNG MẠI PHÁT ĐỈNH,812139683,0812139683
CÔNG TY TNHH NỘI THẤT - VẬN TẢI - XÂY DỰNG TIẾN PHÁT,899582336,0899582336
CÔNG TY TNHH SX TM DV BẢO NGÂN,909362862,0909362862
CÔNG TY TNHH CƠ KHÍ XÂY DỰNG THÀNH TRUNG CONSTRUCTION,853886888,0853886888
CÔNG TY TNHH DỊCH VỤ NHÀ HÀNG THIÊN CHIẾU,903663327,0903663327
CÔNG TY TNHH NĂNG LƯỢNG ĐIỀN PHÁT,838666939,0838666939
CÔNG TY TNHH TRƯỜNG KIM CMG,329399113,0329399113
CÔNG TY TNHH NERISSA,958558489,0958558489
CÔNG TY TNHH PHAN ĐẠT ĐẠI LỘC,869515650,0869515650
CÔNG TY CỔ PHẦN NÔNG NGHIỆP XANH NGUYÊN LỘC,906777970,0906777970
"PHÒNG KINH TẾ, HẠ TẦNG VÀ ĐÔ THỊ",988866658,0988866658
PHÒNG DÂN TỘC VÀ TÔN GIÁO HUYỆN XUÂN LỘC,919403071,0919403071
CÔNG TY TNHH ZUTII,973929247,0973929247
CÔNG TY TNHH THƯƠNG MẠI DỊCH VỤ ĐẦU TƯ PLD,528002689,0528002689
"PHÒNG KINH TẾ, HẠ TẦNG VÀ ĐÔ THỊ HUYỆN LONG THÀNH",906640339,0906640339
CÔNG TY TNHH KHUÔN MẪU VIỆT TN,907442669,0907442669
CÔNG TY TNHH THƯƠNG MẠI DỤNG CỤ CƠ KHÍ AUTOHITEK,937298072,0937298072
CÔNG TY CỔ PHẦN HB OIL,707859997,0707859997
CÔNG TY TNHH TM DV BẢO THỊNH VƯỢNG,945631414,0945631414
CÔNG TY TNHH HAO HAO,942336409,0942336409
CÔNG TY TNHH THƯƠNG MẠI VÀ DỊCH VỤ DƯƠNG DIỆP ĐAN,768797389,0768797389
CÔNG TY TNHH THƯƠNG MẠI DỊCH VỤ THIẾT BỊ TRANG TRẠI CHĂN NUÔI HÀO KIỆT PHÁT,902697567,0902697567
CÔNG TY TNHH SẢN XUẤT THƯƠNG MẠI SONG THÔNG PHÁT,816894213,0816894213
CÔNG TY TNHH PHÚC KHANG AN HÒA,812786978,0812786978
CÔNG TY TNHH NT NAM TRƯỜNG QUÂN,976939508,0976939508
CÔNG TY TNHH SEA AUTOTECH,888270370,0888270370
CÔNG TY TNHH LƯƠNG THẮNG THUẬN,906123426,0906123426
CÔNG TY TNHH TƯ VẤN THIẾT KẾ XÂY DỰNG VÀ CƠ KHÍ THANH HÀ,933164958,0933164958
CÔNG TY TNHH SX TM XNK GỖ TIẾN PHÁT,969282917,0969282917
CÔNG TY TNHH GIÁO DỤC HAPPY ACADEMY,375698024,0375698024
CÔNG TY TNHH LINH NHI LANGUAGES,904329861,0904329861
CÔNG TY TNHH MTV NGOẠI NGỮ PHẠM HOÀNG GIA,938635250,0938635250
CÔNG TY TNHH TM H&C HOÀN CẦU,352382742,0352382742
CÔNG TY TNHH TMDV VÀ XÂY DỰNG DK HOME,83678799,083678799
CÔNG TY TNHH TDLINK,902379659,0902379659
CÔNG TY TNHH MTV SẢN XUẤT HOÀNG MINH,91163506,091163506
CÔNG TY TNHH ANN GENARAL,799989179,0799989179
CÔNG TY TNHH TRUYỀN THÔNG GIẢI TRÍ ÁNH SAO,965704438,0965704438
CÔNG TY TNHH ĐẦU TƯ TM & DV HOÀNG DŨNG,936738982,0936738982
CÔNG TY TNHH THƯƠNG MẠI DỊCH VỤ THU TIẾN PHÁT,896157336,0896157336
CÔNG TY TNHH THƯƠNG MẠI CAO SU TUẤN,937209914,0937209914
CÔNG TY CỔ PHẦN AC-CONS,902100672,0902100672
CÔNG TY TNHH NHÔM KÍNH PHƯƠNG ANH,982848054,0982848054
CÔNG TY TNHH THƯƠNG MẠI VÀ DỊCH VỤ SEN VIỆT FOOD,987004037,0987004037
CÔNG TY TNHH MỘT THÀNH VIÊN NAM THUYẾT,919162773,0919162773
CÔNG TY TNHH MTV NGOẠI NGỮ HAPPY,823974541,0823974541
CÔNG TY TNHH TƯ VẤN THIẾT KẾ XÂY DỰNG TÔ GIA PHÁT,988337273,0988337273
CÔNG TY TNHH ĐẦU TƯ VÀ XÂY DỰNG TRƯỜNG ĐẠI PHÁT,9312551,09312551
CÔNG TY TNHH HY VINA,792015266,0792015266
CÔNG TY TNHH MTV TMDV PHƯƠNG ANH,965360443,0965360443
PHÒNG NÔNG NGHIỆP VÀ MÔI TRƯỜNG HUYỆN LONG THÀNH,3.88886E+19,038888616802513800000
PHÒNG DÂN TỘC VÀ TÔN GIÁO HUYỆN LONG THÀNH,976098101,0976098101
"PHÒNG VĂN HÓA, KHOA HỌC VÀ THÔNG TIN HUYÊÊN LONG THÀNH",9.06982E+20,09.06982341702513E+20
CÔNG TY TNHH VẬN TẢI TRÍ HÙNG,961972023,0961972023
CÔNG TY TNHH MỘT THÀNH VIÊN NHỰT CHÁNH,898394886,0898394886
CÔNG TY TNHH XÂY DỰNG GIAO THÔNG THÁI AN,775090007,0775090007
CÔNG TY TNHH GIÁO DỤC THIÊN PHÚC,937115722,0937115722
CÔNG TY TNHH TH FEED GROUP,976027824,0976027824
CÔNG TY TNHH CƠ KHÍ KIM LOẠI HUỲNH TẤN PHÁT,799878461,0799878461
CÔNG TY TNHH MTV HAPPY HOUSE,972985982,0972985982
CÔNG TY TNHH THIẾT KẾ XÂY DỰNG MR.TÌNH,933600218,0933600218
CÔNG TY TNHH THỰC PHẨM HÙNG CƯỜNG PHÁT,961333379,0961333379
CÔNG TY TNHH THANG MÁY THIẾT BỊ KỸ THUẬT ĐIỆN HOÀNG LONG,901655161,0901655161
CÔNG TY TNHH HOÁ DẦU BIỂN ĐÔNG SUN,965711572,0965711572
CÔNG TY TNHH THƯƠNG MẠI - SẢN XUẤT D&G VIỆT NAM,914449969,0914449969
CÔNG TY TNHH TM DV THẾ HIỂN,987505311,0987505311
CÔNG TY TNHH ĐIỆN MÁY - ĐIỆN LẠNH HUỲNH GIA,945625050,0945625050
CÔNG TY TNHH SX VÀ TM NỘI THẤT TOÀN CẦU VĨNH PHÁT,962813923,0962813923
CÔNG TY TNHH MỘT THÀNH VIÊN BIA CAO TRÍ 2,965044538,0965044538
CÔNG TY TNHH THIÊN LỘC SEAFOOD,372547179,0372547179
CÔNG TY TNHH DỊCH VỤ THƯƠNG MẠI XÂY DỰNG CƠ KHÍ VẠN PHƯỚC HƯNG,3.79369E+12,03793693390946
CÔNG TY TNHH TM DV NÔNG SẢN NGỌC LIÊM,398871411,0398871411
CÔNG TY TNHH QUỐC TẾ RBS SDN BHD,777715595,0777715595
CÔNG TY TNHH ĐẦU TƯ XÂY DỰNG CƯỜNG ĐẠI PHÁT,903461886,0903461886
CÔNG TY TNHH SX TM DV BẢO MINH,847970677,0847970677
CÔNG TY TRÁCH NHIỆM HỮU HẠN GIAO NHẬN VẬN TẢI PHÚC HỮU,9.03219E+12,09032191010904
CÔNG TY TNHH XÂY DỰNG NỘI THẤT VIHOME,989113788,0989113788
CÔNG TY TNHH THƯƠNG MẠI HAIXING,338168551,0338168551
CÔNG TY TNHH TM - DV QUANG CHÁNH,988420789,0988420789
CÔNG TY TNHH IN ẤN KỸ THUẬT SỐ SAO VÀNG,908769222,0908769222
CÔNG TY TNHH DỊCH VỤ VẬN TẢI THIÊN SÁNG,707134234,0707134234
CÔNG TY TNHH BEE CAO ĐẠT THẮNG,933568230,0933568230
CÔNG TY TNHH XÂY DỰNG CƠ ĐIỆN PHÚ THÀNH,906291701,0906291701
CÔNG TY TNHH TM DV SX ĐÀO PHƯƠNG TRINH,902524234,0902524234
CÔNG TY TNHH CAMPING ZONE,919192000,0919192000
CÔNG TY TNHH THƯƠNG MẠI DỊCH VỤ VINASHIP,385595400,0385595400
CÔNG TY TNHH CHẾ BIẾN XNK ĐÁ BAZAN,918655655,0918655655
CÔNG TY TNHH KHOMES VIỆT NAM,908257874,0908257874
CÔNG TY CỔ PHẦN ĐẦU TƯ VÀ PHÁT TRIỂN KIM OANH REALTY,945044910,0945044910
CÔNG TY TNHH DỊCH VỤ TƯ VẤN PHÚC THÀNH ĐẠT,989369845,0989369845
CÔNG TY TNHH TMDV NHƯ SANG PHÁT,989276872,0989276872
CÔNG TY TNHH SƠN HÀ XANH ĐỒNG NAI,985120064,0985120064
CÔNG TY TNHH ANH NGỮ NEW STAR ĐỒNG NAI,988496829,0988496829
CÔNG TY TNHH THƯƠNG MẠI DỊCH VỤ GIAO NHẬN VẬN TẢI MAI ÚT,9.04607E+12,09046073200936
CÔNG TY TNHH TMDV NÔNG SẢN HƯNG THỊNH,947318523,0947318523
CÔNG TY TNHH MTV KINH DOANH VÀNG TIỆM VÀNG KIM CƯỜNG,3.79621E+15,03796214110868640
CÔNG TY TNHH MTV KIẾN THỨC TRẺ,385681234,0385681234
CÔNG TY LUẬT TNHH NITI LAW,962593309,0962593309
CÔNG TY TNHH YUEDA ELECTRIC APPLIANCE,986978630,0986978630
CÔNG TY TNHH VIAGOGO,933060382,0933060382
CÔNG TY TNHH HÌNH ẢNH Y KHOA HUỲNH TẤN PHÁT,985651112,0985651112
CÔNG TY TNHH VĨNH LỘC SOLAR,946392439,0946392439
CÔNG TY TNHH THƯƠNG MẠI DỊCH VỤ XUẤT NHẬP KHẨU KỲ KHANG,937683636,0937683636
CÔNG TY TNHH NGUYÊN THANH ĐẠT,358294648,0358294648
CÔNG TY TNHH THIẾT KẾ XÂY DỰNG LAGI HOUSE,888882479,0888882479
CÔNG TY TNHH DỊCH VỤ KHOAN THIỆN PHÁT,966544626,0966544626
CÔNG TY TNHH SHIPSIEUSAO,392999132,0392999132
CÔNG TY TNHH DỆT KIM HOA LONG,839462944,0839462944
CÔNG TY TNHH THƯƠNG MẠI PHÁT TRIỂN VT THUẬN HẢI,926453453,0926453453
CÔNG TY TNHH CÔNG NGHỆ XÂY LẮP ĐÔNG NAM,943931611,0943931611
HỢP TÁC XÃ LỘC PHÁT THANH SƠN,988192618,0988192618
CÔNG TY TNHH HOÀNG NGUYÊN NHÂN,937357104,0937357104
CÔNG TY TNHH HƯƠNG VỊ FOOD,904784370,0904784370
CÔNG TY TNHH CÔNG NGHỆ TRUYỀN THÔNG LÊ TÀI,977736728,0977736728
CÔNG TY TNHH XÂY DỰNG ĐẦU TƯ QUỲNH SANG,974282963,0974282963
CÔNG TY TNHH THƯƠNG MẠI VIỄN NGỌC,982255490,0982255490
"PHÒNG KINH TẾ, HẠ TẦNG VÀ ĐÔ THỊ HUYỆN VĨNH CỬU",972283824,0972283824
CÔNG TY TNHH GIÁO DỤC UY KHÔI,919477146,0919477146
CÔNG TY TNHH THIẾT BỊ CÔNG NGHỆ PHƯỚC MINH,981662642,0981662642
CÔNG TY TNHH PHÁT TRIỂN SẢN XUẤT DỊCH VỤ THƯƠNG MẠI TÂM AN,367193886,0367193886
CÔNG TY TNHH QUÂN ĐỨC PHÁT,908935928,0908935928
CÔNG TY TNHH DTPT AOSOOD ACV,705805859,0705805859
CÔNG TY TNHH THƯƠNG MẠI DỊCH VỤ MỸ PHẨM SU MI O VINA,948258608,0948258608
CÔNG TY TNHH TDA GLOBAL,395555091,0395555091
CÔNG TY TNHH SẢN XUẤT THƯƠNG MẠI DỊCH VỤ AN THÚY,9.36075E+12,09360745260904
CÔNG TY TNHH YOUGI VIỆT NAM,8.6139E+12,08613902957535
CÔNG TY TNHH MIỀN NAM THỊNH VƯỢNG LAND,946768851,0946768851
CÔNG TY TNHH ANH NGỮ BẢO AN,915333839,0915333839
CÔNG TY TNHH TM DV PURI VIỆT NAM,908525579,0908525579
CÔNG TY CỔ PHẦN TRUNG TÂM BỒI DƯỠNG TÀI NĂNG VIỆT,941887413,0941887413
CÔNG TY TNHH ĐẦU TƯ PHÁT TRIỂN DL VN,899826118,0899826118
CÔNG TY TNHH TM - DV XNK NGỌC NHƯ Ý,961345609,0961345609
CÔNG TY TNHH SẮT THÉP MIỀN NAM HÙNG PHÁT,975825780,0975825780
DOANH NGHIỆP TƯ NHÂN QUỐC BẢO THÀNH,908186094,0908186094
CÔNG TY TNHH DV VT XD BEN918,901795579,0901795579
CÔNG TY TNHH TM DV BV EDM,899529732,0899529732
CÔNG TY TNHH DỊCH VỤ PT VT ĐN,896961731,0896961731
CÔNG TY TNHH CƠ KHÍ VÀ XÂY DỰNG QUỐC BẢO VƯỢNG,919306307,0919306307
CÔNG TY TNHH NHÂN ĐỨC THÀNH LAND,966901235,0966901235
CÔNG TY TNHH THƯƠNG MẠI DƯỢC PHẨM TUỆ NHI PHARMA,909753166,0909753166
CÔNG TY TNHH HHP TITAN EXPRESS,917364384,0917364384
CÔNG TY TNHH MTV XÂY DỰNG TÁO VÀNG,902627096,0902627096
CÔNG TY TNHH MTV DỊCH VỤ HUY THUẬN TATOO,878878800,0878878800
CÔNG TY TNHH PU HƯNG VƯƠNG.,909688875,0909688875
CÔNG TY TNHH NGŨ KIM KHANG LINH,775569459,0775569459
CÔNG TY TNHH SẢN XUẤT THƯƠNG MẠI HỒNG PHÁT FOOD,944447977,0944447977
CÔNG TY TNHH THƯƠNG MẠI DỊCH VỤ VẬN TẢI VŨ MINH PHÁT,949146460,0949146460
CÔNG TY TNHH CƠ KHÍ - XÂY DỰNG NPL,976302775,0976302775
CÔNG TY TNHH TM DV SX KIÊN CƯỜNG,913727340,0913727340
CÔNG TY TNHH CÔNG NGHỆ BẢO VỆ MÔI TRƯỜNG HUAYU,963967692,0963967692
CÔNG TY TNHH AK BLUE SKY,363287167,0363287167
CÔNG TY TNHH CƠ GIỚI NGÂN PHÁT,906807828,0906807828
CÔNG TY TNHH THƯƠNG MẠI PT 28,523441416,0523441416
CÔNG TY TNHH NGOẠI NGỮ EMY,834521172,0834521172
CÔNG TY TNHH TM DV MÔI TRƯỜNG VIỆT NAM,334670682,0334670682
CÔNG TY TNHH GIA CÔNG JUXIAN,896326969,0896326969
CÔNG TY TNHH YÊU CÔNG NGHỆ NHIỆM MÀU,393868191,0393868191
CÔNG TY TNHH PHÚC NAM PHONG,933199917,0933199917
CÔNG TY TNHH GIÁO VƯỢT QUA,932663656,0932663656
CÔNG TY TNHH PHÒNG KHÁM CHUYÊN KHOA RĂNG HÀM MẶT THIÊN PHÚC,326691112,0326691112
CÔNG TY TNHH VẬN TẢI LONG THÀNH DN,908074849,0908074849
CÔNG TY TNHH THƯƠNG MẠI DỊCH VỤ PHÁT TRIỂN GIA LONG,928788888,0928788888
CÔNG TY TNHH 2 THÀNH VIÊN OMMANIL,986407500,0986407500
CÔNG TY TNHH ĐIỆN LẠNH KHANG CƯỜNG PHÁT,949645468,0949645468
CÔNG TY TNHH BAO BÌ NHỰA PHÁT THÀNH,987114099,0987114099
CÔNG TY TNHH LALOO AFFILIATE MARKETING AND PRIVATE LABELING,909280279,0909280279
CÔNG TY TNHH THƯƠNG MẠI VÀ VẬN TẢI MINH QUÂN PHÁT,906758000,0906758000
CÔNG TY TNHH TM DV ĐIỆN TỬ TRUNG NGUYÊN,933150770,0933150770
CÔNG TY TNHH TMDV TUYẾT LỘC VINA,899385328,0899385328
CÔNG TY TNHH TMDV VẬN TẢI XÂY DỰNG HÒA GIANG,901803670,0901803670
CÔNG TY TNHH XÂY DỰNG TMDV KHANG AN,901192668,0901192668
CÔNG TY TNHH GIÁO DỤC ETP,918577475,0918577475
CÔNG TY TNHH ĐẦU TƯ VÀ PHÁT TRIỂN CÔNG NGHIỆP HOÀNG TIẾN,938435468,0938435468
CÔNG TY TNHH CÔNG NGHIỆP MIKA DẦU GIÂY,8.40777E+11,0840776522350
CÔNG TY TNHH RAYTEN,908802462,0908802462
CÔNG TY TNHH ĐÀM NGUYỄN,915972686,0915972686
CÔNG TY TNHH DƯỢC PHẨM VÀ THIẾT BỊ Y TẾ HÀ ĐỨC,344460114,0344460114
CÔNG TY TNHH MTVN PLASTIC,944336635,0944336635
CÔNG TY TNHH MẠNH KHANG PHARCO,971168034,0971168034
CÔNG TY TNHH CƠ KHÍ INOX QUỐC THIÊN,976386358,0976386358
CÔNG TY TNHH THƯƠNG MẠI VÀ DỊCH VỤ THANH SƠN PHÁT,975120352,0975120352
CÔNG TY TNHH XÂY DỰNG VÀ THIẾT KẾ THIÊN PHÚ QUÝ,936272048,0936272048
CÔNG TY TNHH VẬT LIỆU XÂY DỰNG HIỆU TÙNG,352183519,0352183519
CÔNG TY TNHH ĐÀO TẠO NGOẠI NGỮ SUNSHINE,867732603,0867732603
CÔNG TY CỔ PHẦN PHÁT TRIỂN NTK LONG THÀNH,912850116,0912850116
CÔNG TY TNHH XÂY DỰNG DÂN DỤNG VÀ CÔNG NGHIỆP GIA KHANG PHÁT,988786377,0988786377
CÔNG TY TNHH DƯỢC PHẨM THANH HẰNG,946532126,0946532126
CÔNG TY TNHH SẢN XUẤT CHẾ BIẾN THƯƠNG MẠI XUẤT NHẬP KHẨU MINH QUÂN,909105527,0909105527
CÔNG TY TNHH TƯ VẤN VÀ CAN THIỆP ÂM NGỮ TRỊ LIỆU MẦM XANH,359500937,0359500937
CÔNG TY TNHH MỘT THÀNH VIÊN XÂY DỰNG &CƠ KHÍ TÙNG THANH,932115000,0932115000
CÔNG TY TNHH SẢN XUẤT VỸ HÀO,976248179,0976248179
CÔNG TY TNHH SẢN XUẤT THƯƠNG MẠI NGỌC BẢO ANH,962555369,0962555369
CÔNG TY TNHH GT LOGISTICS & SERVICE CAR,888165768,0888165768
CÔNG TY TNHH MATIFY,359447490,0359447490
CÔNG TY TNHH MỸ NGHỆ AN KHÁNH,985070207,0985070207
CÔNG TY TNHH MTV GARAGE Ô TÔ VIỆT PHƯỚC,398588775,0398588775
CHI NHÁNH CÔNG TY TNHH MEGA LIFESCIENCES (VIỆT NAM) TẠI ĐỒNG NAI,938350331,0938350331
CÔNG TY TNHH ANIMALCARE,937477339,0937477339
CÔNG TY TNHH CHẤT ĐỐT HÙNG LÊ,937015488,0937015488
CÔNG TY TNHH TMDV TÂM ANH,921577577,0921577577
CÔNG TY TNHH ÂN KHOA BEST EXPRESS,967989269,0967989269
CÔNG TY CỔ PHẦN VIỆT NHÃN,973521547,0973521547
CÔNG TY TNHH DVTM TOÀN QUỐC,945119322,0945119322
CÔNG TY TNHH TMXD ĐỊNH LỘC PHÁT,931757019,0931757019
CÔNG TY TNHH 3D MOULDTECH,907665125,0907665125
CÔNG TY TNHH THANH LOAN MẠNH HÙNG,908048646,0908048646
CÔNG TY TNHH DỊCH VỤ DU LỊCH VẬN TẢI PHÁT ĐẠT,365678831,0365678831
CÔNG TY TNHH ĐẦU TƯ XUẤT NHẬP KHẨU RIGHTWAY,982712445,0982712445
CÔNG TY TNHH MTV PHÁT TRIỂN GIÁO DỤC TRÍ VIỆT,932703500,0932703500
CÔNG TY TNHH DVTV XNKVN,924038941,0924038941
CÔNG TY TNHH DVDT QUYÊN THÂN,394152042,0394152042
CÔNG TY TNHH MAY CÔNG NGHIỆP THÁI DƯƠNG,346818679,0346818679
CÔNG TY TNHH GIẢI PHÁP CÔNG NGHỆ LH TECH,354453369,0354453369
CÔNG TY TNHH TKXD & ĐĐ THIÊN ÂN,786868833,0786868833
CÔNG TY TNHH KỸ THUẬT VÀ ĐÀO TẠO MIỀN NAM,377833144,0377833144
CÔNG TY TRÁCH NHIỆM HỮU HẠN THIẾT KẾ KIẾN TRÚC VÀ XÂY DỰNG MẠNH HÙNG,907026847,0907026847
CÔNG TY TNHH CÔNG NGHỆ SCUD POWER VIỆT NAM,909385328,0909385328
CÔNG TY TNHH IZUGIKEN KOGYO VIỆT NAM,907921574,0907921574
CÔNG TY TNHH SẢN XUẤT THƯƠNG MẠI XÂY DỰNG THÁI THUẬN,967649446,0967649446
CÔNG TY TNHH KHOA HỌC ĐỜI SỐNG VIỆT NAM,918064973,0918064973
CÔNG TY TNHH THÀNH NHÂN EDUCATION AND SERVICES,975333325,0975333325
CÔNG TY TNHH KHANG HOÀNG HUY,899788868,0899788868
CÔNG TY TNHH XÂY DỰNG VÀ THƯƠNG MẠI SẮT THÉP TÚ VIỆT,868922788,0868922788
CÔNG TY TNHH CƠ KHÍ BẢO NGỌC PHÁT,983086068,0983086068
CÔNG TY TNHH WINSEO,9.31774E+15,09317742230938880
CÔNG TY TNHH THUẬN NINH COMPUTER,947329925,0947329925
CÔNG TY TRÁCH NHIỆM HỮU HẠN DR. CAR CHECK,981812140,0981812140
CÔNG TY TNHH UY LÂM PHÁT,932779479,0932779479
CÔNG TY TNHH THƯƠNG MẠI VÀ XÂY DỰNG LONG NHI PHÁT,9651038332,09651038332
CÔNG TY TNHH TM DV HẢI UYÊN KHANG,964017064,0964017064
CÔNG TY TNHH GIA NGUYỄN WINDOWS,853406904,0853406904
CÔNG TY TNHH ĐẦU TƯ XÂY DỰNG QHCONS,938485845,0938485845
CÔNG TY TNHH CÔNG NGHỆ THÔNG TIN CHANGWANG,388845479,0388845479
CÔNG TY TNHH THIẾT BỊ KỸ THUẬT CƠ KHÍ TBC,968037186,0968037186
CÔNG TY TNHH SẢN XUẤT THƯƠNG MẠI VÀ DỊCH VỤ ZIXIA,369641369,0369641369
CÔNG TY TNHH GIẢI PHÁP CÔNG NGHỆ HOÀNG BÁCH SOLUTIONS,787670492,0787670492
CÔNG TY TNHH DTPT VFUTURE,908043506,0908043506
CÔNG TY TNHH MỘT THÀNH VIÊN VSEO,975777205,0975777205
CÔNG TY TNHH SẢN XUẤT THƯƠNG MẠI TUẤN HOÀNG PHÚC,766718286,0766718286
CÔNG TY TNHH TM DV THIÊN PHÚC PHÁT,969696937,0969696937
CÔNG TY TRÁCH NHIỆM HỮU HẠN TÂM TOÀN PHÁT ĐẠT,903760427,0903760427
CÔNG TY TNHH THƯƠNG MẠI TÂN TIẾN PHÚC,907985789,0907985789
CÔNG TY TNHH TVTK XÂY DỰNG KIẾN TRÚC VIỆT,931934934,0931934934
CÔNG TY TNHH CƠ KHÍ NAM QUÂN PHÁT,395464613,0395464613
CÔNG TY TNHH LINH ELLIE,971556059,0971556059
CÔNG TY TNHH SX TT MAILISA,911530835,0911530835
"CÔNG TY TNHH XÂY DỰNG, THƯƠNG MẠI VÀ DỊCH VỤ HADOCONS",963255365,0963255365
CÔNG TY TNHH SẢN XUẤT THƯƠNG MẠI DỊCH VỤ GỖ GIA KHANG,937598776,0937598776
CÔNG TY TNHH TM DV THÀNH THUẬN TIẾN,933168277,0933168277
CÔNG TY TNHH PHƯƠNG HUÊ,783650327,0783650327
CÔNG AN XÃ LONG THỌ,908066860,0908066860
CÔNG AN XÃ PHÚ HỮU,913728879,0913728879
CÔNG TY TNHH XE NÂNG HANGCHA VIỆT NAM,8.65719E+12,08657188928895
CÔNG TY TNHH NGỌC NGUYÊN ANH GROUP,931244029,0931244029
CÔNG TY TNHH SẢN XUẤT CƠ KHÍ KIM ANH PHÁT,9161507664,09161507664
CÔNG TY TNHH TUYẾT SNOW DANCE ACADEMY,904877005,0904877005
CÔNG TY TNHH TMDV CƠ GIỚI ĐẠI NAM,398151594,0398151594
CÔNG TY TNHH ĐÀO TẠO GIÁO DỤC BÁN TRÚ NGUYÊN NGỌC,903311445,0903311445
CÔNG TY TNHH GIÁO DỤC & ĐÀO TẠO HỒNG BÀNG,914521262,0914521262
CÔNG TY TNHH DỊCH VỤ THƯƠNG MẠI VẬN TẢI NGỌC GIA PHÁT,865511443,0865511443
CÔNG TY TNHH MỘT THÀNH VIÊN HOTEL GIANG ĐIỀN,982158979,0982158979
CÔNG TY TNHH CẢI TẠO Ô TÔ ĐỒNG NAI,767670202,0767670202
CÔNG TY TNHH AMY EDUCATION,333789252,0333789252
CÔNG TY TNHH CHÍNH XÁC RUIJIA,799769579,0799769579
CÔNG TY TNHH MTV ĐỒNG KHÁNH PHÁT,946917986,0946917986
CÔNG TY TNHH XÂY DỰNG THƯƠNG MẠI DỊCH VỤ TÂM ANH,961017172,0961017172
CÔNG TY TNHH MTV TMDV XÂY DỰNG DUY KHÁNH,938568552,0938568552
CÔNG TY TNHH TRẠM SẠC MINH PHƯỚC,913851749,0913851749
CÔNG TY TNHH TM DV NAM ANH PHÁT,908783938,0908783938
CÔNG TY TNHH TM DV NGUYỄN QUÂN,972452783,0972452783
CÔNG AN XÃ SÔNG THAO,963217729,0963217729
ĐOÀN MINH TRUNG,919468864,0919468864
CÔNG AN XÃ PHÚ CƯỜNG,918538468,0918538468
CÔNG AN XÃ TÚC TRƯNG,987708080,0987708080
CÔNG TY TNHH XNK HƯƠNG LỘC PHÁT,919090916,0919090916
CÔNG TY TNHH DỊCH VỤ GIA SƯ TÀI NĂNG,909975617,0909975617
CÔNG TY TNHH THƯƠNG MẠI - DỊCH VỤ HÓA CHẤT VÀ MÔI TRƯỜNG PHÚC HỒNG ĐỨC,913685685,0913685685
CÔNG TY TNHH MÔI TRƯỜNG THANH LÂM PHÁT,932746082,0932746082
CÔNG TY TNHH TM & SX KÍNH Á CHÂU,932663666,0932663666
CÔNG TY TNHH DỊCH VỤ GIỚI THIỆU HÔN NHÂN QUỐC TẾ VIỆT NAM CẦU Ô THƯỚC,819280000,0819280000
CÔNG TY TNHH NHÀ HÀNG MAILISA,792029435,0792029435
CÔNG TY TNHH DEYISHI (VIỆT NAM),8.61386E+12,08613862419591
CÔNG TY TNHH TM DV THUẦN ĐẠI PHÁT,373560478,0373560478
CÔNG TY TNHH MAY MẶC XUẤT NHẬP KHẨU H&V,973459560,0973459560
CÔNG TY TNHH GIÁO DỤC THANH LONG PHÁT,937230636,0937230636
CÔNG TY TNHH SÂN KHẤU CA NHẠC HỘI CHỢ THƯƠNG MẠI LOTO SHOW PHẠM NGỌC THÚY,908070325,0908070325
CÔNG TY TRÁCH NHIỆM HỮU HẠN HOTUNG,528811808,0528811808
CÔNG TY TNHH DƯỢC LONG,918848086,0918848086
CÔNG TY TNHH TMDV KỸ THUẬT ĐIỆN LẠNH VÀ ĐIỆN CÔNG NGHIỆP T-Q-H VN,934249507,0934249507
CÔNG TY TNHH KỸ THUẬT SUNZO VIỆT NAM,985849757,0985849757
CÔNG TY TNHH CƠ KHÍ NAGA VINA,328001468,0328001468
CÔNG TY TNHH NASWEET,937153220,0937153220
CÔNG TY TNHH VIỆT HÙNG VINA,977474056,0977474056
CÔNG TY TNHH THƯƠNG MẠI DỊCH VỤ ĐẦU TƯ THANH SƠN PHÁT,877242760,0877242760
CÔNG TY TNHH XD VÀ DV BÌNH AN,843369379,0843369379
CÔNG TY TNHH REJINARIA GABRIEL PASSOS (REGAP),388416505,0388416505
CÔNG TY TNHH TƯ VẤN PHÁT TRIỂN NHÀ ĐẤT NNV,363255153,0363255153
CÔNG TY TNHH SG EVN VN,327256429,0327256429
CÔNG TY TNHH XÂY DỰNG VCH,379178871,0379178871
CÔNG TY TNHH DỊCH VỤ THƯƠNG MẠI VẬN TẢI PHẠM HOÀNG,907883553,0907883553
CÔNG TY TNHH ĐẦU TƯ VÀ KINH DOANH PHỤ TÙNG Ô TÔ TUẤN SANG,979608686,0979608686
CÔNG TY TNHH XÂY DỰNG THƯƠNG MẠI DỊCH VỤ ĐẠT NGHĨA,914613177,0914613177
CÔNG TY TNHH NÔNG SẢN CAO PHÁT,792792217,0792792217
CÔNG TY TNHH THIẾT KẾ VÀ XÂY DỰNG NHÀ HOME,336337394,0336337394
CÔNG AN XÃ VĨNH THANH,983990007,0983990007
CÔNG AN XÃ PHÚ THẠNH,939083868,0939083868
CÔNG TY TNHH THƯƠNG MẠI DỊCH VỤ MINH TUYẾT LT,919019899,0919019899
CÔNG TY CỔ PHẦN TẬP ĐOÀN KINH TÀI,853456798,0853456798
CÔNG TY TNHH THƯƠNG MẠI DỊCH VỤ TUẤN YẾN PHÁT,919825297,0919825297
CÔNG TY TNHH PHỤ TÙNG Ô TÔ BẢO KHANG AUTO,779145369,0779145369
CÔNG TY TNHH SẢN XUẤT THƯƠNG MẠI TRƯỜNG YÊN PHÁT,983308307,0983308307
CÔNG TY TNHH NEW FOR LAND INTERNATIONAL TRADING (VIỆT NAM),936013816,0936013816
CÔNG TY TNHH CƠ KHÍ THIÊN AN PHÁT,858257437,0858257437
CÔNG TY CỔ PHẦN VPS BEGYNCRYPTO,969258085,0969258085
CÔNG TY TNHH THƯƠNG MẠI DỊCH VỤ DU LỊCH HOÀNG THIÊN PHÚ,36989909,036989909
CÔNG TY TNHH VIVAIO ELECTRIC VIETNAM,972888357,0972888357
CÔNG TY TNHH GIÁO DỤC ÁNH DƯƠNG ENGLISH,961976976,0961976976
CÔNG TY TNHH DỊCH VỤ ĐẦU TƯ VÀ THƯƠNG MẠI TOÀN THẮNG,336962855,0336962855
CÔNG TY TNHH TMDV WINFOOD,969702337,0969702337
CÔNG TY TNHH THƯƠNG MẠI DỊCH VỤ NHÀ NÔNG,852607825,0852607825
CÔNG TY TNHH KINH DOANH TỔNG HỢP TRỌNG TÚ,768937217,0768937217
CÔNG TY TNHH VLXD KIM ĐÔNG PHƯƠNG,965574959,0965574959
CÔNG TY TNHH DẦU NHỚT HOÀNG DỰNG,974723972,0974723972
CÔNG TY TNHH TMDV PHƯỚC HẢI,76314879,076314879
CÔNG TY TNHH SỮA VINAMILK HN VIET NAM,941456760,0941456760
CÔNG TY TNHH DỊCH VỤ BẢO VỆ AN NINH BA MIỀN,934024368,0934024368
CÔNG TY TNHH MTV TMDV NGUYỄN YÊN,375956657,0375956657
CÔNG TY TNHH DIVIVU TRAVEL,384409820,0384409820
CÔNG TY TNHH MTV VẬT LIỆU XÂY DỰNG MINH HƯNG,965029287,0965029287
CÔNG TY TNHH XÂY DỰNG DỊCH VỤ ANH NAM PHÁT,9.84233E+13,098423291009736
CÔNG TY TNHH ÁNH DƯƠNG AQUAVET,566917179,0566917179
CÔNG TY TNHH MTV SOFTBANK CORP,916558215,0916558215
CÔNG TY TNHH SẢN XUẤT THƯƠNG MẠI DỊCH VỤ PHƯƠNG ANH HÂN,914450170,0914450170
CÔNG TY TNHH BEGYNCRYPTO SSI,985081026,0985081026
CÔNG TY TNHH KIẾN TRÚC XANH CỬU LONG,9032175859,09032175859
CÔNG TY TNHH ATAI FUJI ELECTRIC VIỆT NAM,88633213030,088633213030
CÔNG TY TNHH TRANG TRÍ NỘI THẤT PHÚC GIA AN,944282626,0944282626
CÔNG TY TNHH TMDV VẬN TẢI PHƯƠNG TUỆ LÂM,792255268,0792255268
CÔNG TY TNHH ĐẦU TƯ TMDV CHÍ CÔNG,769350406,0769350406
CÔNG TY TNHH KIM PHỤNG PHÁT,908624107,0908624107
CÔNG TY TNHH HỆ THỐNG PC,907368018,0907368018
CÔNG TY TNHH MASSAGE HẢI ĐƯỜNG,345244339,0345244339
CÔNG TY TNHH QUANG HIẾU ĐẠI PHÁT,944207017,0944207017
CÔNG TY TNHH TM PHẠM MINH NHẬT,826280379,0826280379
CÔNG TY TNHH TM DV SX MỘT THÀNH VIÊN PHAN LỘC,906083664,0906083664
CÔNG TY TNHH DỊCH VỤ THANH TOÁN TRỰC TUYẾN TOÀN CẦU,705580673,0705580673
CÔNG TY TNHH NỘI THẤT PHÚ THIÊN PHÁT,986183055,0986183055
CÔNG TY CỔ PHẦN THỰC PHẨM GREENERA,388994676,0388994676
CÔNG TY TRÁCH NHIỆM HỮU HẠN CƠ KHÍ VÀ KINH DOANH SẮT THÉP PHONG THI,9.34514E+12,09345144070901
CÔNG TY TNHH SẢN XUẤT THƯƠNG MẠI VÀ BÁN BUÔN HÓA CHẤT PHÁP HUỆ,9.31805E+12,09318053010934
CÔNG TY TNHH 86 HUYỀN NGUYỄN,949118446,0949118446
CÔNG TY TNHH THỰC PHẨM VỊ NGON,777096828,0777096828
CÔNG TY TNHH DU LỊCH MAILISA VN,705805859,0705805859
CÔNG TY TNHH BĐS LONG THÀNH-NHƠN TRẠCH,944614444,0944614444
CÔNG TY TNHH GỖ LÂM PHÁT TÀI,898822949,0898822949
CÔNG TY TNHH XUẤT NHẬP KHẨU HẠO NGUYÊN,981776246,0981776246
CÔNG TY TNHH MINH NAM TIẾN,702007228,0702007228
CÔNG TY CỔ PHẦN VƯƠNG GIA HƯNG THỊNH GLOBAL,933708739,0933708739
CÔNG TY TNHH TM DV LƯU TUẤN PHÁT,899250759,0899250759
CÔNG TY TNHH TMDV XÂY DỰNG THÀNH CHÂU,898485674,0898485674
CÔNG TY TNHH INOX THIÊN PHÁT,9032973015,09032973015
CÔNG TY TNHH SẢN XUẤT THƯƠNG MẠI TRẦN THANH TÙNG,964348490,0964348490
CÔNG TY CỔ PHẦN GIA CÔNG CƠ KHÍ VÀ SƠN PHỦ DTP,90730131,090730131
CÔNG TY TNHH THƯƠNG MẠI VÀ VẬN TẢI HIỆP MINH ĐỨC,383787632,0383787632
CÔNG TY TNHH T&T SOUND LIGHTNING,913365635,0913365635
CÔNG TY TNHH NHỰA MINH HÂN,978395978,0978395978
CÔNG TY TNHH THƯƠNG MẠI WEI YI,907786696,0907786696
CÔNG TY TNHH THƯƠNG MẠI BẢO VỆ VIỆT AN 24/7,372026769,0372026769
CÔNG TY TNHH DỊCH VỤ QUỐC TẾ LUCKY STAR,985757684,0985757684
CÔNG TY TNHH DU LỊCH VÀ DỊCH VỤ HOTEL QUỐC TẾ,964117040,0964117040
CÔNG TY TNHH ASX PHÁT TRIỂN,978590171,0978590171
CÔNG TY TNHH THƯƠNG MẠI DỊCH VỤ & VẬN TẢI TÂM TRUNG HIẾU,824535779,0824535779
CÔNG TY TNHH TRUNG TÂM VĂN HÓA HẢI YẾN,787770817,0787770817
CÔNG TY TNHH THƯƠNG MẠI DŨNG NAM MỸ,949607172,0949607172
CÔNG TY TNHH PHƯƠC'DECOR,798680868,0798680868
CÔNG TY TNHH MỘT THÀNH VIÊN XÂY DỰNG GIÁO DỤC VÀ MÔI TRƯỜNG VIỆT NAM,848291345,0848291345
CÔNG TY TNHH DỊCH VỤ KỸ THUẬT CÁCH NHIỆT TUẤN 75,914288146,0914288146
CÔNG TY TNHH TMDV TRUNG LẬP ĐN,565815663,0565815663
CÔNG TY TNHH VẬN CHUYỂN ĐA DẠNG VÀ NĂNG ĐỘNG,972344043,0972344043
CÔNG TY TNHH HD SSS86,971851769,0971851769
CÔNG TY TNHH TƯ VẤN ĐÀO TẠO NGHỀ PHAN CHÂU,942083099,0942083099
CÔNG TY TNHH TƯ VẤN ĐÀO TẠO NGHỀ PHẠM TUẤN ANH,978341414,0978341414
CÔNG TY TNHH SẢN XUẤT THƯƠNG MẠI GỖ ĐẠI PHÚ PHÁT,916323502,0916323502
CÔNG TY TNHH TMDV ĐT XÂY DỰNG HUỆ TRÂN,899018760,0899018760
CÔNG TY TNHH KIẾN TRÚC XÂY DỰNG TAS,987287467,0987287467
CÔNG TY TNHH TM DV TÂN PHÁT THỊNH,899175053,0899175053
CÔNG TY TNHH MỘT THÀNH VIÊN SAN HI,776536467,0776536467
CÔNG TY TNHH FALCON ELECTRIC,332024986,0332024986
CÔNG TY TNHH KẾT CẤU THÉP CƠ KHÍ XÂY DỰNG HẢI HƯNG,937588696,0937588696
CÔNG TY TNHH THIẾT BỊ ĐIỆN NƯỚC NGỌC THUẬN,818309309,0818309309
CÔNG TY CỔ PHẦN SỮA LONG THÀNH,989055919,0989055919
CÔNG TY TNHH THƯƠNG MẠI DỊCH VỤ HOÀNG THIÊN LOGITICS,908368843,0908368843
CÔNG TY TNHH GIÁO DỤC & ĐÀO TẠO TÀI NĂNG VIỆT NAM,916992061,0916992061
CÔNG TY TNHH DT MEDIA,777688885,0777688885
CÔNG TY TNHH CƠ KHÍ VÀ TỰ ĐỘNG HOÁ CHÍ NHẬT TỪ,898918962,0898918962
CÔNG TY TNHH THE LOVER AGENCY,938391129,0938391129
CÔNG TY TNHH THÁI HOÀNG KHÔI,388878988,0388878988
CÔNG TY TNHH TT HẰNG DU MỤC,948887472,0948887472
CÔNG TY TNHH LILY EDUCATION,366750537,0366750537
CÔNG TY TNHH SX -TM - DV NGỌC KIỆT,792816013,0792816013
CÔNG TY TNHH NHỰA BAO BÌ XANH,914461279,0914461279
CÔNG TY TNHH PHÁT TRIỂN KỸ NĂNG HAPPY KIDS,937518000,0937518000
CÔNG TY TNHH THƯƠNG MẠI XÂY DỰNG VẬN TẢI THUẬN ĐẠT THÀNH,932167372,0932167372
CÔNG TY TNHH THƯƠNG MẠI DỊCH VỤ XUẤT NHẬP KHẨU HẢI ANH PHÁT,866476486,0866476486
CÔNG TY TNHH THIẾT KẾ & XÂY DỰNG NGUYỄN TÂM,909555001,0909555001
CÔNG TY TNHH MASSAGE THIÊN AN,345244339,0345244339
CÔNG TY TNHH TMDV MAI TRANG,898041182,0898041182
CÔNG TY TNHH MINH ĐỨC NGỌC,938987869,0938987869
CÔNG TY TNHH ĐẦU TƯ TM DV ANH TUẤN PHÁT,896539020,0896539020
CÔNG TY TNHH ĐỒNG PHỤC KIM ANH,976846377,0976846377
CÔNG TY TNHH YUYUAN MACHINERY (VIETNAM),8.61377E+12,08613771709709
CÔNG TY TNHH TM DV KT ĐIỆN LẠNH TÚ PHƯƠNG,972974874,0972974874
CÔNG TY TNHH TMDV THÌN THỊ,522571810,0522571810
CÔNG TY TNHH PHÚC ÂN PHÁT,986050104,0986050104
CÔNG TY TNHH TMDV TRUNG ANH MAILISA,927880921,0927880921
CÔNG TY TNHH TMDV VẠN TÙNG,896451764,0896451764
CÔNG TY TNHH KT XD TM VÀ DV PHÚC THÀNH TÂM,937699558,0937699558
CÔNG TY TNHH TRUNG TÂM NGOẠI NGỮ QUỐC TẾ TIMY,777100800,0777100800
CÔNG TY TNHH ĐẦU TƯ TM DV HÙNG PHƯỚC,964392510,0964392510
CÔNG TY TNHH TMDV VIẾT HÙNG,899564161,0899564161
CÔNG TY TNHH VẬN TẢI VẬT LIỆU XÂY DỰNG ĐẠT GIA PHÁT,969239779,0969239779
CÔNG TY TNHH TMDV THÀNH PHÁT ĐẠT LONG KHÁNH,911629778,0911629778
CÔNG TY TNHH COMFORT SOFA,977603669,0977603669
CÔNG TY TNHH GIA VŨ PHẠM,784936359,0784936359
CÔNG TY TNHH WECCAN (VIETNAM) TECHNOLOGY,979302070,0979302070
CÔNG TY TNHH CÔNG NGHỆ LAISAI (VIỆT NAM),342998887,0342998887
CÔNG TY TNHH ĐÀO TẠO NGOẠI NGỮ ORCHID,372397073,0372397073
CÔNG TY TNHH DỊCH VỤ VẬN TẢI NGỌC ÂN,945404479,0945404479
CÔNG TY TNHH PHẾ LIỆU THẮNG THƯƠNG,978557079,0978557079
CÔNG TY TNHH TM XD THÀNH NHÂN PHÁT,987677637,0987677637
CÔNG TY TNHH CƠ KHÍ XÂY DỰNG THƯƠNG MẠI TUẤN TÚ,985560228,0985560228
CÔNG TY TNHH KOREA TRƯỜNG GIANG GROUP,934200300,0934200300
CÔNG TY TNHH LUYỆN CHỮ ĐẸP CÔ THÚY,915036667,0915036667
CÔNG TY TNHH - T.D.T - 6789,976787950,0976787950
CÔNG TY TNHH MTV DV THĂNG LONG,985690797,0985690797
CÔNG TY TNHH THƯƠNG MẠI DỊCH VỤ TRÍ NHẬT,935783214,0935783214
CÔNG TY TNHH ĐÀO TẠO PHÁT TRIỂN KỸ NĂNG TƯ DUY VIỆT,989195659,0989195659
CÔNG TY TNHH DUY THỊNH TÍN,904521916,0904521916
CÔNG TY CỔ PHẦN SẢN XUẤT THƯƠNG MẠI DỊCH VỤ ECO GREEN,918099820,0918099820
CÔNG TY TNHH KIM CHI VIỆT NAM,827762711,0827762711
CÔNG TY TNHH DYNAMIC ACE GLOBAL VIETNAM,792787867,0792787867
CÔNG TY TNHH NÔNG CƠ MINH TUẤN,9.33552E+14,0933551505096556
CÔNG TY TNHH NGOẠI NGỮ HẢI ĐĂNG,913832939,0913832939
CÔNG TY TNHH BẤT ĐỘNG SẢN NGỌC MAI,899759181,0899759181
CÔNG TY TNHH THƯƠNG MẠI XÂY DỰNG HOÀNG MINH CÁT,866600095,0866600095
CÔNG TY TNHH THƯƠNG MẠI DỊCH VỤ THIẾT BỊ Y TẾ HDA,948822801,0948822801
CÔNG TY TNHH MỘT THÀNH VIÊN SẢN XUẤT THƯƠNG MẠI CƠ KHÍ HIỆP LỰC,922930930,0922930930
CÔNG TY TNHH CÔNG NGHỆ THƯƠNG MẠI VÀ DỊCH VỤ HƯNG PHÚC LỘC,975799115,0975799115
CÔNG TY TNHH SYSTEM CON CƯNG,567967248,0567967248
CÔNG TY CỔ PHẦN BẤT ĐỘNG SẢN NKT,902515140,0902515140
CÔNG TY TNHH GIỐNG TƯƠNG LAI,901440010,0901440010
CÔNG TY TNHH H&S EASY,938508911,0938508911
CÔNG TY TRÁCH NHIỆM HỮU HẠN THIỆN PHÁT LỘC,983300939,0983300939
CÔNG TY TNHH DỊCH VỤ VẬN TẢI KHÔI NGUYỄN,767549821,0767549821
CÔNG TY TNHH FIT STEEL VIỆT NAM,908424095,0908424095
CÔNG TY TNHH GIÁO DỤC & ĐÀO TẠO CAO BÁ PHÁN,834007968,0834007968
CÔNG TY TNHH TM DV MINH THANH HÙNG,899175053,0899175053
CÔNG TY TNHH TM DV PHÚ CƯỜNG ĐẠT,896596764,0896596764
CÔNG TY TNHH KHANG KIM PHƯƠNG,9167519,09167519
CÔNG TY TNHH TỰ ĐỘNG HÓA SIC,326575564,0326575564
CÔNG TY TNHH DỊCH VỤ VẬN TẢI TRUNG ANH QUÂN,988652465,0988652465
CÔNG TY TNHH TM PHƯỚC ANH,949340438,0949340438
CÔNG TY TNHH ĐẦU TƯ JBC,937287789,0937287789
CÔNG TY TNHH HAPPY WORLD TOUR,931214918,0931214918
CÔNG TY TNHH TM DV BÁ THIÊN,933343169,0933343169
CÔNG TY TNHH DỊCH VỤ KẾ TOÁN AN AN NHI,916786707,0916786707
CÔNG TY TNHH CHENGUANG ELECTRICAL APPLIANCES VIỆT NAM,797840890,0797840890
CÔNG TY CỔ PHẦN BỆNH VIỆN MẮT ÁNH SÁNG ĐỒNG NAI,917244380,0917244380
CÔNG TY TNHH POWER WORK,943200126,0943200126
CÔNG TY TNHH NGUỒN NHÂN LỰC THÁI TUẤN,967642462,0967642462
CÔNG TY TNHH VẬN TẢI HOÀNG BẢO KHÁNH,767999239,0767999239
CÔNG TY TNHH ĐỨC TÍN THỊNH,374053093,0374053093
CÔNG TY TNHH HOME DESIGN GROUP,985970670,0985970670
CÔNG TY TNHH SX TMDV MINH ĐẠT VN,767602195,0767602195
CÔNG TY TNHH MTV CƠ KHÍ XÂY DỰNG HOÀNG NAM PHÁT,376237768,0376237768
CÔNG TY TNHH XOÀI SẤY KHANG KHÔI,989794123,0989794123
CÔNG TY TNHH TRUNG TÂM NGOẠI NGỮ CÁNH DIỀU,937380630,0937380630
CÔNG TY TNHH DEEPSEEK,985757684,0985757684
CÔNG TY TNHH DỊCH VỤ-THƯƠNG MẠI VÀ ĐẦU TƯ KỲ ANH,917287580,0917287580
CÔNG TY TNHH TỰ ĐỘNG HÓA NAM VIỆT PHÁT,938108246,0938108246
CÔNG TY TNHH TOYS CON CƯNG,357510906,0357510906
CÔNG TY TNHH VẬN TẢI AN TÂM TÍN PHÁT,909171016,0909171016
CÔNG TY TNHH HÂN MINH ANH,842872898,0842872898
CÔNG TY TNHH TƯ VẤN THIẾT KẾ TRƯỜNG VINH,9.69873E+16,096987325409685400
CÔNG TY TNHH THIẾT BỊ XÂY DỰNG VIỆT TIẾN PHÁT,363209944,0363209944
CÔNG TY TNHH TM DV HỮU HỌC,896596764,0896596764
CÔNG TY CỔ PHẦN THƯƠNG MẠI DỊCH VỤ AN EVENT,857123498,0857123498
CÔNG TY TNHH MỘT THÀNH VIÊN HƯNG TOÀN LỘC,785121288,0785121288
CÔNG TY TNHH TM DV NAM CÔNG MINH,898672384,0898672384
CÔNG TY TNHH THIẾT KẾ XÂY DỰNG VĂN CƯỜNG,982194710,0982194710
CÔNG TY TNHH VLXD SẮT THÉP HÙNG ĐỨC ANH,899250759,0899250759
CÔNG TY TNHH TM DV TRÙNG DƯƠNG,898672384,0898672384
CÔNG TY TNHH ĐẦU TƯ XÂY DỰNG TMDV HTC,767602195,0767602195
CÔNG TY CỔ PHẦN VẬN TẢI THÀNH PHỤNG,961220282,0961220282
CÔNG TY TNHH CƠ KHÍ XÂY DỰNG VTN1.CONS,9089023239,09089023239
CÔNG TY TNHH GIẢI PHÁP THÔNG MINH M&E,971848525,0971848525
CÔNG TY TNHH GIÁO DỤC VÀ PHÁT TRIỂN KĨ NĂNG NGOẠI NGỮ MINH NHẬT,908281680,0908281680
CÔNG TY TNHH VIN AGRITECH,987274867,0987274867
CÔNG TY TNHH TÂN HÒA 1,915450789,0915450789
CÔNG TY TNHH CƠ KHÍ KAO-MENG (VIỆT NAM),363783276,0363783276
CÔNG TY TNHH FOOTHILLS ROCKWORKS SR,906154144,0906154144
CÔNG TY TNHH TMDV THÚY ĐN,768937217,0768937217
CÔNG TY TNHH KIẾN TRÚC XÂY DỰNG TAC,963832945,0963832945
CÔNG TY TNHH ĐÔNG PHƯƠNG THANH ĐẾ,834367685,0834367685
CÔNG TY TNHH TM DV LÊ TRUNG HIẾU,896539020,0896539020
CÔNG TY TNHH MTV SHENZHEN SKYWORTH DIGITAL TECHNOLOGY,916644136,0916644136
CÔNG TY TNHH CƠ KHÍ THỊNH THÁI,352644237,0352644237
CÔNG TY TNHH MỘT THÀNH VIÊN XUẤT NHẬP KHẨU TRÍ LÂM,937293925,0937293925
CÔNG TY TNHH THƯƠNG MẠI DỊCH VỤ GỖ VĂN THUẬN,933988705,0933988705
CÔNG TY TNHH THƯƠNG MẠI DỊCH VỤ LONG NGỌC VIỆT,348942930,0348942930
CÔNG TY TNHH XÂY DỰNG VÀ BẢO TRÌ NHÀ XƯỞNG TOÀN TÂM,909411468,0909411468
CÔNG TY TNHH SX TM DV HỮU TÂN,767602195,0767602195
CÔNG TY TNHH FORE INTELLIGENCE (VIỆT NAM),8.64001E+11,0864001188999
CÔNG TY TNHH DỊCH VỤ GIẢI TRÍ DU LỊCH THE 9,978999989,0978999989
CÔNG TY TNHH THƯƠNG MẠI VÀ DỊCH VỤ TRÚC ĐAN,817777799,0817777799
CÔNG TY TNHH TM DV TUÂN NGUYỄN,983753537,0983753537
CÔNG TY TNHH ĐIỆN TỬ EVERON,899572321,0899572321
CÔNG TY TNHH ĐTXD ĐÌNH KHẢI,964392510,0964392510
CÔNG TY TNHH CÔNG NGHỆ MẠNG VPS VN,779045647,0779045647
CÔNG TY TNHH CÔNG TRÌNH VẬN TẢI ĐẠI LỢI,983554249,0983554249
CÔNG TY TNHH TM DV XNK LÂM GIA,917586889,0917586889
CÔNG TY TNHH TMDV KIM GIÀU,379739920,0379739920
CÔNG TY TNHH SẢN XUẤT VÀ KINH DOANH BÁ ĐỈNH,908105220,0908105220
CÔNG TY TNHH XĂNG DẦU QUANG PHƯỢNG,772334455,0772334455
CÔNG TY TNHH THANH PHƯỢNG HOÀNG,988476706,0988476706
CÔNG TY TNHH QUANG LINH OFFICIAL,567967248,0567967248
CÔNG TY TNHH PHÁT TRIỂN CÔNG NGHỆ DTBM,978806508,0978806508
CÔNG TY TNHH XÂY DỰNG DƯƠNG NGỌC LINH,988500076,0988500076
CÔNG TY TNHH XDTM DV THANH LAM,933912995,0933912995
CÔNG TY TNHH THƯƠNG MẠI VÀ CƠ KHÍ THIÊN LONG PHÁT,934575239,0934575239
CÔNG TY TNHH KINH DOANH MÁY MÓC THIẾT BỊ VÀ XÂY DỰNG HM,779889075,0779889075
DOANH NGHIỆP TƯ NHÂN H&L,963300048,0963300048
CÔNG TY TNHH THƯƠNG MẠI CƠ KHÍ ANH ĐẢO,9.36359E+15,09363593700904560
CÔNG TY TNHH PHOENIX VISION,387060644,0387060644
CÔNG TY TNHH XÂY DỰNG NGỌC VY GROUP,898501224,0898501224
CÔNG TY TNHH DỊCH VỤ VÀ XÚC TIẾN THƯƠNG MẠI KIM TOÀN THỊNH,908647475,0908647475
CÔNG TY TNHH MINH AN CPT,962684545,0962684545
CÔNG TY TNHH 1 TV TÂM THỊNH PHÁT,934142993,0934142993
CÔNG TY TNHH TƯ VẤN DỊCH VỤ KIÊN ĐỨC,393447738,0393447738
CÔNG TY CỔ PHẦN AZOVAC VIỆT NAM,986212145,0986212145
CÔNG TY TNHH DREAMLIGHT TECHNOLOGY,85226873198,085226873198
CÔNG TY TNHH DỆT KIM JIAN SHENG,373800618,0373800618
CÔNG TY TNHH THƯƠNG MẠI KINH DOANH SẮT THÉP VĂN LIÊM,9.0347E+15,09034704270902170
CÔNG TY TNHH SẢN XUẤT THƯƠNG MẠI PHƯỚC VŨ HƯƠNG,9.04687E+15,09046873080776150
CÔNG TY TNHH THƯƠNG MAI DỊCH VỤ AN THÀNH,865806080,0865806080
CÔNG TY TNHH TMDV THANH CHIỂU,935383128,0935383128
CÔNG TY TNHH TM - DV - SX THÀNH NAM,909687788,0909687788
CÔNG TY TNHH TỔ CHỨC SỰ KIỆN XÚC TIẾN THƯƠNG MẠI HỘI CHỢ TỨ XUYÊN,918009535,0918009535
CÔNG TY TNHH AN HÒA WOOD,969723653,0969723653
CÔNG TY TNHH TTSHOP IMEXPORT,898834293,0898834293
CÔNG TY TNHH SX DV VINFAST,703958813,0703958813
CÔNG TY TNHH CÔNG NGHIỆP VĨNH TÂN,372564575,0372564575
CÔNG TY TNHH PHÁT TRIỂN XÂY DỰNG 75,971827054,0971827054
CÔNG TY TRÁCH NHIỆM HỮU HẠN DỊCH VỤ TƯ VẤN LS TIẾN THÀNH,934693096,0934693096
CÔNG TY TNHH MÁY MÓC THIẾT BỊ VÀ CƠ KHÍ QUÁCH THẮNG,9.04598E+15,09045976330902270
CÔNG TY TNHH ĐẦU TƯ THƯƠNG MẠI XÂY DỰNG TẠ NHIÊN,9.06208E+15,09062075300901400
CÔNG TY TNHH THƯƠNG MẠI DỊCH VỤ KHA GIÀU,9.36408E+15,09364079300934500
CÔNG TY TNHH DU LỊCH & VẬN TẢI NHẬT NAM,822399199,0822399199
CÔNG TY TNHH MTV PHÚ TÀI LỘC,913616578,0913616578
CÔNG TY TNHH DỊCH VỤ THIẾT KẾ XÂY DỰNG HOÀNG MINH,906060178,0906060178
CÔNG TY TNHH TM DV N&N BLUE,833008679,0833008679
CÔNG TY TNHH ẨM THỰC KHU B,932711327,0932711327
CÔNG TY TNHH DTTM TTSHOP TRADING,973963899,0973963899
CÔNG TY TNHH DỊCH VỤ VÀ DU LỊCH HOÀI NAM,933308812,0933308812
CÔNG TY TNHH SNB SOLUTION VIỆT NAM,888188879,0888188879
CÔNG TY TRÁCH NHIỆM HỮU HẠN THIẾT KẾ VÀ XÂY DỰNG TIẾN VY,974028000,0974028000
CÔNG TY TNHH VẬN TẢI MINH HƯNG THỊNH,944902907,0944902907
CÔNG TY TNHH LÊ ÂN AUTO,937790246,0937790246
CÔNG TY CỔ PHẦN SUẤT ĂN CÔNG NGHIỆP HẠNH PHÚC,908648505,0908648505
CÔNG TY TNHH TM DV XUẤT NHẬP KHẨU GADEN,928000055,0928000055
CÔNG TY CỔ PHẦN VICTOR SOLUTION,385933686,0385933686
CÔNG TY TNHH TM DV SX WIN ENGINEERING,335194980,0335194980
CÔNG TY TNHH SẢN XUẤT THƯƠNG MẠI DỊCH VỤ QUỐC SƠN NAM,966085343,0966085343
CÔNG TY TNHH TM&DV TAM AN,326374318,0326374318
CÔNG TY TNHH 2 SNAILS TC,909346201,0909346201
CÔNG TY TNHH SẢN XUẤT GỖ AN TRUNG SƠN,941622039,0941622039
CÔNG TY TNHH THƯƠNG MẠI DỊCH VỤ DIỆP KHANH,93871110,093871110
CÔNG TY TNHH THƯƠNG MẠI PHÁT TRIỂN QUỐC KHANH,334900075,0334900075
CÔNG TY TNHH MTV VẬT LIỆU XÂY DỰNG HUY VIỆT PHÁT,966196989,0966196989
CÔNG TY TNHH XÂY DỰNG THƯƠNG MẠI ĐẠI TRƯỜNG AN,984973657,0984973657
CÔNG TY TNHH TMDV ANH PHẠM,978302301,0978302301
CÔNG TY TNHH GỖ HUY PHÁT ĐẠT,908046436,0908046436
CÔNG TY TNHH SẢN XUẤT THƯƠNG MẠI THỰC PHẨM HOLIFOOD,399090988,0399090988
CÔNG TY TNHH XÂY DỰNG NGÂN VY,976687368,0976687368
CÔNG TY TNHH TƯ VẤN THIẾT KẾ VÀ XÂY DỰNG HỒ LÊ GIA,984576316,0984576316
CÔNG TY TNHH THƯƠNG MẠI DỊCH VỤ LA HOA,388393779,0388393779
CÔNG TY TNHH XÂY DỰNG THƯƠNG MẠI DỊCH VỤ QUỐC LIỄU,9.04696E+15,09046959410903290
CÔNG TY TNHH XÂY DỰNG PHÙNG XUYÊN,9.02298E+15,09022984710936320
CÔNG TY TRÁCH NHIỆM HỮU HẠN THƯƠNG MẠI DỊCH VỤ SẢN XUẤT TUYÊN BÌNH,9.34649E+15,09346493760787140
CÔNG TY TNHH THƯƠNG MẠI TRẦN GIA TUẤN,978605539,0978605539
CÔNG TY TNHH PRIME TRANG TOÁN,911818385,0911818385
CÔNG TY TNHH XUẤT NHẬP KHẨU TRƯƠNG GIA BẢO,908457170,0908457170
CÔNG TY TNHH THƯƠNG MẠI DỊCH VỤ ĐẠT CẢNH,9.36017E+15,09360171350934630
CÔNG TY TNHH SẢN XUẤT ÂM NHẠC & PHIM NGẮN ATG,932729279,0932729279
CÔNG TY TNHH THƯƠNG MẠI - DỊCH VỤ VIỆT CƯỜNG PHÁT,916419009,0916419009
CÔNG TY TNHH THƯƠNG MẠI THIẾT BỊ TIN HỌC TIÊN PHONG,339915899,0339915899
CÔNG TY TNHH THƯƠNG MẠI NÔNG SẢN TOÀN THẮNG,907392858,0907392858
CÔNG TY TNHH VÀNG BẠC ĐÁ QUÝ HOÀNG XUÂN,986317777,0986317777
CÔNG TY CỔ PHẦN PHÁT TRIỂN TÁI TẠO E-GREEN,907090999,0907090999
CÔNG TY TNHH CƠ KHÍ VÀ XÂY DỰNG LÊ QUANG,909447148,0909447148
CÔNG TY TNHH TIẾP VẬN VIETLINK,982648739,0982648739
CÔNG TY TNHH HÙNG ĐĂNG ĐẠT,915694912,0915694912
CÔNG TY TNHH NỘI THẤT NGUYỄN TRIỀU,971475678,0971475678
CÔNG TY TNHH TƯ VẤN VÀ DỊCH VỤ NÔNG NGHIỆP BÌNH MINH,326123246,0326123246
CÔNG TY TNHH ĐIỆN MÁY MINH VIỆT,984706870,0984706870
CÔNG TY TNHH DV TM XÂY DỰNG VẬN TẢI VƯƠNG TRUNG,982847999,0982847999
CÔNG TY TNHH XÂY DỰNG CẦU ĐƯỜNG HƯNG ĐẠT,355138038,0355138038
CÔNG TY TNHH CÔNG NGHỆ TỰ ĐỘNG HÓA VIỆT HẢI,776776781,0776776781
CÔNG TY TNHH THƯƠNG MẠI DỊCH VỤ DÂN CẨM,9.36364E+15,09363638750934260
CÔNG TY TRÁCH NHIỆM HỮU HẠN DỊCH VỤ THƯƠNG MẠI XÂY DỰNG PHƯỚC LY,9.04565E+15,09045652870396320
CÔNG TY TNHH ĐỖ THỊ KIỀU UYÊN,907695202,0907695202
CÔNG TY TNHH MINH LONG ML,971670257,0971670257
CÔNG TY TNHH MỘT THÀNH VIÊN THƯƠNG MẠI DỊCH VỤ GARAGE Ô TÔ HUY NAM,983666103,0983666103
CÔNG TY TNHH PHẦN MỀM HOÀNG VŨ,908985374,0908985374
CÔNG TY TNHH NHẬT HẠ MIÊN,911229509,0911229509
CÔNG TY TNHH THƯƠNG MẠI VÀ DỊCH VỤ MÔI TRƯỜNG NHƯ Ý,972499933,0972499933
CÔNG TY TNHH THƯƠNG MẠI VẬT TƯ XÂY DỰNG TÂN TIẾN,968643512,0968643512
CÔNG TY TNHH NGUYÊN LIỆU PHA CHẾ THANH HƯNG,904270325,0904270325
CÔNG TY TNHH CÔNG NGHỆ MOSLA,949517430,0949517430
CÔNG TY TNHH TƯ VẤN DU HỌC ĐẦU TƯ ĐỊNH CƯ QUỐC TẾ GOLDEN PATHWAY,911092727,0911092727
CÔNG TY TNHH DỊCH VỤ VẬN TẢI TTL,945000162,0945000162
CÔNG TY TNHH QUỐC TẾ IEC,938924525,0938924525
CÔNG TY TNHH THƯƠNG MẠI DỊCH VỤ VẬN TẢI MẠNH PHÁT,372076540,0372076540
CÔNG TY TNHH KỸ THUẬT IN LONG GIANG,919046006,0919046006
CÔNG TY TRÁCH NHIỆM HỮU HẠN SẢN XUẤT DỊCH VỤ THƯƠNG MẠI MAY MẶC TÚ TUYẾT,9.31674E+15,09316740600936000
CÔNG TY TNHH SẢN XUẤT THƯƠNG MẠI DỊCH VỤ BẢO QUẾ,9.09328E+15,09093281150786510
CÔNG TY TNHH THƯƠNG MẠI DỊCH VỤ SẮT THÉP HỒNG TÙNG,9.0227E+16,090226957209326600
CÔNG TY TNHH MÔI TRƯỜNG TUẤN PHÁT,979651000,0979651000
CÔNG TY TNHH NGỌC THÀNH NGÂN 79,339600422,0339600422
CÔNG TY TNHH H.N.K VIỆT NAM,798966339,0798966339
CÔNG TY TNHH PHÒNG CHẨN TRỊ YHCT TRUNG Y,329463639,0329463639
CÔNG TY LUẬT TNHH NGUYỄN NAM VÀ CỘNG SỰ,982971055,0982971055
CÔNG TY TNHH TM DV ĐẠI LỘC PHÁT 68,975357770,0975357770
CÔNG TY TNHH KHUÔN MẪU KK VINA,393772461,0393772461
CÔNG TY TNHH PHÁT THÁI BÌNH,855052905,0855052905
CÔNG TY TNHH PHÒNG KHÁM ĐA KHOA VẠN PHÚC SÀI GÒN,58561161,058561161
CÔNG TY TNHH KOREA EXECLLENT FOODSERVICE (KEF RETAIL),384850688,0384850688
CÔNG TY TNHH KỸ THUẬT VÀ XÂY DỰNG TÂN HOÀNG PHÁT,931613053,0931613053
CÔNG TY TNHH Y-PACK VIỆT NAM,901090169,0901090169
CÔNG TY TNHH MẬU DỊCH LIXING VIỆT NAM,333977638,0333977638
CÔNG TY TNHH THƯƠNG MẠI DỊCH VỤ THIÊN MINH KỲ,938379489,0938379489
CÔNG TY TNHH WHOLE FOOD LAND,973757614,0973757614
CÔNG TY CỔ PHẦN ĐẦU TƯ XÂY DỰNG PVQ,913732992,0913732992
CÔNG TY TNHH HUỲNH KHANG THỊNH PHÁT,828393839,0828393839
CÔNG TY TNHH NHẤT TÂM FOODS,394416822,0394416822
CÔNG TY TNHH ĐẦU TƯ SẢN XUẤT THƯƠNG MẠI DỊCH VỤ CHIẾN NGỌC,9.03483E+15,09034826930904500
CÔNG TY TNHH SKAN VIỆT NAM,862147676,0862147676
CÔNG TY CỔ PHẦN THƯƠNG MẠI XÂY DỰNG VY HÙNG,9.06265E+14,0906265120090340
CÔNG TY TNHH HUY MAI HƯNG,909463478,0909463478
CÔNG TY TNHH FIT METAL VIỆT NAM,908424095,0908424095
CÔNG TY TNHH GIA CÔNG LẮP ĐẶT KẾT CẤU THÉP TUẤN DŨNG,398341679,0398341679
CÔNG TY TNHH TM DV VẬN TẢI VŨ THÀNH PHÁT,904798279,0904798279
CÔNG TY CỔ PHẦN VẬN TẢI VÀ DỊCH VỤ 911 GROUP FUTURE,9459191,09459191
CÔNG TY TNHH THƯƠNG MẠI DỊCH VỤ YUONGHSIN,972954012,0972954012
CÔNG TY TNHH PHỤ TÙNG VÀ MÁY MÓC TÂM DIỆP,9.32578E+15,09325780100931700
CÔNG TY TNHH THƯƠNG MẠI DỊCH VỤ BẤT ĐỘNG SẢN PHƯỚC THIỆN,912116529,0912116529
CÔNG TY TNHH THƯƠNG MẠI NÔNG SẢN TUẤN KIỆT,387985722,0387985722
CÔNG TY TNHH CƠ KHÍ CHÍNH XÁC THẢO HÂN,908422871,0908422871
CÔNG TY TNHH KINH DOANH Ô TÔ KHÁNH BÌNH,971251753,0971251753
CÔNG TY TNHH TƯ VẤN DOANH NGHIỆP PHÚ VINH,825778456,0825778456
CÔNG TY TNHH 3AM CONSULTING,328128989,0328128989
CÔNG TY TNHH PHOTOMONG ĐỒNG NAI 1,769833688,0769833688
CÔNG TY TNHH KỸ THUẬT CƠ ĐIỆN WINTECH,919137327,0919137327
CÔNG TY TNHH F&B PHÚC MINH ANH,888182345,0888182345
CÔNG TY TNHH THƯƠNG MẠI DỊCH VỤ VSS,968292195,0968292195
CÔNG TY TRÁCH NHIỆM HỮU HẠN DÂY CÓI MINH PHƯƠNG,383141274,0383141274
CÔNG TY TNHH DỊCH VỤ TM PHÁT TRIỂN DT VN,332579142,0332579142
CÔNG TY TNHH ÚT HƯƠNG NHƠN TRẠCH,7030777716,07030777716
CÔNG TY TNHH KIẾN TRÚC XÂY DỰNG ĐẠI HOÀN NAM,9.39816E+12,09398161390969
CÔNG TY TNHH XÂY DỰNG ĐẦU TƯ PHÁT TRIỂN VCONS,964600988,0964600988
CÔNG TY TNHH MẠNG CÔNG NGHỆ PHẦN MỀM MINH HẢI,778891714,0778891714
CÔNG TY TNHH QUEST COMPOSITE TECHNOLOGY VIỆT NAM,85239054588,085239054588
CÔNG TY TNHH TNHH KINH DOANH VÀNG THIỆT PHI VŨ,918524477,0918524477
CÔNG TY TNHH KINH DOANH VÀNG THIỆT QUỲNH LOAN,984696363,0984696363
CÔNG TY TNHH KINH DOANH VÀNG THIỆT PHI HẢI,975777199,0975777199
CÔNG TY TNHH KINH DOANH VÀNG THIỆT PHI BẰNG,989507508,0989507508
CÔNG TY TNHH TMDV XUẤT NHẬP KHẨU CÔNG NGHỆ DỆT MAY BLANCHE VN,776776781,0776776781
CÔNG TY CỔ PHẦN THƯƠNG MẠI SẢN XUẤT MAY MẶC ÚT THÀNH,9.04595E+15,09045953050934380
CÔNG TY TNHH D.I. CERA VN,386309504,0386309504
CÔNG TY TNHH TM DV CƠ GIỚI CƠ KHÍ THANH HIẾU,903618363,0903618363
CÔNG TY TNHH SẢN XUẤT THƯƠNG MẠI ĐÀO THÀNH ĐẠT,916616139,0916616139
CÔNG TY TRÁCH NHIỆM HỮU HẠN SẢN XUẤT THƯƠNG MẠI TÂM CHÂU,909839474,0909839474
CÔNG TY CỔ PHẦN THƯƠNG MẠI DỊCH VỤ ĐỊA ỐC REVIEW,937828499,0937828499
CÔNG TY TNHH GỖ PHÚ HÙNG,388799177,0388799177
CÔNG TY TNHH TMDV MAY MẶC VÀ SẢN XUẤT GIÀY DA AN LÂM,779148170,0779148170
CÔNG TY TNHH XÂY DỰNG HUY ANH ĐỒNG NAI,937013989,0937013989
CÔNG TY TNHH THƯƠNG MẠI DỊCH VỤ MANCHINES GROUP,779881552,0779881552
CÔNG TY TNHH THƯƠNG MẠI DỊCH VỤ ANH PHƯƠNG BÙI,898789779,0898789779
CÔNG TY TNHH XD TM DV NHẬT MẠNH JVN,332867092,0332867092
CÔNG TY TNHH MTV QUỐC KHÁNH VIỆT NAM,984233648,0984233648
CÔNG TY TNHH MINH PHÁT TOÀN THẮNG,941372244,0941372244
CÔNG TY TNHH GIA CÔNG MỘC NHẬT LINH,961079279,0961079279
CÔNG TY TNHH TMDV XÂY DỰNG & XNK TÂN NGUYỄN,779744731,0779744731
CÔNG TY LUẬT TNHH MTV SAO KIM TV,919789536,0919789536
CÔNG TY TNHH TÂN SONG PHÁT LỘC,945780744,0945780744
CÔNG TY TNHH MS VAN,77555201,077555201
CÔNG TY TNHH SẢN XUẤT THƯƠNG MẠI XÂY DỰNG ĐIỆN KHẢI PHÁT,9.33964E+15,09339641400979540
CÔNG TY TNHH HOÀNG MINH PS,582816969,0582816969
CÔNG TY TNHH KIỂM ĐỊNH 6 ĐỒNG NAI,907567888,0907567888
CÔNG TY TNHH MTV THƯƠNG MẠI VÀ SẢN XUẤT AN ANH PHÁT,972958711,0972958711
CÔNG TY TNHH ĐẦU TƯ PHÁT TRIỂN BẢO NAM PHÁT,367380746,0367380746
CÔNG TY TNHH LOGISTICS TRỌNG QUÂN.,972261810,0972261810
CÔNG TY TNHH KHÁCH SẠN THU HƯƠNG GOLD,986569606,0986569606
CÔNG TY TNHH DV HÒA PHÁT FOOD,364062442,0364062442
CÔNG TY TNHH THƯƠNG MẠI DỊCH VỤ TỔNG HỢP TRUNG PHÁT,915460295,0915460295
CÔNG TY TNHH HALAMAN,918853416,0918853416
CÔNG TY TNHH XÂY DỰNG CHÍNH DANH,899379879,0899379879
CÔNG TY TNHH MÚT XỐP HOÀNG HUY LINH,908314558,0908314558
CÔNG TY TNHH TMDV CÔNG NGHIỆP THĂNG LONG,933225450,0933225450
CÔNG TY TNHH MTV DOÃN QUANG,901551001,0901551001
CÔNG TY TNHH MTV VIỆN DƯỠNG LÃO THIỆN TÂN,374148101,0374148101
CÔNG TY TNHH SẢN XUẤT CÀ PHÊ ĐẠI PHÁT LỘC,966000986,0966000986
CÔNG TY TNHH THƯƠNG MẠI DỊCH VỤ XUẤT NHẬP KHẨU NIKKYO VIỆT NAM,939296243,0939296243
CÔNG TY TNHH LY PHƯỢNG HOÀNG,914763765,0914763765
CÔNG TY TNHH TMDV XD THANH BÌNH PHÁT,909025789,0909025789
CÔNG TY TNHH MTV ĐÌNH NGUYỄN BH,974060959,0974060959
CÔNG TY TNHH THƯƠNG MẠI DỊCH VỤ VẬN TẢI & DU LỊCH VIỆT NHÂN,933103949,0933103949
CÔNG TY TNHH TUỆ DƯƠNG VIỆT NAM,332011995,0332011995
CÔNG TY TNHH MTV NAM HƯNG PHÁT,908527769,0908527769
CÔNG TY TNHH XÂY DỰNG THƯƠNG MẠI VÀ DỊCH VỤ PHƯƠNG NAM PHÁT,982463637,0982463637
CÔNG TY TNHH ỐNG CÔNG NGHỆ TẤN PHÁT VÀ DỊCH VỤ THƯƠNG MẠI,918260581,0918260581
CÔNG TY TNHH THƯƠNG MẠI DỊCH VỤ VẬN TẢI KHẢI VẬN,918719991,0918719991
CÔNG TY LUẬT TNHH MTV PHIÊN AN,939926333,0939926333
CÔNG TY TNHH ĐẦU TƯ XUẤT NHẬP KHẨU TRIỆU ĐÔ HOME,938903568,0938903568
CÔNG TY TNHH CÔNG NGHỆ KÍNH SDG,908627687,0908627687
CÔNG TY TNHH ĐẦU TƯ CÔNG NGHỆ TÍN ĐẠT,778689113,0778689113
CÔNG TY TNHH THƯƠNG MẠI DỊCH VỤ ĐIỀU GIA VIÊN,908280094,0908280094
CÔNG TY TRÁCH NHIỆM HỮU HẠN DAUN,764145736,0764145736
CÔNG TY CỔ PHẦN TRUYỀN THÔNG VÀ QUẢNG CÁO MINH CẨN,9.08678E+15,09086776810934030
CÔNG TY TNHH XNK HÓA NÔNG VINAGAP,977542542,0977542542
CÔNG TY TNHH MINH BÌNH PHÁT VN,865752725,0865752725
CÔNG TY TNHH MỘT THÀNH VIÊN CƠ KHÍ XÂY DỰNG CAO ĐỨC PHÁT,916894679,0916894679
CÔNG TY TNHH AN PHÁT SECURITY,942506179,0942506179
CÔNG TY TNHH MAY MẶC VIỆT TUẤN,914292529,0914292529
CÔNG TY TNHH MAILISA FASHION,906833400,0906833400
CÔNG TY TNHH BẢO ANH CAPITAL,949313765,0949313765
CÔNG TY TNHH THIẾT BỊ XÂY DỰNG HOA BIỂN,941863135,0941863135
DOANH NGHIỆP TƯ NHÂN TIỆM VÀNG KIM MỸ THÊU,342682167,0342682167
CÔNG TY TNHH TRÁI CÂY TRUNG NAM,972027538,0972027538
CÔNG TY TNHH NƯỚC GIẢI KHÁT THIÊN Ý,909899220,0909899220
CÔNG TY TNHH AMG TECH VINA,919188112,0919188112
CÔNG TY TNHH MTV THƯƠNG MẠI DỊCH VỤ KIM THI,779692507,0779692507
CÔNG TY TNHH CƠ KHÍ CHẾ TẠO TRẦN KHƯƠNG,867040490,0867040490
CÔNG TY TNHH MỘT THÀNH VIÊN TƯỜNG ĐAN,779123093,0779123093
CÔNG TY TNHH THƯƠNG MẠI XUẤT NHẬP KHẨU LỘC VẠN PHÁT,933305896,0933305896
CÔNG TY TNHH TMDV SEN BÌNH MINH,768925232,0768925232
CÔNG TY TNHH TM&SX CƠ KHÍ BÌNH AN,937191381,0937191381
CÔNG TY CP VIỆN ĐÀO TẠO NHÂN LỰC VIỆT NAM,908157568,0908157568
CÔNG TY TNHH THƯƠNG MẠI VÀ DỊCH VỤ KỸ THUẬT CƠ ĐIỆN HD,977073203,0977073203
CÔNG TY TNHH DỊCH VỤ TƯ VẤN LÂM NGHIỆP XANH,333633402,0333633402
CÔNG TY TNHH TM DV THÀNH TRINH,792699090,0792699090
CÔNG TY TNHH TOÀN TÂM EDUCATION,797545133,0797545133
CÔNG TY TNHH MTV CHUYỂN PHÁT NHANH PHƯỚC THIỀN,982506258,0982506258
CÔNG TY TNHH TMDV THIÊN QUAN,902177580,0902177580
CÔNG TY TNHH NGUYỄN VÂN PHƯƠNG,972994322,0972994322
CÔNG TY TNHH THƯƠNG MẠI MAY MẶC THẢO UYÊN,988749688,0988749688
CÔNG TY TNHH XĂNG DẦU LAN THÁI,772334455,0772334455
CÔNG TY TNHH AOSOOD ACV,563564918,0563564918
TỔ HỢP TÁC LỘC PHÁT THANH SƠN,988193618,0988193618
CÔNG TY TNHH GỖ ĐẠI HƯNG THỊNH,907061917,0907061917
CÔNG TY TNHH PHÁT TRIỂN GIÁO DỤC VÀ ĐÀO TẠO KỸ NĂNG TIỀN TIỂU HỌC THẢO CHI,949055252,0949055252
CÔNG TY TNHH THƯƠNG MẠI DỊCH VỤ VẬN TẢI ĐN,961038079,0961038079
CÔNG TY TNHH DỊCH VỤ CÔNG NGHỆ MIỀN NAM,942354262,0942354262
CÔNG TY TNHH GIA CÔNG CƠ KHÍ VÀ SẮT THÉP PHÚ LẬP,768594144,0768594144
CÔNG TY TNHH FUJI PRECISION VIỆT NAM,938247708,0938247708
CÔNG TY TNHH TM-DV KỸ THUẬT THIẾT BỊ THÀNH CÔNG,916242639,0916242639
CÔNG TY TNHH DỊCH VỤ VẬN TẢI CAO PHƯỚC ĐIỀN,918524742,0918524742
CÔNG TY TNHH XÂY DỰNG VŨ KHÔI,989221512,0989221512
CÔNG TY CỔ PHẦN GMT SKA,967658119,0967658119
CÔNG TY TNHH NỘI THẤT NĐV FUTURE,85377630,085377630
CÔNG TY TNHH NAM TUẤN QUỲNH,986246759,0986246759
CÔNG TY TNHH CÔNG NGHỆ YONGCHUN,852403989,0852403989
CÔNG TY TNHH TÂN VIỆT BÁT,329669382,0329669382
CÔNG TY TNHH XNK NÔNG SẢN PHƯƠNG LINH,908633525,0908633525
CÔNG TY TNHH MỘT THÀNH VIÊN DỊCH VỤ - THƯƠNG MẠI CƠ KHÍ XÂY DỰNG ĐỒNG NAI,937286931,0937286931
CÔNG TY TNHH KỸ THUẬT & XÂY DỰNG HƯNG NGUYÊN,779632748,0779632748
CÔNG TY TNHH SẢN XUẤT VÀ THƯƠNG MẠI THIÊN BÔI TỬU,918171597,0918171597
CÔNG TY TNHH DỊCH VỤ VẬN TẢI XE CẨU NGUYỄN TÂN,932219208,0932219208
CÔNG TY TNHH THƯƠNG MẠI THỰC PHẨM THÀNH TRUNG,369035341,0369035341
CÔNG TY TNHH TM DV ÂN ĐAN,908996274,0908996274
CÔNG TY TNHH SX-TM ĐẦU TƯ HOÀNG HUY,909080400,0909080400
CÔNG TY TNHH THƯƠNG MẠI XÂY DỰNG HIỆP BÌNH PHÁT,388722757,0388722757
CÔNG TY TNHH SUẤT ĂN CÔNG NGHIỆP 2T FOOD,937392904,0937392904
CÔNG TY TNHH THIẾT BỊ CÔNG NGHIỆP NHẬT KHÁNH,901619077,0901619077
CÔNG TY TNHH THƯƠNG MẠI CƠ KHÍ XÂY DỰNG ĐỨC NHÂN,329670725,0329670725
CÔNG TY TNHH THƯƠNG MẠI DỊCH VỤ ROLLING B.F,976396726,0976396726
CÔNG TY TNHH HANGDUMUC INTERNATIONAL,896410726,0896410726
CÔNG TY TNHH HUỲNH HOÀNG MINH,336675155,0336675155
CÔNG TY TNHH THƯƠNG MẠI TÊ GIÁC XÁM,964592222,0964592222
CÔNG TY TNHH DV TM MÔI TRƯỜNG TRÍ THÀNH ĐẠT,968465494,0968465494
CÔNG TY TNHH FTFIRE VIỆT NAM,908226057,0908226057
CÔNG TY TNHH SẢN XUẤT VÀ DỊCH VỤ LÊ GIA HƯNG,982605151,0982605151
CÔNG TY TNHH BỐC XẾP LVT,974842692,0974842692
CÔNG TY TNHH MTV SẢN XUẤT - THƯƠNG MẠI MINH THUẬN LỘC,919837836,0919837836
CÔNG TY TNHH REXCONS,377203815,0377203815
CÔNG TY TNHH CÔNG NGHỆ VÀ TRUYỀN THÔNG TRƯỜNG THÀNH,357866366,0357866366
CÔNG TY TNHH HẢI SAPA TV,766578062,0766578062
CÔNG TY TNHH ĐÁ BAZAN BÌNH PHƯỚC,902868272,0902868272
CÔNG TY TNHH ĐAN PHÚC MTI,919474998,0919474998
CÔNG TY TNHH ĐPK,987655795,0987655795
CÔNG TY TNHH TM Ô TÔ VĨNH XƯƠNG,971251753,0971251753
CÔNG TY TNHH ĐỒNG PHỤC ANH KHÔI,379922794,0379922794
CÔNG TY TNHH CƠ KHÍ XÂY DỰNG TRỌNG VÕ,369225531,0369225531
CÔNG TY TNHH TMDV DÂN TRÍ,788633397,0788633397
DOANH NGHIỆP TƯ NHÂN KIM NGUYÊN VINH,975590134,0975590134
CÔNG TY TNHH THƯƠNG MẠI - DỊCH VỤ MÔI TRƯỜNG HỒNG HÀ,903676921,0903676921
CÔNG TY TNHH GIA AN PHÁT FOOD,355385389,0355385389
CÔNG TY TNHH TMDV HOÀNG GIANG ĐN,984606837,0984606837
CÔNG TY TNHH THƯƠNG MẠI VÀ DỊCH VỤ SÂN BAY LONG THÀNH,326351705,0326351705
CÔNG TY TNHH THỂ DỤC THỂ THAO HẢI ÂU SPORTS,964851149,0964851149
CÔNG TY TNHH TMDV BẢO HỘ LAO ĐỘNG KHÁNH,937692359,0937692359
CÔNG TY TNHH TMDV THÂN THIỆN,934548214,0934548214
CÔNG TY TNHH LÔNG VŨ QUANG MINH,982651843,0982651843
CÔNG TY TNHH THƯƠNG MẠI DỊCH VỤ KINH DOANH VANG TECHOLOGY,768937217,0768937217
CÔNG TY TNHH THƯƠNG MẠI VÀ CÔNG NGHIỆP BẢO LINH,983645885,0983645885
CÔNG TY TRÁCH NHIỆM HỮU HẠN ĐẦU TƯ THƯƠNG MẠI DỊCH VỤ TRIỀU THUẬN,9.04663E+15,09046630760936230
CÔNG TY TNHH THƯƠNG MẠI DỊCH VỤ THANH THÁI,9.06852E+15,09068520530934500
CÔNG TY TNHH VÁN ÉP THẮNG ĐẠI PHÁT,974309715,0974309715
CÔNG TY TNHH TMDV CK MIỀN NAM PHÁT,792662668,0792662668
CÔNG TY TNHH DV GIAO NHẬN VẬN TẢI ĐĂNG KHOA,938869966,0938869966
CÔNG TY TNHH THUẬN KHANH NGỌC,909927939,0909927939
CÔNG TY TNHH VY FAST VN,938338808,0938338808
CÔNG TY TNHH THƯƠNG MẠI TỔNG HỢP TÂN XUÂN PHÚC,911429068,0911429068
CÔNG TY TNHH TMDV VẬN TẢI LONG THÀNH,779146024,0779146024
CÔNG TY TNHH TMDV CÔNG NGHỆ HBC VIỆT NAM,908516593,0908516593
VĂN PHÒNG LUẬT SƯ MINH HẢI OFFICE,961052165,0961052165
CÔNG TY TNHH TM-DV-SX HOÀNG QUÂN ĐỒNG NAI,9.11232E+12,09112324380942
CÔNG TY TNHH MTV TM DV DANH THU,787087878,0787087878
CÔNG TY CỔ PHẦN AN NINH DŨNG ĐẠI PHÁT,963016079,0963016079
CÔNG TY TNHH NGỌC THIỆN THÀNH ĐẠT,989767655,0989767655
CÔNG TY TNHH MERRY FARMER,9088321867,09088321867
CÔNG TY TNHH XUẤT NHẬP KHẨU AL SOLIMANIA,388416505,0388416505
CÔNG TY TRÁCH NHIỆM HỮU HẠN TỔ CHỨC SỰ KIỆN KHANG SK,564464443,0564464443
CÔNG TY TNHH VITA TAX,972276638,0972276638
CÔNG TY TNHH DỊCH THUẬT TCN,914551163,0914551163
CÔNG TY TNHH ĐẦU TƯ PHÁT TRIỂN TRUYỀN THÔNG 24/7,944716363,0944716363
CÔNG TY TNHH XÂY DỰNG THƯƠNG MẠI DỊCH VỤ GIA LỘC,796797992,0796797992
CÔNG TY TNHH VẬN TẢI CHƯƠNG DẾNH HÀU,973479308,0973479308
CÔNG TY TRÁCH NHIỆM HỮU HẠN XÂY DỰNG DỊCH VỤ VẬN TẢI PHÚC HÙNG,9.0491E+15,09049104810904220
CÔNG TY TNHH TRANS FUTURE,764092812,0764092812
CÔNG TY TNHH XÂY DỰNG VẠN PHÁT THÀNH,919832255,0919832255
CÔNG TY TNHH SƠN DIỆP LÂM,918136686,0918136686
CÔNG TY TNHH MTV XÂY DỰNG - THƯƠNG MẠI - DỊCH VỤ - VẬN TẢI ĐÔNG NGHI,939859595,0939859595
CÔNG TY TNHH MTV LINH NHI GROUP,977112257,0977112257
CÔNG TY TNHH MẮT KÍNH NGUỒN SÁNG,949796666,0949796666
CÔNG TY TNHH KỸ THUẬT VÀ THƯƠNG MẠI HIỂU AN PHÁT,911608183,0911608183
CÔNG TY TNHH CHẾ TẠO MÁY ANH ĐỨC,9193725320,09193725320
CÔNG TY TNHH KIM THƯỢNG WOOD,369717481,0369717481
CÔNG TY TNHH VTNNRE,929129029,0929129029
CÔNG TY TNHH TMDV NHÀ HÀNG VÀ KHÁCH SẠN HOA MAI,939734512,0939734512
CÔNG TY TNHH DỊCH VỤ GIẢI TRÍ LQN,528811808,0528811808
CÔNG TY TNHH SẢN XUẤT MAY MẶC SẢN PHẨM XANH,963887730,0963887730
CÔNG TY TNHH MTV TM XNK KIM LAN,913600351,0913600351
CÔNG TY TNHH THƯƠNG MẠI DỊCH VỤ XÂY DỰNG CƯỜNG DŨNG SMART HOME,977885244,0977885244
CÔNG TY TNHH CUNG ỨNG - ĐÀO TẠO NGUỒN NHÂN LỰC THIÊN ÂN,342300400,0342300400
CÔNG TY TNHH TM DV VẬN TẢI NHẬT TUẤN PHÁT,389144968,0389144968
CÔNG TY TNHH MTV KIẾN TRÚC MỚI,837068889,0837068889
CÔNG TY TNHH CƠ ĐIỆN VŨ PHONG,979434858,0979434858
CÔNG TY TNHH GỖ LÂM BẢO NGUYÊN,904527680,0904527680
CÔNG TY TNHH VỆ SINH MÔI TRƯỜNG XÃ GIA TÂN 3,919684290,0919684290
CÔNG TY TNHH NHỰA TNC ĐỨC TÍN PHÁT,896157736,0896157736
CÔNG TY TNHH SẢN XUẤT MAY MẶC GẤU ĐỒNG PHỤC,368667686,0368667686
CÔNG TY TNHH DỊCH VỤ BẢO VỆ ĐÔNG SÀI GÒN,935070938,0935070938
CÔNG TY TNHH MTV ĐẦU TƯ THANH HẢI DRAGON VITALITY,822441460,0822441460
CÔNG TY TNHH NHÀ MÁY XAY ĐÁ PHƯỚC TÂN,908295285,0908295285
CÔNG TY TNHH TASUKIJA,763022078,0763022078
CÔNG TY TNHH THIÊN BÌNH BH,909077997,0909077997
CÔNG TY TNHH VLXD YẾN NHI,386793011,0386793011
CÔNG TY TNHH CÔNG NGHỆ SỨC KHOẺ TUẤN PHÁT,903757958,0903757958
CÔNG TY TNHH THƯƠNG MẠI ĐẠT PHÁT THÀNH,886341428,0886341428
CÔNG TY TNHH XUÂN HÒA T&H,708080101,0708080101
CÔNG TY TNHH SUNRISE NATURAL,763022079,0763022079
CÔNG TY TNHH SƠN AN ĐỨC PHÁT,902546028,0902546028
CÔNG TY TNHH TM DV XD THỊNH VƯỢNG PHÁT,853776390,0853776390
CÔNG TY TNHH DVDTTM MASTERTRADER,776955480,0776955480
CÔNG TY TNHH HABIMEC ĐỒNG NAI,918236611,0918236611
CÔNG TY TNHH NÔNG SẢN KHÁNH VY,908304801,0908304801
CÔNG TY TNHH TAI LI,918035790,0918035790
CÔNG TY TNHH DT DỊCH VỤ TM GD VN,776826469,0776826469
CÔNG TY TNHH THƯƠNG MẠI DỊCH VỤ MINH TÚ ĐỨC,966896661,0966896661
CÔNG TY TNHH TRUST SWIFT,9020693263,09020693263
CÔNG TY TNHH THƯƠNG MẠI VÀ ĐẦU TƯ HÀ LỘC PHÁT,814141461,0814141461
CÔNG TY TNHH TM DV KIM NGÂN PHÁT,9193888320,09193888320
CÔNG TY TNHH TUẤN VI NHẬT KOI FARM,981556008,0981556008
CÔNG TY TNHH SẢN XUẤT THƯƠNG MẠI DỊCH VỤ CANG ÂN,9.3467E+15,09346695430934120
CÔNG TY TNHH THƯƠNG MẠI FLAWLESS,348188079,0348188079
CÔNG TY TNHH PHÁT TRIỂN PHẦN MỀM HƯNG THỊNH,868932589,0868932589
CÔNG TY TNHH PHƯƠNG NHƯ HUY,916230042,0916230042
CÔNG TY TNHH ĐỊNH CƯ VINPEARL COMMUNITY,982817809,0982817809
CÔNG TY TNHH ĐẠI LÝ VÉ MÁY BAY AIRLINES,776939750,0776939750
CÔNG TY TNHH METAL& PLASTIC INTELLECT BINCHENG VIỆT NAM,785187739,0785187739
CÔNG TY TNHH THƯƠNG MẠI NHÔM DUY KHÁNH,829960922,0829960922
CÔNG TY TRÁCH NHIỆM HỮU HẠN THÉP PHÚC ĐẠI PHÁT,372067865,0372067865
CÔNG TY TNHH MTV XÂY DỰNG VÀ BDS TRÍ TUỆ VN,9067320209,09067320209
CÔNG TY TNHH THƯƠNG MẠI DỊCH VỤ ÁNH DƯƠNG TOÀN CẦU,902100035,0902100035
CÔNG TY TNHH THƯƠNG MẠI DỊCH VỤ ĐẠI THÀNH VƯỢNG,902100035,0902100035
CÔNG TY TNHH XUẤT NHẬP KHẨU GIA HƯNG VN,932840888,0932840888
CÔNG TY TNHH K-UPA VINA,977984690,0977984690
CÔNG TY TNHH HA DI FOOD,798999100,0798999100
CÔNG TY LUẬT TNHH MTV THIÊN LONG,973324331,0973324331
CÔNG TY TNHH MTV PHƯƠNG THẢO PHÁT,933594998,0933594998
CÔNG TY TNHH THƯƠNG MẠI XÂY DỰNG PHAN PHÁT ĐẠT,902140138,0902140138
CÔNG TY TNHH THƯƠNG MẠI VÀ CHẾ BIẾN GỖ THÀNH THÀNH PHÁT,776793325,0776793325
CÔNG TY TNHH THƯƠNG MẠI SẢN XUẤT ĐỨC MINH PHÁT,967392939,0967392939
CÔNG TY TNHH THÀNH DŨNG VŨNG TÀU,932121656,0932121656
CÔNG TY TNHH THƯƠNG MẠI DỊCH VỤ VISTACOMMERCE,9021001035,09021001035
CÔNG TY TNHH GIẤY PHƯỚC LONG,964343817,0964343817
HỢP TÁC XÃ THƯƠNG MẠI - DỊCH VỤ - NÔNG NGHIỆP VÀ DU LỊCH HÀNG GÒN,792113883,0792113883
CÔNG TY TNHH TCCP TINVIET,925611923,0925611923
CÔNG TY TNHH BỆNH VIỆN MẮT BÌNH MINH,982422446,0982422446
CÔNG TY TNHH TIETEX VIỆT NAM,972471009,0972471009
CÔNG TY TNHH THƯƠNG MẠI DỊCH VỤ VẬN TẢI QUỐC TẾ VICTORY,763022070,0763022070
CÔNG TY TNHH AD SMART SOLUTION,376758697,0376758697
CÔNG TY TNHH THƯƠNG MẠI VÀ KỸ THUẬT ĐỨC PHƯỚC,986379652,0986379652
CÔNG TY TNHH NAM TIẾN THUẬN PHÁT TÀI,966839979,0966839979
CÔNG TY TNHH MỘC TRÀ SOFT,907205894,0907205894
CÔNG TY TNHH TMDT MEDIA AIA LYLY COMPUTER,896474801,0896474801
CÔNG TY TNHH CPTM TILK TOCK,899049076,0899049076
CÔNG TY TNHH NÔNG SẢN BẢO DUY,984770779,0984770779
HỢP TÁC XÃ NÔNG NGHIỆP THƯƠNG MẠI DỊCH VỤ PHƯỚC LINH,352756095,0352756095
CÔNG TY TNHH BAO BÌ - HÓA CHẤT KIM NGÂN,367682456,0367682456
CÔNG TY TNHH TMDV XUẤT NHẬP KHẨU ĐẠI PHÁT ĐỒNG NAI,909502032,0909502032
CÔNG TY TNHH THỰC PHẨM VÀ SACN THUẬN PHÁT,328647417,0328647417
CÔNG TY CỔ PHẦN DU LỊCH SINH THÁI DRAGON BAY,777796888,0777796888
CÔNG TY TNHH MTV LOGI TECH AN PHƯỚC,918800538,0918800538
CÔNG TY TNHH VLXD SẮT THÉP ANH VŨ,901383551,0901383551
CÔNG TY TNHH TIN HỌC NGOẠI NGỮ VIỆT ÚC.ST,981292669,0981292669
CÔNG TY CỔ PHẦN BH CÔNG NGHỆ SỐ THỜI ĐẠI MỚI,971753975,0971753975
CÔNG TY TNHH MTV THƯƠNG MẠI DỊCH VỤ VẬT LIỆU XÂY DỰNG AN AN PHÁT,769355823,0769355823
CÔNG TY TNHH BAO BÌ AMORY,965546596,0965546596
CÔNG TY TNHH VIỆT NAM GLOBAL OUTREACH RENTAL,9.077E+16,090769975509070600
CÔNG TY TNHH VẬN TẢI TỔNG HỢP PHƯƠNG HUYỀN,983012979,0983012979
CÔNG TY TNHH MÔI TRƯỜNG THANH BÌNH PHÁT,978733999,0978733999
CÔNG TY TNHH ELITELABOUR,934871568,0934871568
CÔNG TY TNHH MỘT THÀNH VIÊN XÂY DỰNG THÀNH KIM NGÂN,3.72725E+14,0372725079032901
CÔNG TY TNHH NHẤT THIÊN THƯ,889066631,0889066631
CÔNG TY TNHH FAST FOOD TIẾN HẢI,988155616,0988155616
CÔNG TY TNHH ANH MINH LƯU,7.8638E+16,078637990970976100
CÔNG TY TNHH PHÁT TRIỂN THƯƠNG MẠI DỊCH VỤ VẬN TẢI ANH THƯ,986977946,0986977946
CÔNG TY TNHH SẢN XUẤT VÀ THƯƠNG MẠI THÁI KHANG,933000998,0933000998
CÔNG TY TNHH THƯƠNG MẠI VÀ DỊCH VỤ LÂM KIM ÁNH,944208898,0944208898
CÔNG TY TNHH TM DỊCH VỤ GD VN,898576001,0898576001
CÔNG TY TNHH TM DV VINTECH VIỆT NAM,345833816,0345833816
CÔNG TY TNHH MỘT THÀNH VIÊN VIỆT WICKER,903001830,0903001830
CÔNG TY TNHH CÔ NGỌC,963399100,0963399100
CÔNG TY TNHH VÀNG BẠC KIM UY,368975800,0368975800
CÔNG TY TNHH TM-DV PHÁT THÀNH TÀI,914814514,0914814514
CÔNG TY TNHH XUẤT NHẬP KHẨU NÔNG SẢN VINH ANH,966806801,0966806801
CÔNG TY TNHH TD ĐT CK NASDAQ VN,898126696,0898126696
CÔNG TY TNHH YRD VIỆT NAM,962350700,0962350700
CÔNG TY TNHH TMDV NGUYỄN VĂN,925866097,0925866097
CÔNG TY TNHH TM DV XNK NÔNG SẢN LÊ VI,379961668,0379961668
CÔNG TY TNHH THƯƠNG MẠI DV XNK VN,896361798,0896361798
CÔNG TY TNHH VẬN TẢI GIA LÂM PHÁT,842581058,0842581058
CÔNG TY TNHH MTV NUÔI TRỒNG & THƯƠNG MẠI XUÂN NGHI,937577828,0937577828
CÔNG TY TNHH CƠ KHÍ & XÂY DỰNG HOA PHÁT,974279459,0974279459
CÔNG TY TNHH XÂY DỰNG VINH TOÀN,911208352,0911208352
CÔNG TY CỔ PHẦN TÍN HOÀNG PHÚC,793831552,0793831552
CÔNG TY TNHH MAY NGỌC TRÂM,933226390,0933226390
CÔNG TY TNHH SẢN XUẤT THƯƠNG MẠI DỊCH VỤ LỘC KHÁNH,868947078,0868947078
CÔNG TY TNHH XÂY DỰNG CƠ ĐIỆN LÂM ANH,938534585,0938534585
CÔNG TY TNHH XÂY DỰNG PHÚC THỊNH THÀNH,338000449,0338000449
CÔNG TY TNHH DICITINARY GOLD,397734530,0397734530
CÔNG TY TNHH TƯ VẤN THIẾT KẾ XÂY DỰNG HOÀNG LỘC PHÁT,565066050,0565066050
CÔNG TY TNHH MTV SẢN XUẤT CƠ KHÍ TRUNG NAM,975440212,0975440212
CÔNG TY TNHH THƯƠNG HIỆU VIETNAMESE FAMILY,933157859,0933157859
CÔNG TY TNHH VẬN TẢI HH THIÊN AN,905990303,0905990303
CÔNG TY TNHH GIỐNG VẬT NUÔI VIỆT NHẬT,977204568,0977204568
CÔNG TY TNHH EBAY MARKET VN,931877459,0931877459
CÔNG TY TNHH TM DV THI CÔNG NHÀ TRANH MÁI LÁ ĐÔNG NAM,528811808,0528811808
CÔNG TY TNHH THƯƠNG MẠI DỊCH VỤ KI TI,382673437,0382673437
CÔNG TY TNHH THIẾT KẾ XÂY DỰNG ĐĂNG HUY,974095552,0974095552
CÔNG TY TNHH MTV CƠ KHÍ QUỐC KHẢI THẮNG,387697023,0387697023
CÔNG TY TNHH DU LỊCH SINH THÁI RYANLAND,909311459,0909311459
CÔNG TY TNHH DỊCH VỤ THƯƠNG MẠI XNK TÂM ĐỨC PHÁT,967143668,0967143668
CÔNG TY TNHH NÔNG SẢN NGỌC DUNG,972529553,0972529553
CÔNG TY TNHH ĐẦU TƯ & THƯƠNG MẠI ĐẠI QUANG KHANG,904593936,0904593936
CÔNG TY TNHH ANH NGỮ PHÚC HUỲNH,396312533,0396312533
CÔNG TY TNHH TMDV XNK SONG HÀNH,708822866,0708822866
CÔNG TY TNHH TƯ VẤN XÂY DỰNG VÀ PHÁT TRIỂN AN PHÚ,936141979,0936141979
CÔNG TY TNHH THƯƠNG MẠI DỊCH VỤ SẮT THÉP TRUNG SANG,9.03847E+15,09038473240902280
TỔ HỢP TÁC SINH THÁI VƯỜN GIA RAY,915246867,0915246867
CÔNG TY CỔ PHẦN ĐẦU TƯ & XÂY DỰNG BẤT ĐỘNG SẢN VIỆT HƯNG,984147412,0984147412
CÔNG TY TNHH MỘT THÀNH VIÊN DỊCH VỤ THƯƠNG MẠI THIÊN NGỌC PHÁT,767394046,0767394046
CÔNG TY TNHH ELECTRONIC TELECOM,377203815,0377203815
CÔNG TY TNHH PHÂN PHỐI VĂN PHÒNG PHẨM PHƯƠNG NAM,839422831,0839422831
CÔNG TY CỔ PHẦN BẤT ĐỘNG SẢN HOÀNG PHÚC THỊNH,812233232,0812233232
CÔNG TY TNHH HUY HOÀNG GREEN FOODS,988184014,0988184014
CÔNG TY TNHH NHÀ NGHỈ QUỲNH HƯƠNG,918630721,0918630721
CÔNG TY TNHH TM-DV DIGITECH,965520950,0965520950
CÔNG TY TNHH 136 INVEST,977316235,0977316235
CÔNG TY TNHH TM THIẾT BỊ PHỤ TÙNG PHƯƠNG ĐẠT,901263147,0901263147
CÔNG TY TNHH THIÊN NGỌC MỸ,9680326159,09680326159
CÔNG TY TNHH STAR SKY HOTEL,907505984,0907505984
CÔNG TY TNHH SẢN XUẤT THƯƠNG MẠI XUẤT NHẬP KHẨU VIETCHOICE,775095589,0775095589
CÔNG TY TNHH NYSE VIỆT NAM,355157326,0355157326
CÔNG TY TNHH ASIHOME,328472161,0328472161
CÔNG TY TNHH ĐẦU TƯ VÀ PHÁT TRIỂN INTERNATIONAL,97952029,097952029
CÔNG TY TNHH DỊCH VỤ VẬN TẢI VÀ THƯƠNG MẠI XÂY LẮP ĐIỆN TRƯỜNG GIANG,973058485,0973058485
CÔNG TY TNHH VENUS THỊNH VƯỢNG,357947596,0357947596
CÔNG TY TNHH SẢN XUẤT KINH DOANH THƯƠNG MẠI AN LỘC PHÁT,938232117,0938232117
CÔNG TY TNHH SẢN XUẤT HOÁ PHẨM TỔNG HỢP DONA,8.45446E+15,08454455390397910
CÔNG TY TNHH TM DV XUẤT NHẬP KHẨU C&C FINEFOODS,977065667,0977065667
CÔNG TY TNHH SẢN XUẤT CHÍNH XÁC FLUIDYNE,369637747,0369637747
CÔNG TY TNHH THƯƠNG MẠI DỊCH VỤ PINNACLE TRADE,962222496,0962222496
CÔNG TY TNHH DỊCH VỤ SÁNG TẠO QUẢNG CÁO HƯỚNG DƯƠNG,949121665,0949121665
CÔNG TY TNHH THƯƠNG MẠI DỊCH VỤ XUẤT NHẬP KHẨU LÊ GIA BẢO,918395538,0918395538
CÔNG TY TNHH SUẤT ĂN HÀNG KHÔNG VINACS LONG THÀNH,913201520,0913201520
CÔNG TY TNHH A PHỆ & PHƯƠNG NGUYỄN,906365735,0906365735
CÔNG TY TNHH DỊCH VỤ VẬN TẢI HOÀNG HIỀN,937630228,0937630228
CÔNG TY TNHH THƯƠNG MẠI DỊCH VỤ SKYLINE VENTURES,962222496,0962222496
CÔNG TY TNHH MÔI TRƯỜNG DONA,902388652,0902388652
CÔNG TY TNHH TODAY FURNITURE,389575055,0389575055
CÔNG TY TNHH TƯ VẤN TM DV MỸ NGHĨA,949853868,0949853868
CÔNG TY TNHH DUC HANH BIO FARM,988424277,0988424277
CÔNG TY TNHH KHOA HỌC KỸ THUẬT NEW HANKE,865278609,0865278609
CÔNG TY CỔ PHẦN THƯƠNG MẠI XÂY DỰNG LONG KHA,9.09687E+12,09096872170935
CÔNG TY CP DỊCH VỤ THƯƠNG MẠI ĐẦU TƯ XÂY DỰNG MDT,976980498,0976980498
CÔNG TY TNHH CƠ KHÍ KHUÔN MẪU TÂN HỒNG THỊNH,982630582,0982630582
CÔNG TY TNHH THƯƠNG MẠI HUỲNH CAO PHÁT,348603401,0348603401
CÔNG TY TNHH EPOXY VN,363471375,0363471375
CÔNG TY TNHH TMDV SX ĐỨC SINH LỘC 79,374079639,0374079639
CÔNG TY TNHH VC GHNVN,934637165,0934637165
CÔNG TY TNHH TM DV NÔNG NGHIỆP MINH THÔNG,772726275,0772726275
CÔNG TY TNHH INVESTMENT CONSULTING RUBY,962670935,0962670935
CÔNG TY TNHH CÔNG NGHỆ DATALO,934637165,0934637165
CÔNG TY TNHH TMDV SX GOLD MEDAL PALACE,943766666,0943766666
CÔNG TY TNHH XD VINAMISU,396146355,0396146355
CÔNG TY CỔ PHẦN PHÂN BÓN VÀ HÓA CHẤT GLOBAL NUTRIENTS,914610686,0914610686
CÔNG TY TNHH KISMET VIỆT NAM,932689102,0932689102
CÔNG TY TNHH MAY PHÚ THANH,924298473,0924298473
CÔNG TY TNHH THẠCH LỰU MỘC,906244244,0906244244
CÔNG TY TNHH THƯƠNG MẠI DỊCH VỤ ĐẠI PHÚC KHANG,7920708,07920708
CÔNG TY TNHH CÔNG NGHỆ HUYỀN ANH,824444932,0824444932
CÔNG TY TNHH NĂNG LƯỢNG TÁI SINH ALUVINA P&T,909190666,0909190666
CÔNG TY TNHH HANGDUMUC ENTERTAINMENT,778285245,0778285245
CÔNG TY TNHH TMDV BÁCH HÓA ÁNH DƯƠNG DONA,915767376,0915767376
CÔNG TY TNHH DỊCH VỤ THƯƠNG MẠI TÂN TRÍ PHÁT,815888884,0815888884
CÔNG TY TNHH TMDV CHÚC THƯ,909837428,0909837428
CÔNG TY TNHH TIẾN MINH AN,937189688,0937189688
CÔNG TY TNHH THƯƠNG MẠI DỊCH VỤ QUỐC TẾ THỊNH PHÁT,989284042,0989284042
CÔNG TY TNHH MTV SX-TM-DV BĂNG KEO MÀNG PE ANH HẢI,9.38803E+15,09388033670333070
CÔNG TY TNHH VẬN TẢI TRƯỜNG THÀNH NHÂN,939555578,0939555578
CÔNG TY TNHH THƯƠNG MẠI - DỊCH VỤ - NHẬP KHẨU KIM THANH,359972474,0359972474
CÔNG TY TNHH QUỐC TẾ YOURCHANG (VIỆT NAM),8.61526E+12,08615259555555
CÔNG TY TNHH TMDV VÀ VẬN CHUYỂN TRÀNG HƯNG SCT,879376043,0879376043
CÔNG TY TNHH THƯƠNG MẠI DỊCH VỤ XÂY DỰNG HUY VŨ TTCONS,879376549,0879376549
CÔNG TY TNHH THƯƠNG MẠI XUẤT NHẬP KHẨU ĐOÀN GIA,898999482,0898999482
CÔNG TY TNHH TÙNG HUY PHÁT,768565813,0768565813
CÔNG TY TNHH 3F PRODUCE,938154227,0938154227
CÔNG TY TNHH DONA AGRI,983678540,0983678540
CÔNG TY TNHH AGRICONNECT,769881839,0769881839
CÔNG TY TNHH THƯƠNG MẠI DỊCH VỤ HÙNG HIẾU PHÁT,886734144,0886734144
CÔNG TY TNHH DỊCH VỤ TƯ VẤN VÀ CUNG ỨNG THIẾT BỊ MÁY MÓC KỸ THUẬT HƯNG THỊNH,332139555,0332139555
CÔNG TY TNHH CÔNG NGHỆ SHG MOTOR VIỆT NAM,989284042,0989284042
CÔNG TY TNHH ĐIỀN MINH PHÁT,908838779,0908838779
CÔNG TY TNHH THƯƠNG MẠI DỊCH VỤ KIM HOA THẢO,822593172,0822593172
CÔNG TY TNHH THƯƠNG MẠI DỊCH VỤ HÒA GIANG PHÁT,886734283,0886734283
CÔNG TY TNHH HONG ZAN,356194539,0356194539
CÔNG TY TNHH ĐẦU TƯ PHÁT TRIỂN XÂY DỰNG LÊ KHANG,961760052,0961760052
CÔNG TY TNHH SẢN XUẤT VÀ THƯƠNG MẠI DAH - 30,833006222,0833006222
CÔNG TY TNHH HÓA MỸ PHẨM DEVERLOP,967624122,0967624122
CÔNG TY TNHH YSS,866334663,0866334663
CÔNG TY TNHH THƯƠNG MẠI VÀ DỊCH VỤ DEMETER VIỆT NAM,886654654,0886654654
CÔNG TY TNHH ĐẦU TƯ - XÂY DỰNG HOÀNG SƠN PHÁT GROUP,983204887,0983204887
CÔNG TY TNHH XE MÁY CƯỜNG THỊNH PHÁT,973032853,0973032853
CÔNG TY TNHH THƯƠNG MẠI DỊCH VỤ GLOBAL VISION,9021001035,09021001035
CÔNG TY TNHH DƯƠNG TÂM ANH,919896255,0919896255
CÔNG TY TNHH DỊCH VỤ VÀ THƯƠNG MẠI KỸ THUẬT ANH TÚ,794627637,0794627637
CÔNG TY TNHH SX - TM - DV MINH AN VN,962138878,0962138878
CÔNG TY TNHH GREEN FARM LONG KHÁNH,977559926,0977559926
CÔNG TY TNHH TMDV KIM MÃ 1,972975333,0972975333
CÔNG TY TNHH NHA KHOA NHÂN ĐỨC FAMILY,972272220,0972272220
CÔNG TY TNHH TMDV ĐẦU TƯ KIM LONG,906251542,0906251542
CÔNG TY TNHH THƯƠNG MẠI DỊCH VỤ ECOSPHERE,962222496,0962222496
CÔNG TY CỔ PHẦN VIET NAM FABRIC,942509796,0942509796
CÔNG TY TNHH SẢN XUẤT THƯƠNG MẠI DỊCH VỤ PHÚ BÌNH MINH,772570603,0772570603
CÔNG TY TNHH SẢN XUẤT THƯƠNG MẠI DỊCH VỤ NỘI THẤT HÀ HOÀNG THỊNH,337111088,0337111088
CÔNG TY TNHH ĐẦU TƯ VÀ XÂY DỰNG TRÂM ANH PHÁT,963110783,0963110783
CÔNG TY TNHH ĐẦU TƯ THƯƠNG MẠI XÂY DỰNG TPA,964952102,0964952102
CÔNG TY TNHH CÔNG NGHỆ SHUANG YU VIỆT NAM,933482248,0933482248
CÔNG TY TNHH THƯƠNG MẠI DỊCH VỤ THỰC PHẨM ÁNH SÁNG,985769546,0985769546
CÔNG TY TNHH MTS HƯƠNG HUY PHÁT,845533245,0845533245
CÔNG TY TNHH TM CƠ KHÍ LÂM THỊNH PHÁT,815188881,0815188881
CÔNG TY TNHH XÂY DỰNG THƯƠNG MẠI ĐẦU TƯ ĐỨC QUÂN,869323779,0869323779
CÔNG TY TNHH XD GIANG VŨ CONS,982031290,0982031290
CÔNG TY TNHH MỘT THÀNH VIÊN TRƯỜNG THỊNH MOLD,395119679,0395119679
CÔNG TY TNHH THƯƠNG MẠI DỊCH VỤ VÀ SẢN XUẤT PALLET HOÀNG LONG,933472829,0933472829
CÔNG TY TNHH MTV TMDV THÀNH SONG LONG GROUP,3.37374E+16,033737401209784600
CÔNG TY TNHH CAN THIỆP SỚM VÀ PHÁT TRIỂN NGÔN NGỮ HAPPY KIDS,388364789,0388364789
CÔNG TY TNHH MỘT THÀNH VIÊN XE PHÁT TIẾN,853978779,0853978779
CÔNG TY TNHH CHAMATEX ASIA,968012386,0968012386
CÔNG TY TNHH XUẤT NHẬP KHẨU NÔNG SẢN VINH ANH,966806801,0966806801
CÔNG TY TNHH GREENOVATION PACKAGING,982150880,0982150880
CÔNG TY TNHH SX - TMDV HƯNG PHÁT ĐẠT,907123213,0907123213
CÔNG TY TNHH SẢN PHẨM THỂ THAO T&L VIỆT NAM,354832871,0354832871
CÔNG TY TNHH ĐẦU TƯ THƯƠNG MẠI DỊCH VỤ HỮU THỂ,9.34761E+15,09347608840934400
CÔNG TY TNHH THƯƠNG MẠI NÔNG NGHIỆP THỰC PHẨM NAGA,909655550,0909655550
CÔNG TY TNHH THƯƠNG MẠI XUẤT NHẬP KHẨU CÔNG THÀNH CÔNG,93884531,093884531
CÔNG TY TNHH MTV ĐẦU TƯ HOA MỘC LAN,909107586,0909107586
CÔNG TY TNHH STARTRADER,8627347,08627347
CÔNG TY TNHH TM DV ĐẠT THỊNH PHÁT,799719756,0799719756
CÔNG TY TNHH THƯƠNG MẠI AN PHÚ LỘC THỊNH,386615609,0386615609
CÔNG TY TNHH VẬN TẢI NGÔ VINH,962301665,0962301665
CÔNG TY TNHH TMDV CHÂU KIM NGÂN,347611618,0347611618
CÔNG TY TNHH THƯƠNG MẠI HIỆP QUÝ,976333580,0976333580
CÔNG TY TNHH THIÊN PHÚC KIM PHÁT TÀI,968882568,0968882568
CÔNG TY TNHH TM VẬN CHUYỂN LÂM THẠNH,764238693,0764238693
CÔNG TY TNHH PHÁT TRIỂN TÂN DƯƠNG,94567899,094567899
CÔNG TY TNHH HẠ TẦNG VIỄN THÔNG NHẬT AN,9.47648E+16,094764769303664500
CÔNG TY TNHH MP OLALA VN,778285245,0778285245
CÔNG TY TNHH SX - TM - DV QUẢNG CÁO NGỌC LÂM,909506500,0909506500
CÔNG TY TNHH DỊCH VỤ SỬA CHỬA Ô TÔ & DU LỊCH VẬN CHUYỂN HƯNG VƯỢNG,896217563,0896217563
CÔNG TY TNHH CHẾ BIẾN NÔNG SẢN HOÀNG KIM,888882994,0888882994
CÔNG TY TNHH ĐẦU TƯ XÂY DỰNG XUẤT NHẬP KHẨU MỘC THIÊN PHÚ,905126886,0905126886
CÔNG TY TNHH DỊCH VỤ THU GOM CHẤT THẢI RẮN HUYNH HIỀN,989893603,0989893603
CÔNG TY TNHH GỖ MỘC PHƯƠNG,387168339,0387168339
CÔNG TY TNHH DƯỢC MỸ PHẨM QUỐC TẾ AN LỘC PHÁT,343293589,0343293589
CÔNG TY TNHH SX TM GỖ Ý CHÍ VIỆT,975222517,0975222517
CÔNG TY TNHH VẬT LIỆU XÂY DỰNG PHÚ CƯỜNG THỊNH,776150618,0776150618
CÔNG TY TNHH DỊCH VỤ VẬN TẢI MAI HIỀN,347310456,0347310456
CÔNG TY TNHH DONGIL WELDING VIỆT NAM,902798989,0902798989
CÔNG TY TNHH NHƯ Ý E&C,903041808,0903041808
CÔNG TY TNHH TƯ VẤN THIẾT KẾ & GIÁM SÁT XÂY DỰNG N.Đ.P,788800063,0788800063
CÔNG TY TNHH TƯ VẤN XÂY LẮP XÂY DỰNG CÔNG TRÌNH SÔNG LAM,899143748,0899143748
CÔNG TY TNHH QUỐC TẾ VIỄN TRÍ VIỆT NAM,973404679,0973404679
CÔNG TY CỔ PHẦN CHĂN NUÔI GÀ HẬU BỊ MINH QUÂN,983224972,0983224972
CÔNG TY TNHH PHÂN BÓN VÀ VẬN TẢI LƯƠNG GIA PHÁT,908029035,0908029035
CÔNG TY CỔ PHẦN TẬP ĐOÀN ĐẦU TƯ ƯỚC MƠ VIỆT NAM,989499148,0989499148
CÔNG TY TNHH XÂY DỰNG VÀ THƯƠNG MẠI TIẾN TIẾN PHÁT,988475980,0988475980
CÔNG TY TNHH SXTM THU TRANG,372389020,0372389020
CÔNG TY TNHH ẨM THỰC VƯỜN QUÊ GIANG ĐIỀN,909259198,0909259198
CÔNG TY TNHH DYNAMIC TÂM AN,933714706,0933714706
CÔNG TY TNHH MTV THƯƠNG MẠI DỊCH VỤ MAILISA,862526888,0862526888
CÔNG TY TNHH XÂY DỰNG NỘI THẤT LVG,943615540,0943615540
CÔNG TY TNHH MTV DỊCH VỤ BẮC TRUNG NAM,367064866,0367064866
CÔNG TY TNHH GIA CÔNG CƠ KHÍ BẢO NHI,372378316,0372378316
CÔNG TY TNHH XĂNG DẦU TÂN HƯNG PHÁT VINA,775905817,0775905817
CÔNG TY TNHH HAPPY BABY PLUS,943250547,0943250547
CÔNG TY TNHH TMDV ĐỨC SINH LỘC 79,374079639,0374079639
CÔNG TY TNHH THY ANH PHÁT,972280234,0972280234
CÔNG TY TNHH DỊCH VỤ VẬN TẢI MINH MINH,985937351,0985937351
CÔNG TY TNHH THƯƠNG MẠI DỊCH VỤ THIẾT KẾ NGỌC ÁNH,968453559,0968453559
CÔNG TY TNHH TMDV VƯƠNG ANH,813582218,0813582218
CÔNG TY CỔ PHẦN NHA KHOA 5 CHÂU,974835055,0974835055
CÔNG TY TNHH DỊCH VỤ THƯƠNG MẠI TRẠM SẠC BÀU XÉO,977485225,0977485225
CÔNG TY TNHH CÂY XANH ĐỨC PHÚC COOL GREEN,937280456,0937280456
CÔNG TY TNHH XÂY DỰNG THƯƠNG MẠI THANH SƠN PHÁT,842977779,0842977779
CÔNG TY TNHH QUÝ TRỌNG GIA PHÁT,377523674,0377523674
CÔNG TY TNHH TM DV TOÀN CẦU LOGISTICS,908627657,0908627657
CÔNG TY TNHH TMDV SẢN XUẤT MINH THÀNH,813582821,0813582821
CÔNG TY TNHH NGA KHÁNH PRO,908332830,0908332830
CÔNG TY TNHH TMDV THÀNH TÂM HIẾU,935266426,0935266426
CÔNG TY TNHH TM DV XNK DNMEX,936391638,0936391638
CÔNG TY TNHH THƯƠNG MẠI DỊCH VỤ LƯU LIÊN,918644402,0918644402
CÔNG TY TNHH ENZARA VIỆT NAM,792083868,0792083868
CÔNG TY TNHH CƠ KHÍ SHL ĐỐI TÁC CỦA MÔI TRƯỜNG XANH,945444688,0945444688
CÔNG TY TNHH TMDV THANH ĐOÀI,909837428,0909837428
CÔNG TY TNHH THƯƠNG MẠI DỊCH VỤ XÂY DỰNG KH ĐẠI VIỆT,788657685,0788657685
CÔNG TY TNHH VẬN CHUYỂN BÌNH ĐÔNG,909489806,0909489806
CÔNG TY TNHH BVDK ÂN TÂM,915927341,0915927341
CÔNG TY TNHH THIẾT BỊ ĐIỆN LONG THÀNH,978683905,0978683905
CÔNG TY CỔ PHẦN XÂY DỰNG CẢNH QUAN MÔI TRƯỜNG ĐẠI NAM,389909539,0389909539
CÔNG TY TNHH BẤT ĐỘNG SẢN GIA PHÚC THỊNH,949208422,0949208422
CÔNG TY CỔ PHẦN ĐẦU TƯ - XÂY DỰNG - THƯƠNG MẠI VÀ DỊCH VỤ HOÀNG AN PHÁT,966273749,0966273749
CÔNG TY TNHH DỊCH VỤ DƯƠNG HỌ TRAVEL,329685608,0329685608
CÔNG TY TNHH NỘI THẤT ĐỨC THẮNG BRAND,906338957,0906338957
CÔNG TY TNHH VINH PHẠM PHÁT,979966309,0979966309
CÔNG TY TNHH TM SX HỒNG THỊNH PHÁT,909325815,0909325815
CÔNG TY TNHH THIEN KIM BIO ENERGY,943210488,0943210488
CÔNG TY TNHH KỸ THUẬT KAMINT VIỆT NAM,945240767,0945240767
CÔNG TY TNHH FILLON TECHNOLOGIES VIỆT NAM,986586793,0986586793
CÔNG TY TNHH THƯƠNG MẠI LÂM UYÊN LAM,898934268,0898934268
CÔNG TY TNHH XÂY DỰNG HOA ĐẠI VIỆT,966240741,0966240741
CÔNG TY TNHH GOLD PHOENIX VINA,908879301,0908879301
CÔNG TY TNHH VẬT LIỆU XÂY DỰNG DUY ANH PHÁT,373260469,0373260469
CÔNG TY TNHH VÀNG ĐÁ QUÝ KIM HOÀNG PHÚC,942295569,0942295569
CÔNG TY TNHH ACTION RUBBER & PLASTIC TECHNOLOGY VIỆT NAM,337632569,0337632569
CÔNG TY TNHH NÔNG NGHIỆP KHANG AN ĐỒNG NAI,977096776,0977096776
CÔNG TY TNHH GREENBASE,919679299,0919679299
CÔNG TY TNHH MTV CHÂU CÁT,989275158,0989275158
CÔNG TY TNHH KAL BALI,901684081,0901684081
CÔNG TY TNHH CƠ KHÍ CHÍNH XÁC TMT,339642584,0339642584
CÔNG TY TNHH DỊCH VỤ THƯƠNG MẠI VÀ SẢN XUẤT NHẬT NHẬT MINH,962609121,0962609121
CÔNG TY TNHH THIẾT KẾ XÂY DỰNG TƯỜNG PHONG,965540922,0965540922
CÔNG TY TNHH TM DV HUỲNH GIA TECHNOLOGY,378469113,0378469113
CÔNG TY TNHH DXTM NĂNG LƯỢNG HOÀNG THIÊN XANH,987545148,0987545148
CÔNG TY TNHH MTV THƯƠNG MẠI DỊCH VỤ HÀ PHẠM,937914541,0937914541
CÔNG TY TNHH PHƯƠNG DIỆP ANH,982125630,0982125630
CÔNG TY TRÁCH NHIỆM HỮU HẠN XUẤT NHẬP KHẨU BIO FARM VIỆT NAM,908712486,0908712486
CÔNG TY TNHH WO WI,918719425,0918719425
CÔNG TY TNHH THƯƠNG MẠI DỊCH VỤ XÂY DỰNG TIẾN ĐẠT TÍN,778997383,0778997383
CÔNG TY TNHH THƯƠNG MẠI DỊCH VỤ LÊ ĐĂNG KHANH,776714475,0776714475
CÔNG TY TNHH 10 STAR,978002894,0978002894
CÔNG TY TNHH XUẤT NHẬP KHẨU CROCODILE LEATHER,972237789,0972237789
CÔNG TY TNHH THƯƠNG MẠI DỊCH VỤ THÀNH THẮNG XUÂN LỘC,901399331,0901399331
CÔNG TY TNHH THƯƠNG MẠI PHÁT TRIỂN THÀNH PHÁT 86,337700418,0337700418
CÔNG TY TNHH DỊCH VỤ PHÁT TRIỂN CN TGM,388675435,0388675435
CÔNG TY TNHH HIỆP ĐỒNG NAI LAND,969170190,0969170190
CÔNG TY TNHH XÂY DỰNG THƯƠNG MẠI AH ĐỒNG TIẾN,908031672,0908031672
CÔNG TY TNHH DỊCH VỤ VŨ ĐẠT,909012586,0909012586
CÔNG TY TNHH CƠ KHÍ THUẤN PHONG,986778710,0986778710
CÔNG TY TNHH DƯỢC MỸ PHẨM HOÀN MỸ,931131939,0931131939
CÔNG TY TNHH THỰC PHẨM NGỌC AN LINH,946977995,0946977995
CÔNG TY TNHH NHA KHOA THIỆN NHÂN,964790000,0964790000
CÔNG TY TNHH THIẾT KẾ XÂY DỰNG KIẾN TRÚC IQ500,926300366,0926300366
CÔNG TY TNHH XD TM DV TĂNG HỒNG PHÁT,909691567,0909691567
CÔNG TY CỔ PHẦN ĐẦU TƯ BẤT ĐỘNG SẢN ĐIỀN PHÚC THỊNH,934310050,0934310050
CÔNG TY TNHH TM DV MINH LŨY,985937351,0985937351
CÔNG TY TNHH BIOMASS THL,909445390,0909445390
CÔNG TY TNHH THƯƠNG MAI DỊCH VỤ HẰNG HÂN,356492198,0356492198
CÔNG TY TNHH DASHUN GROUP,918458329,0918458329
CÔNG TY TNHH SAM MATERIALS VIỆT NAM,988830670,0988830670
CÔNG TY TNHH XUẤT NHẬP KHẨU DƯỢC MỸ PHẨM HOLIN,379379405,0379379405
CÔNG TY TNHH INTERNATIONAL FOREIGN EXCHANGE,989697614,0989697614
CÔNG TY TNHH THƯƠNG MẠI QUỐC TẾ OMF,852036119,0852036119
CÔNG TY TNHH TM DV TƯ VẤN MẠNH PHƯỚC,908834839,0908834839
CÔNG TY TNHH CÔNG NGHỆ TRUNG HIẾU,90710652,090710652
CÔNG TY CỔ PHẦN CÔNG NGHỆ XANH PHÚC TIỆP,977499266,0977499266
CÔNG TY TNHH THƯƠNG MẠI DỊCH VỤ XÂY DỰNG THANH TOÀN TCT,349329068,0349329068
CÔNG TY TNHH ADACAT,9.38838E+17,0938837958093773000
CÔNG TY TNHH XUẤT NHẬP KHẨU PERFECT LIFE,946272286,0946272286
CÔNG TY TNHH BDS ANKHANG,915920854,0915920854
CÔNG TY CỔ PHẦN ĐẦU TƯ VÀ PHÁT TRIỂN ECO BEAUTY,359690939,0359690939
CÔNG TY TNHH THIẾT BỊ CÔNG NGHIỆP ĐỒNG NAI,918308269,0918308269
CÔNG TY TNHH DỊCH VỤ VẬN TẢI PHÚC NHẬT MINH,984581580,0984581580
CÔNG TY TNHH XUẤT NHẬP KHẨU LỘC THIÊN PHÚ,813392079,0813392079
CÔNG TY TNHH CƠ GIỚI BIÊN HOÀ ĐỨC TRUNG,974129989,0974129989
CÔNG TY TNHH SẢN XUẤT VÀ THƯƠNG MẠI LONG THÀNH STRAPPING,362476486,0362476486
CÔNG TY TNHH KỸ THUẬT CƠ KHÍ - XÂY DỰNG KIÊN DƯƠNG THỊNH PHÁT,949600007,0949600007
CÔNG TY TNHH XÂY DỰNG DỊCH VỤ PHÚC ĐIỀN PHÁT,946108484,0946108484
CÔNG TY TNHH DỊCH VỤ MÔI TRƯỜNG ANH LÊ,326326873,0326326873
CÔNG TY TNHH CÔNG NGHỆ HASAKI,934179803,0934179803
CÔNG TY TNHH HOA PHƯỢNG FLORENCE,919990779,0919990779
CÔNG TY TNHH HH NEW CENTERY,588482682,0588482682
CÔNG TY TNHH THƯƠNG MẠI DỊCH VỤ ĐẦU TƯ XD LÊ DŨNG,921146541,0921146541
CÔNG TY TNHH WOOD AND VENEER KHẢI ANH,966353497,0966353497
CÔNG TY CỔ PHẦN THƯƠNG MẠI SẢN XUẤT NHỰA NGUYÊN HƯƠNG,974066181,0974066181
CÔNG TY TNHH TNHH THƯƠNG MẠI DỊCH VỤ KD PHÁT HOÀNG DUY,921146541,0921146541
CÔNG TY TNHH GIA HƯNG PHÁT VINA,937455377,0937455377
CÔNG TY TNHH QUANG BỪNG SÁNG,933197529,0933197529
CÔNG TY TNHH XÂY DỰNG TUYẾT TRẦN,945678968,0945678968
CÔNG TY TNHH NÔNG NGHIỆP BỀN VỮNG ĐỨC QUÂN,976603847,0976603847
CÔNG TY TNHH TM DV SX TÂN PHÚC MINH,932376736,0932376736
CÔNG TY TNHH PHẦN MỀM VIETPRODEV,916789680,0916789680
CÔNG TY TNHH XUẤT NHẬP KHẨU GLOBAL PLASTIC,935249316,0935249316
CÔNG TY TNHH ĐẦU TƯ XÂY DỰNG BẤT ĐỘNG SẢN PHƯƠNG AN,909458854,0909458854
CÔNG TY TNHH TMDV KIM NGÂN PHÁT,988533505,0988533505
CÔNG TY TNHH MỘT THÀNH VIÊN THỰC PHẨM THƯƠNG CƯỜNG,868035607,0868035607
CÔNG TY TNHH THƯƠNG MẠI DỊCH VỤ VẬN TẢI VŨ LÊ PHÁT,969118428,0969118428
CÔNG TY TNHH TM DV PHÚC HÙNG PHÁT,932109777,0932109777
CÔNG TY TNHH THƯƠNG MẠI DỊCH VỤ PHÚC PHÁT THỊNH,342557786,0342557786
CÔNG TY TNHH PHÚC LIÊN PHÁT,8232310832,08232310832
CÔNG TY TNHH TƯ VẤN ĐẦU TƯ VÀ XÂY DỰNG HOÀ HIẾU,353431133,0353431133
CÔNG TY CỔ PHẦN ĐẦU TƯ BẤT ĐỘNG SẢN PHÚ GIA KHANG,941988817,0941988817
CÔNG TY TNHH THƯƠNG MẠI VÀ SẢN XUẤT AN VĨNH CỬU,968380406,0968380406
HỢP TÁC XÃ ĐẠI ĐỒNG TIẾN,913913138,0913913138
CÔNG TY TNHH THIẾT KẾ KIẾN TRÚC VÀ XÂY DỰNG A.N.A,905351283,0905351283
CÔNG TY CỔ PHẦN SẢN XUẤT - ĐẦU TƯ - XÂY DỰNG - PHÁT TRIỂN HẠ TẦNG 55,979133731,0979133731
CÔNG TY TNHH THƯƠNG MẠI DỊCH VỤ ĐẦU TƯ Ô TÔ BÌNH MINH,909690381,0909690381
CÔNG TY TNHH THƯƠNG MẠI MTV BÍCH DIỆP,337545783,0337545783
CÔNG TY TNHH THƯƠNG MẠI DỊCH VỤ QUẢNG CÁO TRUYỀN THÔNG SƠN TÙNG,904168135,0904168135
CÔNG TY TNHH TMXD VIỄN THÔNG PHÚ THỊNH,399358931,0399358931
CÔNG TY TNHH DIGITAL TECHNOLOGY RISE,326459570,0326459570
CÔNG TY TNHH TM DV PHONG ĐẠI PHÁT,785693313,0785693313
CÔNG TY TNHH MAY MẶC XUẤT NHẬP KHẨU CƯỜNG THỊNH PHÁT,366979040,0366979040
CÔNG TY CỔ PHẦN BẤT ĐỘNG SẢN HDC GROUP,919479446,0919479446
CÔNG TY TNHH THƯƠNG MẠI DỊCH VỤ THANH XUÂN CƯỜNG,842330768,0842330768
HỢP TÁC XÃ THƯƠNG MẠI DỊCH VỤ NÔNG NGHIỆP Ý HỒNG,906733832,0906733832
CÔNG TY TNHH KIM HIỀN PHÁT,376128784,0376128784
CÔNG TY TNHH ĐẦU TƯ NOTAS,705367666,0705367666
CÔNG TY TNHH PHÁT TRIỂN & ĐẦU TƯ HƯNG VIỆT,356835989,0356835989
CÔNG TY TNHH MTV TM2,913851286,0913851286
CÔNG TY TNHH PHẾ LIỆU MINH TRANG,904014008,0904014008
CÔNG TY TNHH MỘC MINH NHẬT,984999971,0984999971
CÔNG TY TNHH SA CHÁNH PHÁT,908604387,0908604387
CÔNG TY TNHH PHÁT TRIỂN ĐÔ THỊ XÂY DỰNG ATACO ĐỒNG NAI,927555379,0927555379
CÔNG TY TNHH THỰC PHẨM DOSA,931229867,0931229867
CÔNG TY TNHH URI ENDA,9373816320,09373816320
CÔNG TY TNHH ADM NIGHT LOUNGE,976436083,0976436083
CÔNG TY TNHH TM DV TRIỆU QUANG,586656522,0586656522
CÔNG TY TNHH THƯƠNG MẠI XUẤT NHẬP KHẨU MINH HẠNH,946100958,0946100958
CÔNG TY TNHH MÔI TRƯỜNG XANH BỐN DUYÊN PHÁT,902116497,0902116497
CÔNG TY TRÁCH NHIỆM HỮU HẠN MỘT THÀNH VIÊN CUNG ỨNG LAO ĐỘNG LẠC HỒNG,818884652,0818884652
CÔNG TY TNHH BAO BÌ TRƯỜNG HỒNG PHÁT,898536054,0898536054
CÔNG TY TNHH DỊCH VỤ VẬN TẢI KHANG UYÊN,974583117,0974583117
CÔNG TY TNHH THỰC PHẨM HỒNG QUÂN,919911997,0919911997
CÔNG TY TNHH MỘT THÀNH VIÊN NEXUS,93641017,093641017
CÔNG TY TNHH AN BÌNH GPRFC,398755766,0398755766
CÔNG TY TNHH DỊCH VỤ VẬN TẢI GIA KHANG PHÁT,931676555,0931676555
CÔNG TY TNHH DỊCH VỤ PHÚC HỒNG PHÁT,902164857,0902164857
CÔNG TY TNHH THƯƠNG MẠI DỊCH VỤ VẬN CHUYỂN VÀ XUẤT NHẬP KHẨU TOÀN CẦU,912114396,0912114396
CÔNG TY TNHH THƯƠNG MẠI DỊCH VỤ VẬT LIỆU XÂY DỰNG MVC MIỀN NAM,979490149,0979490149
CÔNG TY CỔ PHẦN DƯỢC PHẨM DONAMED,355996372,0355996372
CÔNG TY TNHH XD TK MAILISA,784044971,0784044971
CÔNG TY TNHH CÔNG NGHỆ TP CON CƯNG,778274600,0778274600
CÔNG TY TNHH KIM BẢO TRẦN,376204502,0376204502
CÔNG TY TNHH MỘT THÀNH VIÊN PHÚC THIÊN HIẾU,932402772,0932402772
CÔNG TY TNHH SẢN XUẤT THƯƠNG MẠI SR12 SÀIGÒN,947681624,0947681624
CÔNG TY TNHH HỢP NHẤT TT,942790768,0942790768
CÔNG TY TNHH TM ĐẦU TƯ TT,934553042,0934553042
CÔNG TY TNHH DV TM KIM THU NGÂN,877203905,0877203905
CÔNG TY TNHH THƯƠNG MẠI DỊCH VỤ TƯ VẤN NGUYỄN GIA LONG,941303515,0941303515
CÔNG TY TNHH ANH NAM PHÁT JSC,981912579,0981912579
CÔNG TY TNHH CONTROL CAPHAN ACV,9037032175,09037032175
CÔNG TY TNHH THIẾT BỊ ĐIỆN GIA DỤNG CỔ PHONG,878174880,0878174880
CÔNG TY TNHH THƯƠNG MẠI HOÀNG TÚ ĐỒNG NAI,907455194,0907455194
CÔNG TY TNHH TẬP ĐOÀN SWAN FARM,918899923,0918899923
CÔNG TY TNHH THƯƠNG MẠI ĐẦU TƯ KIM YẾN,365028402,0365028402
CÔNG TY TNHH CƠ KHÍ THỦY LỰC ÁNH HỒNG PHÁT,375458398,0375458398
CÔNG TY TNHH LÝ THỊNH PHÁT,985558542,0985558542
CÔNG TY TNHH THƯƠNG MẠI DỊCH VỤ MAX SOCIAL COMMERCIAL,908618698,0908618698
CÔNG TY TNHH ĐẦU TƯ VÀ PT HỒNG NGỌC,987315803,0987315803
CÔNG TY TNHH ĐỒNG NAM LÊ,912007918,0912007918
CÔNG TY TNHH MTV TM1,913851286,0913851286
CÔNG TY TNHH VẠN NHÂN KIỆT,88889119,088889119
CÔNG TY TNHH THIÊN QUÂN LUXURYS,833398516,0833398516
CÔNG TY TNHH THƯƠNG MẠI DỊCH VỤ SAM LK,384974902,0384974902
CÔNG TY TNHH DỊCH VỤ MÔI TRƯỜNG KẾT TÌNH,919551813,0919551813
CÔNG TY TNHH THƯƠNG MẠI VÀ DỊCH VỤ HỮU TÌNH,963551260,0963551260
CÔNG TY TNHH THƯƠNG MẠI SX HƯNG PHÚ,918343535,0918343535
CÔNG TY TNHH TMDV SX NHƯ Ý MEDAL,943766666,0943766666
CÔNG TY TNHH CƠ KHÍ XÂY DỰNG THƯƠNG MẠI DỊCH VỤ CƠ GIỚI PHÚ KHANG,387889208,0387889208
CÔNG TY TNHH THẢM KHANG PHÁT,776506140,0776506140
CÔNG TY TNHH NAM KINH WOOD,347488365,0347488365
CÔNG TY TNHH ĐẦU TƯ VÀ PHÁT TRIỂN CAO GIA,964887938,0964887938
CÔNG TY TNHH SẢN XUẤT THƯƠNG MẠI VẬN TẢI THIÊN QUANG,904222296,0904222296
CÔNG TY TNHH ĐẦU TƯ VÀ PHÁT TRIỂN YMPD,583963780,0583963780
CÔNG TY TNHH TƯ VẤN VÀ ĐẦU TƯ XÂY DỰNG NGUYÊN PHÁT GROUP,932460909,0932460909
CÔNG TY TNHH CƯỜNG C.T.L,909259767,0909259767
CÔNG TY TNHH CHÂU GIAO,9371988332,09371988332
CÔNG TY TNHH CHENZAN SPORT,902908866,0902908866
CÔNG TY TNHH THƯƠNG MẠI DỊCH VỤ KHÔI NHIÊN,385535110,0385535110
CÔNG TY TNHH GỖ THẮNG VIỆT,981514402,0981514402
CÔNG TY TNHH LƯƠNG THỰC VÀ THỰC PHẨM THANH HOA,9.37514E+14,0937513513097471
CÔNG TY TNHH THƯƠNG MẠI HOÀNG NGUYÊN PHÁT NHẤT,886849531,0886849531
CÔNG TY TNHH TƯ VẤN THIẾT KẾ - XÂY DỰNG DỊCH VỤ HOÀ HƯƠNG PHÁT,886749132,0886749132
TỔ HỢP TÁC CÂY SẦU RIÊNG ĐAK LUA,976455559,0976455559
CÔNG TY TNHH THƯƠNG MẠI DỊCH VỤ VẬN TẢI AN KHÁNH GLASS,589651786,0589651786
CÔNG TY TNHH THƯƠNG MẠI VẬN TẢI VN,589661742,0589661742
HỢP TÁC XÃ DỊCH VỤ NÔNG NGHIỆP THUỶ SẢN THỐNG NHẤT,936947510,0936947510
CÔNG TY TNHH XÂY DỰNG LỤC BÁT,989773445,0989773445
CÔNG TY TNHH MTV SX VS TM CHEMTECH VIỆT NAM,562567567,0562567567
CÔNG TY TNHH ĐẦU TƯ XÂY DỰNG VÀ PHÁT TRIỂN HOÀNG LONG,908639262,0908639262
CÔNG TY TNHH XÂY DỰNG VÀ TRANG TRÍ NỘI NGOẠI THẤT PHƯƠNG DUYÊN,913613824,0913613824
CÔNG TY TNHH CÔNG NGHỆ CARL VIỆT NAM,377913663,0377913663
CÔNG TY TNHH THƯƠNG MẠI DỊCH VỤ CƠ KHÍ Ô TÔ THẮNG LỢI,909554500,0909554500
CÔNG TY TNHH DƯỢC PHẨM QUỐC TẾ EMOTHION VIỆT NAM,942918484,0942918484
CÔNG TY TNHH THƯƠNG MẠI VÀ DỊCH VỤ ĐẦU TƯ NGHỆ THANH,968943726,0968943726
CÔNG TY TNHH QUẢNG CÁO TÂN TRÍ NHÂN,938087392,0938087392
CÔNG TY TNHH MINH CHÂU GIADA,901670046,0901670046
CÔNG TY TNHH QUỐC TẾ YONGSHIN,8.8699E+11,0886989762819
CÔNG TY TNHH TMDV SX NHƯ Ý PALACE,943766666,0943766666
CÔNG TY TNHH HẠNH NHÂN,961621879,0961621879
CÔNG TY TNHH NỘI THẤT LÝ HÙNG FUTURE,778703734,0778703734
CÔNG TY TNHH KINH DOANH VÀ DV TỔNG HỢP THÀNH TÍN,988516453,0988516453
CÔNG TY TNHH THƯƠNG MẠI DỊCH VỤ KHANG MINH ĐẠT,855428438,0855428438
CÔNG TY TNHH SẢN XUẤT THƯƠNG MẠI VÀ DỊCH VỤ SOFA THIÊN PHÁT,865186339,0865186339
CÔNG TY TNHH XANH SẠCH ĐẸP MẠNH PHÁT,899000338,0899000338
CÔNG TY TNHH MỘT THÀNH VIÊN TUẤN NGHĨA GARAGE Ô TÔ,966436257,0966436257
CÔNG TY TNHH HOÀNG BÌNH TÂM,977088000,0977088000
CÔNG TY TNHH KU FU VIỆT NAM,963258200,0963258200
CÔNG TY TNHH TM & DV PHÚC TRUNG THIÊN,868555009,0868555009
CÔNG TY TNHH DỊCH VỤ BẢO VỆ AN NINH LỘC THIÊN PHÁT,901550669,0901550669
CÔNG TY TNHH ANH DŨNG VN,987106785,0987106785
CÔNG TY TNHH MỘT THÀNH VIÊN DI ANH,939393948,0939393948
CÔNG TY TNHH MỘT THÀNH VIÊN HỢP LỰC AN TÂM,967360556,0967360556
CÔNG TY TNHH SẢN XUẤT VÀ THƯƠNG MẠI GỖ VŨ PHÁT,985335856,0985335856
CÔNG TY TNHH TRUNG TÂM TƯ VẤN SKY,931397216,0931397216
CÔNG TY TNHH TƯ VẤN THƯƠNG MẠI DỊCH VỤ THÀNH ĐÔ,986722037,0986722037
CÔNG TY TNHH THƯƠNG MẠI ĐẦU TƯ XÂY DỰNG ĐỨC QUÂN,985717956,0985717956
CÔNG TY CỔ PHẦN MV PCB,933692268,0933692268
CÔNG TY TNHH MTV Ô TÔ ĐỒNG NAI,966330583,0966330583
CÔNG TY TNHH CƠ KHÍ PHƯƠNG THỊNH PHÁT,987370210,0987370210
CÔNG TY TNHH TMDV LIÊN MẠC,898032586,0898032586
CÔNG TY TNHH SX TM DV KIM KHANG VINA,931219919,0931219919
CÔNG TY TNHH MTV IN VÀ BAO BÌ SL,988615458,0988615458
CÔNG TY TNHH CENTURY ELECTRIC VIỆT NAM,338558887,0338558887
CÔNG TY TNHH VĨNH NAM CƯỜNG,974595435,0974595435
CÔNG TY TNHH SẢN XUẤT GỖ NGUYỄN ĐẠT,902402521,0902402521
CÔNG TY TNHH MTV PHÚC TẤN LỘC,908345763,0908345763
CÔNG TY CỔ PHẦN CƠ KHÍ SẢN XUẤT KHANG THỊNH,983474000,0983474000
CÔNG TY TNHH THƯƠNG MẠI ĐỨC PHÁT THÀNH,909331881,0909331881
"CÔNG TY HANSEONG PLANT ENGINEERING CO., LTD HQ TC TCLĐTBCTCN TDA CT TNHH AK VN",339255958,0339255958
CÔNG TY TNHH TRINH VY PHÁT,909907224,0909907224
CÔNG TY TNHH DỊCH VỤ THƯƠNG MẠI VÀ KỸ THUẬT COMTECH,937625445,0937625445
CÔNG TY TNHH CÔNG NGHIỆP VŨ,986252347,0986252347
CÔNG TY TNHH XÂY DỰNG DỊCH VỤ THƯƠNG MẠI SONG KIM,979923780,0979923780
CÔNG TY TNHH MAY MẶC HƯƠNG QUÂN,359662515,0359662515
CÔNG TY TNHH TM-DV QUẢNG CÁO TUẤN ANH,942975977,0942975977
CÔNG TY TNHH THIẾT KẾ TRỌNG NHÂN,915264237,0915264237
CÔNG TY TNHH MÔI TRƯỜNG THẾ GIỚI MỚI,375157061,0375157061
CÔNG TY TNHH TƯ VẤN PHÁP LÝ BẢO TRỌNG,918607153,0918607153
CÔNG TY TNHH CARYKA,919192481,0919192481
CÔNG TY TNHH ĐẦU TƯ HỖ TRỢ THÀNH THÁI AN,815799877,0815799877
CÔNG TY TNHH KIM LOẠI MÀU CHIẾN THẮNG,966912002,0966912002
CÔNG TY TNHH DỊCH VỤ VÀ THƯƠNG MẠI AN GIA,888928594,0888928594
CÔNG TY TNHH THƯƠNG MẠI VÀ DỊCH VỤ TÂN HOA ĐÔNG,987418815,0987418815
CÔNG TY TNHH DỊCH VỤ THƯƠNG MẠI VIETBRIGHT,911634141,0911634141
CÔNG TY TNHH HOÀNG KHÁNH PHONG,973807060,0973807060
CÔNG TY TNHH ĐẦU TƯ XÂY DỰNG HẢI DƯƠNG PHÁT,815799877,0815799877
CÔNG TY TNHH THUỶ CẢNH,901724589,0901724589
CÔNG TY TNHH THUỐC THỦY SẢN MINH TRÍ,915110919,0915110919
CÔNG TY TNHH HIỆP ĐỒNG NAI GROUP,934170190,0934170190
CÔNG TY TNHH THUẬN PHONG PHÚ CƯỜNG,918666886,0918666886
CÔNG TY TNHH TMDV XÂY DỰNG TÂN MAI PHÁT,937198403,0937198403
CÔNG TY TNHH TMDV XÂY DỰNG HOÀ KIM PHÁT,937178913,0937178913
CÔNG TY TNHH PHƯƠNG TIỆN ĐIỆN THÔNG MINH E-BIKE,876365364,0876365364
CÔNG TY TNHH NEW HENGSHENG MACHINERY VIỆT NAM,8.61377E+12,08613771809988
CÔNG TY TNHH LINH PHỤNG PRO,937341021,0937341021
CÔNG TY TNHH SX -TM - DV NGỌC MINH TRÍ,384300339,0384300339
CÔNG TY TNHH PALLET VƯƠNG MINH KHANG,834935384,0834935384
CÔNG TY TNHH THUỶ LỰC PHÚC THỊNH,385920811,0385920811
CÔNG TY CỔ PHẦN SỢI TRƯỜNG PHÚ,909002985,0909002985
CÔNG TY TNHH CƠ KHÍ MẠNH CƯỜNG,898997071,0898997071
CÔNG TY TNHH KINH DOANH THƯƠNG MẠI XÂY DỰNG ĐẠI HÙNG CƯỜNG,938510216,0938510216
CÔNG TY TNHH VẬT LIỆU MỚI HUALI VIỆT NAM,934059368,0934059368
CÔNG TY TNHH THƯƠNG MẠI VÀ SẢN XUẤT GỖ THIÊN HỬU,933419671,0933419671
CÔNG TY TNHH AGRIVIE,937999237,0937999237
CÔNG TY TNHH PHÚC LIỆT DYLAN,901207547,0901207547
CÔNG TY TNHH CÔNG NGHIỆP HSNT,901862266,0901862266
CÔNG TY TNHH SẢN XUẤT THƯƠNG MẠI DỊCH VỤ MDM,389359779,0389359779
CÔNG TY TNHH GỐM SỨ THIÊN HOÀNG,949667073,0949667073
CÔNG TY TNHH GUY LEONARD &,909835200,0909835200
CÔNG TY TNHH XUẤT NHẬP KHẨU VÀ ĐẦU TƯ XÂY DỰNG AN HƯNG PHÁT,827823413,0827823413
CÔNG TY TNHH DŨNG PHÁT VIỆT,921429888,0921429888
CÔNG TY TNHH SINH QUANG LỘC,777034630,0777034630
CÔNG TY TNHH THƯƠNG MẠI DỊCH VỤ VÀ SẢN XUẤT ROSE GOLD,974468090,0974468090
CÔNG TY TNHH DAESAN ELECTRONICS,795227047,0795227047
CÔNG TY TNHH MỘT THÀNH VIÊN NHẤT LÂM,903034647,0903034647
CÔNG TY TNHH TM DV XNK HOA THIÊN,705861419,0705861419
CÔNG TY TNHH SẢN XUẤT GỖ Ý THIÊN,355745055,0355745055
CÔNG TY TNHH VÂN QUANG KYOMI,899232804,0899232804
CÔNG TY TNHH DV BẢO VỆ BÌNH AN LONG,785983089,0785983089
CÔNG TY TNHH KINH DOANH VÀ ĐẦU TƯ TV-COR,938602222,0938602222
CÔNG TY TNHH NGOẠI NGỮ SUNRISE,966448576,0966448576
CÔNG TY TNHH THƯƠNG MẠI VLXD THẢO TÂM,973230032,0973230032
CÔNG TY TNHH XÂY DỰNG VÀ DỊCH VỤ THƯƠNG MẠI VÂN LONG,989925087,0989925087
CÔNG TY TNHH THƯƠNG MẠI DỊCH VỤ TỔNG HỢP DŨNG MAI PHÁT,388960932,0388960932
CÔNG TY TNHH THIẾT BỊ ĐIỆN TASCOM,932133459,0932133459
CÔNG TY TNHH WEST TRÀ MY,933580907,0933580907
CÔNG TY TNHH HOMIA COSMETICS,909210968,0909210968
CÔNG TY TNHH SẢN XUẤT KINH DOANH THƯƠNG MẠI TRẦN ANH SƠN,935551222,0935551222
CÔNG TY TNHH THƯƠNG MẠI ANH THIÊN TRINH,776986816,0776986816
CÔNG TY TNHH NHÀ HÀNG CÂY NÊU,908706060,0908706060
CÔNG TY TNHH THƯƠNG MẠI ÁNH VY TRANG,778976461,0778976461
CÔNG TY TNHH TM XNK NAM TIẾN THÀNH,962165229,0962165229
VĂN PHÒNG LUẬT SƯ MAI KIM THẠCH - CHI NHÁNH TÂN PHÚ,918132252,0918132252
CÔNG TY TNHH DQS PLUS,898904212,0898904212
CÔNG TY TNHH MTV SẮT THÉP MỸ THUẬT ĐỒNG NAI,778668994,0778668994
CÔNG TY TNHH WIIN 1 NHƠN TRẠCH,981818180,0981818180
CÔNG TY TNHH XE MÁY VIỆT LONG,763812089,0763812089
CÔNG TY TNHH MỘT THÀNH VIÊN HƯNG PHƯỚC TÀI RICE,971779889,0971779889
CÔNG TY TNHH TƯ VẤN DU HỌC VÀ HƯỚNG NGHIỆP RỒNG PHƯƠNG NAM,364816145,0364816145
CÔNG TY TNHH LONG THÀNH THÀNH LONG,898590968,0898590968
CÔNG TY TNHH TMDV THÀNH TIẾN ANH,778230151,0778230151
CÔNG TY TNHH SÂN KHẤU CA NHẠC HỘI CHỢ THƯƠNG MẠI THÙY ANH,928288828,0928288828
CÔNG TY TNHH LỘC PHÚC WATER,918922722,0918922722
CÔNG TY TNHH TM XĂNG DẦU NGỌC ĐỨC PHÁT,777786888,0777786888
CÔNG TY TNHH THƯƠNG MẠI SẢN XUẤT NGUYỄN ANH,94462173,094462173
CÔNG TY TNHH THƯƠNG MẠI- KỸ THUẬT- DỊCH VỤ ADOPAVN,968021386,0968021386
CÔNG TY TNHH THƯƠNG MẠI ĐẦU TƯ AMAZON VIỆT NAM,567760675,0567760675
CÔNG TY TNHH WIIN 2 NHƠN TRẠCH,981818180,0981818180
CÔNG TY TNHH SPN TIME,924619619,0924619619
CÔNG TY TNHH SX CHẾ BIẾN GỖ SỸ HOÀNG,346044007,0346044007
CÔNG TY TNHH MTV XUẤT NHẬP KHẨU TRÁI CÂY,925111818,0925111818
CÔNG TY TNHH TM DV HẠO KHANG,832507517,0832507517
CÔNG TY TNHH HÙNG TRÍ PHƯỚC,912811100,0912811100
CÔNG TY TNHH DỊCH VỤ THƯƠNG MẠI TƯ ÂM,985455708,0985455708
CÔNG TY TNHH THƯƠNG MẠI TRƯỜNG ANH NGUYÊN,778582675,0778582675
CÔNG TY TNHH THƯƠNG MẠI TIẾN HÙNG PHÁT,964626927,0964626927
CÔNG TY CỔ PHẦN XÂY DỰNG THƯƠNG MẠI DỊCH VỤ THIÊN LONG TTN,846737379,0846737379
CÔNG TY TNHH PHÂN PHỐI PHÚC THIÊN ÂN,906660364,0906660364
CÔNG TY TNHH NHA KHOA TOÀN TÂM,933315431,0933315431
CÔNG TY TNHH XÂY DỰNG THẠCH TAM PHÁT,904841419,0904841419
CÔNG TY TNHH NÔNG NGHIỆP THỰC PHẨM TRUNG HÒA,912895415,0912895415
CÔNG TY TNHH THƯƠNG MẠI VÀ XÂY DỰNG HỒNG CHÁNH,939446118,0939446118
CÔNG TY TNHH THỰC PHẨM NGUYÊN VY,967778979,0967778979
CÔNG TY TNHH VẬN TẢI THÙY TRANG PHÁT,961419919,0961419919
CÔNG TY TNHH NQUY CTS,908596697,0908596697
CÔNG TY TNHH TMDV TRƯỜNG NGUYÊN ĐĂNG,899277260,0899277260
CÔNG TY TNHH ĐẦU TƯ BẢO NGỌC PHÁT,918546139,0918546139
CÔNG TY TNHH MTV PHƯỚC ANH THỊNH,965360443,0965360443
CÔNG TY TNHH MTV PHƯỚC THỊNH,988171443,0988171443
HỘI KHOA HỌC KỸ THUẬT XÂY DỰNG TỈNH ĐỒNG NAI,902577947,0902577947
CÔNG TY CỔ PHẦN ĐẦU TƯ VIỆT NAM ĐỒNG NAI,9.0236E+17,0902359818091993000
CÔNG TY TNHH TMDV ĐẦU TƯ XÂY DỰNG HOÀNG MINH,869870492,0869870492
CÔNG TY TNHH QUAN TRẮC MÔI TRƯỜNG MIỀN NAM,937863263,0937863263
CÔNG TY TNHH NHỰA PHƯƠNG ĐÔNG,914530606,0914530606
CÔNG TY TNHH PHÚC HOÀNG THIỆN,986556149,0986556149
CÔNG TY TNHH THIẾT BỊ ĐIỆN ÂN PHÚ PHÁT,906763536,0906763536
CÔNG TY TNHH THƯƠNG MẠI - XÂY DỰNG - MÔI TRƯỜNG DKTECH,367160933,0367160933
CÔNG TY TNHH THƯƠNG MẠI GIA DỤNG NGUYỄN KIM ĐIỆN MÁY,776126781,0776126781
CÔNG TY TNHH VIVOTHREADS (VN),9.72524E+11,0972523840941
CÔNG TY TNHH NHA KHOA PHÚC TÂM AN DENTAL,985936552,0985936552
CÔNG TY TNHH MTV NGUYỄN THANH BÌNH,916940487,0916940487
CÔNG TY TNHH XÂY DỰNG NGỌC MAI PHÁT,918546139,0918546139
CÔNG TY TNHH THƯƠNG MẠI TỔNG HỢP GIA THỊNH PHÁT,785305759,0785305759
CÔNG TY TNHH TM DV NGỌC HẰNG PHÁT,902029949,0902029949
CÔNG TY TNHH SẢN XUẤT THƯƠNG MẠI BẢO TÂM PHÁT,908160112,0908160112
CÔNG TY TNHH THƯƠNG MẠI THANH NGUYÊN SÁNG,899483093,0899483093
CÔNG TY TNHH MTV ĐẦU TƯ VÀ PHÁT TRIỂN ADP,898439017,0898439017
CÔNG TY TNHH XE MÁY NHẬP KHẨU HÒA NGUYỄN,906620340,0906620340
CÔNG TY TNHH THƯƠNG MẠI GIA HÂN ĐN,938573946,0938573946
CÔNG TY TNHH XÂY DỰNG VÀ KINH DOANH VẬT LIỆU XÂY DỰNG CM,325236239,0325236239
CÔNG TY TNHH NIKI IRON WORKS VN,984276297,0984276297
CÔNG TY TNHH THƯƠNG MẠI CƠ KHÍ XÂY DỰNG VƯƠNG THỊNH PHÁT,879553166,0879553166
CÔNG TY TNHH XUẤT NHẬP KHẨU THƯƠNG MẠI VÀ DỊCH VỤ PHÚC HƯNG,968780983,0968780983
CÔNG TY TNHH XÂY DỰNG THƯƠNG MẠI VẬN TẢI THIÊN THANH,913023093,0913023093
CÔNG TY TNHH SẢN XUẤT NỘI THẤT NGOÀI TRỜI THIỆN PHÚC,327882380,0327882380
CÔNG TY TNHH LA CÀ HOMESTAY,966123604,0966123604
CÔNG TY TNHH HEUNG SUNG PLASTIC VINA,888897878,0888897878
CÔNG TY TNHH TM VLXD TUẤN VY LINH,937798181,0937798181
CÔNG TY TNHH MÁY VĂN PHÒNG TRÍ THỊNH,915747818,0915747818
CÔNG TY TNHH ĐTPT PHƯỚC THỊNH PHÁT,968111179,0968111179
CÔNG TY TNHH MINH BÌNH PHÁT,393090133,0393090133
CÔNG TY TNHH TM DV ĐỨC ANH THỊNH PHÁT,969805735,0969805735
CÔNG TY TNHH BĂNG TẢI TIẾN VINH THÀNH,818654088,0818654088
CÔNG TY TNHH CƠ KHÍ XÂY DỰNG HOÀNG XƯƠNG,906117008,0906117008
CÔNG TY TNHH THƯƠNG MẠI VÀ XÂY DỰNG TÂN HƯNG VN,338235347,0338235347
CÔNG TY TNHH XUẤT KHẨU SANG MƠ (DN),969764022,0969764022
CÔNG TY TNHH THƯƠNG MẠI DỊCH VỤ VÀ SẢN XUẤT NHỰA TOÀN TÂM,778958163,0778958163
CÔNG TY TNHH THƯƠNG MẠI DỊCH VỤ SẢN XUẤT LỘC BẢO TIẾN,918857111,0918857111
CÔNG TY TNHH N&N HOME,901456327,0901456327
CÔNG TY TNHH MTV VẬN CHUYỂN BA THÁNH,704516280,0704516280
CÔNG TY TNHH THIẾT BỊ PHÒNG CHÁY CHỮA CHÁY VÀ CỨU NẠN CỨU HỘ PHƯƠNG ANH,933063683,0933063683
CÔNG TY TNHH 1 THÀNH VIÊN LÊ NGỌC DƯƠNG,975547942,0975547942
CÔNG TY TNHH TM DV PCCC CÔNG NGHỆ MỚI,344444555,0344444555
CÔNG TY TNHH DỊCH VỤ VẬN TẢI KIM SA,915872972,0915872972
CÔNG TY TNHH MTV ĐTPT 39,913842039,0913842039
CÔNG TY TNHH TM DỊCH VỤ HONGLIDE GENERAL,372060360,0372060360
HEERIM ARCHITECTS & PLANNERS - THẦU CHÍNH QLDA & GSTC DỰ ÁN K-UPA VINA,902406470,0902406470
CÔNG TY TNHH MTV HẰNG HƯNG PHÁT,878845046,0878845046
CÔNG TY TNHH ANH THÁI VIỆT NAM,816335666,0816335666
CÔNG TY TNHH TƯ VẤN THIẾT KẾ VÀ XÂY DỰNG ĐỨC HIẾU,966084226,0966084226
CÔNG TY TNHH HAN SU VINA,824248588,0824248588
CÔNG TY TNHH GOLDENKEY GROUP,931830708,0931830708
CÔNG TY TNHH SX-TM KIM KHUÊ,979166010,0979166010
CÔNG TY TNHH THƯƠNG MẠI SẢN XUẤT HOÁ CHẤT ANH DUY,778206813,0778206813
CÔNG TY TNHH DỊCH VỤ ĂN UỐNG - GIẢI KHÁT HỒNG TRANG NGUYỄN,376163522,0376163522
CÔNG TY TNHH LƯƠNG THỰC VÀ THỰC PHẨM QT,937838379,0937838379
CÔNG TY TNHH THƯƠNG MẠI QUỐC TẾ LINH SAO VIỆT,908072479,0908072479
CÔNG TY TNHH THƯƠNG MẠI THIÊN HÀ ANH TIẾN,898100630,0898100630
CÔNG TY TNHH SSG DONA,918228996,0918228996
CÔNG TY TNHH SẢN XUẤT THƯƠNG MẠI ANH THÚC,917900888,0917900888
CÔNG TY TNHH MẠNH CHẤN KHẢI,777169624,0777169624
CÔNG TY TNHH BẤT ĐỘNG SẢN - XÂY DỰNG - THƯƠNG MẠI PHÚC NGÂN,397668066,0397668066
CÔNG TY CỔ PHẦN PHÁT TRIỂN THƯƠNG MẠI DỊCH VỤ ONNI,967301140,0967301140
CÔNG TY CỔ PHẦN XI MĂNG XANH,971909945,0971909945
CÔNG TY TNHH XÂY DỰNG - TM DV - XNK THIÊN HƯƠNG ĐẠT,969794535,0969794535
CÔNG TY TNHH THƯƠNG MẠI DỊCH VỤ MAY MẶC PHƯƠNG LOAN,908534234,0908534234
CÔNG TY TNHH ECOZYMS,963970516,0963970516
CÔNG TY TNHH VỦ HIẾU CAR SERVICE,933376013,0933376013
CÔNG TY TNHH PHƯỚC BÁU,983006858,0983006858
CÔNG TY TNHH GẠCH THẾ GIỚI,868782740,0868782740
CÔNG TY TNHH NÔNG NGHIỆP ĐĂNG KHẢI,932049292,0932049292
CÔNG TY TNHH TRUYỀN THÔNG VÀ GIẢI TRÍ HẰNG NGA,918617287,0918617287
CÔNG TY TNHH ĐỔI MỚI VÀ SÁNG TẠO ZF,338252954,0338252954
CÔNG TY TNHH TMDV HOÀNG NGHĨA,899270201,0899270201
CÔNG TY TNHH TMDV CAO THIÊN PHÚC,707073585,0707073585
CÔNG TY TNHH THƯƠNG MẠI AN DU XANH,918744051,0918744051
CÔNG TY TNHH THƯƠNG MẠI VÀ DỊCH VỤ XÂY DỰNG TB HOME,777762199,0777762199
CÔNG TY TNHH SINH THÁI NAM VIỆT,903222799,0903222799
DOANH NGHIỆP TƯ NHÂN KINH DOANH VÀNG BẠC PHÚ ĐẠI,965970562,0965970562
CÔNG TY TNHH TM DV PHÂN PHỐI HÙNG PHÁT,367319947,0367319947
CÔNG TY TNHH ĐẦU TƯ XÂY DỰNG TRƯƠNG GIA PHÁT,946332989,0946332989
CÔNG TY TNHH DỊCH VỤ Ô TÔ VŨ HÙNG LỰC,972632015,0972632015
CÔNG TY TNHH SẢN XUẤT THƯƠNG MẠI DỊCH VỤ NGHĨA QUỐC ĐẠT,908576675,0908576675
CÔNG TY TNHH PRO DUY SƠN,777169624,0777169624
CÔNG TY CỔ PHẦN TƯ VẤN ĐẦU TƯ VÀ XÂY DỰNG SCG,387150790,0387150790
CÔNG TY TNHH BÌNH MINH AN PHƯỚC IP,918667124,0918667124
CÔNG TY TNHH THƯƠNG MẠI & DỊCH VỤ LUMIQUE,973856918,0973856918
CÔNG TY TNHH XÂY DỰNG NGUYỄN GIÀU,386320132,0386320132
CÔNG TY TNHH SOO YEON,909009900,0909009900
CÔNG TY TNHH TƯ VẤN TRÚC PHAN LUẬT,918614178,0918614178
CÔNG TY TNHH THẾ GIỚI QUẢNG CÁO ĐỊNH QUÁN,976410800,0976410800
CÔNG TY TNHH LÝ TRẦN CHẤN PHÁT,777018723,0777018723
CÔNG TY TNHH LÂN SƯ RỒNG TAM HÒA ĐƯỜNG,9.06782E+15,09067817710919900
CÔNG TY TNHH YẾN SÀO QNEST MILK,966826687,0966826687
CÔNG TY TNHH MỘT THÀNH VIÊN BẢO ANH BẢO AN,372431778,0372431778
CÔNG TY CỔ PHẦN THỂ THAO VÀ GIẢI TRÍ BTL,979579779,0979579779
CÔNG TY TNHH HOÀI HẢO SANG,931538144,0931538144
CÔNG TY TNHH XÂY DỰNG KIẾN HOÀNG ANH,909633482,0909633482
CÔNG TY TNHH NÔNG SẢN THABI FRAM,9.16167E+15,09161670180855460
CÔNG TY TNHH DV TM SX THIÊN NGHĨA,974470559,0974470559
CÔNG TY TNHH NÔNG SẢN ĐÌNH NGUYÊN,378691221,0378691221
CÔNG TY TNHH TƯ VẤN THIẾT KẾ VÀ XÂY DỰNG DELTA ATELIER,798289399,0798289399
CÔNG TY TNHH TM-DV ĐẦU TƯ HẢI VY,989258982,0989258982
CÔNG TY TNHH NÔNG SẢN HỒNG THANH ÂN,399223035,0399223035
CÔNG TY TNHH SUA TH TRUEMILK MINH CHAU VIET NAM,866952094,0866952094
CÔNG TY TNHH XUẤT NHẬP KHẨU HẢI HƯƠNG PORDEE FRUIT,986455449,0986455449
CÔNG TY TNHH TMDV KHẮC VIỆT,898290804,0898290804
CÔNG TY TNHH NÔNG SẢN NĂM SANG,969252969,0969252969
CÔNG TY CỔ PHẦN LOGISTICS SKT ĐỒNG NAI,367500719,0367500719
CÔNG TY TNHH DAU TU VA PHAT TRIEN SUA TH TRUEMILK MINH CHAU VIET NAM,866952094,0866952094
CÔNG TY TNHH SẢN XUẤT THƯƠNG MẠI DỊCH VỤ MINH UY,933542588,0933542588
CÔNG TY TNHH NỘI THẤT KIỀU ĐẠI PHÁT,3.83913E+15,03839125880984540
CÔNG TY TNHH TM DV KỸ THUẬT HUỲNH ANH,933986321,0933986321
CÔNG TY TNHH TMDV XÂY DỰNG NGUYÊN MINH,927333396,0927333396
CÔNG TY TNHH SẢN XUẤT - THƯƠNG MẠI - DỊCH VỤ SGROUP,967656530,0967656530
CÔNG TY TNHH SỬA CHỮA VÀ BẢO DƯỠNG KIM LỢI PHÁT,902001226,0902001226
CÔNG TY TNHH THÙY BELLA,776662710,0776662710
CÔNG TY TNHH SONG SỨC PHÁT ĐẠT,777978622,0777978622
CÔNG TY TNHH LONG KHÁNH FURNITURE,329167716,0329167716
CÔNG TY TNHH ECO FARM SVD VIỆT NAM,388959423,0388959423
CÔNG TY TNHH TM DV CHUYỂN ĐỘNG CHẬM,933068021,0933068021
CÔNG TY TNHH XNK NÔNG SẢN PHƯƠNG PHÚC,902600634,0902600634
CÔNG TY TNHH GIẢI PHÁP AUTOTUOI,355863232,0355863232
CÔNG TY TNHH TM XD MẠNH QUYẾT,903413008,0903413008
CÔNG TY TNHH TM-DV TAM PHÁT LỘC,395380979,0395380979
CÔNG TY TNHH TM DV HOÀI TÂM,367682456,0367682456
CÔNG TY TNHH THƯƠNG MẠI MÔI TRƯỜNG THÁI SƠN,9665911,09665911
CÔNG TY TNHH ĐẦU TƯ VÀ PHÁT TRIỂN MẶT TRỜI ĐỒNG NAI,9767159320,09767159320
CÔNG TY TNHH MTV ĐẦU TƯ HOA LY,979112722,0979112722
CÔNG TY TNHH MTV ĐẦU TƯ HOA BẰNG,909107586,0909107586
CÔNG TY TNHH MTV THƯƠNG MẠI HOA BAN,911681651,0911681651
CÔNG TY TNHH DỊCH VỤ PCCC HTG,339114368,0339114368
CÔNG TY TNHH THƯƠNG MẠI DỊCH VỤ CƠ KHÍ PM,355998849,0355998849
CÔNG TY TNHH NỘI THẤT GỖ NHƯ QUÝ PHÁT,967329377,0967329377
CÔNG TY CỔ PHẦN ĐẦU TƯ HUẤN LUYỆN AN TOÀN VIỆT NAM,975137945,0975137945
CÔNG TY TNHH ĐẦU TƯ PHÁT TRIỂN DỊCH VỤ THƯƠNG MẠI XÂY DỰNG THIÊN AN,978482328,0978482328
CÔNG TY TNHH TM DỊCH VỤ VẬN TẢI PHONG VŨ,975064089,0975064089
CÔNG TY TNHH MEDI VINA,937754599,0937754599
TỔ HỢP TÁC DU LỊCH CỘNG ĐỒNG TÀ LÀI,826615161,0826615161
CÔNG TY TNHH TMDV FHR,913586639,0913586639
CÔNG TY TNHH DỊCH VỤ VẬN TẢI VÀ THƯƠNG MẠI HY,349777222,0349777222
CÔNG TY TNHH PHƯƠNG NGA NBVN,902588794,0902588794
CÔNG TY TNHH HUY HƯNG ANH,918926059,0918926059
CÔNG TY TNHH VẬN TẢI THUẬN THÀNH HƯNG,334390779,0334390779
CÔNG TY TNHH HOÀNG LÊ TRANG,972072409,0972072409
CÔNG TY TNHH DẦU NHỜN TÂY BẮC ĐN,8983210000,08983210000
CÔNG TY TNHH TM - DV MẠNH QUÂN,866785601,0866785601
CÔNG TY TNHH KIM ANH TÚ,334417829,0334417829
CÔNG TY TNHH TM XÂY DỰNG TPC,988186104,0988186104
CÔNG TY TNHH SẢN XUẤT THƯƠNG MẠI DỊCH VỤ SƠN THẢO,888329977,0888329977
CÔNG TY TNHH LOGISTICS HUYỀN PHƯƠNG,937506980,0937506980
CÔNG TY TNHH MÔI TRƯỜNG HUỲNH MAI,833678914,0833678914
CÔNG TY TNHH XÂY DỰNG PHÁT TRIỂN TƯỜNG ANH,369677779,0369677779
CÔNG TY TNHH HOÀNG KIM OANH PRO,899521970,0899521970
CÔNG TY TRÁCH NHIỆM HỮU HẠN THƯƠNG MẠI VÀ DỊCH VỤ NHÀN ANH,963224878,0963224878
CÔNG TY TNHH NGÂN KIM THỊNH,949211368,0949211368
CÔNG TY TNHH SẢN XUẤT & THƯƠNG MẠI CỬA CUỐN AN GIA PHÁT,936247368,0936247368
CÔNG TY TNHH TM VẬN TẢI HUY HOÀNG GROUP,327509679,0327509679
CÔNG TY TNHH VIỆT NAM KOYAMA,333633711,0333633711
CÔNG TY TNHH THƯƠNG MẠI XÂY DỰNG HUY HỒNG PHÁT,978648123,0978648123
CÔNG TY TNHH CƯỜNG PHÁT AUTO,918050339,0918050339
CÔNG TY TNHH SX TM DV QUANG TIẾN,393507938,0393507938
CÔNG TY TNHH FUYAO VIỆT NAM,975104931,0975104931
CÔNG TY TNHH KỸ THUẬT CƠ KHÍ LONG ĐẰNG,914123477,0914123477
CÔNG TY TNHH XÂY DỰNG THƯƠNG MẠI DỊCH VỤ PHƯỚC LỘC AN,936429612,0936429612
CÔNG TY TNHH TƯ VẤN VÀ ĐÀO TẠO INTERNATIONAL KNT,908027142,0908027142
CÔNG TY TNHH TH FARM,987767166,0987767166
CÔNG TY TNHH SAYUN,867873251,0867873251
CÔNG TY TNHH XÂY DỰNG DÂN DỤNG VÀ CÔNG NGHIỆP VILA,825659388,0825659388
CÔNG TY TNHH THƯƠNG MẠI DỊCH VỤ SẢN XUẤT GIA CÔNG CƠ KHÍ HOÀNG DUY,909565268,0909565268
CÔNG TY TNHH THƯƠNG MẠI SẢN XUẤT XUẤT NHẬP KHẨU MAY MẶC THERA,976442373,0976442373
CÔNG TY TNHH THƯƠNG MẠI CƠ KHÍ XÂY DỰNG THIÊN PHƯỚC,369030139,0369030139
CÔNG TY TNHH TM DV SẢN XUẤT MAY MẶC THANH PHƯƠNG,38607739,038607739
CÔNG TY TNHH BẰNG LĂNG TÍM VIP,942656626,0942656626
CÔNG TY TNHH VIETBROTHERS,937081515,0937081515
CÔNG TY TNHH MỘT THÀNH VIÊN DV VẬN TẢI THIÊN LỘC,389778738,0389778738
CÔNG TY CỔ PHẦN PHÂN PHỐI NÔNG LÂM NGHIỆP - NHÀ YẾN - FARMSTAY DŨNG HẢI,945611969,0945611969
CÔNG TY TNHH TD STONE,938520262,0938520262
CÔNG TY TNHH THIẾT KẾ XÂY DỰNG ĐẠI TRƯỜNG AN,973861410,0973861410
CÔNG TY TNHH TP SẠCH TÂM VIỆT,961600755,0961600755
CÔNG TY TNHH THƯƠNG MẠI VÀ DỊCH VỤ KEN FOODS,327383311,0327383311
CÔNG TY TNHH XCELWOOD MFG,792471490,0792471490
CÔNG TY TNHH SẢN XUẤT THƯƠNG MẠI DỊCH VỤ CHÍNH PHÁT,919818577,0919818577
CÔNG TY TNHH E&B TRADE,332334020,0332334020
CÔNG TY TNHH XÂY DỰNG VÀ THƯƠNG MẠI NHẬT KHÔI,903420121,0903420121
CÔNG TY TNHH MỸ PHẨM & NHÀ ĐẸP HÀ TRANG,946515079,0946515079
CÔNG TY TNHH MÁY VI TÍNH QUYẾT THẮNG,365701412,0365701412
CÔNG TY TNHH HTV LỰC TẤN PHÁT,915613641,0915613641
CÔNG TY TNHH XÂY DỰNG THƯƠNG MẠI TRƯƠNG MINH ANH,899854653,0899854653
CÔNG TY TNHH TM DV LAM HỒNG PHÁT,367107892,0367107892
CÔNG TY TNHH KIẾN TRÚC XÂY DỰNG THIÊN PHÚ THỊNH,971954265,0971954265
CÔNG TY TNHH KỸ THUẬT XÂY DỰNG KHB,707980287,0707980287
CÔNG TY TNHH TĐV GIA VINH,9633127932,09633127932
CÔNG TY TNHH MÔI TRƯỜNG HỢP NHẤT,933817263,0933817263
CÔNG TY TNHH HDCCONSULTING,766579246,0766579246
CÔNG TY TNHH TRANQUIL HOME,906909279,0906909279
CÔNG TY TNHH THỰC PHẨM THỦY SẢN DOAN TRẦN,933079085,0933079085
CÔNG TY TNHH TRUNG TÂM TIN HỌC ANH THƯ,986686344,0986686344
CÔNG TY TNHH THƯƠNG MẠI BẤT ĐỘNG SẢN PHÚ HỮU,903654014,0903654014
CÔNG TY TNHH HONGLI TECHNOLOGY,974612988,0974612988
CÔNG TY TNHH THƯƠNG MẠI DỊCH VỤ XÂY DỰNG VẬN TẢI ĐỨC ANH,904539121,0904539121
CÔNG TY TNHH THƯƠNG MẠI DỊCH VỤ NGHỆ TĨNH P-TL,834676999,0834676999
CÔNG TY CỔ PHẦN TTV HR,96735788,096735788
CÔNG TY TNHH THƯƠNG MẠI VÀ PHÁT TRIỂN XÂY DỰNG ĐĂNG NGUYỄN,332865319,0332865319
CÔNG TY TNHH CƠ KHÍ PHƯỚC TUẤN,932648216,0932648216
CÔNG TY TNHH SẢN XUẤT THƯƠNG MẠI VÀ XÂY DỰNG BLC,989666656,0989666656
CÔNG TY TNHH ĐIỆN LẠNH TUẤN TUẤN,938540875,0938540875
CÔNG TY TNHH XUẤT NHẬP KHẨU NÔNG SẢN QUẢ NGỌT,962259087,0962259087
CÔNG TY TNHH VLXD LƯƠNG HÒA,937658248,0937658248
CÔNG TY TNHH THƯƠNG MẠI SẢN XUẤT MỘT THÀNH VIÊN H K V,364081380,0364081380
CÔNG TY TNHH ĐỒ HỌA QUẢNG CÁO ÁNH SÁNG,936282083,0936282083
CÔNG TY TNHH MTV VANDOUGH,822411139,0822411139
CÔNG TY TNHH ĐẦU TƯ TM DV LÂM THÀNH,3333679,03333679
CÔNG TY TNHH ANH VŨ COMPUTER,982925127,0982925127
CÔNG TY TNHH DỊCH VỤ DU LỊCH VÀ TƯ VẤN MẶT TRỜI,947674696,0947674696
CÔNG TY TNHH THIẾT KẾ QUẢNG CÁO XUÂN TRƯỜNG,977300316,0977300316
CÔNG TY TNHH XÂY DỰNG THƯƠNG MẠI DỊCH VỤ THÀNH THÀNH LONG,778759657,0778759657
CÔNG TY TNHH ĐẦU TƯ NÔNG SẢN SẠCH VIỆT NAM,937658248,0937658248
HỢP TÁC XÃ NÔNG LÂM THỦY SẢN XUÂN LỘC,907859777,0907859777
CÔNG TY TNHH ẨM THỰC NHÀ HÀNG SAIGON PEARL,981639622,0981639622
CÔNG TY TNHH TƯ VẤN XÂY DỰNG VÀ ĐẤU THẦU THANH THÁI,938616425,0938616425
CÔNG TY TNHH XUẤT NHẬP KHẨU MÁY LÀM CỬA NHÔM XINGFA VIỆT NAM,901653045,0901653045
CÔNG TY TNHH TM DV SX HỒ DŨNG PHÁT,328886653,0328886653
CÔNG TY TNHH TM DV Ô TÔ VINH PHÁT,9393468759,09393468759
CÔNG TY TNHH TMDV NGUYỆT NGA GIFTS,934093535,0934093535
CÔNG TY TNHH DỊCH VỤ ĂN UỐNG KUAI LE JIA XIANG,396878570,0396878570
CÔNG TY CỔ PHẦN PHẾ LIỆU THẮNG LỢI,914353456,0914353456
CÔNG TY TNHH GIA CÔNG IN ẤN HUY HOÀNG,332926030,0332926030
CÔNG TY TNHH VLXD VÀ DỊCH VỤ CƠ GIỚI THẢO DÂN,386828279,0386828279
HỢP TÁC XÃ THƯƠNG MẠI DỊCH VỤ MÔI TRƯỜNG NAM ĐĂNG,902592079,0902592079
CÔNG TY TNHH KỸ THUẬT CÔNG NGHỆ TTA VIỆT NAM,975107918,0975107918
CÔNG TY TNHH THƯƠNG MẠI DỊCH VỤ CÔNG PHỤC,938197013,0938197013
CÔNG TY TNHH B.A.E WOOD,937492493,0937492493
CÔNG TY TNHH THƯƠNG MẠI DỊCH VỤ LÝ HOÀNG PHÁT,989747232,0989747232
CÔNG TY TNHH THƯƠNG MẠI DỊCH VỤ BÍCH NHÀI,969210477,0969210477
CÔNG TY TNHH SẢN XUẤT VÀ THƯƠNG MẠI WOOD ONE VIỆT NAM,707999345,0707999345
CÔNG TY TNHH XÂY DỰNG CƠ ĐIỆN AN THÀNH PHÁT,868582252,0868582252
CÔNG TY TNHH THƯƠNG MẠI ĐẦU TƯ NGỌC PHƯỚC,567674329,0567674329
CÔNG TY TNHH THƯƠNG MẠI DỊCH VỤ VẬN TẢI XÂY DỰNG THÚY HOA,775624607,0775624607
CÔNG TY TNHH THƯƠNG MẠI DỊCH VỤ VẬN TẢI NGỌC TRÂN,775286971,0775286971
CÔNG TY TNHH KINH DOANH THƯƠNG MẠI THỰC PHẨM SA KỲ,989875788,0989875788
CÔNG TY TNHH THƯƠNG MẠI HOÀNG MINH THU,938833850,0938833850
CÔNG TY TNHH THIÊN NHÂN P & M,9.46182E+16,094618155509142400
CÔNG TY TNHH DONAWOOD,902042240,0902042240
CÔNG TY TNHH ĐIỆN TỬ ĐÔNG HẢI,364574962,0364574962
CÔNG TY TNHH XINLONG VIETNAM ELECTRIC MOTOR TECHNOLOGY,943051768,0943051768
CÔNG TY TNHH THƯƠNG MẠI DỊCH VỤ FLEXSERVE,90981776,090981776
CÔNG TY TNHH THƯƠNG MẠI DỊCH VỤ CƠ ĐIỆN LẠNH THIÊN ANH,937844974,0937844974
CÔNG TY TNHH TRUYỀN THÔNG MASKING PRODUCTION,979448910,0979448910
CÔNG TY TNHH CƠ KHÍ XÂY DỰNG THẢO NAM,973565938,0973565938
CÔNG TY TNHH THƯƠNG MẠI DỊCH VỤ TÔN THÉP HỒNG HÀ,878787676,0878787676
CÔNG TY TNHH VẬN TẢI VÀ XÂY DỰNG PL GROUP,768594144,0768594144
CÔNG TY TNHH CP HOÀNG OANH,918302326,0918302326
CÔNG TY TNHH NAM ĐĂNG HIẾU,896525051,0896525051
CÔNG TY TNHH NỘI THẤT HOÀN THIỆN ÂN HƯNG PHÁT,334242519,0334242519
CÔNG TY TNHH THƯƠNG MẠI DỊCH VỤ GIAO NHẬN VẬN TẢI PHÚ HƯNG PHÁT,978519548,0978519548
CÔNG TY TNHH NGỌC PHÚ LONG THÀNH,912225553,0912225553
CÔNG TY TNHH DỊCH VỤ VẬN TẢI TÂN TOÀN THẮNG,967828209,0967828209
CÔNG TY TNHH MTV ĐẶNG TUẤN PHÁT,389008226,0389008226
CÔNG TY TNHH GTC TRAVEL,942250686,0942250686
CÔNG TY TNHH DỊCH VỤ THƯƠNG MẠI NHƯ Ý GROUP,979816708,0979816708
CÔNG TY TNHH THƯƠNG MẠI DỊCH VỤ NGỌC PHÁT TRIỂN,974763761,0974763761
CÔNG TY TNHH GRACE WEDDING & ACADEMY,899475203,0899475203
CÔNG TY TNHH THƯƠNG MẠI DỊCH VỤ LAN LAN,906828812,0906828812
CÔNG TY TNHH NHỰA HONGXIN,919436696,0919436696
CÔNG TY TNHH SẢN XUẤT THƯƠNG MẠI TB FURNITURE,981527525,0981527525
CÔNG TY TNHH SETIA,986262706,0986262706
CÔNG TY TNHH SUNSHINE PRECISION TOOLING VIỆT NAM,396623348,0396623348
CÔNG TY TNHH PHÁT TRIỂN THƯƠNG MẠI ROXANA,777608400,0777608400
CÔNG TY TNHH TMDV THẢO NGỌC NGUYỄN,913707744,0913707744
CÔNG TY TNHH THƯƠNG MẠI VÀ DỊCH VỤ HAPPINESS ANGEL,949138918,0949138918
CÔNG TY TNHH CÔNG NGHỆ VÀ CƠ ĐIỆN QUANG KHẢI,947051789,0947051789
CÔNG TY TNHH TÀI LỘC BẢO,798980729,0798980729
CÔNG TY TNHH THỰC PHẨM VÀ THIẾT BỊ TRƯỜNG HỌC TƯỜNG VY,773686856,0773686856
CÔNG TY TNHH BÊ TÔNG SÀI GÒN XANH,9083259190,09083259190
CÔNG TY TNHH SẢN XUẤT THƯƠNG MẠI DỊCH VỤ NGÂN HƯƠNG PHÁT,7033518932,07033518932
CÔNG TY TNHH TMDV CẨM HÀO,916707744,0916707744
CÔNG TY TNHH CAO BĂNG PHÁT,776662730,0776662730
CÔNG TY TNHH ĐINH THUẬN HƯNG,869439545,0869439545
CÔNG TY TNHH DUYÊN MỘC PHÁT,971758708,0971758708
CÔNG TY TNHH CƠ KHÍ KIM NGỌC NGỌC PHÁT,334719492,0334719492
CÔNG TY TNHH ĐẠI CỰ HẢI,776000720,0776000720
CÔNG TY TNHH QC PHƯỚC THỊNH,918683439,0918683439
CÔNG TY TNHH ĐẦU TƯ PHÁT TRIỂN THƯƠNG MẠI MỘC AN,96322340,096322340
CÔNG TY TNHH THƯƠNG MẠI VẬN CHUYỂN XÂY DỰNG KIM BẢO ANH,942675179,0942675179
CÔNG TY CỔ PHẦN ĐÁ PHƯỚC TÂN,901797679,0901797679
CÔNG TY TNHH VACOUR,343920848,0343920848
CÔNG TY CỔ PHẦN MDC LẠC VIỆT,966366579,0966366579
CÔNG TY TNHH MTV NORISOO,817636999,0817636999
CÔNG TY TNHH TMDV TÂM PHÚ THÀNH,838234839,0838234839
CÔNG TY TNHH THIỆN PHÁT PHÁT,368837779,0368837779
CÔNG TY TNHH CSKH ANH TUẤN,94296330,094296330
CÔNG TY TNHH SẢN XUẤT THƯƠNG MẠI NỘI THẤT SOFA TÙNG GIA HUY,836336456,0836336456
CÔNG TY TNHH THƯƠNG MẠI DỊCH VỤ HÙNG MINH ANH,964733368,0964733368
CÔNG TY TNHH THƯƠNG MẠI SẮT THÉP MY NGUYÊN,9023212893,09023212893
CÔNG TY TNHH KINH DOANH GIANG TÔ,914669846,0914669846
CÔNG TY TNHH TM DV SEISO,369633851,0369633851
CÔNG TY TNHH CÔNG NGHỆ TRẮC ĐỊA BẢN ĐỒ TRẦN GIA,974249758,0974249758
CÔNG TY TNHH THƯƠNG MẠI DỊCH VỤ PHƯƠNG MAI PHÁT,908166498,0908166498
CÔNG TY CỔ PHẦN SẢN XUẤT VÀ KINH DOANH VGROUP COFFEE AND TEA,785566678,0785566678
CÔNG TY TNHH GỖ ÉP CAO THÀNH PHÁT,981292979,0981292979
CÔNG TY TNHH MTV SẢN XUẤT MỸ PHẨM LINA.LAB,792367393,0792367393
CÔNG TY TNHH DUOMO VIỆT NAM,973887239,0973887239
CÔNG TY TNHH SẢN XUẤT THƯƠNG MẠI DỊCH VỤ LỘC LONG,385862992,0385862992
CÔNG TY TNHH SX TM GỖ HOÀNG MINH ĐỨC,927997327,0927997327
CÔNG TY TNHH XÂY DỰNG THƯƠNG MẠI DỊCH VỤ HIỀN HÒA,913685204,0913685204
CÔNG TY TNHH HẢI SẢN HOÀNG QUÝ - NGỰ LÂM VIÊN,918280953,0918280953
CÔNG TY TNHH SX TM XNK GỖ CÔNG NGHIỆP GROUP,918667698,0918667698
CÔNG TY TNHH ĐẦU TƯ TM DV LÂM AN PHÁT,984757757,0984757757
CÔNG TY TNHH THƯƠNG MẠI - DỊCH VỤ NGÔ HOÀNG TRỌNG PHÚC,337556620,0337556620
CÔNG TY TNHH NGUỒN NHÂN LỰC VIỆT ĐẠI NAM PHÁT,966985678,0966985678
CÔNG TY TNHH TM ĐẦU TƯ PHÁT TRIỂN MINH ANH,932310179,0932310179
CÔNG TY TNHH MỘT THÀNH VIÊN THÁI HÒA LỘC,921025035,0921025035
CÔNG TY TNHH SẢN XUẤT THƯƠNG MẠI DỊCH VỤ AN HUYỀN,901395680,0901395680
CÔNG TY CỔ PHẦN SẢN XUẤT CƠ KHÍ MINH THƯ,983615617,0983615617
CÔNG TY TNHH THƯƠNG MẠI CƠ KHÍ LÂM HỌC,935983402,0935983402
CÔNG TY TNHH SANHER VONFRAM (VIỆT NAM),908074160,0908074160
CÔNG TY TNHH SẢN XUẤT GIA CÔNG VÀ THƯƠNG MẠI HIM NAM,909600707,0909600707
CÔNG TY TNHH HOÀNG NAM DŨNG,899596467,0899596467
CÔNG TY TNHH MÔI TRƯỜNG THIÊN BẢO AN,924444222,0924444222
CÔNG TY TNHH ỐC VÍT LÊ HƯNG,834546549,0834546549
CÔNG TY TNHH KINH DOANH VÀ XÂY DỰNG THẮNG LỢI,933435797,0933435797
CÔNG TY TNHH TƯ VẤN THIẾT KẾ THI CÔNG XÂY DỰNG SƠN HẢI,903334265,0903334265
CÔNG TY TNHH SHIP LOGISTICS GLOBAL,347461953,0347461953
CÔNG TY TNHH THƯƠNG MẠI XÂY DỰNG HỒNG NINH,934674452,0934674452
CÔNG TY TNHH TMDT OCE 1,364204361,0364204361
CÔNG TY TNHH XÂY DỰNG CÔNG NGHIỆP VÀ DÂN DỤNG MT,968451975,0968451975
CÔNG TY TNHH THIẾT KẾ KIẾN TRÚC & NỘI THẤT TD-DESIGN,369798669,0369798669
CÔNG TY TNHH DOUBLE TTM,971263186,0971263186
CÔNG TY TNHH CƠ KHÍ XÂY DỰNG DUNG MẠNH,378297899,0378297899
CÔNG TY TNHH MỸ PHẨM ĐÔNG Y CÚC KIM TIỀN,912496728,0912496728
CÔNG TY TNHH THƯƠNG MẠI VÀ CƠ KHÍ XÂY DỰNG THÀNH AN,346747102,0346747102
CÔNG TY TNHH TCVN - TTNHNC,945615828,0945615828
CÔNG TY TNHH BẢO NGỌC 888 LONG KHÁNH,985420552,0985420552
CÔNG TY TNHH TM DV ĐIỆN - ĐIỆN LẠNH SẠCH,902939373,0902939373
CÔNG TY TNHH GLOBAL LOGISTICS SHIP,357566754,0357566754
CÔNG TY TNHH SHIP SELLERS GLOBAL,327475396,0327475396
CÔNG TY TNHH TMDV SX MINH LONG PHÁT,385454906,0385454906
CÔNG TY TNHH XNK GOLDEN SPOON,921491224,0921491224
HỢP TÁC XÃ MINH AN NHIÊN,862793763,0862793763
CÔNG TY TNHH LÂM CƯỜNG PHÁT,913690314,0913690314
CÔNG TY TNHH QUAN NHƯ Ý,9370003200,09370003200
CÔNG TY TNHH THƯƠNG MẠI DỊCH VỤ THIỀU VY PHÁT,937782370,0937782370
CÔNG TY TNHH TM XÂY DỰNG HƯNG PHÁT,918831649,0918831649
CÔNG TY TNHH THƯƠNG MẠI DỊCH VỤ XÂY DỰNG NGỌC THẢO,903184719,0903184719
CÔNG TY TNHH CƠ KHÍ XÂY DỰNG MINH SÁNG ĐỒNG NAI,963609681,0963609681
CÔNG TY TNHH XÂY DỰNG QUANG MINH PHÁT TP,352793639,0352793639
CÔNG TY TNHH TƯ VẤN ĐÀO TẠO MÔI TRƯỜNG QUỐC GIA,933979035,0933979035
CÔNG TY TNHH XĂNG DẦU HỒ THỊ HƯƠNG,772334455,0772334455
CÔNG TY TNHH KỸ THUẬT XỬ LÝ NHIỆT NGŨ KIM ĐỒNG VẬN VIỆT NAM,797696538,0797696538
CÔNG TY TNHH VẬN TẢI XUẤT NHẬP KHẨU TRUNG VIỆT,928023388,0928023388
CÔNG TY TNHH ĐẦU TƯ XÂY DỰNG DỊCH VỤ THƯƠNG MẠI NGỌC PHÁT,918439468,0918439468
CÔNG TY TNHH MTV TM DV PHÚC THIÊN ÂN,849367478,0849367478
CÔNG TY CỔ PHẦN TỔNG HỢP CÔNG NGHỆ SỐ,908363384,0908363384
CÔNG TY TNHH TMDV LONG THÀNH FLY,968970592,0968970592
CÔNG TY TNHH XUÂN PHONG SOLAR GROUP,9.79274E+13,097927357502512
CÔNG TY TNHH THƯƠNG MẠI HÙNG NAM DƯƠNG,898222834,0898222834
CÔNG TY TNHH LM MAILISA,914477206,0914477206
CÔNG TY TNHH GỖ BẢO ANH PHÁT,901180567,0901180567
CÔNG TY TNHH TÂY LAI QUANG,777923051,0777923051
CÔNG TY TNHH TRUNG TÂM NGHỆ THUẬT ÁNH HỒNG,904736334,0904736334
CÔNG TY TNHH SX-TM THẢO QUANG,779734215,0779734215
CÔNG TY TNHH BAN MAI KHƯƠNG,776505149,0776505149
CÔNG TY TNHH ĐIỆN CƠ VINAFAN,367126078,0367126078
CÔNG TY TNHH DV TM THỊNH VƯỢNG INVESTCONS VN,822441460,0822441460
CÔNG TY TNHH VIỆN ỨNG DỤNG NĂNG LƯỢNG PHONG THỦY CHÍNH NAM,916989135,0916989135
CÔNG TY TNHH THƯƠNG MẠI PHÁT TRIỂN XUÂN THỊNH PHÁT,9.72739E+16,097273919103672000
CÔNG TY TNHH THƯƠNG MẠI PHÁT TRIỂN HÀ KHÁNH LỘC,776874815,0776874815
CÔNG TY TNHH CẦU ĐƯỜNG LAN ANH,822673513,0822673513
CÔNG TY TNHH THƯƠNG MẠI DỊCH VỤ BẢO NHƯ,987116617,0987116617
CÔNG TY TNHH ĐỊA CHẤT XÂY DỰNG SƠN NGUYÊN,898127189,0898127189
CÔNG TY TNHH LONG QUANG PHÁT,918902447,0918902447
CÔNG TY TNHH CƯỜNG HIỆP THUẬN,973253663,0973253663
CÔNG TY TNHH THƯƠNG MẠI DỊCH VỤ DONASTAR,89803203209,089803203209
CÔNG TY TNHH THƯƠNG MẠI HẢI KIM SA,916627550,0916627550
CÔNG TY TNHH NGUYỄN LÂM FOOD,919765568,0919765568
CÔNG TY TNHH DỊCH VỤ VỆ SINH MÔI TRƯỜNG THIÊN HÀ XANH,828281979,0828281979
CÔNG TY TNHH AN DƯƠNG VN,989103048,0989103048
CÔNG TY TNHH MỘT THÀNH VIÊN FM FOODS,937455330,0937455330
CÔNG TY TNHH ĐÔNG PHƯƠNG FOOD COURT,375963339,0375963339
CÔNG TY TNHH SẢN XUẤT VÀ XUẤT NHẬP KHẨU OUDTIGER,356412599,0356412599
CÔNG TY TNHH HOÀNG ĐẠI VƯƠNG,916948394,0916948394
CÔNG TY TNHH CÔNG NGHỆ NĂNG LƯỢNG NIBA,937652024,0937652024
CÔNG TY TNHH TM-DV GIA CÔNG CƠ KHÍ TRƯỜNG THUẬN,988863295,0988863295
CÔNG TY TNHH SX TM VƯƠNG PHÁT,822234562,0822234562
CÔNG TY TNHH ĐIỆN DÂN DỤNG TRÌNH QUYÊN,977276549,0977276549
CÔNG TY TNHH THƯƠNG MẠI DỊCH VỤ XÂY DỰNG BĐS AN HUY,888441212,0888441212
CÔNG TY TNHH CƠ KHÍ CHÍNH XÁC NGÂN ANH PHÁT,362306215,0362306215
CÔNG TY TNHH TM DV THỰC PHẨM ĐỒNG TIẾN,338026076,0338026076
CÔNG TY TNHH PLUS CHEMIX,935500661,0935500661
CÔNG TY TNHH TRACY'S ENGLISH,353077710,0353077710
CÔNG TY TNHH TÂN TIẾN BD,9063210679,09063210679
CÔNG TY TNHH TM DV LOGISTICS VÀ VẬN CHUYỂN TOÀN CẦU,942631268,0942631268
CÔNG TY TNHH DV VẬN CHUYỂN LÂM THANH,936306184,0936306184
CÔNG TY TNHH CƠ GIỚI HOÀI PHƯƠNG,356864298,0356864298
CÔNG TY TNHH THIẾT KẾ XÂY DỰNG HUY CẬN,979130729,0979130729
CÔNG TY TRÁCH NHIỆM HỮU HẠN MỘT THÀNH VIÊN PHƯỚC KHANG AN,918107612,0918107612
CÔNG TY TNHH GIẢI PHÁP CÔNG NGHỆ THÔNG OANH,365092857,0365092857
CÔNG TY TNHH GIẢI PHÁP CÔNG NGHỆ H&G,909472140,0909472140
CÔNG TY TNHH ĐỖ TUẤN NGỌC,328309687,0328309687
CÔNG TY TNHH SẢN XUẤT CƠ KHÍ CHẾ TẠO PHÙNG GIA,913197019,0913197019
CÔNG TY TNHH KIM NGUYÊN COFFEE,942181868,0942181868
CÔNG TY TNHH THƯƠNG MẠI KỸ THUẬT HÀ DUY,978473009,0978473009
HỢP TÁC XÃ XÂY DỰNG THƯƠNG MẠI DỊCH VỤ AN PHƯỚC THÀNH,968663992,0968663992
CÔNG TY TNHH ĐT E&S,903883023,0903883023
CÔNG TY TNHH THIẾT KẾ - THI CÔNG XÂY DỰNG HUỲNH GIA,706501596,0706501596
CÔNG TY TNHH MTV CƠ KHÍ VÀ XÂY DỰNG THÀNH TRUNG,866221675,0866221675
CÔNG TY TNHH KTEC VIỆT NAM,866799914,0866799914
CÔNG TY CỔ PHẦN SCONS,907040568,0907040568
CÔNG TY TNHH XÂY DỰNG THƯƠNG MẠI PHẾ LIỆU PHƯƠNG NAM,989319894,0989319894
CÔNG TY TNHH TM-DV TRANLONG,339484794,0339484794
CÔNG TY TNHH MỘT THÀNH VIÊN SẢN XUẤT THƯƠNG MẠI THUẬN VY PHÁT,97122797,097122797
CÔNG TY TNHH HÓA CHẤT MÔI TRƯỜNG SÀI GÒN,938973285,0938973285
CÔNG TY TNHH SẮT THÉP HOÀNG SƠN PHÁT,979331666,0979331666
CÔNG TY TNHH THIẾT KẾ XÂY DỰNG THỐNG LỘC PHÁT,987366581,0987366581
CÔNG TY TNHH PEAKFLOW,979418669,0979418669
CÔNG TY TNHH SX - TM - DV NỆM AN PHƯỚC,907846055,0907846055
CÔNG TY TNHH TMDV LONG THÀNH ĐN,899100378,0899100378
CÔNG TY TNHH XUẤT NHẬP KHẨU HOÀNG THIÊN ĐĂNG,357475331,0357475331
CÔNG TY TNHH BVĐKQT - VIỆT AN,945167919,0945167919
CÔNG TY TNHH LINH LLC,384524420,0384524420
CÔNG TY TNHH TƯ VẤN THIẾT KẾ XÂY DỰNG TẤN ỔN,377652734,0377652734
CÔNG TY TNHH TẬP ĐOÀN AN NHẬT MINH,938898955,0938898955
CÔNG TY TNHH NGUYÊN TỐ NHẸ,785850088,0785850088
CÔNG TY TNHH TM VÀ DV NGỌC BIỂN,907450123,0907450123
CÔNG TY TNHH CƠ KHÍ XÂY DỰNG CÔNG NGHIỆP NGỌC THIÊN THANH,911545779,0911545779
CÔNG TY TNHH KẾT CẤU THÉP TUẤN ANH NGUYỄN,378530946,0378530946
CÔNG TY TNHH NGŨ KIM GUAN SHENG,918268526,0918268526
CÔNG TY TNHH DỊCH VỤ TT QUẢNG CÁO NGÔI SAO,941518738,0941518738
CÔNG TY TNHH TM DV SUẤT ĂN CÔNG NGHIỆP THIÊN HỒNG PHÚC,918537489,0918537489
CÔNG TY TNHH XÂY DỰNG QUẢNG CÁO TRUYỀN THÔNG THANH SANG,845625390,0845625390
CÔNG TY TNHH TM DV XÂY DỰNG HOÀ HUY PHÁT,348908780,0348908780
CÔNG TY TNHH XNK KTP GROUP,935221990,0935221990
CÔNG TY TNHH PHÁT TRIỂN GIÁO DỤC MẦM NON XANH,979287139,0979287139
CÔNG TY TNHH 79 LONG KHÁNH,919114149,0919114149
CÔNG TY TNHH THƯƠNG MẠI DỊCH VỤ TIÊU NAM,903436720,0903436720
CÔNG TY TNHH SỮA HẢI ANH,393849200,0393849200
CÔNG TY TNHH SẢN XUẤT VÀ THƯƠNG MẠI KIM HIỀN,7.77767E+12,07777666550777
CÔNG TY CỔ PHẦN TẬP ĐOÀN ĐAN TRƯỜNG,902620865,0902620865
CÔNG TY TNHH THƯƠNG MẠI VẬN TẢI THANH HÒA,847931292,0847931292
CÔNG TY TNHH SẢN XUẤT THƯƠNG MẠI DỊCH VỤ THỦ ĐÔ,964786534,0964786534
CÔNG TY TNHH THƯƠNG MẠI DỊCH VỤ XÂY DỰNG VẬN TẢI ĐỖ GIA,943307900,0943307900
CÔNG TY TNHH MTV GỖ THUẬN PHÁT,919114118,0919114118
CÔNG TY TNHH ĐẦU TƯ THƯƠNG MẠI DỊCH VỤ AD SOLUTION,978593123,0978593123
CÔNG TY TNHH TM GỖ THANH THANH,9371836320,09371836320
CÔNG TY TNHH VẬT LIỆU XÂY DỰNG TỔNG HỢP THÁI DƯƠNG LAND,899665285,0899665285
CÔNG TY TNHH GỖ TÂM HỒNG PHÁT,334304356,0334304356
CÔNG TY TNHH THƯƠNG MẠI DỊCH VỤ KIM MỘC XANH,866151665,0866151665
CÔNG TY TNHH ĐẦU TƯ PHÁT TRIỂN TM IMT,394657390,0394657390
CÔNG TY TNHH MING HE (VIỆT NAM),798202666,0798202666
CÔNG TY TNHH NÔNG NGHIỆP THƯƠNG MẠI XUẤT NHẬP KHẨU NÔNG SẢN NHẬT HUY,971141267,0971141267
CÔNG TY TNHH THIẾT KẾ XÂY DỰNG VÀ THƯƠNG MẠI NHƯ Ý,937552168,0937552168
CÔNG TY TNHH QUÂN THÀNH TRUNG,918207739,0918207739
CÔNG TY TNHH XUẤT NHẬP KHẨU CHĂN NUÔI Y&P,989792122,0989792122
CÔNG TY TNHH KIẾN TRÚC XÂY DỰNG THIÊN LONG,938055795,0938055795
CÔNG TY TNHH CHẾ TẠO MÁY VIỆT,967020208,0967020208
CÔNG TY TNHH MỘT THÀNH VIÊN KIM ÁNH NGUYỆT,946466839,0946466839
CÔNG TY TNHH DELIVERY VN,589353869,0589353869
CÔNG TY TNHH THÔNG TRÍ PHÁT,986053873,0986053873
CÔNG TY TNHH PHÁT TRIỂN ĐẦU TƯ STRADING,397740295,0397740295
CÔNG TY TNHH SẢN XUẤT THƯƠNG MẠI XUẤT NHẬP KHẨU VŨ AN PHÁT,974668879,0974668879
CÔNG TY TNHH ĐẦU TƯ NĂNG LƯỢNG BÌNH MINH MIỀN NAM,987063399,0987063399
CÔNG TY TNHH THƯƠNG MẠI DỊCH VỤ ĐỖ TUẤN PHÁT,899096907,0899096907
CÔNG TY TNHH XÂY DỰNG CÔNG TRÌNH GIAO THÔNG ĐẠI LỘC,983977739,0983977739
CÔNG TY TNHH TM HBM,339655553,0339655553
CÔNG TY TNHH THƯƠNG MẠI VÀ DỊCH VỤ THUẬN PHONG LOGISTICS,988913268,0988913268
CÔNG TY TNHH THƯƠNG MẠI DỊCH VỤ XÂY DỰNG HAI - TV,902124068,0902124068
CÔNG TY TNHH TƯ VẤN THIẾT KẾ VÀ XÂY DỰNG QUỐC HÙNG,385739971,0385739971
CÔNG TY CỔ PHẦN THIẾT KẾ XÂY DỰNG LTH68,386377970,0386377970
CÔNG TY TNHH TM DV VŨ HÙNG PHÁT,964607986,0964607986
CÔNG TY TNHH MTV THIÊN HÒA PHÁT DECOR,943246269,0943246269
CÔNG TY TNHH ĐÀO TẠO VÀ KIỂM ĐỊNH ĐO LƯỜNG BÁCH KHOA,786307777,0786307777
CÔNG TY TNHH SẢN XUẤT VÀ TMDV MAY MẶC VĂN KHOA,896310511,0896310511
CÔNG TY TNHH THƯƠNG MẠI DV XÂY DỰNG BẢO NGỌC,981419981,0981419981
CÔNG TY TNHH THƯƠNG MẠI XUẤT NHẬP KHẨU HTB,392318218,0392318218
CÔNG TY TNHH SX-TM-DV ÁNH ĐẠI PHÁT,358772777,0358772777
CÔNG TY CỔ PHẦN ĐỨC PHÁT DND VIỆT NAM,965837186,0965837186
CÔNG TY TNHH THƯƠNG MẠI DỊCH VỤ Ô TÔ PHÁT ĐẠT,919312356,0919312356
CÔNG TY TNHH MTV GỖ AN THÁI PHÁT,936276801,0936276801
CÔNG TY CỔ PHẦN TRUYỀN THÔNG - DU LỊCH LONG KHÁNH,946896207,0946896207
CÔNG TY TNHH NỘI THẤT RUSHMORE,901557219,0901557219
CÔNG TY TNHH DỊCH VỤ THƯƠNG MẠI PLATINI,922553453,0922553453
CÔNG TY TNHH MÔI TRƯỜNG AN BÌNH PHÁT,902974567,0902974567
CÔNG TY TNHH THƯƠNG MẠI DỊCH VỤ TUKI PARTY,896666860,0896666860
CÔNG TY TNHH KHẢ ĐĂNG QUANG,339012102,0339012102
CÔNG TY TNHH THƯƠNG MẠI DỊCH VỤ MAY MẶC ÁNH NGỌC,936307530,0936307530
CÔNG TY TNHH SAN LẤP MẶT BẰNG MAI NGUYỄN,909996604,0909996604
CÔNG TY TNHH THƯƠNG MẠI ION TÂN PHÚ,945799777,0945799777
CÔNG TY TNHH TALENT KIDS,782315931,0782315931
CÔNG TY TNHH THIẾT KẾ XÂY DỰNG - KT - ÂU VIỆT,944403539,0944403539
CÔNG TY CỔ PHẦN KINH DOANH SẢN PHẨM KHÍ ANNAM,816060136,0816060136
CÔNG TY TNHH NÔNG THỦY SẢN NGỌC HUYỀN,342034844,0342034844
CÔNG TY TNHH MTV TƯ VẤN GIẢI PHÁP TÀI CHÍNH VIETNETWORK,398812915,0398812915
CÔNG TY TNHH KAMI KAMI,354216375,0354216375
CÔNG TY TNHH THƯƠNG MẠI & DỊCH VỤ SK WORLD,819428818,0819428818
CÔNG TY TNHH NGUYÊN MINH AN,974994193,0974994193
CÔNG TY TNHH HUY HÒA SURYA,96415811,096415811
CÔNG TY TNHH THƯƠNG MẠI XÂY DỰNG NAM MINH PHÁT,911054554,0911054554
CÔNG TY TNHH PHÁT TRIỂN DV TD WORLD,972871920,0972871920
CÔNG TY TNHH SẢN XUẤT TMDV KHANG NHẬT,914104204,0914104204
CÔNG TY TNHH THÁI THU HƯƠNG,899200057,0899200057
CÔNG TY TNHH YAMAHACHI VIỆT NAM,906918724,0906918724
CÔNG TY TNHH KOMATSU INDUSTRY VIỆT NAM,834504888,0834504888
CÔNG TY TNHH CDP LONG THÀNH AIRPORT,968724472,0968724472
CÔNG TY TNHH PHÒNG KHÁM ĐA KHOA QUỐC TẾ VẠN PHÚC AN,949323233,0949323233
CÔNG TY CỔ PHẦN TÂN THUẬN LINH,937689135,0937689135
CÔNG TY TNHH NỘI THẤT PHƯỚC MINH,902571616,0902571616
CÔNG TY TNHH DƯỢC NAM THÀNH PHÁT,911112352,0911112352
CÔNG TY TNHH VĂN LÂM THUẬN,896362783,0896362783
CÔNG TY TNHH ĐẦU TƯ ELECTRONIC VN,377048575,0377048575
CÔNG TY TNHH THƯƠNG MẠI CƠ KHÍ XÂY DỰNG TỔNG HỢP THỊNH PHÁT,977858144,0977858144
CÔNG TY TNHH DT IONORCHARD,787890023,0787890023
CÔNG TY TNHH THƯƠNG MẠI VẬN TẢI ĐẠI LONG - ĐỒNG NAI,962190880,0962190880
CÔNG TY TNHH PHÒNG KHÁM PHÚC AN KHANG,927300999,0927300999
CÔNG TY TNHH TM CUNG ỨNG NGUỒN NHÂN LỰC ALEX THÁI DƯƠNG,907219295,0907219295
CÔNG TY TNHH NỘI THẤT KIM THANH THANH,376642310,0376642310
CÔNG TY TNHH PHÁT TRIỂN VÀ ĐT TC,344289764,0344289764
CÔNG TY TNHH XNK AMAYZL VIỆT NAM,941255229,0941255229
CÔNG TY TNHH XÂY DỰNG THƯƠNG MẠI THẢO SƠN,919435756,0919435756
CÔNG TY TNHH HƯNG CHI NAM,9.88818E+15,09888180040362540
CÔNG TY TNHH XÂY DỰNG THƯƠNG MẠI DỊCH VỤ HÙNG DŨNG PHÁT,899790950,0899790950
CÔNG TY TNHH SẢN XUẤT THƯƠNG MẠI NEW STAR,976461423,0976461423
CÔNG TY TNHH MTV TMDV SX XNK GỖ QUỐC DOANH,943766666,0943766666
CÔNG TY TNHH WIN FAST SHOES,983877599,0983877599
CÔNG TY TNHH ĐẦU TƯ THƯƠNG MẠI XÂY DỰNG VĂN THANH,899790874,0899790874
CÔNG TY TNHH ĐIỆN TỬ ĐIỆN LẠNH ÁNH QUỲNH,932652652,0932652652
CÔNG TY TNHH SẮT THÉP HOÀNG SƠN PHÁT,979331666,0979331666
CÔNG TY TNHH TM DV PHẠM DUY AUTO,987876455,0987876455
CÔNG TY TNHH MTV THỊNH SANG,986476042,0986476042
CÔNG TY TNHH EAVINA,907080793,0907080793
CÔNG TY TNHH DU LỊCH SINH THÁI THÁC BA GIỌT,824322322,0824322322
CÔNG TY TNHH BĐS ÁNH DƯƠNG PROPERTY,836171998,0836171998
CÔNG TY TNHH SUNWAY EXPRESS,906889466,0906889466
CÔNG TY TNHH THIẾT KẾ XÂY DỰNG NHÀ ĐẸP KHANG HUY,985527717,0985527717
CÔNG TY TNHH ĐẦU TƯ THƯƠNG MẠI VẬN TẢI NHANH TỐC ĐỘ,978659635,0978659635
CÔNG TY TNHH THƯƠNG MẠI CƠ ĐIỆN BRITECH,838135168,0838135168
CÔNG TY TNHH SẢN XUẤT THƯƠNG MẠI DỊCH VỤ TUẤN HOA,936013678,0936013678
CÔNG TY TNHH THIẾT KẾ THI CÔNG XÂY DỰNG NHẬT MINH PHÁT,977864315,0977864315
CÔNG TY TNHH XUẤT NHẬP KHẨU NÔNG SẢN QUỐC TẾ HOÀI AN,964520802,0964520802
CÔNG TY TNHH DỊCH VỤ IN ẤN BẢO CHÂU,398417114,0398417114
CÔNG TY TNHH THƯƠNG MẠI XE MÁY PHÚC LỘC 68,364839839,0364839839
CÔNG TY TNHH ĐÔNG Y BÁCH VIỆT ĐƯỜNG,886633768,0886633768
CÔNG TY TNHH VẬT TƯ CÔNG NGHIỆP LÊ TÂM,974147474,0974147474
CÔNG TY TNHH SẢN XUẤT THƯƠNG MẠI TRUNG ÂN,839021073,0839021073
CÔNG TY TNHH CÔNG NGHỆ KHƠMER MOBILE,339807610,0339807610
CÔNG TY TNHH DV VẬN TẢI LONG HOÀNG PHÁT,928824672,0928824672
CÔNG TY TNHH KDTM CÂY XANH HƯNG THỊNH 68,705898234,0705898234
CÔNG TY CỔ PHẦN THIẾT KẾ XÂY DỰNG MAI TRƯỜNG THỊNH,974114635,0974114635
CÔNG TY TNHH PLP PACKAGING VIỆT NAM,763835163,0763835163
CÔNG TY TNHH FALCON ELECTRIC,348875284,0348875284
CÔNG TY TNHH PHÁT KHẢI LỘC,776192943,0776192943
CÔNG TY TNHH TP23 RACING TEAM,343219418,0343219418
CÔNG TY TNHH TÍNH HÒA BÌNH,862109709,0862109709
CÔNG TY TNHH TM DV NGÂN NGỌC ANH,987779707,0987779707
CÔNG TY TNHH THƯƠNG MẠI DỊCH VỤ PHONG THỦY CẢI VẬN,942474445,0942474445
DOANH NGHIỆP TN TIỆM VÀNG BẠC KIM HẢO,976476037,0976476037
CÔNG TY TNHH ĐÀO TẠO VÀ CÔNG NGHỆ AI SOTA,358882345,0358882345
CÔNG TY CỔ PHẦN XÂY DỰNG VÀ THƯƠNG MẠI GO HOME,908547592,0908547592
CÔNG TY CỔ PHẦN HẢI HƯNG XANH,913690055,0913690055
CÔNG TY TNHH THƯƠNG MẠI DỊCH VỤ XÂY DỰNG KHÁNH THÀNH,932119246,0932119246
CÔNG TY TNHH SẢN XUẤT THƯƠNG MẠI NHẬT ANH PHÁT,937680640,0937680640
CÔNG TY TNHH MỘT THÀNH VIÊN CUNG CẤP SUẤT ĂN TRUNG DŨNG,965048479,0965048479
CÔNG TY TNHH NHỰA BAO BÌ NGỌC HỘ,899100512,0899100512
CÔNG TY TNHH XUẤT NHẬP KHẨU NGỌC TIẾN HƯNG,937811566,0937811566
CÔNG TY TNHH THƯƠNG MẠI DỊCH VỤ CƯỜNG HÒA,899790945,0899790945
CÔNG TY TNHH SẢN PHẨM NGŨ KIM WEIGUAN,383899137,0383899137
CÔNG TY TNHH SX TM VÀ XD ĐỨC GIANG PHÁT,908516733,0908516733
CÔNG TY TNHH TM DV KATCHY,94201015,094201015
CÔNG TY TNHH QUANG KHÁNH TÀI,776146587,0776146587
CÔNG TY TNHH CƠ KHÍ SỬA CHỮA Ô TÔ THỊNH PHÁT,934834533,0934834533
CÔNG TY TNHH NHỰA HTA THÀNH ĐẠT,896457197,0896457197
CÔNG TY TNHH THƯƠNG MẠI VÀ PHÁT TRIỂN SẢN XUẤT QUANG MINH,946946919,0946946919
CÔNG TY TNHH KG DENTAL,933244256,0933244256
CÔNG TY TNHH TIẾP VẬN AN PHÚ THỊNH,916227480,0916227480
CÔNG TY TNHH TM DV HOÀNG OANH,913502279,0913502279
CÔNG TY TNHH HẢI LÊ GROUP,943565268,0943565268
CÔNG TY TNHH FUTIFA VIỆT NAM,877639363,0877639363
CÔNG TY TNHH THƯƠNG MẠI XÂY DỰNG VẬN TẢI DOANH PHÁT,826886986,0826886986
CÔNG TY TNHH CƠ KHÍ KỸ THUẬT XÂY DỰNG ĐẤT NGỌC,947757039,0947757039
CÔNG TY TNHH THƯƠNG MẠI DỊCH VỤ MỸ THỊNH PHÁT,783867727,0783867727
CÔNG TY TNHH TM DV TOOLS VÕ GIA,865330627,0865330627
CÔNG TY TNHH XD TÂN HƯNG THỊNH,928824732,0928824732
CÔNG TY TNHH THƯƠNG MẠI TIÊN NGUYÊN ĐẠT,896222153,0896222153
CÔNG TY TNHH TM DV ĐẦU TƯ TỔNG HỢP QUỐC KHÁNH,812707138,0812707138
CÔNG TY TNHH CHUYỂN PHÁT NHANH LÍA GIA KIỆM,384797937,0384797937
CÔNG TY CỔ PHẦN VẬT LIỆU ỨNG DỤNG ĐẠI NAM VIỆT,836469043,0836469043
CÔNG TY TNHH PHÁT TRIỂN THƯƠNG MẠI DỊCH VỤ KHUÊ MINH,965012348,0965012348
CÔNG TY CỔ PHẦN TRUNG TÂM ĐỔI MỚI SÁNG TẠO VÀ KHỞI NGHIỆP LONG THÀNH,969697173,0969697173
CÔNG TY TNHH VẬT LIỆU XÂY DỰNG CÁT BẢO CHÂU,933973070,0933973070
CÔNG TY TNHH THƯƠNG MẠI VÀ DỊCH VỤ CRYSTAL BALL,942896689,0942896689
CÔNG TY TNHH THƯƠNG MẠI DỊCH VỤ VẬN TẢI DU LỊCH CÔNG THÀNH,386281286,0386281286
CÔNG TY TNHH VENEER HƯNG THỊNH,974897074,0974897074
CÔNG TY TNHH DỊCH VỤ CÂY XANH THÀNH ĐẠT,977369322,0977369322
CÔNG TY TNHH DỊCH VỤ THƯƠNG MẠI THÀNH NHÂN PHÁT,941513222,0941513222
CÔNG TY TNHH DỊCH VỤ THƯƠNG MẠI SẢN XUẤT NAM LONG,588937695,0588937695
CÔNG TY TNHH THƯƠNG MẠI XÂY DỰNG SƠN THUẬN PHÁT,915990618,0915990618
CÔNG TY TNHH TM DV ĐẦU TƯ TỔNG HỢP ĐĂNG KHOA,839710019,0839710019
CÔNG TY TNHH DỊCH VỤ THƯƠNG MẠI SẢN XUẤT THIÊN THIÊN PHÚC,588947332,0588947332
CÔNG TY TNHH JUAN POVEDA VIỆT NAM,937910215,0937910215
CÔNG TY TNHH THIẾT BỊ PHỤ TÙNG NGỌC THIÊN KHỞI,337679882,0337679882
CÔNG TY TNHH THIÊN ANH COMPUTER,905300956,0905300956
CÔNG TY TNHH XE MÁY HOÀNG DŨNG,949260774,0949260774
CÔNG TY TNHH MTV THÁI HƯNG VƯỢNG,907824616,0907824616
CÔNG TY TNHH THƯƠNG MẠI NGUYÊN TIẾN ĐẠT,776938153,0776938153
CÔNG TY TNHH QUỐC ĐỈNH VÀNG,903818522,0903818522
CÔNG TY TNHH SẢN XUẤT LỘC PHÚC,876333311,0876333311
CÔNG TY TNHH MTV MINH ANH KHOA,989457948,0989457948
CÔNG TY TNHH THƯƠNG MẠI DỊCH VỤ KỸ THUẬT NAM TIÊN PHONG,333402666,0333402666
CÔNG TY TNHH THƯƠNG MẠI DỊCH VỤ TUẤN LỘC PHÁT,972284199,0972284199
CÔNG TY TNHH TMDV XNK PHẠM THÁI,776628414,0776628414
CÔNG TY TNHH CÔNG NGHIỆP TỔNG HỢP NHẤT TÍN,979993539,0979993539
CÔNG TY TNHH DV DL VT NAM THIÊN PHƯƠNG,792793579,0792793579
CÔNG TY TNHH ĐẦU TƯ PHÁT TRIỂN DV TD,865635764,0865635764
CÔNG TY TNHH VẬN TẢI ANH PHƯỚC THÁI,962457536,0962457536
CÔNG TY TNHH TM DV ĐẦU TƯ TỔNG HỢP NGỌC BÍCH,973208982,0973208982
CÔNG TY TNHH XNK SX TM DV GỖ CHƯƠNG DƯƠNG VIỆT NAM,918588685,0918588685
CÔNG TY TNHH TM DV SƠN HỒNG PHÁT,835997272,0835997272
CÔNG TY TNHH THƯƠNG MẠI VÀ DỊCH VỤ LỐP Ô TÔ MẪN NHI,396572140,0396572140
CÔNG TY TNHH THƯƠNG MẠI DỊCH VỤ ĐINH VĂN,899791070,0899791070
CÔNG TY TNHH KHỔNG HOÀNG MINH,908060783,0908060783
CÔNG TY TNHH THƯƠNG MẠI DỊCH VỤ CƠ KHÍ XÂY DỰNG NGUYỄN DƯ,914224834,0914224834
CÔNG TY TNHH TOP DELI,768233733,0768233733
CÔNG TY TNHH NHỰA MÀU ỨC HOẰNG,373940097,0373940097
CÔNG TY CỔ PHẦN PHÁT TRIỂN NGUỒN NHÂN LỰC MISA GROUP,913186456,0913186456
CÔNG TY TNHH WON FAN,986677050,0986677050
CÔNG TY TNHH THƯƠNG MẠI DỊCH VỤ PHƯỚC THƯỞNG,762914262,0762914262
CÔNG TY TNHH DVTM XUẤT NHẬP KHẨU NÔNG SẢN ANH PHÁT,902009103,0902009103
CÔNG TY TNHH VÁN ÉP CHUNG THÀNH PHÁT,983653689,0983653689
CÔNG TY TNHH SMT SẢN XUẤT,366895679,0366895679
CÔNG TY TNHH ĐT PHÁT TRIỂN TM CK,869709365,0869709365
CÔNG TY TNHH TMDV GIA HƯNG PHÁT,965670627,0965670627
CÔNG TY TNHH DƯỢC PHẨM VẠN SINH AN,962560266,0962560266
CÔNG TY TNHH ĐIỆN TỬ ĐIỆN LẠNH NTP,976258461,0976258461
CÔNG TY TNHH XUẤT NHẬP KHẨU SDL,786236676,0786236676
CÔNG TY TNHH XUẤT NHẬP KHẨU VIỆT SÓI,775017775,0775017775
CÔNG TY TNHH MTV THỜI TRANG JIN,922345909,0922345909
CÔNG TY TNHH KIẾN TRÚC NỘI THẤT MỘC ANH,396510340,0396510340
CÔNG TY TNHH CƠ KHÍ HOÀNG THÀNH PHÁT,972338039,0972338039
CÔNG TY TNHH AP FOOD VN,989565061,0989565061
CÔNG TY TNHH THƯƠNG MẠI SƠN NAM PHÁT,898636389,0898636389
CÔNG TY TNHH SẢN XUẤT THƯƠNG MẠI HK - HOÀNG NGÂN,908779719,0908779719
CÔNG TY TNHH ĐẦU TƯ XÂY DỰNG VĂN TRIỆU PHÚ SOLAR,937197697,0937197697
CÔNG TY TNHH TƯ VẤN ĐẦU TƯ XÂY DỰNG SƠN LÂM,918862659,0918862659
CÔNG TY TNHH CÔNG NGHIỆP NHẬT PHÁT,932167718,0932167718
CÔNG TY TNHH KINH DOANH ĐẶC SẢN VÙNG MIỀN,777058902,0777058902
CÔNG TY CỔ PHẦN CÔNG TÁC XÃ HỘI GBM.13,394568155,0394568155
CÔNG TY TNHH ĐẦU TƯ KỸ THUẬT XÂY DỰNG THƯƠNG MẠI SƠN LÂM 1122,98175212,098175212
CÔNG TY TNHH MTV ÁNH DƯƠNG PHÁT,346239572,0346239572
CÔNG TY TNHH XUẤT NHẬP KHẨU THỰC PHẨM MINH PHƯƠNG,969964266,0969964266
CÔNG TY TNHH PHÁT TRIỂN KIM VƯƠNG,585929408,0585929408
CÔNG TY TNHH LONG THANH ROYAL,869771808,0869771808
CÔNG TY TNHH TRỌNG UY NHÂN,902922256,0902922256
CÔNG TY TNHH THƯƠNG MẠI DỊCH VỤ XNK LINH PHƯƠNG,896472599,0896472599
CÔNG TY TNHH THIẾT BỊ ĐÔNG ẤN,949432977,0949432977
CÔNG TY TNHH THƯƠNG MẠI XUẤT NHẬP KHẨU DONGWEN,775170890,0775170890
CÔNG TY TNHH ĐẦU TƯ THƯƠNG MẠI IN VÀ QUẢNG CÁO MÌNH KHUÊ,384070483,0384070483
CÔNG TY TNHH THƯƠNG MẠI DỊCH VỤ XÂY DỰNG VẬN TẢI HỒ KIỀU,937593294,0937593294
CÔNG TY TNHH TM DV XNK TL,346292368,0346292368
CÔNG TY TNHH TM DV XÂY DỰNG AN BẰNG,928840166,0928840166
CÔNG TY TNHH PMU DUALGROUP,569999919,0569999919
CÔNG TY TNHH HAI THÀNH VIÊN TÂM SEN 2,931250851,0931250851
CÔNG TY TNHH PALLET GỖ TÍN TÚ,913755735,0913755735
CÔNG TY TNHH THƯƠNG MẠI CƠ KHÍ XÂY DỰNG HOÀNG HẢI,969254532,0969254532
CÔNG TY TNHH MOON PARFUM,819411381,0819411381
CÔNG TY TNHH VẬN TẢI PVT,916498096,0916498096
CÔNG TY TNHH BÁCH HÓA TỔNG HỢP TRÍ TÂM,777528458,0777528458
CÔNG TY TNHH MTV ĐỨC VĂN PHÁT,906369179,0906369179
CÔNG TY TNHH QUẢNG CÁO NAM PHONG ADV,963219490,0963219490
CÔNG TY TNHH MAY MẶC ANH MINH VINA,945992226,0945992226
CÔNG TY TNHH CÔNG NGHỆ MÔI TRƯỜNG ETD,978456785,0978456785
CÔNG TY TNHH GIẾT MỔ GIA CẦM AN THỊNH PHÁT,918543899,0918543899
CÔNG TY TNHH SX TM ĐẠI THỊNH PHÁT,792957789,0792957789
CÔNG TY TNHH ĐẦU TƯ THƯƠNG MẠI LỰA CHỌN THÔNG MINH,867027299,0867027299
CÔNG TY TNHH THƯ BẢO SANG,933389055,0933389055
CÔNG TY TNHH THƯƠNG MẠI DỊCH VỤ XÂY DỰNG PHÚ HOÀNG SƠN,972694237,0972694237
CÔNG TY TNHH DỊCH VỤ THƯƠNG MẠI TÍN HẢI,919158469,0919158469
CÔNG TY TNHH SẢN XUẤT THƯƠNG MẠI BẢO VINH,976132118,0976132118
CÔNG TY TNHH LITADO,878363282,0878363282
CÔNG TY TNHH DỊCH VỤ XNK ĐỨC PHÚ QUÝ,355233235,0355233235
CÔNG TY TNHH CƯỜNG THỊNH EXPRESS,978171117,0978171117
CÔNG TY TNHH TM DV BẢO NGỌC PHÁT,888336777,0888336777
CÔNG TY TNHH THƯƠNG MẠI XUẤT NHẬP KHẨU VẠN GIA PHÚC,973966394,0973966394
CÔNG TY TNHH CAO LỤC LÂM,934855001,0934855001
CÔNG TY TNHH THƯƠNG MẠI DỊCH VỤ HƯNG NHÂN PHÁT,975939025,0975939025
CÔNG TY TNHH DV TV 286,943035568,0943035568
CÔNG TY TNHH GỖ MINH KHÔI FURNITURE,975411518,0975411518
CÔNG TY TNHH MỸ THIÊM,937548672,0937548672
CÔNG TY TNHH VẬT LIỆU XÂY DỰNG PHÚC HƯNG,918321123,0918321123
CÔNG TY TNHH TƯ VẤN ĐỊA ỐC GIA KHÁNH,933374755,0933374755
CÔNG TY TNHH CƠ KHÍ VÀ THƯƠNG MẠI HBC,976386363,0976386363
CÔNG TY TNHH ĐẦU TƯ THIẾT KẾ - XÂY DỤNG & MÔI TRƯỜNG VẠN PHÚC,918844111,0918844111
CÔNG TY TNHH CUORI VIETNAM,908448727,0908448727
CÔNG TY TNHH PAC-FUNG (VIỆT NAM),85223891391,085223891391
CÔNG TY TNHH DỊCH VỤ VẬN TẢI BTK,866618092,0866618092
CÔNG TY TNHH KIỀU TRẦN PHÁT,933392112,0933392112
HỢP TÁC XÃ BẢO HỘ HÀNH TINH XANH,987723479,0987723479
CÔNG TY TNHH THƯƠNG MẠI THÁI TÂN LẬP,906534968,0906534968
CÔNG TY CỔ PHẦN LẠC HỒNG AKD,9136853263,09136853263
CÔNG TY TNHH CHO THUÊ VẬT LIỆU TRUNG VẠN PHONG,913951385,0913951385
CÔNG TY TNHH KHUÔN NAM PHÁT,986577456,0986577456
CÔNG TY TNHH XUẤT NHẬP KHẨU TIẾN VƯỢNG,934138344,0934138344
CÔNG TY TNHH KỸ THUẬT TADATECH,979896865,0979896865
CÔNG TY TNHH TMDV TUYỂN SINH VIỆT NAM,973678875,0973678875
CÔNG TY TNHH TMDV CƠ KHÍ VÀ MÁY MÓC MINH VY,913841878,0913841878
CÔNG TY TNHH TMDV GIA VỊ AN KHANG,941365936,0941365936
CÔNG TY CỔ PHẦN ĐẦU TƯ PHÁT TRIỂN DẦU KHÍ LÊ GIA,866776768,0866776768
CÔNG TY TNHH HƯNG PHÁT LONG,989529879,0989529879
CÔNG TY CỔ PHẦN SẢN XUẤT THƯƠNG MẠI XUẤT NHẬP KHẨU TRUNG NAM PHÁT,988344388,0988344388
CÔNG TY TNHH CUNG CẤP THỰC PHẨM PHẠM HƯƠNG BẢO,333642241,0333642241
CÔNG TY TNHH VỰA CÁ MINH CHIẾN,898489777,0898489777
CÔNG TY TNHH VIỄN THÔNG SỞ SIM SỐ,901770777,0901770777
CÔNG TY TNHH TRUNG TÂM LUYỆN CHỮ ĐẸP ÁNH DƯƠNG KIDS,974229719,0974229719
CÔNG TY TNHH TMDV QUỐC TẾ LỘC NHƯ Ý,799934539,0799934539
CÔNG TY TNHH MTV TÂN TIẾN PHÁT CAR,962404067,0962404067
CÔNG TY TNHH XUẤT NHẬP KHẨU ALT VIỆT NAM,967963383,0967963383
CÔNG TY TNHH THIẾT BỊ XÂY DỰNG TIẾN ĐẠT PHÁT,989165347,0989165347
CÔNG TY TNHH THƯƠNG MẠI CƠ KHÍ XÂY DỰNG HUY TUẤN,906844750,0906844750
CÔNG TY TNHH CƠ KHÍ XÂY DỰNG PHÚC MINH,937879834,0937879834
CÔNG TY TNHH VẬN TẢI BÌNH QUYỀN,902454912,0902454912
CÔNG TY TRÁCH NHIỆM HỮU HẠN THƯƠNG MẠI VÀ DỊCH VỤ NGUYỆT MINH QUANG,982051555,0982051555
CÔNG TY TNHH TM DV OPAL GEMSTONE ASIA,869287186,0869287186
CÔNG TY CỔ PHẦN LUNASTONE,936836676,0936836676
CÔNG TY TNHH DỊCH VỤ THƯƠNG MẠI LOGISTICS BẢO LONG,933060168,0933060168
CÔNG TY TNHH DỊCH VỤ THƯƠNG MẠI TƯ VẤN AN BÌNH,814349789,0814349789
CÔNG TY TNHH CUNG CẤP LINH KIỆN ĐIỆN TỬ HIẾU NGUYỄN,774523752,0774523752
CÔNG TY TNHH BẤT ĐỘNG SẢN ĐẠI LỢI PHÁT,772045344,0772045344
CÔNG TY TNHH NHÔM KÍNH - INOX THÀNH HƯNG,942030806,0942030806
CÔNG TY TNHH GIÁO DỤC MẦM NON BOBO,906333868,0906333868
CÔNG TY TNHH NÔNG ÂN PHÚ,964188039,0964188039
HỢP TÁC XÃ THƯƠNG MẠI DỊCH VỤ VẬN TẢI Ô TÔ ĐẠI THÀNH,949272072,0949272072
CÔNG TY TNHH THƯƠNG MẠI DỊCH VỤ VẬN TẢI THỦ ĐỨC,347755644,0347755644
CÔNG TY TNHH ĐIỆN CƠ DƯƠNG PHÁT,967019315,0967019315
CÔNG TY TNHH CƠ KHÍ XÂY DỰNG DÂN DỤNG VÀ CÔNG NGHIỆP QUANG TRUNG,395497789,0395497789
CÔNG TY TNHH THƯƠNG MẠI HUYỀN TRÂN ĐN,776124478,0776124478
HỢP TÁC XÃ THƯƠNG MẠI - DỊCH VỤ NAGOA,918001181,0918001181
CÔNG TY TNHH TM & PT THỎ NGỌC,986662176,0986662176
CÔNG TY TNHH ĐIỆN TỬ KUZUMI VIỆT NAM,908805232,0908805232
CÔNG TY TNHH VÁN LỘC PHÁT,965079109,0965079109
CÔNG TY TNHH HTP AN PHƯỚC,976745216,0976745216
CÔNG TY TNHH THƯƠNG MẠI XÂY DỰNG LÊ NGỌC MINH,9032006716,09032006716
CÔNG TY TNHH NÔNG SẢN HANA NGUYÊN,983188749,0983188749
CÔNG TY TNHH THƯƠNG MẠI HÓA CHẤT HOÀI NAM,528063028,0528063028
CÔNG TY TNHH THƯƠNG MẠI XNK ANH ĐÀO,528065306,0528065306
CÔNG TY TNHH MỘT THÀNH VIÊN Ô TÔ MAI XUÂN,947134212,0947134212
CÔNG TY TNHH THƯƠNG MẠI DỊCH VỤ VẬN TẢI THIÊN TÂM VINA,918636194,0918636194
CÔNG TY TNHH SẢN XUẤT VÀ THƯƠNG MẠI HÀ ANH LINH,985555086,0985555086
CÔNG TY CỔ PHẦN TRUYỀN THÔNG GIẢI TRÍ QUỐC TẾ SM TOÀN CẦU,908411631,0908411631
CÔNG TY TNHH LIÊN MINH THỂ THAO ĐIỆN TỬ QUỐC GIA,335880044,0335880044
CÔNG TY TNHH NỆM HOÀNG ANH PHÁT,928574849,0928574849
CÔNG TY TNHH GIÁO DỤC THỤ NHÂN,937048985,0937048985
CÔNG TY TNHH CƠ KHÍ THẢO ANH PHÁT,937015756,0937015756
CÔNG TY TNHH ĐỈNH TRÍ VIỆT,969423168,0969423168
CÔNG TY TNHH SẢN XUẤT KINH DOANH THÁI KIM NGÂN,586366668,0586366668
CÔNG TY TNHH MÁY ÉP GẠCH HỮU BẢO,975390366,0975390366
CÔNG TY TNHH XUẤT NHẬP KHẨU MINH ĐỨC NEC,902999352,0902999352
CÔNG TY TNHH THÀNH LỢI EXPRESS,988779616,0988779616
CÔNG TY TNHH ZHONGHENG ELECTRIC APPLIANCE,967920593,0967920593
CÔNG TY CỔ PHẦN ĐẦU TƯ GIÁO DỤC NGỌC CHÂU LONG THÀNH,947462489,0947462489
CÔNG TY TNHH THƯƠNG MẠI HẢI SẢN MIỀN NAM,908708979,0908708979
CÔNG TY TNHH VLXD ĐÔNG PHƯƠNG,987695026,0987695026
CÔNG TY TNHH TMDV KỸ THUẬT NGÂN PHÁT,931395685,0931395685
CÔNG TY CỔ PHẦN ĐẦU TƯ XÂY DỰNG THƯƠNG MẠI XUẤT NHẬP KHẨU VẬN TẢI ĐẠI LỘC PHÁT,965990568,0965990568
CÔNG TY CỔ PHẦN MÁY XÂY DỰNG SDMIX VIỆT NAM,983667502,0983667502
CÔNG TY TNHH DỊCH VỤ BỐC XẾP HOÀNG PHAN,783235468,0783235468
CÔNG TY TNHH THIẾT BỊ Y TẾ MAI PHẠM,896130414,0896130414
CÔNG TY TNHH VƯƠNG THỊNH BH,915506179,0915506179
CÔNG TY TNHH CAN THIỆP SỚM THANH TRÚC,813734364,0813734364
CÔNG TY TNHH THƯƠNG MẠI DỊCH VỤ DIGIUP AGENCY,889404100,0889404100
CÔNG TY TNHH THỰC PHẨM THIÊN ÂN,933868847,0933868847
CÔNG TY TNHH THƯƠNG MẠI DỊCH VỤ NHÀ HÀNG HOÀNG QUÂN,367409218,0367409218
CÔNG TY TNHH THƯƠNG MẠI & DỊCH VỤ MERAKI,919374785,0919374785
CÔNG TY TNHH QUYỀN PHÚC PHÁT,937397797,0937397797
CÔNG TY TNHH THƯƠNG MẠI DỊCH VỤ SCC MỸ LINH,568528102,0568528102
CÔNG TY TNHH VĂN PHÒNG PHẨM HOÀNG NHẬT PHÁT,854264269,0854264269
CÔNG TY TNHH MÊ HÀNG NHẬT,567695695,0567695695
CÔNG TY TNHH THIẾT KẾ XÂY DỰNG HABI ARCHI,987005099,0987005099
CÔNG TY TNHH THƯƠNG MẠI DỊCH VỤ MLT VIỆT NAM,933839345,0933839345
CÔNG TY TNHH TK - SX - THI CÔNG NỘI THẤT THIÊN PHÁT,971032068,0971032068
CÔNG TY TNHH THỰC PHẨM CẨM TÚ,913357979,0913357979
CÔNG TY TNHH PHỤ LIỆU MAY VÀ MAY MẶC HỒNG HẢI,523979901,0523979901
CÔNG TY TNHH MTV VI TÍNH LONG QUÂN,903000245,0903000245
CÔNG TY TNHH THƯƠNG MẠI VÀ DỊCH VỤ ĐÁ CUỘI LÂM ĐỒNG,939777111,0939777111
CÔNG TY CỔ PHẦN LIFEBIOTECH,987909476,0987909476
CÔNG TY TNHH AN NHƯ DECOR,386951700,0386951700
CÔNG TY CỔ PHẦN CƠ KHÍ DƯƠNG ĐÔNG,379171283,0379171283
CÔNG TY TNHH HỐI CÁCH,782223125,0782223125
CÔNG TY TNHH BROS UNITED VIỆT NAM,903859845,0903859845
CÔNG TY TNHH DV - XNK AN PHÁT,896685247,0896685247
CÔNG TY TNHH DỊCH VỤ VẬN TẢI KIM HƯNG PHÁT,704445922,0704445922
CÔNG TY TNHH PONHAN VALVE INTERNATIONAL (VIETNAM),8.65129E+12,08651288863800
CÔNG TY TNHH THƯƠNG MẠI DỊCH VỤ DU LỊCH VẬN TẢI QUỐC PHONG,9023277195,09023277195
CÔNG TY TNHH THƯƠNG MẠI DỊCH VỤ VÀ CUNG CẤP THỰC PHẨM SẠCH PHẠM NGUYỄN,378078133,0378078133
CÔNG TY TNHH VẬN TẢI HIẾU XUÂN PHÚC,914424020,0914424020
CÔNG TY TNHH XD TM DV THUÝ TIẾN,971376896,0971376896
CÔNG TY TNHH CÂU LẠC BỘ SỨC KHỎE VIỆT,785799688,0785799688
CÔNG TY TNHH GIA CÔNG CƠ KHÍ HẢI PHONG,903174929,0903174929
CÔNG TY TNHH DỊCH VỤ ÁNH NGUYỆT FOODS,855555639,0855555639
CÔNG TY TNHH GOLD BELGIUM,907416999,0907416999
CÔNG TY TNHH TMDV THỰC PHẨM MINH NGUYỆT,865391179,0865391179
CÔNG TY TNHH VÁN ÉP LAN THẢO,982716935,0982716935
CÔNG TY TNHH XUẤT NHẬP KHẨU KHUNG TRANH TRUNG DŨNG,972559283,0972559283
DNTN VÀNG BẠC PHÚC PHÚC LỘC,967564979,0967564979
CÔNG TY TNHH MỸ PHẨM HƯƠNG LY,902125783,0902125783
CÔNG TY TNHH TƯ VẤN THƯƠNG MẠI QUỐC THÁI 77,988781934,0988781934
CÔNG TY TNHH THIẾT BỊ CÔNG NGHIỆP ĐÔNG THÀNH,363997116,0363997116
CÔNG TY TNHH DONAN78,919572768,0919572768
CÔNG TY TNHH HMN LUXURY,933835239,0933835239
CÔNG TY TNHH TMDV VẬN TẢI VĂN KHANG,911297078,0911297078
CÔNG TY TNHH PARA MART AND COFFE,913690532,0913690532
CÔNG TY TNHH MINH TRIẾT TRAVEL,799800208,0799800208
CÔNG TY TNHH 179 FURNITURE,901554505,0901554505
CÔNG TY TNHH DỊCH VỤ BẢO VỆ QUỐC UY,964797403,0964797403
CÔNG TY TNHH THƯƠNG MẠI DỊCH VỤ NÔNG SẢN HÙNG PHÁT,938932628,0938932628
CÔNG TY TNHH MTV DÊ VƯỜN XOÀI,975669777,0975669777
CÔNG TY TNHH TM DV ĐINH ĐANG,909953145,0909953145
CÔNG TY TNHH CUNG ỨNG NHÂN LỰC PHẠM ANH GROUP,763589815,0763589815
CÔNG TY TNHH CPTK EXPRESS,784814897,0784814897
CÔNG TY TNHH GỖ MINH THIỆN PHÁT,344114552,0344114552
CÔNG TY TNHH GIA CÔNG CƠ KHÍ QUANG MINH ANH,963554803,0963554803
CÔNG TY TNHH THIẾT BỊ KỸ THUẬT VÀ CÔNG NGHỆ CAO ÁNH DƯƠNG,325988386,0325988386
CÔNG TY TNHH THƯƠNG MẠI DỊCH VỤ VƯỢNG KHẢI PHÁT,814672831,0814672831
CÔNG TY TNHH GARA Ô TÔ VINH DŨNG,344904490,0344904490
CÔNG TY TNHH DVTM XUẤT NHẬP KHẨU NÔNG SẢN ANH PHÁT,902009103,0902009103
CÔNG TY TNHH CƠ KHÍ XÂY DỰNG LẮP ĐẶT HUAJIE,355763676,0355763676
CÔNG TY TNHH HOÀ PHÁT ETC,377022807,0377022807
VĂN PHÒNG THỪA PHÁT LẠI XUÂN LỘC,972872249,0972872249
CÔNG TY CỔ PHẦN GIẢI PHÁP LOGISTICS VIETNAMLOGS,906677249,0906677249
CÔNG TY TNHH GIÁO DỤC TRẦN NGUYỄN,973050343,0973050343
CÔNG TY TNHH THƯƠNG MẠI SẢN XUẤT NGUYÊN THỊNH PHÁT,918373174,0918373174
CÔNG TY TNHH VẬT LIỆU XÂY DỰNG LÂM TÀI,327223968,0327223968
DOANH NGHIỆP TƯ NHÂN TRUNG TÂM THÔNG TIN VĂN HÓA ĐẦU TƯ KINH TẾ TOÀN CẦU,908636266,0908636266
CÔNG TY TNHH CƠ KHÍ QUANG THÁI,765714985,0765714985
CÔNG TY TNHH DIỆU CÁCH,934182608,0934182608
CÔNG TY TNHH TM DV ĐIỆN LẠNH VẠN PHÁT,983438300,0983438300
CÔNG TY TNHH MTV VẬN TẢI HOÀNG LÂM,896710578,0896710578
CÔNG TY TNHH DONA LOGISTICS THỊNH VƯỢNG,916669979,0916669979
CÔNG TY TNHH THƯƠNG MẠI DỊCH VỤ NÔNG CƠ MAI THU,945919503,0945919503
CÔNG TY TNHH DV GIAO HÀNG TIẾT KIỆM VN,911875402,0911875402
CÔNG TY TNHH DV VẬN CHUYỂN VÀ TM VẬT TƯ TỔNG HỢP AUTO TECH,948809807,0948809807
CÔNG TY TNHH THƯƠNG MẠI ĐỊA THIÊN THÁI,937477686,0937477686
CÔNG TY TNHH GIA NGUYỄN GARDEN,972177588,0972177588
CÔNG TY TNHH CỬU HƯNG THỊNH,389589968,0389589968
CÔNG TY TNHH KINH DOANH VÀNG BẠC ĐÁ QUÝ BẢO NGUYÊN,789733978,0789733978
CÔNG TY TNHH ECO ORGANICS VIỆT NAM - EVN,902222293,0902222293
CÔNG TY TNHH THƯƠNG MẠI NỘI THẤT ĐỒNG NAI,908392285,0908392285
CÔNG TY TNHH TM TRÀ TÂM DUYÊN,352215370,0352215370
CÔNG TY TNHH ĐẠI LÝ AN SINH,942358351,0942358351
CÔNG TY TNHH HÓA MỸ PHẨM VICTORYS,918064272,0918064272
CÔNG TY TNHH BAO BÌ GU FAN (VIỆT NAM),961211898,0961211898
CÔNG TY TNHH TM - DV THANH QUYÊN,898449280,0898449280
CÔNG TY TNHH THƯƠNG MẠI NÔNG SẢN PHÁT TÀI,968635486,0968635486
CÔNG TY TNHH CHỨNG NHẬN QUỐC TẾ ZHONGDA,867014867,0867014867
CÔNG TY TNHH KHOA HỌC KỸ THUẬT XINNA VIỆT NAM,961083471,0961083471
CÔNG TY TNHH BDS MINH KHÁNH,568288086,0568288086
CÔNG TY TNHH ĐẦU TƯ PHÁT TRIỂN NGHĨA 68,949992134,0949992134
CÔNG TY TNHH VẬT LIỆU XÂY DỰNG SƠN THẠNH PHÁT,843670327,0843670327
CÔNG TY TNHH XÂY DỰNG TÂM ANH HT,973610979,0973610979
CÔNG TY TNHH XÂY DỰNG CÔNG TRÌNH PCCC NÚI VÀNG,908023222,0908023222
CÔNG TY TNHH VIỆT COMAR,364806669,0364806669
CÔNG TY TNHH THƯƠNG MẠI XNK ĐẠI LĨNH,396587663,0396587663
CÔNG TY TNHH RVN FIBERS,13107174979,013107174979
CÔNG TY TNHH ĐẦU TƯ SẢN XUẤT - TMDV XNK TÂM PHÁT,587921396,0587921396
CÔNG TY TNHH AN NINH BÌNH AN ASIA,921128123,0921128123
CÔNG TY TNHH MTV THƯƠNG MẠI DỊCH VỤ HUYỀN TRANG,362427321,0362427321
CÔNG TY TNHH THƯƠNG MẠI KINH DOANH SẮT THÉP LIÊN PHÁT,898591848,0898591848
CÔNG TY TNHH SƠN PHÁT PHÁT,797316035,0797316035
CÔNG TY CỔ PHẦN THIẾT KẾ VÀ XÂY DỰNG ĐÔNG A,933927732,0933927732
CÔNG TY TNHH YẾN SÀO BÌNH DUYÊN,352215370,0352215370
CÔNG TY TNHH ABC MEDIA,933233158,0933233158
TRƯỜNG TIỂU HỌC VÀ TRUNG HỌC CƠ SỞ HUỲNH VĂN NGHỆ,918034774,0918034774
CÔNG TY TNHH DV TM VẬN TẢI QUẢNG CÁO & XÂY DỰNG PHONG LAN,776686654,0776686654
HỢP TÁC XÃ VẬN TẢI CÔNG NGHỆ LONG THÀNH,914687272,0914687272
CÔNG TY TNHH THẢO TRANG ANH,913177497,0913177497
CÔNG TY TNHH CÔNG NGHỆ MÔI TRƯỜNG HÀO PHÁT,798744323,0798744323
CÔNG TY CỔ PHẦN CƠ KHÍ VÀ XÂY DỰNG AN THÀNH,393333337,0393333337
CÔNG TY TNHH VẬT LIỆU TIÊU CHUẨN VIETNAM,383809176,0383809176
CÔNG TY TNHH IN PHÚ HƯƠNG BIỂN,968305155,0968305155
CÔNG TY TNHH ĐẦU TƯ PHÁT TRIỂN THƯƠNG MẠI DỊCH VỤ MỸ TRANG,896445817,0896445817
CÔNG TY TNHH QUỐC TẾ GOLDEN START,845789234,0845789234
CÔNG TY TNHH GIẢI PHÁP NHÂN LỰC PHÚC THỊNH,971088441,0971088441
CÔNG TY TNHH THƯƠNG MẠI DỊCH VỤ LAM HẠNH PHÁT,397300699,0397300699
CÔNG TY TNHH CÔNG NGHIỆP PHÚ LỰC VIỆT NAM,979623962,0979623962
CÔNG TY TNHH DAVA STONE,918079959,0918079959
CÔNG TY TNHH DỊCH VỤ TƯ VẤN ĐẦU TƯ PHÚC KHANG AN,786999929,0786999929
CÔNG TY TNHH DỊCH VỤ THƯƠNG MẠI VẬT LIỆU XÂY DỰNG TOÀN PHÁT,989840906,0989840906
CÔNG TY TNHH NÔNG SẢN BIÊN HOÀ,399913809,0399913809
CÔNG TY TNHH GẠO VIỆT T&K,938650404,0938650404
CÔNG TY TNHH NHÀ XÂY DỰNG HUỲNH GIA,911140175,0911140175
CÔNG TY TNHH XUẤT KHẨU SẢN PHẨM NÔNG NGHIỆP VIỆT NAM HOA KỲ,349220581,0349220581
CÔNG TY TNHH ĐẦU TƯ THƯƠNG MẠI DỊCH VỤ THANH NGA,336409926,0336409926
CÔNG TY TNHH SƠN ĐẠI MINH,989890034,0989890034
CÔNG TY TNHH NỘI THẤT NHẤT CƯỜNG,977878012,0977878012
CÔNG TY TNHH CƠ KHÍ DUY TUÂN,967633825,0967633825
CÔNG TY TNHH TM DV ĐẦU TƯ XÂY DỰNG ANH TÚ,901639386,0901639386
CÔNG TY TNHH NATUCO FASHION,916325005,0916325005
CÔNG TY TNHH TUYẾT DIAMOND,919966488,0919966488
CÔNG TY TNHH TM DV SX QUỐC THỊNH WINDOWS,938074898,0938074898
CÔNG TY TNHH OPECCHEM,908289500,0908289500
CÔNG TY TNHH KINH DOANH THƯƠNG MẠI DỊCH VỤ SONG VY,945506986,0945506986
CÔNG TY TNHH SẢN XUẤT THƯƠNG MẠI XUẤT NHẬP KHẨU BẢO PHÁT,974040403,0974040403
CÔNG TY TNHH SẢN PHẨM TRI STAR,908562134,0908562134
CÔNG TY TNHH THƯƠNG MẠI XUẤT NHẬP KHẨU THẢO MỘC VIỆT MINH CHÂU,907295783,0907295783
CÔNG TY TNHH ĐẦU TƯ THƯƠNG MẠI VÀ DỊCH VỤ AN BẢO PHÚC,988112305,0988112305
CÔNG TY TNHH THƯƠNG MẠI QUỐC TẾ YIMAIDA VIỆT NAM,975031030,0975031030
CÔNG TY TNHH XUẤT NHẬP KHẨU NÔNG NGHIỆP CÔNG NGHỆ CAO VẠN NHẤT,899999948,0899999948
CÔNG TY TNHH TIẾP LÊ PHÁT,58495381,058495381
CÔNG TY TNHH XÂY DỰNG NINH THÚY,965418905,0965418905
CÔNG TY TNHH PHÁT TRIỂN GIÁO DỤC VÀ ĐÀO TẠO IQ MATH,969822143,0969822143
CÔNG TY TNHH WONDERWOOD,919179727,0919179727
CÔNG TY TNHH MTV GIA THIÊN ÂN,989614656,0989614656
CÔNG TY TNHH THƯƠNG MẠI VẬT LIỆU SỐ 1,963875612,0963875612
CÔNG TY TNHH DIỄM VĂN,778600183,0778600183
CÔNG TY TNHH HOÀNG HẢI SƠN,903666324,0903666324
CÔNG TY TNHH NĂNG LƯỢNG CÔNG NGHIỆP SIREGRAND ENERGY (VIỆT NAM),937833998,0937833998
CÔNG TY TNHH ĐẦU TƯ HỒNG VÂN BẠC LIÊU,896972031,0896972031
CÔNG TY TNHH MTV HUỲNH HUYỀN,917592365,0917592365
CÔNG TY TNHH CÔNG NGHỆ KỸ THUẬT MÔI TRƯỜNG TÂN HUY HOÀNG,904377624,0904377624
CÔNG TY TNHH TRUNG ĐÔNG VIỆT NAM,931266509,0931266509
CÔNG TY TNHH KỸ THUẬT TỦ ĐIỆN ĐẠI THÀNH PHÁT,908717063,0908717063
CÔNG TY TNHH NOW CAR,788079919,0788079919
CÔNG TY TNHH HS&HT VINA,9328913811,09328913811
CÔNG TY TNHH GIAO NHANH AKK,962931193,0962931193
CÔNG TY TNHH THƯƠNG MẠI DỊCH VỤ GIA HÂN TRAVEL,907937860,0907937860
CÔNG TY TNHH THƯƠNG MẠI DỊCH VỤ PHÁT TRIỂN LỚN,588932726,0588932726
CÔNG TY TNHH THƯƠNG MẠI DỊCH VỤ ANH MINH THỊNH PHÁT,766356628,0766356628
CÔNG TY TNHH TM DV XNK VIỆT HÀ,927455080,0927455080
CÔNG TY TNHH MUA BÁN PHẾ LIỆU PHẠM THỊ HẰNG,968395556,0968395556
CÔNG TY TNHH TRÚC GIA PHÁT,913176154,0913176154
CÔNG TY TNHH MTV VẬN TẢI MỸ THIÊN,937793568,0937793568
CÔNG TY TNHH CHÍNH XÁC MỸ HUỲNH,842972801,0842972801
CÔNG TY TNHH DỊCH VỤ THƯƠNG MẠI VÀ SẢN XUẤT SƠN HÀ,9.13909E+15,09139094190339020
CÔNG TY TNHH SẢN XUẤT THƯƠNG MẠI DỊCH VỤ VẬN TẢI THỌ PHÁT,833996979,0833996979
CÔNG TY TNHH NỘI THẤT AN DƯƠNG FULL HOME,768149753,0768149753
CÔNG TY TNHH TM DV ĐỨC LẬP,903684921,0903684921
CÔNG TY TNHH THIẾT BỊ CÔNG NGHIỆP DAKA,919950830,0919950830
CÔNG TY TNHH THƯƠNG MẠI & DỊCH VỤ A.T FINE,931221567,0931221567
CÔNG TY TNHH VỆ SINH CÔNG NGHIỆP AN HOÀNG PHÁT,857819990,0857819990
CÔNG TY TNHH HOÀI ĐẠI PHÁT,926456178,0926456178
CÔNG TY TNHH HOÀNG VIỆT KỲ,926455960,0926455960
CÔNG TY TNHH SẢN XUẤT VÀ THƯƠNG MẠI HỒNG ĐỨC ĐÔNG SƠN,971487999,0971487999
CÔNG TY TNHH THƯƠNG MẠI DỊCH VỤ VẬN TẢI DU LỊCH MINH ANH,9.63416E+13,096341621909690
CÔNG TY TNHH TINH TẤN A&P,908686787,0908686787
CÔNG TY TNHH LOGISTICS GLOBAL VN,814719196,0814719196
DOANH NGHIỆP TƯ NHÂN SỬA CHỮA Ô TÔ NGUYỄN HÙNG,9.04179E+17,0904179078083630000
CÔNG TY TNHH LỮ TIÊN,896937401,0896937401
CÔNG TY TNHH VỰA CÁ AO LÀNG,345650420,0345650420
CÔNG TY TNHH THƯƠNG MẠI NGỌC HÀ PHÁT,979230768,0979230768
CÔNG TY TNHH GỖ TAM HIỆP ĐỒNG NAI,918126136,0918126136
CÔNG TY TNHH CÂY XANH HOÀNG LÂM GROUP,937091541,0937091541
CÔNG TY TNHH DV VẬN TẢI VÀ TM TỔNG HỢP DUNG LÊ,898453247,0898453247
CÔNG TY TNHH CÔNG NGHỆ THÔNG MINH REAL DESIGN (VIỆT NAM),339767158,0339767158
CÔNG TY TNHH ĐẦU TƯ VÀ PHÁT TRIỂN TRADEXSB,332022846,0332022846
CÔNG TY TNHH DỊCH VỤ XNK KIM TRÀ,933321479,0933321479
CÔNG TY TNHH MÔI TRƯỜNG LỘC TRƯỜNG XUÂN,944525929,0944525929
CÔNG TY TNHH MỘT THÀNH VIÊN TÂM THÀNH TÂM,901509709,0901509709
CÔNG TY TNHH MTV HENICAO,935705888,0935705888
CÔNG TY TNHH CẢNH QUAN TỰ NHIÊN,522991453,0522991453
CÔNG TY TNHH CƠ KHÍ HQT,783535545,0783535545
CÔNG TY TNHH NÔNG NGHIỆP HAH,362508681,0362508681
CÔNG TY TNHH MTV MAY MẶC ĐẠI PHÁT,349508358,0349508358
CÔNG TY TNHH XNK QUỐC TẾ MORGAN FID,909065530,0909065530
CÔNG TY TNHH VĂN PHÒNG PHẨM KIM THOA,778650804,0778650804
CÔNG TY TNHH ĐÁ MỸ NGHỆ NGỌC NHƯ Ý,828923924,0828923924
CÔNG TY TNHH LAN HÀ PHÁT,933375946,0933375946
CÔNG TY TNHH GỖ NGUYỄN TIẾN ĐẠT,927897788,0927897788
CÔNG TY TNHH THÀNH LỢI ART,913004775,0913004775
CÔNG TY TNHH PHÁO HOA MIỀN NAM,358888787,0358888787
CÔNG TY TRÁCH NHIỆM HỮU HẠN NHIỆT LẠNH NGỌC HẢI,976428330,0976428330
CÔNG TY TNHH MỘT THÀNH VIÊN CHIẾN HOÀNG KIM,975013839,0975013839
CÔNG TY TNHH SẢN XUẤT BAO TAY CHÂU THỦY,907327577,0907327577
CÔNG TY TNHH TM VLXD QUỐC CƯỜNG,852347999,0852347999
CÔNG TY TNHH VIỆN ANH NGỮ JC CAMBRIDGE,902004647,0902004647
CÔNG TY TNHH TƯ VẤN & TRUYỀN THÔNG LONG THÀNH,975187895,0975187895
CÔNG TY TNHH HELLO SOCIAL,964169795,0964169795
CÔNG TY TNHH 86 THUẬN AN PHÁT,931276177,0931276177
CÔNG TY TNHH TM SX TỔ CHỨC SỰ KIỆN LÂM GIA PHÁT,396800467,0396800467
CÔNG TY TNHH TMDV HÙNG CƯỞNG,786341150,0786341150
CÔNG TY TNHH HIẾU AN DƯƠNG,768149753,0768149753
CÔNG TY TNHH TM VLXD MINH MẪN,979203777,0979203777
CÔNG TY TNHH DU LỊCH NAM CÁT TIÊN REVIEW TẤT TẦN TẬT,397700776,0397700776
CÔNG TY TNHH THƯƠNG MẠI DỊCH VỤ TRƯƠNG LIÊN,778625470,0778625470
CÔNG TY TNHH FLEXO NHẤT GIA,896688853,0896688853
CÔNG TY TNHH VLXD HOA SAO XANH,978332211,0978332211
CÔNG TY TNHH CT PHÚ - ĐÔNG,936546580,0936546580
CÔNG TY TNHH GN PHÚC NGÂN,932078828,0932078828
CÔNG TY TNHH SX & TM NHÔM KÍNH MINH NHẬT,983949494,0983949494
CÔNG TY TNHH THƯƠNG MẠI VÀ SẢN XUẤT GỖ VẠN PHÚ,964660466,0964660466
CÔNG TY TNHH THIÊN TIÊN PHÚ,387826009,0387826009
CÔNG TY TNHH MÔI TRƯỜNG GIÁO DỤC KIMO,327040603,0327040603
CÔNG TY CỔ PHẦN THÉP CÔNG NGHIỆP THÔNG MINH TOÀN CẦU ĐỒNG NAI,918926513,0918926513
CÔNG TY TNHH THƯƠNG MẠI DỊCH VỤ TỔNG HỢP NGỌC VINH,9215577111,09215577111
CÔNG TY TNHH GIẢI PHÁP PHẦN MỀM GA,788884000,0788884000
CÔNG TY TNHH SẢN XUẤT - XUẤT NHẬP KHẨU PHÚ TRỌNG FOODS,972214460,0972214460
CÔNG TY TNHH YONGJIE MOTOR (VIETNAM),399987739,0399987739
CÔNG TY TNHH THƯƠNG MẠI DỊCH VỤ VŨ NGỌC PHÁT,785540420,0785540420
CÔNG TY TNHH MTV THƯƠNG MẠI VÀ DỊCH VỤ GIA LẠC THẠNH,834123450,0834123450
CÔNG TY TNHH PHÁT TRIỂN THƯƠNG MẠI DỊCH VỤ TẤN TÀI,978971197,0978971197
CÔNG TY TNHH THƯƠNG MẠI DỊCH VỤ HƯNG NHƯ PHƯƠNG,865260797,0865260797
CÔNG TY TNHH SẢN XUẤT THƯƠNG MẠI ĐỨC LỘC PHÁT,585266768,0585266768
CÔNG TY TNHH DẦU NHỚT THỊNH PHÁT VN,794749352,0794749352
CÔNG TY TNHH DV TM MINH ANH PHÁT,852339661,0852339661
CÔNG TY TNHH SẢN XUẤT THƯƠNG MẠI DỊCH VỤ APGBRICK,961705705,0961705705
CÔNG TY TNHH THƯƠNG MẠI DỊCH VỤ SUẤT ĂN CÔNG NGHIỆP ÚT PHƯƠNG,785677898,0785677898
CÔNG TY TNHH SẢN XUẤT HẠT NHỰA NAM VIỆT PHÁT,908248555,0908248555
CÔNG TY TNHH PHÁT TRIỂN THƯƠNG MẠI DỊCH VỤ PHÁT TÀI,853227788,0853227788
CÔNG TY TNHH GIẢI PHÁP NĂNG LƯỢNG ĐÔNG NAM,946246535,0946246535
CÔNG TY TNHH XÂY DỰNG - THƯƠNG MẠI - DỊCH VỤ - ĐA NĂNG HƯNG TÀI QUÍ,789814141,0789814141
CÔNG TY TNHH VISUAL COMFORT VIỆT NAM,85227552111,085227552111
CÔNG TY TNHH SẢN XUẤT THƯƠNG MẠI NHẤT NHẤT THIÊN,39872687,039872687
CÔNG TY TNHH SX TM XD ĐỨC THIÊN MINH,338903379,0338903379
CÔNG TY TNHH THƯƠNG MẠI DỊCH VỤ SẢN XUẤT ĐẠI TÀI PHÁT,926595011,0926595011
CÔNG TY TNHH HOÀNG LỰC PHÁT,857819990,0857819990
CÔNG TY TNHH VH - GREAT,707011010,0707011010
CÔNG TY TNHH SINODOD (VIỆT NAM),8.61851E+12,08618506839333
CÔNG TY TNHH SEA MES,933197989,0933197989
CÔNG TY TNHH THƯƠNG MẠI SẢN XUẤT DIỆP MINH AN,898419029,0898419029
CÔNG TY TNHH NỘI THẤT BẢO LÂM KHOA,948771378,0948771378
CÔNG TY TNHH MTV Ô TÔ NĂNG LƯỢNG MỚI ĐỒNG NAI,966330583,0966330583
CÔNG TY TNHH MTV MISSIONS STAGES VIỆT NAM,866170187,0866170187
CÔNG TY TNHH TMDV PHÁT QUỐC THỊNH,706957270,0706957270
CÔNG TY TNHH THƯƠNG MẠI XÂY DỰNG KIẾN MỘC LONG,975894643,0975894643
CÔNG TY TNHH XUẤT NHẬP KHẨU WOODCO VIỆT NAM,901337339,0901337339
CÔNG TY TNHH THƯƠNG MẠI & DỊCH VỤ CHÂU NGỌC GIANG,9.7117E+12,09711703750981
CÔNG TY TNHH MINH TIẾN TRANSPORT,971739979,0971739979
CÔNG TY TNHH DỊCH VỤ VẬN TẢI DU LỊCH KHÁNH HẰNG,9.74792E+12,09747923370347
CÔNG TY TNHH TMDV PHẾ LIỆU NGỌC MY,922974287,0922974287
CÔNG TY TNHH SẢN XUẤT GỖ MỘC TÂM DƯƠNG,972075781,0972075781
CÔNG TY TNHH THƯƠNG MẠI NÔNG NGHIỆP KHÁNH ĐAN,919179868,0919179868
CÔNG TY TNHH CƠ KHÍ VẠN Ý,833904646,0833904646
CÔNG TY TNHH CLOUDOPS ABAHARP,969320761,0969320761
CÔNG TY TNHH TM DV SONG LONG HP,978363978,0978363978
"CÔNG TY TNHH PHÂN HỮU CƠ CTT, GROWGANICS, CO",938305786,0938305786
CÔNG TY TNHH TM-DV NÔNG SẢN MỘNG HUYỀN,813129540,0813129540
CÔNG TY CỔ PHẦN FAMICARE ĐỒNG NAI,392099039,0392099039
CÔNG TY TNHH NỘI THẤT HOÀNG NGÂN PHÁT,949431764,0949431764
CÔNG TY TNHH BÁ NGUYÊN LAND,348106707,0348106707
CÔNG TY TNHH THƯƠNG MẠI ĐIỆN TỬ EX GBEX EXCHANGES,359275255,0359275255
CÔNG TY TNHH FEDEX SHOP SHIP,349911564,0349911564
CÔNG TY CỔ PHẦN TRUNG TÂM XÉT NGHIỆM GOLAB BIÊN HÒA,973207466,0973207466
CÔNG TY TNHH XUÂN HƯNG BIOTECH,913924179,0913924179
CÔNG TY TNHH THƯƠNG MẠI DỊCH VỤ CƠ ĐIỆN MINH ANH,988647939,0988647939
CÔNG TY TNHH TMDV PHẾ LIỆU TRÁC LÊ,927225764,0927225764
CÔNG TY TNHH THƯƠNG MẠI DV QUYÊN QUYÊN,924620927,0924620927
CÔNG TY TNHH SEA UNIFORM,327590118,0327590118
CÔNG TY TNHH DỊCH VỤ THIẾT KẾ QUẢNG CÁO AN MỸ,927454965,0927454965
CÔNG TY TNHH THƯƠNG MẠI MÔI TRƯỜNG HỒNG TIẾN PHÁT,788664386,0788664386
CÔNG TY TNHH SẢN XUẤT KHANG AN HƯNG,933189919,0933189919
CÔNG TY TNHH THƯƠNG MẠI TRUNG PHÁT THÀNH,868596504,0868596504
CÔNG TY TNHH CAO THÀNH REALTY,938270787,0938270787
CÔNG TY TNHH DP CONSULTANT,907122708,0907122708
CÔNG TY TNHH THƯƠNG MẠI NÔNG LÂM HOÀNG TIẾN,34875289,034875289
CÔNG TY TNHH KIỀU KIM BẢO,702863628,0702863628
CÔNG TY TNHH CÔNG NGHỆ GOLDEN HOUSE,985263590,0985263590
CÔNG TY TNHH AK MURA,983330018,0983330018
CÔNG TY TNHH SẢN XUẤT VÀ THƯƠNG MẠI BẢO ÂN,765232099,0765232099
CÔNG TY TNHH DỊCH VỤ MÔI GIỚI BĐS FAMILY,97750061,097750061
CÔNG TY TRÁCH NHIỆM HỮU HẠN THƯƠNG MẠI DỊCH VỤ UY HÙNG PHÁT,398796139,0398796139
CÔNG TY TNHH DIAMON CONCEPT,932757677,0932757677
CÔNG TY TNHH THIẾT BỊ ĐIỆN VĂN QUANG,907587794,0907587794
CÔNG TY TNHH ĐIỆN TỬ VĂN QUÝ,914335452,0914335452
CÔNG TY TNHH VẬN TẢI TÙNG TÂM PHÁT,901233141,0901233141
CÔNG TY TNHH MỘT THÀNH VIÊN THƯƠNG MẠI SẢN XUẤT HOÀNG NHẬT VY,858388933,0858388933
CÔNG TY TNHH ĐÌNH NGUYÊN LÊ,962191364,0962191364
CÔNG TY TNHH SẢN XUẤT THƯƠNG MẠI PHI NHẬT,785406132,0785406132
CÔNG TY TNHH TVTC KIM PHÁT,788797961,0788797961
CÔNG TY TNHH GARAGE BÌNH MINH PHÁT,932657092,0932657092
CÔNG TY TNHH CÔNG NGHIỆP HOÀNG THỊNH,971625600,0971625600
CÔNG TY TNHH GIẢI PHÁP AN NINH GRAND SECURITY,918321115,0918321115
CÔNG TY TNHH BAO BÌ TOÀN SÁNG,971409806,0971409806
CÔNG TY TNHH TM XNK PHẠM VĂN,398266716,0398266716
CÔNG TY TNHH SX TM & DV LẠC ANH FOOD,964446404,0964446404
CÔNG TY TNHH TÁI TẠO XANH DƯƠNG GIA PHÁT,949407982,0949407982
CÔNG TY TNHH DSIPK VINA,785426721,0785426721
CÔNG TY TNHH VLXD XÂY DỰNG HOÀNG KHA,938047057,0938047057
CÔNG TY TNHH KHOA HỌC VÀ CÔNG NGHỆ HEFENG VIỆT NAM,394419783,0394419783
CÔNG TY TNHH THƯƠNG MẠI DỊCH VỤ THỰC PHẨM HỒNG PHÚC,916548746,0916548746
CÔNG TY TNHH TM-DV TRẦN TRIỀU,924956493,0924956493
CÔNG TY TNHH TM-DV ĐẶNG MỸ,924813176,0924813176
CÔNG TY TNHH ĐẦU TƯ TMDV NGUYỄN DUY,927213551,0927213551
CÔNG TY TNHH TMDV TRƯỜNG NGHIỆP,927214257,0927214257
CÔNG TY TNHH DƯỢC TÙNG TUẤN PHARMAR,976521237,0976521237
CÔNG TY TNHH DV&TM CUNG ỨNG LAO ĐỘNG HOÀNG HẢI,97876621,097876621
CÔNG TY TNHH THƯƠNG MẠI LINH HUỲNH,937548874,0937548874
CÔNG TY TNHH CHẾ TẠO KHUÔN MẪU VIỆT TÍN,374018475,0374018475
CÔNG TY TNHH TTH BAGS,937757147,0937757147
CÔNG TY TNHH THƯƠNG MẠI THIẾT BỊ KỸ NGHỆ ĐẠI AN,888549199,0888549199
CÔNG TY TNHH THANH KIM HƯƠNG MAI,913610458,0913610458
CÔNG TY TNHH CƠ KHÍ CNC ĐĂNG KHÔI,797052731,0797052731
CÔNG TY TNHH DV TỔNG HỢP VHH VIỆT NAM,836826059,0836826059
CÔNG TY TNHH GỖ THUẦN PHÚ HZ,933660788,0933660788
CÔNG TY TNHH THƯƠNG MẠI DỊCH VỤ VẬN TẢI AN ĐẠT PHÁT,866122777,0866122777
CÔNG TY TNHH MTV PHÒNG CHÁY CHỮA CHÁY HƯNG THỊNH PHÁT,963759830,0963759830
CÔNG TY TNHH MTV TM - DV KIM LOẠI MÀU TRƯƠNG VĂN ÚT,927706703,0927706703
CÔNG TY TNHH TMDV BẤT ĐỘNG SẢN THIẾT KẾ ĐO ĐẠC HÙNG THỊNH,878609999,0878609999
CÔNG TY TNHH THƯƠNG MẠI DỊCH VỤ AN THỊNH NHIÊN,357660441,0357660441
CÔNG TY TNHH THƯƠNG MẠI DỊCH VỤ XUÂN LỘC DIGITECH,933222379,0933222379
CÔNG TY TNHH VIET NAM SHS,566156276,0566156276
CÔNG TY TNHH SUNCHIN VIỆT NAM,389766789,0389766789
CÔNG TY TNHH THỜI TRANG TƯỜNG THỊNH,906781988,0906781988
CÔNG TY TNHH TM XD TƯỜNG ANH,369677779,0369677779
CÔNG TY TNHH THƯƠNG MẠI CÔNG NGHIỆP HUỲNH HOA,931089884,0931089884
CÔNG TY TNHH ĐÀO TẠO KỸ THUẬT DẦU KHÍ VÀ THƯƠNG MẠI THÁI BÌNH DƯƠNG,985566836,0985566836
CÔNG TY TNHH HY MINH PHÁT,963157048,0963157048
CÔNG TY TNHH THỂ DỤC THỂ THAO LÊ HOÀNG,975878971,0975878971
CÔNG TY TNHH THANH THUỶ PHÁT,947309595,0947309595
CÔNG TY TNHH TM DỊCH VỤ XÂY DỰNG TẤN ĐỨC,777061239,0777061239
CÔNG TY TNHH XÂY DỰNG VÀ PHÁT TRIỂN NHÀ BIÊN HÒA,937119202,0937119202
CÔNG TY TNHH DUY TÍN THẮNG,967672880,0967672880
CÔNG TY TNHH MTV XÂY LẮP ĐIỆN PHÚ TIẾN PHÁT,962146498,0962146498
CÔNG TY TNHH THỜI TRANG NACAT VIỆT NAM,77909176,077909176
CÔNG TY TNHH MAI ĐĂNG PHÁT,834366982,0834366982
CÔNG TY TNHH VN INTERNATIONAL TRADE NASDAQ,777106815,0777106815
CÔNG TY TNHH THIÊN BẢO AUWIN,978140534,0978140534
CÔNG TY TNHH TMDV DONA HÀ CHI,961595539,0961595539
CÔNG TY TNHH THƯƠNG MẠI DỊCH VỤ THIÊN ANH KOI,919193131,0919193131
CÔNG TY TNHH NỆM GHẾ HƯNG THỊNH,978716368,0978716368
CÔNG TY TNHH NÔNG NGHIỆP ỨNG DỤNG CÔNG NGHỆ CAO MIỀN NAM,988196365,0988196365
DOANH NGHIỆP TƯ NHÂN KIM HOÀNG GIA BẢO,937479178,0937479178
CÔNG TY TNHH CHUYỂN PHÁT NHANH HỒNG ANH,914791139,0914791139
CÔNG TY TNHH BAO BÌ HUAXING,906938534,0906938534
CÔNG TY TNHH CÔNG NGHỆ SINH HỌC TUỆ SAN,333831388,0333831388
CÔNG TY TNHH GỖ PALLET ANH ĐẠI,332383257,0332383257
CÔNG TY TNHH ONLINE MALL 1818,908503921,0908503921
CÔNG TY CỔ PHẦN BAO BÌ TÂN MINH ĐỨC,989105065,0989105065
CÔNG TY CỔ PHẦN LIÊN DOANH KỸ NGHỆ VIỆT NHẬT,946814668,0946814668
CÔNG TY TNHH TMDV VŨ HIỀN PHÁT,896610425,0896610425
CÔNG TY TNHH THƯƠNG MẠI DỊCH VỤ MÔI TRƯỜNG HOÀNG ANH,362345304,0362345304
CÔNG TY TNHH THƯƠNG MẠI DỊCH VỤ CONSTRUCT TOÀN CẦU,901545045,0901545045
CÔNG TY TNHH SẢN XUẤT THƯƠNG MẠI DỊCH VỤ DƯƠNG GIA D.V.M,869526067,0869526067
CÔNG TY TNHH THƯƠNG MẠI DỊCH VỤ PHÁT TRIỂN LONG PHƯƠNG,366277456,0366277456
CÔNG TY TNHH ĐẦU TƯ TM DV HOÀNG MỸ,906239724,0906239724
CÔNG TY TNHH XÂY DỰNG THƯƠNG MẠI & DỊCH VỤ YẾN PHÁT,977397106,0977397106
CÔNG TY TNHH HOME CAMPGROUND,962521286,0962521286
CÔNG TY TNHH THƯƠNG MẠI DỊCH VỤ TÂN HUỲNH GIA,968237305,0968237305
CÔNG TY TNHH XD LÊ GIA PHÁT,937417438,0937417438
CÔNG TY TNHH TIÊN PHONG E.M.I,867565130,0867565130
CÔNG TY TNHH THƯƠNG MẠI DỊCH VỤ QUẢNG CÁO LỢI MY,946880000,0946880000
CÔNG TY TNHH RAGO AGENCY VIỆT NAM,77909176,077909176
CÔNG TY TNHH TM DỊCH VỤ MỘC THỦY,938415696,0938415696
CÔNG TY TNHH THƯƠNG MẠI DỊCH VỤ VÀ XÂY DỰNG Ý THIÊN,835040204,0835040204
CÔNG TY TNHH SMART BD,964838581,0964838581
CÔNG TY TNHH ĐẦU TƯ VÀ PHÁT TRIỂN TÂN HÒA,819110907,0819110907
CÔNG TY TNHH XE MÁY -XE ĐIỆN PHƯƠNG NHI,985768379,0985768379
CÔNG TY CỔ PHẦN ĐẦU TƯ - TM - DV HOÀNG NAM,933194517,0933194517
CÔNG TY TNHH THƯƠNG MẠI DỊCH VỤ TƯỜNG NHUNG PHÁT,907884454,0907884454
CÔNG TY TNHH KHANG SPORT,337395856,0337395856
CÔNG TY TNHH MỘT THÀNH VIÊN KNTP,336886115,0336886115
CÔNG TY TNHH MTV TM - DV PHẾ LIỆU KIM LOẠI MÀU VŨ MINH ĐÔNG,924906764,0924906764
CÔNG TY TNHH VINA PULSE MEDIA,962878581,0962878581
CÔNG TY TNHH KHÍ CÔNG NGHIỆP LONG ĐỨC,967731922,0967731922
CÔNG TY TNHH TƯ VẤN THIẾT KẾ XÂY DỰNG THANH LỊCH,985366779,0985366779
CÔNG TY TNHH THƯƠNG MẠI DỊCH VỤ XÂY LẮP ĐIỆN MINH PHÁT,979964714,0979964714
CÔNG TY TNHH PHÚ THỊNH TELECOM,908041368,0908041368
CÔNG TY TNHH HÀ LINH TRAVEL,8332001600,08332001600
CÔNG TY TNHH DỊCH VỤ BẤT ĐỘNG SẢN AN TIẾN,838111858,0838111858
CÔNG TY TNHH SẢN XUẤT VÀ XUẤT KHẨU LACOTE VIỆT NAM,934504095,0934504095
CÔNG TY TNHH TM VÀ DỊCH VỤ 3M,393324364,0393324364
HỢP TÁC XÃ THƯƠNG MẠI - DỊCH VỤ SUỐI NHO,817923979,0817923979
CÔNG TY TNHH NÔNG NGHIỆP GIỐNG VẬT NUÔI NGỌC VÂN,971828878,0971828878
CÔNG TY TNHH PHÒNG KHÁM ĐA KHOA SÀI GÒN TÂM PHÚC,945452294,0945452294
CÔNG TY TNHH TRUYỀN THÔNG VÀ PHÁT TRIỂN DU LỊCH BỀN VỮNG VIỆT NAM TUYỆT VỜI,8.37346E+12,08373459390585
CÔNG TY TNHH MTV SX THƯƠNG MẠI XUẤT NHẬP KHẨU ĐINH ĐỒNG KHANG AN,908127964,0908127964
CÔNG TY TNHH DỊCH VỤ THƯƠNG MẠI HUỲNH TRINH,393904038,0393904038
CÔNG TY TNHH ĐIỆN LẠNH HOÀNG TÂN PHÁT,937136979,0937136979
CÔNG TY TNHH THƯƠNG MẠI SẢN XUẤT GỐM HK,9328963026,09328963026
CÔNG TY TNHH MTV DU LỊCH NAM HẢI,344047239,0344047239
CÔNG TY TNHH MTV LUÂN THU,902958966,0902958966
CÔNG TY TNHH TUẤN THÀNH TIẾN PHÁT,983730339,0983730339
CÔNG TY TNHH CƠ KHÍ CHÍNH XÁC MINH HIẾU,903825416,0903825416
CÔNG TY TNHH MAI HOÀNG REALTY,879888193,0879888193
CÔNG TY TNHH TƯ VẤN FBTONE,94296330,094296330
CÔNG TY TNHH TƯ VẤN THƯƠNG MẠI DỊCH VỤ TRANG THỊNH,399007999,0399007999
CÔNG TY TNHH DỊCH VỤ HỢP THÀNH PHÁT,989001639,0989001639
CÔNG TY TNHH NGÂN LÊ NGỌC PHÁT,332625567,0332625567
CÔNG TY TNHH VẬT LIỆU ĐIỆN NGUYỄN LỢI,899858920,0899858920
CÔNG TY TNHH KIỂM ĐỊNH VÀ HUẤN LUYỆN AN TOÀN GIA ĐỊNH,982153772,0982153772
CÔNG TY TNHH THỨC ĂN CHĂN NUÔI QUỐC TẾ AGIC,911218579,0911218579
CÔNG TY TNHH DỊCH VỤ THƯƠNG MẠI NGUYỄN NHIỀU,396514095,0396514095
CÔNG TY TNHH MTV THƯƠNG MẠI DỊCH VỤ XÂY DỰNG THÁI VŨ,979514527,0979514527
CÔNG TY TNHH PHÒNG KHÁM SẢN PHỤ KHOA THÀNH Ý,779710888,0779710888
CÔNG TY TNHH SẢN XUẤT VÀ THƯƠNG MẠI HẠNH LÂM ĐƯỜNG,372568689,0372568689
CÔNG TY TNHH PHỤ TÙNG NAM TIẾN,347688233,0347688233
CÔNG TY TNHH FIGHTER,934720896,0934720896
CÔNG TY TNHH THƯƠNG MẠI DỊCH VỤ VÀ KỸ THUẬT PHUONG HA GIANG FAST,946944959,0946944959
CÔNG TY TNHH VIỆN THẨM MỸ VICTORIA,967479878,0967479878
CÔNG TY TNHH MTV DONAMIC,908536817,0908536817
CÔNG TY TNHH MỘT THÀNH VIÊN HP SUN,942764314,0942764314
CÔNG TY TNHH XUẤT NHẬP KHẨU NÔNG SẢN VÀ THỦY SẢN C-15,933562368,0933562368
CÔNG TY TNHH CSKH ABCONE,94296330,094296330
CÔNG TY TNHH DỊCH VỤ VẬN TẢI VĨNH HƯNG THỊNH,839621368,0839621368
CÔNG TY TNHH THƯƠNG MẠI DU LỊCH VẬN TẢI MINH TUẤN,918012732,0918012732
CÔNG TY TNHH ĐẦU TƯ PHÁT TRIỂN THẢO LÊ,899786459,0899786459
CÔNG TY TNHH BAO BÌ VÀ IN ẤN HẢI THU,978563970,0978563970
CÔNG TY TNHH THƯƠNG MẠI DỊCH VỤ TRƯƠNG THÀNH PHỐ,899130835,0899130835
CÔNG TY TNHH DỊCH VỤ THƯƠNG MẠI VŨ KHOA,916262770,0916262770
CÔNG TY TNHH TƯ VẤN HỖ TRỢ PHÁT TRIỂN GIÁO DỤC HÒA NHẬP COLOR KIDS,7.73096E+15,07730957680906700
CÔNG TY TNHH HUỲNH MINH THÔNG,878072412,0878072412
CÔNG TY TNHH XÂY DỰNG VÀ TM TRƯỜNG PHÚC,796655789,0796655789
CÔNG TY TNHH MTV CƠ KHÍ XÂY DỰNG GIA HUY,971934567,0971934567
CÔNG TY TNHH CAO SU HRG,813379559,0813379559
CÔNG TY TNHH THIỆN DUNG VN,378353732,0378353732
CÔNG TY TNHH THƯƠNG MẠI DỊCH VỤ MINH CÔNG PHÁT,898765521,0898765521
